ts_event,symbol,open,high,low,close,volume
2024-07-01 08:00:00+00:00,AMD,162.33,163.29,160.4,161.7,20775
2024-07-01 09:00:00+00:00,AMD,161.87,162.0,161.0,161.71,17455
2024-07-01 10:00:00+00:00,AMD,161.79,162.25,161.79,162.15,4440
2024-07-01 11:00:00+00:00,AMD,162.14,162.6,162.11,162.58,10912
2024-07-01 12:00:00+00:00,AMD,162.57,162.86,162.43,162.62,21506
2024-07-01 13:00:00+00:00,AMD,162.62,162.71,154.37,155.37,2274902
2024-07-01 14:00:00+00:00,AMD,155.39,155.97,153.65,155.09,2513344
2024-07-01 15:00:00+00:00,AMD,155.09,156.73,154.59,156.61,1014125
2024-07-01 16:00:00+00:00,AMD,156.59,157.25,156.32,156.97,557829
2024-07-01 17:00:00+00:00,AMD,156.95,156.95,155.89,156.22,416925
2024-07-01 18:00:00+00:00,AMD,156.24,157.97,156.06,157.7,797169
2024-07-01 19:00:00+00:00,AMD,157.69,158.02,156.76,157.69,1458901
2024-07-01 20:00:00+00:00,AMD,157.66,157.7,156.94,157.04,1920727
2024-07-01 21:00:00+00:00,AMD,157.04,157.48,156.6,157.39,9449
2024-07-01 22:00:00+00:00,AMD,157.35,157.47,157.22,157.44,2714
2024-07-01 23:00:00+00:00,AMD,157.33,157.39,157.02,157.06,3161
2024-07-02 08:00:00+00:00,AMD,156.22,156.86,156.01,156.68,6178
2024-07-02 09:00:00+00:00,AMD,156.6,156.69,156.45,156.56,1956
2024-07-02 10:00:00+00:00,AMD,156.46,156.59,156.3,156.41,1091
2024-07-02 11:00:00+00:00,AMD,156.62,156.71,156.02,156.2,9858
2024-07-02 12:00:00+00:00,AMD,156.26,156.44,156.08,156.15,6787
2024-07-02 13:00:00+00:00,AMD,156.21,161.15,155.64,158.41,1855669
2024-07-02 14:00:00+00:00,AMD,158.43,158.79,156.73,158.535,1098971
2024-07-02 15:00:00+00:00,AMD,158.54,159.87,157.74,159.03,1009006
2024-07-02 16:00:00+00:00,AMD,159.02,159.8,158.72,159.75,533336
2024-07-02 17:00:00+00:00,AMD,159.74,162.09,159.69,161.93,1242454
2024-07-02 18:00:00+00:00,AMD,161.92,164.09,161.77,163.35,1076445
2024-07-02 19:00:00+00:00,AMD,163.34,164.58,163.31,164.28,1980937
2024-07-02 20:00:00+00:00,AMD,164.31,164.31,163.93,164.08,2147814
2024-07-02 21:00:00+00:00,AMD,164.08,164.17,164.0,164.17,7353
2024-07-02 22:00:00+00:00,AMD,164.1,164.27,164.04,164.2,4559
2024-07-02 23:00:00+00:00,AMD,164.2,164.48,164.15,164.48,5168
2024-07-03 08:00:00+00:00,AMD,164.18,164.98,164.17,164.93,8672
2024-07-03 09:00:00+00:00,AMD,164.83,164.97,164.27,164.55,8237
2024-07-03 10:00:00+00:00,AMD,164.51,164.61,163.79,163.79,9047
2024-07-03 11:00:00+00:00,AMD,163.77,164.0,162.9,163.68,23151
2024-07-03 12:00:00+00:00,AMD,163.7,163.91,162.94,163.43,27085
2024-07-03 13:00:00+00:00,AMD,163.48,165.25,162.81,163.6,1248713
2024-07-03 14:00:00+00:00,AMD,163.64,164.5,162.52,163.65,1032631
2024-07-03 15:00:00+00:00,AMD,163.64,164.38,162.69,163.67,706373
2024-07-03 16:00:00+00:00,AMD,163.67,165.16,163.38,163.86,1390590
2024-07-03 17:00:00+00:00,AMD,163.9,163.9,163.5,163.65,1306932
2024-07-03 18:00:00+00:00,AMD,163.68,163.8,163.55,163.63,5780
2024-07-03 19:00:00+00:00,AMD,163.62,164.0,163.54,163.68,6584
2024-07-03 20:00:00+00:00,AMD,163.68,163.68,163.41,163.58,1139
2024-07-05 08:00:00+00:00,AMD,164.63,164.96,164.4,164.61,7417
2024-07-05 09:00:00+00:00,AMD,164.73,164.79,164.49,164.49,2433
2024-07-05 10:00:00+00:00,AMD,164.49,164.74,164.37,164.62,2216
2024-07-05 11:00:00+00:00,AMD,164.61,164.79,164.15,164.72,8952
2024-07-05 12:00:00+00:00,AMD,164.7,165.5,164.03,164.63,22599
2024-07-05 13:00:00+00:00,AMD,164.62,168.67,164.12,167.97,1791180
2024-07-05 14:00:00+00:00,AMD,168.01,172.2,167.8,171.59,2682009
2024-07-05 15:00:00+00:00,AMD,171.59,172.0,170.01,171.735,1115669
2024-07-05 16:00:00+00:00,AMD,171.75,174.03,171.68,172.01,1361790
2024-07-05 17:00:00+00:00,AMD,172.03,173.0,171.22,172.9,809933
2024-07-05 18:00:00+00:00,AMD,172.91,172.96,171.54,172.09,672737
2024-07-05 19:00:00+00:00,AMD,172.08,172.33,171.57,171.81,1354678
2024-07-05 20:00:00+00:00,AMD,171.9,171.94,171.6,171.75,1773812
2024-07-05 21:00:00+00:00,AMD,171.75,171.8,171.75,171.75,2218
2024-07-05 22:00:00+00:00,AMD,171.76,171.85,171.74,171.81,3552
2024-07-05 23:00:00+00:00,AMD,171.8,171.81,171.7,171.8,3438
2024-07-08 08:00:00+00:00,AMD,173.0,173.6,172.37,173.42,31731
2024-07-08 09:00:00+00:00,AMD,173.37,173.8,173.2,173.23,26850
2024-07-08 10:00:00+00:00,AMD,173.21,174.03,173.21,173.8,16668
2024-07-08 11:00:00+00:00,AMD,173.8,174.51,173.35,174.3,55852
2024-07-08 12:00:00+00:00,AMD,174.25,174.45,173.92,174.22,58432
2024-07-08 13:00:00+00:00,AMD,174.21,177.62,173.68,175.49,2435215
2024-07-08 14:00:00+00:00,AMD,175.5,176.31,173.29,173.54,1250562
2024-07-08 15:00:00+00:00,AMD,173.55,175.74,173.23,174.34,1001709
2024-07-08 16:00:00+00:00,AMD,174.35,175.95,173.935,175.79,725215
2024-07-08 17:00:00+00:00,AMD,175.8,177.79,175.75,177.53,882785
2024-07-08 18:00:00+00:00,AMD,177.51,178.135,176.87,177.39,908039
2024-07-08 19:00:00+00:00,AMD,177.38,178.95,176.96,178.66,1891038
2024-07-08 20:00:00+00:00,AMD,178.69,178.85,178.32,178.36,2079890
2024-07-08 21:00:00+00:00,AMD,178.36,178.68,178.34,178.62,7576
2024-07-08 22:00:00+00:00,AMD,178.6,179.08,178.53,178.95,11332
2024-07-08 23:00:00+00:00,AMD,179.0,179.5,179.0,179.48,11952
2024-07-09 08:00:00+00:00,AMD,179.57,179.86,179.26,179.75,14809
2024-07-09 09:00:00+00:00,AMD,179.78,179.97,179.7,179.74,16007
2024-07-09 10:00:00+00:00,AMD,179.73,179.74,179.3,179.3,17034
2024-07-09 11:00:00+00:00,AMD,179.44,179.9,177.83,178.58,40260
2024-07-09 12:00:00+00:00,AMD,178.54,178.75,177.02,177.95,76395
2024-07-09 13:00:00+00:00,AMD,177.94,180.4,176.54,177.37,1972477
2024-07-09 14:00:00+00:00,AMD,177.35,178.08,174.71,176.66,1491003
2024-07-09 15:00:00+00:00,AMD,176.65,177.205,175.62,176.87,590711
2024-07-09 16:00:00+00:00,AMD,176.85,177.38,175.19,175.92,510595
2024-07-09 17:00:00+00:00,AMD,175.9,176.35,174.84,176.11,429572
2024-07-09 18:00:00+00:00,AMD,176.11,176.93,175.76,176.89,340013
2024-07-09 19:00:00+00:00,AMD,176.89,177.48,176.265,177.06,912038
2024-07-09 20:00:00+00:00,AMD,177.06,177.24,176.76,176.88,1068434
2024-07-09 21:00:00+00:00,AMD,176.91,176.95,176.7,176.77,1631
2024-07-09 22:00:00+00:00,AMD,176.8,177.0,176.61,176.82,4619
2024-07-09 23:00:00+00:00,AMD,176.81,176.85,176.67,176.68,4002
2024-07-10 08:00:00+00:00,AMD,177.15,177.71,177.06,177.49,9045
2024-07-10 09:00:00+00:00,AMD,177.45,177.55,177.33,177.42,6563
2024-07-10 10:00:00+00:00,AMD,177.49,177.65,177.43,177.55,2823
2024-07-10 11:00:00+00:00,AMD,177.51,177.53,177.0,177.49,15659
2024-07-10 12:00:00+00:00,AMD,177.44,177.99,177.42,177.7,22984
2024-07-10 13:00:00+00:00,AMD,177.71,183.82,177.68,183.14,2811663
2024-07-10 14:00:00+00:00,AMD,183.125,187.27,182.13,182.43,3566850
2024-07-10 15:00:00+00:00,AMD,182.42,184.01,181.54,182.91,1597033
2024-07-10 16:00:00+00:00,AMD,182.89,184.27,182.36,182.66,883858
2024-07-10 17:00:00+00:00,AMD,182.64,183.2,181.45,181.53,612348
2024-07-10 18:00:00+00:00,AMD,181.53,183.17,181.47,182.67,453052
2024-07-10 19:00:00+00:00,AMD,182.66,184.35,181.87,183.95,1306624
2024-07-10 20:00:00+00:00,AMD,183.9,184.06,183.55,183.7,2007152
2024-07-10 21:00:00+00:00,AMD,183.69,183.96,183.64,183.96,4870
2024-07-10 22:00:00+00:00,AMD,183.92,183.95,183.66,183.74,3964
2024-07-10 23:00:00+00:00,AMD,183.77,183.77,183.56,183.57,8275
2024-07-11 08:00:00+00:00,AMD,183.74,183.96,183.51,183.9,13970
2024-07-11 09:00:00+00:00,AMD,183.83,183.92,183.71,183.79,7886
2024-07-11 10:00:00+00:00,AMD,183.79,183.79,183.55,183.69,9646
2024-07-11 11:00:00+00:00,AMD,183.71,183.74,183.23,183.59,25379
2024-07-11 12:00:00+00:00,AMD,183.57,185.37,183.03,184.06,125810
2024-07-11 13:00:00+00:00,AMD,184.05,187.1,181.48,183.35,2048166
2024-07-11 14:00:00+00:00,AMD,183.37,184.73,180.1,180.34,1704799
2024-07-11 15:00:00+00:00,AMD,180.325,182.38,177.25,177.89,1236063
2024-07-11 16:00:00+00:00,AMD,177.9,179.84,177.79,178.13,636737
2024-07-11 17:00:00+00:00,AMD,178.22,180.01,177.63,178.68,623970
2024-07-11 18:00:00+00:00,AMD,178.7,180.36,177.7,180.25,465801
2024-07-11 19:00:00+00:00,AMD,180.27,182.75,180.12,181.93,1716638
2024-07-11 20:00:00+00:00,AMD,181.94,182.0,180.95,181.21,2955996
2024-07-11 21:00:00+00:00,AMD,181.21,181.37,180.6,180.99,12978
2024-07-11 22:00:00+00:00,AMD,180.99,181.42,180.82,181.2,6539
2024-07-11 23:00:00+00:00,AMD,181.23,181.52,181.1,181.32,3293
2024-07-12 08:00:00+00:00,AMD,180.36,181.81,180.12,181.48,17610
2024-07-12 09:00:00+00:00,AMD,181.44,181.74,181.04,181.29,7079
2024-07-12 10:00:00+00:00,AMD,181.25,181.48,180.47,180.54,9916
2024-07-12 11:00:00+00:00,AMD,180.72,181.51,180.4,181.47,13345
2024-07-12 12:00:00+00:00,AMD,181.42,181.79,180.06,181.55,31287
2024-07-12 13:00:00+00:00,AMD,181.65,183.3,179.69,183.08,1506611
2024-07-12 14:00:00+00:00,AMD,183.12,186.39,182.9,185.35,1458869
2024-07-12 15:00:00+00:00,AMD,185.36,186.62,184.73,185.14,771513
2024-07-12 16:00:00+00:00,AMD,185.11,186.0,183.86,185.92,685786
2024-07-12 17:00:00+00:00,AMD,185.915,186.99,185.17,186.25,613252
2024-07-12 18:00:00+00:00,AMD,186.27,186.86,185.34,185.73,552763
2024-07-12 19:00:00+00:00,AMD,185.71,185.74,180.74,181.65,1679986
2024-07-12 20:00:00+00:00,AMD,181.64,181.9,181.15,181.88,1519475
2024-07-12 21:00:00+00:00,AMD,181.94,182.31,181.85,182.15,9637
2024-07-12 22:00:00+00:00,AMD,182.12,182.2,182.01,182.02,1469
2024-07-12 23:00:00+00:00,AMD,182.06,183.0,182.0,182.2,1196
2024-07-15 08:00:00+00:00,AMD,183.49,183.86,183.18,183.6,12483
2024-07-15 09:00:00+00:00,AMD,183.6,183.6,183.11,183.25,5106
2024-07-15 10:00:00+00:00,AMD,183.17,183.4,183.1,183.21,5356
2024-07-15 11:00:00+00:00,AMD,183.31,184.4,183.2,184.15,22406
2024-07-15 12:00:00+00:00,AMD,184.09,184.54,183.57,183.87,42227
2024-07-15 13:00:00+00:00,AMD,183.87,185.5,180.11,181.11,1685869
2024-07-15 14:00:00+00:00,AMD,181.14,183.23,180.85,182.97,1135770
2024-07-15 15:00:00+00:00,AMD,182.95,183.8,182.12,182.915,837076
2024-07-15 16:00:00+00:00,AMD,182.93,183.28,181.23,181.73,559446
2024-07-15 17:00:00+00:00,AMD,181.76,181.84,180.49,180.53,444671
2024-07-15 18:00:00+00:00,AMD,180.54,180.82,179.6,180.23,638580
2024-07-15 19:00:00+00:00,AMD,180.25,180.84,178.53,179.88,1042401
2024-07-15 20:00:00+00:00,AMD,179.83,180.4,179.54,180.2,1016418
2024-07-15 21:00:00+00:00,AMD,180.17,180.3,179.91,180.04,5118
2024-07-15 22:00:00+00:00,AMD,180.08,180.24,179.99,180.03,6814
2024-07-15 23:00:00+00:00,AMD,180.02,180.04,179.9,179.99,5344
2024-07-16 08:00:00+00:00,AMD,179.53,179.89,178.86,179.51,7939
2024-07-16 09:00:00+00:00,AMD,179.62,179.62,179.0,179.29,5820
2024-07-16 10:00:00+00:00,AMD,179.33,179.57,179.01,179.03,6510
2024-07-16 11:00:00+00:00,AMD,179.16,179.93,179.16,179.59,19140
2024-07-16 12:00:00+00:00,AMD,179.6,180.52,179.43,180.23,26497
2024-07-16 13:00:00+00:00,AMD,180.23,180.24,176.52,176.74,1166526
2024-07-16 14:00:00+00:00,AMD,176.78,177.38,174.54,175.95,1269830
2024-07-16 15:00:00+00:00,AMD,175.97,176.81,174.91,175.58,698116
2024-07-16 16:00:00+00:00,AMD,175.6,176.91,174.87,176.84,546000
2024-07-16 17:00:00+00:00,AMD,176.83,176.91,175.75,176.29,411565
2024-07-16 18:00:00+00:00,AMD,176.27,177.46,175.68,177.44,481569
2024-07-16 19:00:00+00:00,AMD,177.44,177.94,176.46,177.5,941147
2024-07-16 20:00:00+00:00,AMD,177.55,177.79,177.47,177.61,1177197
2024-07-16 21:00:00+00:00,AMD,177.61,177.61,177.18,177.24,14056
2024-07-16 22:00:00+00:00,AMD,177.23,177.39,177.2,177.37,933
2024-07-16 23:00:00+00:00,AMD,177.27,177.27,177.0,177.0,4345
2024-07-17 08:00:00+00:00,AMD,173.58,173.85,171.8,172.1,69673
2024-07-17 09:00:00+00:00,AMD,172.2,172.39,171.9,172.25,18701
2024-07-17 10:00:00+00:00,AMD,172.24,172.39,171.1,171.4,46539
2024-07-17 11:00:00+00:00,AMD,171.66,172.0,168.9,169.9,142905
2024-07-17 12:00:00+00:00,AMD,169.85,170.45,169.22,170.0,142664
2024-07-17 13:00:00+00:00,AMD,170.0,170.3,165.96,166.22,2462852
2024-07-17 14:00:00+00:00,AMD,166.2,166.4,162.8,163.59,2762144
2024-07-17 15:00:00+00:00,AMD,163.59,165.04,162.5,164.3,2098027
2024-07-17 16:00:00+00:00,AMD,164.29,164.36,161.7,163.07,1235237
2024-07-17 17:00:00+00:00,AMD,163.07,163.46,161.96,161.96,876339
2024-07-17 18:00:00+00:00,AMD,161.96,162.56,160.915,161.38,1233867
2024-07-17 19:00:00+00:00,AMD,161.38,162.25,159.37,159.42,3110690
2024-07-17 20:00:00+00:00,AMD,159.43,160.29,159.2,160.27,4250421
2024-07-17 21:00:00+00:00,AMD,160.3,161.1,160.29,160.95,31981
2024-07-17 22:00:00+00:00,AMD,161.04,161.72,160.98,161.7,22982
2024-07-17 23:00:00+00:00,AMD,161.7,161.76,161.48,161.61,5779
2024-07-18 08:00:00+00:00,AMD,163.84,163.92,162.23,163.47,30738
2024-07-18 09:00:00+00:00,AMD,163.55,163.58,161.64,162.4,60322
2024-07-18 10:00:00+00:00,AMD,162.4,162.4,161.1,161.99,61248
2024-07-18 11:00:00+00:00,AMD,161.96,162.47,161.34,162.11,40328
2024-07-18 12:00:00+00:00,AMD,162.16,163.44,162.16,163.28,63194
2024-07-18 13:00:00+00:00,AMD,163.26,163.71,159.685,160.53,1772255
2024-07-18 14:00:00+00:00,AMD,160.52,160.77,155.28,156.86,2650015
2024-07-18 15:00:00+00:00,AMD,156.86,157.65,153.21,153.88,2319337
2024-07-18 16:00:00+00:00,AMD,153.87,156.21,153.56,156.2,1180089
2024-07-18 17:00:00+00:00,AMD,156.18,156.58,154.7,154.94,992793
2024-07-18 18:00:00+00:00,AMD,154.98,155.73,154.58,155.13,710577
2024-07-18 19:00:00+00:00,AMD,155.13,156.75,153.81,155.76,2327686
2024-07-18 20:00:00+00:00,AMD,155.77,156.58,155.31,156.43,2098493
2024-07-18 21:00:00+00:00,AMD,156.42,156.93,156.33,156.68,32566
2024-07-18 22:00:00+00:00,AMD,156.67,156.75,156.35,156.41,5717
2024-07-18 23:00:00+00:00,AMD,156.48,156.77,156.45,156.77,7814
2024-07-19 08:00:00+00:00,AMD,155.19,155.24,154.11,154.84,18548
2024-07-19 09:00:00+00:00,AMD,154.98,155.28,154.31,154.96,9773
2024-07-19 10:00:00+00:00,AMD,155.03,155.94,155.03,155.38,12992
2024-07-19 11:00:00+00:00,AMD,155.38,156.62,155.31,155.96,14761
2024-07-19 12:00:00+00:00,AMD,155.93,156.55,155.16,155.51,24699
2024-07-19 13:00:00+00:00,AMD,155.49,155.8,153.62,154.2,1520561
2024-07-19 14:00:00+00:00,AMD,154.16,154.33,151.865,153.35,1409783
2024-07-19 15:00:00+00:00,AMD,153.36,154.11,151.71,153.17,952281
2024-07-19 16:00:00+00:00,AMD,153.18,153.34,151.93,152.26,719436
2024-07-19 17:00:00+00:00,AMD,152.25,152.29,150.63,152.04,915647
2024-07-19 18:00:00+00:00,AMD,152.0,152.32,150.97,151.77,572965
2024-07-19 19:00:00+00:00,AMD,151.77,152.78,151.28,151.62,1598312
2024-07-19 20:00:00+00:00,AMD,151.63,151.7,151.05,151.3,2458165
2024-07-19 21:00:00+00:00,AMD,151.3,151.35,151.22,151.23,4095
2024-07-19 22:00:00+00:00,AMD,151.23,151.28,151.15,151.15,2440
2024-07-19 23:00:00+00:00,AMD,151.13,151.14,151.01,151.04,2413
2024-07-22 08:00:00+00:00,AMD,152.87,153.47,152.53,153.04,18906
2024-07-22 09:00:00+00:00,AMD,153.02,153.8,153.0,153.75,6576
2024-07-22 10:00:00+00:00,AMD,153.74,154.23,153.56,154.03,10739
2024-07-22 11:00:00+00:00,AMD,153.96,153.96,153.16,153.53,33717
2024-07-22 12:00:00+00:00,AMD,153.63,154.22,153.44,153.83,31163
2024-07-22 13:00:00+00:00,AMD,153.8,156.69,153.1,155.71,1407881
2024-07-22 14:00:00+00:00,AMD,155.73,156.21,154.04,154.73,1196275
2024-07-22 15:00:00+00:00,AMD,154.78,155.34,152.55,153.95,828047
2024-07-22 16:00:00+00:00,AMD,153.94,155.15,153.39,154.8,542033
2024-07-22 17:00:00+00:00,AMD,154.8,155.56,154.51,154.67,382858
2024-07-22 18:00:00+00:00,AMD,154.67,155.68,154.38,154.92,409663
2024-07-22 19:00:00+00:00,AMD,154.93,156.06,154.35,155.87,1426239
2024-07-22 20:00:00+00:00,AMD,155.87,156.12,154.5,154.68,3495590
2024-07-22 21:00:00+00:00,AMD,154.68,154.74,154.15,154.3,17103
2024-07-22 22:00:00+00:00,AMD,154.3,154.75,154.25,154.62,5918
2024-07-22 23:00:00+00:00,AMD,154.67,154.75,154.12,154.31,3490
2024-07-23 08:00:00+00:00,AMD,154.36,154.4,153.31,153.98,11225
2024-07-23 09:00:00+00:00,AMD,153.94,154.57,153.93,154.46,4347
2024-07-23 10:00:00+00:00,AMD,154.34,154.7,154.08,154.34,7908
2024-07-23 11:00:00+00:00,AMD,154.26,155.15,154.18,154.95,26085
2024-07-23 12:00:00+00:00,AMD,154.92,154.95,153.9,154.52,26887
2024-07-23 13:00:00+00:00,AMD,154.5,156.35,153.81,155.7,931713
2024-07-23 14:00:00+00:00,AMD,155.72,156.06,153.99,155.35,776807
2024-07-23 15:00:00+00:00,AMD,155.34,157.04,155.27,156.03,846036
2024-07-23 16:00:00+00:00,AMD,156.01,156.2,154.74,154.98,406202
2024-07-23 17:00:00+00:00,AMD,154.97,155.42,154.59,155.07,322545
2024-07-23 18:00:00+00:00,AMD,155.06,155.27,154.42,154.8,321309
2024-07-23 19:00:00+00:00,AMD,154.79,155.15,153.83,154.01,1075365
2024-07-23 20:00:00+00:00,AMD,154.02,154.6,154.0,154.2,1315337
2024-07-23 21:00:00+00:00,AMD,154.21,154.29,152.67,152.9,28028
2024-07-23 22:00:00+00:00,AMD,152.8,153.25,152.55,152.6,11872
2024-07-23 23:00:00+00:00,AMD,152.59,152.7,152.39,152.5,14682
2024-07-24 08:00:00+00:00,AMD,152.28,152.52,151.52,152.39,14216
2024-07-24 09:00:00+00:00,AMD,152.39,152.51,152.1,152.24,4386
2024-07-24 10:00:00+00:00,AMD,152.17,152.6,152.17,152.35,4927
2024-07-24 11:00:00+00:00,AMD,152.41,152.47,151.82,152.21,9368
2024-07-24 12:00:00+00:00,AMD,152.2,152.3,151.01,151.36,37101
2024-07-24 13:00:00+00:00,AMD,151.45,153.67,149.74,149.91,1407523
2024-07-24 14:00:00+00:00,AMD,149.9,150.89,148.28,149.24,1586744
2024-07-24 15:00:00+00:00,AMD,149.23,149.6,147.87,147.9,931957
2024-07-24 16:00:00+00:00,AMD,147.9,148.1,146.37,147.04,1019798
2024-07-24 17:00:00+00:00,AMD,147.03,148.21,146.72,147.26,658380
2024-07-24 18:00:00+00:00,AMD,147.27,147.35,145.53,145.91,825182
2024-07-24 19:00:00+00:00,AMD,145.89,146.79,144.53,144.62,2833269
2024-07-24 20:00:00+00:00,AMD,144.63,145.81,144.61,145.54,3145042
2024-07-24 21:00:00+00:00,AMD,145.54,146.02,145.36,145.74,31681
2024-07-24 22:00:00+00:00,AMD,145.75,146.14,145.71,145.91,8492
2024-07-24 23:00:00+00:00,AMD,145.86,146.1,145.6,145.92,6457
2024-07-25 08:00:00+00:00,AMD,145.27,145.48,142.24,144.47,36356
2024-07-25 09:00:00+00:00,AMD,144.46,144.71,143.31,143.46,31006
2024-07-25 10:00:00+00:00,AMD,143.46,144.87,143.28,144.76,28458
2024-07-25 11:00:00+00:00,AMD,144.78,144.87,143.73,143.82,26566
2024-07-25 12:00:00+00:00,AMD,143.76,144.61,142.84,144.6,109409
2024-07-25 13:00:00+00:00,AMD,144.6,145.02,139.8,139.93,2334865
2024-07-25 14:00:00+00:00,AMD,139.94,142.87,136.81,142.64,2968618
2024-07-25 15:00:00+00:00,AMD,142.67,142.69,140.01,141.73,1396414
2024-07-25 16:00:00+00:00,AMD,141.74,142.84,140.15,142.14,1262361
2024-07-25 17:00:00+00:00,AMD,142.16,143.48,140.65,141.99,932676
2024-07-25 18:00:00+00:00,AMD,142.02,142.09,139.3,139.48,899126
2024-07-25 19:00:00+00:00,AMD,139.46,140.82,138.15,138.28,2491349
2024-07-25 20:00:00+00:00,AMD,138.32,138.39,137.66,138.38,2407955
2024-07-25 21:00:00+00:00,AMD,138.38,138.45,138.1,138.45,22474
2024-07-25 22:00:00+00:00,AMD,138.45,139.15,138.45,138.65,6615
2024-07-25 23:00:00+00:00,AMD,138.71,139.1,138.64,139.1,3964
2024-07-26 08:00:00+00:00,AMD,140.69,142.23,140.4,142.23,48237
2024-07-26 09:00:00+00:00,AMD,142.2,142.36,141.65,142.03,15928
2024-07-26 10:00:00+00:00,AMD,142.0,142.0,141.61,141.8,6829
2024-07-26 11:00:00+00:00,AMD,141.76,142.2,141.43,142.0,52771
2024-07-26 12:00:00+00:00,AMD,142.03,142.06,140.58,141.61,149824
2024-07-26 13:00:00+00:00,AMD,141.61,141.76,138.88,140.59,1690223
2024-07-26 14:00:00+00:00,AMD,140.59,141.18,138.27,139.81,1479568
2024-07-26 15:00:00+00:00,AMD,139.79,140.16,138.6,139.6,871143
2024-07-26 16:00:00+00:00,AMD,139.62,141.29,139.62,140.96,715810
2024-07-26 17:00:00+00:00,AMD,140.94,141.24,138.82,139.83,735951
2024-07-26 18:00:00+00:00,AMD,139.81,140.27,138.95,139.59,639748
2024-07-26 19:00:00+00:00,AMD,139.58,140.17,139.01,140.02,1704241
2024-07-26 20:00:00+00:00,AMD,140.01,140.25,139.86,140.02,1921064
2024-07-26 21:00:00+00:00,AMD,140.03,140.12,139.96,140.08,11952
2024-07-26 22:00:00+00:00,AMD,140.04,140.14,139.98,140.01,747
2024-07-26 23:00:00+00:00,AMD,140.0,140.09,139.89,139.99,1925
2024-07-29 08:00:00+00:00,AMD,141.63,141.8,140.77,141.2,14807
2024-07-29 09:00:00+00:00,AMD,141.11,141.86,141.04,141.72,10921
2024-07-29 10:00:00+00:00,AMD,141.73,141.8,141.45,141.69,13273
2024-07-29 11:00:00+00:00,AMD,141.59,141.59,140.95,141.09,25721
2024-07-29 12:00:00+00:00,AMD,141.08,142.19,141.08,141.73,30204
2024-07-29 13:00:00+00:00,AMD,141.77,144.58,140.85,142.77,1859570
2024-07-29 14:00:00+00:00,AMD,142.77,143.23,140.48,140.69,1219264
2024-07-29 15:00:00+00:00,AMD,140.69,141.07,138.75,140.78,949995
2024-07-29 16:00:00+00:00,AMD,140.83,141.9,140.58,141.36,637773
2024-07-29 17:00:00+00:00,AMD,141.37,142.0,140.28,140.61,523437
2024-07-29 18:00:00+00:00,AMD,140.63,141.05,139.97,140.18,487275
2024-07-29 19:00:00+00:00,AMD,140.18,140.8,139.58,139.76,956273
2024-07-29 20:00:00+00:00,AMD,139.75,139.88,139.28,139.51,1284796
2024-07-29 21:00:00+00:00,AMD,139.51,139.76,139.5,139.74,13659
2024-07-29 22:00:00+00:00,AMD,139.85,139.95,139.7,139.77,2974
2024-07-29 23:00:00+00:00,AMD,139.75,139.75,138.92,138.98,7151
2024-07-30 08:00:00+00:00,AMD,139.7,140.49,139.57,140.2,19005
2024-07-30 09:00:00+00:00,AMD,140.2,140.44,139.75,140.1,19605
2024-07-30 10:00:00+00:00,AMD,140.1,140.4,140.03,140.37,3421
2024-07-30 11:00:00+00:00,AMD,140.28,140.43,139.84,140.25,19510
2024-07-30 12:00:00+00:00,AMD,140.25,140.38,139.88,139.99,16961
2024-07-30 13:00:00+00:00,AMD,139.99,141.7,139.21,139.99,1216962
2024-07-30 14:00:00+00:00,AMD,140.02,140.9,138.46,138.625,1213719
2024-07-30 15:00:00+00:00,AMD,138.61,138.79,135.41,136.01,1410130
2024-07-30 16:00:00+00:00,AMD,136.0,136.74,134.06,134.15,900612
2024-07-30 17:00:00+00:00,AMD,134.14,137.77,134.12,137.59,948147
2024-07-30 18:00:00+00:00,AMD,137.6,138.38,137.1,137.95,923654
2024-07-30 19:00:00+00:00,AMD,137.96,139.49,136.86,138.42,2518551
2024-07-30 20:00:00+00:00,AMD,138.39,147.69,134.8,145.33,3745705
2024-07-30 21:00:00+00:00,AMD,145.3,151.5,145.26,148.35,810118
2024-07-30 22:00:00+00:00,AMD,148.54,149.29,148.0,148.99,84180
2024-07-30 23:00:00+00:00,AMD,148.96,149.69,148.8,149.19,56325
2024-07-31 08:00:00+00:00,AMD,152.75,152.75,150.18,151.62,108936
2024-07-31 09:00:00+00:00,AMD,151.52,151.62,150.71,150.75,41453
2024-07-31 10:00:00+00:00,AMD,150.75,151.47,150.25,151.16,60965
2024-07-31 11:00:00+00:00,AMD,151.17,151.29,149.39,149.95,134757
2024-07-31 12:00:00+00:00,AMD,149.99,150.0,148.11,149.38,420886
2024-07-31 13:00:00+00:00,AMD,149.31,153.61,147.51,151.21,4277949
2024-07-31 14:00:00+00:00,AMD,151.2,151.78,145.52,146.215,2880406
2024-07-31 15:00:00+00:00,AMD,146.22,146.96,144.24,144.44,2006616
2024-07-31 16:00:00+00:00,AMD,144.46,145.39,143.96,144.41,1386063
2024-07-31 17:00:00+00:00,AMD,144.42,145.26,141.64,142.58,1520399
2024-07-31 18:00:00+00:00,AMD,142.57,145.6,141.83,144.965,1526857
2024-07-31 19:00:00+00:00,AMD,144.98,145.4,142.59,144.53,3022026
2024-07-31 20:00:00+00:00,AMD,144.49,145.73,144.09,145.11,4334264
2024-07-31 21:00:00+00:00,AMD,145.11,145.25,144.82,145.04,24325
2024-07-31 22:00:00+00:00,AMD,145.04,145.55,145.02,145.5,19336
2024-07-31 23:00:00+00:00,AMD,145.51,145.72,145.38,145.72,10467
2024-08-01 08:00:00+00:00,AMD,145.44,145.7,142.33,143.38,41307
2024-08-01 09:00:00+00:00,AMD,143.38,144.4,143.17,143.95,17957
2024-08-01 10:00:00+00:00,AMD,143.94,144.3,143.68,144.2,12024
2024-08-01 11:00:00+00:00,AMD,144.3,145.14,144.01,144.19,34173
2024-08-01 12:00:00+00:00,AMD,144.27,144.83,143.87,144.14,52014
2024-08-01 13:00:00+00:00,AMD,144.0,147.29,142.65,142.65,1851940
2024-08-01 14:00:00+00:00,AMD,142.65,142.79,136.91,137.17,3436800
2024-08-01 15:00:00+00:00,AMD,137.2,137.84,136.1,136.81,1500831
2024-08-01 16:00:00+00:00,AMD,136.83,137.79,135.09,135.11,1408129
2024-08-01 17:00:00+00:00,AMD,135.12,135.4,132.3,133.54,1595413
2024-08-01 18:00:00+00:00,AMD,133.51,133.69,130.31,130.41,1520524
2024-08-01 19:00:00+00:00,AMD,130.4,132.88,130.23,132.55,3018051
2024-08-01 20:00:00+00:00,AMD,132.58,133.0,131.07,133.0,4852626
2024-08-01 21:00:00+00:00,AMD,133.0,133.71,131.91,131.95,60697
2024-08-01 22:00:00+00:00,AMD,131.95,132.5,131.08,131.08,31893
2024-08-01 23:00:00+00:00,AMD,131.4,132.15,131.03,131.98,8895
2024-08-02 08:00:00+00:00,AMD,130.23,130.89,129.62,130.73,40270
2024-08-02 09:00:00+00:00,AMD,130.74,131.48,130.12,131.39,23252
2024-08-02 10:00:00+00:00,AMD,131.17,134.73,131.16,133.79,86347
2024-08-02 11:00:00+00:00,AMD,133.79,134.11,132.48,133.4,98578
2024-08-02 12:00:00+00:00,AMD,133.4,135.2,130.62,132.63,382131
2024-08-02 13:00:00+00:00,AMD,132.61,137.1,132.04,135.75,3752262
2024-08-02 14:00:00+00:00,AMD,135.78,136.52,132.61,134.16,2327477
2024-08-02 15:00:00+00:00,AMD,134.17,136.78,133.62,135.78,1988884
2024-08-02 16:00:00+00:00,AMD,135.78,136.1,132.62,133.26,1350879
2024-08-02 17:00:00+00:00,AMD,133.27,134.65,131.82,132.48,1052384
2024-08-02 18:00:00+00:00,AMD,132.48,134.13,132.28,132.76,888359
2024-08-02 19:00:00+00:00,AMD,132.76,133.73,131.33,132.57,2674558
2024-08-02 20:00:00+00:00,AMD,132.55,133.25,132.17,132.91,3696235
2024-08-02 21:00:00+00:00,AMD,132.9,133.09,132.57,132.82,21890
2024-08-02 22:00:00+00:00,AMD,132.82,132.88,132.61,132.65,1942
2024-08-02 23:00:00+00:00,AMD,132.76,132.77,132.61,132.66,3530
2024-08-05 08:00:00+00:00,AMD,127.42,130.7,126.01,126.8,193896
2024-08-05 09:00:00+00:00,AMD,126.67,127.93,123.81,125.8,220922
2024-08-05 10:00:00+00:00,AMD,125.88,126.69,124.79,126.36,103261
2024-08-05 11:00:00+00:00,AMD,126.47,128.0,124.71,124.71,235260
2024-08-05 12:00:00+00:00,AMD,124.72,125.72,120.51,123.71,279529
2024-08-05 13:00:00+00:00,AMD,123.62,131.68,121.83,131.2,3796214
2024-08-05 14:00:00+00:00,AMD,131.22,135.7,131.22,134.11,2953321
2024-08-05 15:00:00+00:00,AMD,134.11,137.88,133.05,136.09,2066516
2024-08-05 16:00:00+00:00,AMD,136.08,139.14,135.65,136.06,1624877
2024-08-05 17:00:00+00:00,AMD,136.02,137.7,135.85,136.09,958266
2024-08-05 18:00:00+00:00,AMD,136.09,136.22,134.43,134.66,1221279
2024-08-05 19:00:00+00:00,AMD,134.67,135.67,134.34,134.86,2734396
2024-08-05 20:00:00+00:00,AMD,134.86,136.5,134.64,136.48,3164884
2024-08-05 21:00:00+00:00,AMD,136.47,137.07,136.35,136.8,18633
2024-08-05 22:00:00+00:00,AMD,136.95,137.99,136.91,137.38,19976
2024-08-05 23:00:00+00:00,AMD,137.4,138.2,137.4,138.15,10516
2024-08-06 08:00:00+00:00,AMD,137.7,138.79,136.22,136.89,65379
2024-08-06 09:00:00+00:00,AMD,136.86,136.86,133.63,135.0,38274
2024-08-06 10:00:00+00:00,AMD,135.0,136.15,134.52,135.83,12498
2024-08-06 11:00:00+00:00,AMD,135.99,137.0,135.7,136.3,39004
2024-08-06 12:00:00+00:00,AMD,136.3,136.53,135.1,135.27,56715
2024-08-06 13:00:00+00:00,AMD,135.25,136.44,129.11,132.66,2652117
2024-08-06 14:00:00+00:00,AMD,132.65,133.92,131.34,132.51,1703928
2024-08-06 15:00:00+00:00,AMD,132.52,132.8,130.76,132.06,1265653
2024-08-06 16:00:00+00:00,AMD,132.09,133.74,131.61,133.54,814883
2024-08-06 17:00:00+00:00,AMD,133.57,134.2,132.88,132.92,745162
2024-08-06 18:00:00+00:00,AMD,132.92,132.95,131.73,131.74,966987
2024-08-06 19:00:00+00:00,AMD,131.77,131.85,129.93,130.13,2375300
2024-08-06 20:00:00+00:00,AMD,130.13,132.28,128.52,129.0,2442529
2024-08-06 21:00:00+00:00,AMD,128.98,129.6,128.1,128.58,33805
2024-08-06 22:00:00+00:00,AMD,128.7,129.39,128.53,128.64,20213
2024-08-06 23:00:00+00:00,AMD,128.8,129.01,128.0,128.0,9919
2024-08-07 08:00:00+00:00,AMD,130.56,131.81,130.03,131.76,27334
2024-08-07 09:00:00+00:00,AMD,131.75,132.75,131.72,132.36,14100
2024-08-07 10:00:00+00:00,AMD,132.32,132.5,131.8,132.5,10947
2024-08-07 11:00:00+00:00,AMD,132.4,133.2,132.06,132.3,51102
2024-08-07 12:00:00+00:00,AMD,132.33,132.99,131.82,132.71,43468
2024-08-07 13:00:00+00:00,AMD,132.75,136.24,132.35,134.34,1961416
2024-08-07 14:00:00+00:00,AMD,134.34,136.05,133.23,134.9,1737436
2024-08-07 15:00:00+00:00,AMD,134.91,135.79,132.82,133.42,1090919
2024-08-07 16:00:00+00:00,AMD,133.44,133.8,131.95,132.5,875034
2024-08-07 17:00:00+00:00,AMD,132.49,132.77,130.84,131.2,728458
2024-08-07 18:00:00+00:00,AMD,131.15,131.42,129.46,130.6,790899
2024-08-07 19:00:00+00:00,AMD,130.61,131.75,128.37,128.67,1491924
2024-08-07 20:00:00+00:00,AMD,128.67,128.75,127.4,127.47,2842066
2024-08-07 21:00:00+00:00,AMD,127.47,127.64,127.29,127.5,47878
2024-08-07 22:00:00+00:00,AMD,127.8,128.48,127.76,128.2,7474
2024-08-07 23:00:00+00:00,AMD,128.18,128.18,127.0,127.38,11070
2024-08-08 08:00:00+00:00,AMD,128.8,130.07,128.47,129.78,26804
2024-08-08 09:00:00+00:00,AMD,129.8,130.07,129.07,129.58,16663
2024-08-08 10:00:00+00:00,AMD,129.49,130.07,129.05,129.55,13580
2024-08-08 11:00:00+00:00,AMD,129.52,129.7,128.87,129.45,44188
2024-08-08 12:00:00+00:00,AMD,129.35,132.15,128.98,131.33,91377
2024-08-08 13:00:00+00:00,AMD,131.37,132.24,128.93,131.37,1207257
2024-08-08 14:00:00+00:00,AMD,131.38,135.06,131.12,134.97,1653726
2024-08-08 15:00:00+00:00,AMD,134.98,135.03,133.47,134.8,978684
2024-08-08 16:00:00+00:00,AMD,134.79,135.5,134.01,134.73,770611
2024-08-08 17:00:00+00:00,AMD,134.74,136.34,134.13,135.82,825509
2024-08-08 18:00:00+00:00,AMD,135.82,136.29,135.08,135.43,678242
2024-08-08 19:00:00+00:00,AMD,135.43,136.48,134.65,136.4,2094323
2024-08-08 20:00:00+00:00,AMD,136.39,136.54,136.05,136.41,4072829
2024-08-08 21:00:00+00:00,AMD,136.45,136.45,136.1,136.17,10245
2024-08-08 22:00:00+00:00,AMD,136.13,136.35,136.13,136.34,3648
2024-08-08 23:00:00+00:00,AMD,136.34,136.9,136.32,136.8,27553
2024-08-09 08:00:00+00:00,AMD,137.08,138.19,136.75,137.95,27865
2024-08-09 09:00:00+00:00,AMD,137.94,138.1,137.16,137.61,7874
2024-08-09 10:00:00+00:00,AMD,137.63,137.63,137.12,137.27,10111
2024-08-09 11:00:00+00:00,AMD,137.24,137.63,135.85,136.53,39375
2024-08-09 12:00:00+00:00,AMD,136.54,136.61,134.4,135.34,40444
2024-08-09 13:00:00+00:00,AMD,135.2,135.64,132.52,132.93,1917884
2024-08-09 14:00:00+00:00,AMD,132.96,134.68,132.44,133.26,1343860
2024-08-09 15:00:00+00:00,AMD,133.29,134.38,132.89,133.04,959387
2024-08-09 16:00:00+00:00,AMD,133.05,134.37,132.72,134.15,653921
2024-08-09 17:00:00+00:00,AMD,134.17,135.44,133.95,134.88,623372
2024-08-09 18:00:00+00:00,AMD,134.89,135.24,134.48,134.69,437396
2024-08-09 19:00:00+00:00,AMD,134.68,135.15,134.05,134.28,1048292
2024-08-09 20:00:00+00:00,AMD,134.27,134.63,134.26,134.29,1061919
2024-08-09 21:00:00+00:00,AMD,134.31,134.4,134.04,134.09,2525
2024-08-09 22:00:00+00:00,AMD,134.2,134.3,134.2,134.21,1113
2024-08-09 23:00:00+00:00,AMD,134.21,134.36,134.2,134.25,3403
2024-08-12 08:00:00+00:00,AMD,135.24,135.63,134.85,134.86,8774
2024-08-12 09:00:00+00:00,AMD,134.87,135.22,134.7,134.77,4906
2024-08-12 10:00:00+00:00,AMD,134.94,135.04,134.57,135.04,2306
2024-08-12 11:00:00+00:00,AMD,134.93,135.05,134.68,134.82,6392
2024-08-12 12:00:00+00:00,AMD,134.8,135.44,134.76,135.21,16195
2024-08-12 13:00:00+00:00,AMD,135.2,135.78,133.22,135.12,1273301
2024-08-12 14:00:00+00:00,AMD,135.12,137.96,135.02,137.18,1403688
2024-08-12 15:00:00+00:00,AMD,137.22,137.99,135.21,137.04,1047458
2024-08-12 16:00:00+00:00,AMD,137.03,137.49,136.24,136.25,467782
2024-08-12 17:00:00+00:00,AMD,136.23,136.95,135.75,136.52,458855
2024-08-12 18:00:00+00:00,AMD,136.54,136.89,136.15,136.82,357411
2024-08-12 19:00:00+00:00,AMD,136.83,137.14,136.17,136.79,955916
2024-08-12 20:00:00+00:00,AMD,136.77,136.99,136.41,136.5,1457205
2024-08-12 21:00:00+00:00,AMD,136.52,136.55,136.32,136.4,2430
2024-08-12 22:00:00+00:00,AMD,136.4,136.59,136.36,136.5,3101
2024-08-12 23:00:00+00:00,AMD,136.51,136.56,136.4,136.4,477
2024-08-13 08:00:00+00:00,AMD,138.01,138.17,137.57,137.75,14100
2024-08-13 09:00:00+00:00,AMD,137.73,138.06,137.65,137.67,8404
2024-08-13 10:00:00+00:00,AMD,137.65,137.73,134.9,136.1,29706
2024-08-13 11:00:00+00:00,AMD,136.16,136.85,135.99,136.59,8287
2024-08-13 12:00:00+00:00,AMD,136.72,138.57,136.7,138.37,77158
2024-08-13 13:00:00+00:00,AMD,138.38,140.7,137.54,140.06,1841168
2024-08-13 14:00:00+00:00,AMD,140.03,140.48,139.29,139.61,1066828
2024-08-13 15:00:00+00:00,AMD,139.63,140.7,139.1,140.29,740423
2024-08-13 16:00:00+00:00,AMD,140.27,140.4,139.45,140.4,590772
2024-08-13 17:00:00+00:00,AMD,140.4,140.99,139.82,140.66,644936
2024-08-13 18:00:00+00:00,AMD,140.66,140.9,140.33,140.61,395340
2024-08-13 19:00:00+00:00,AMD,140.62,141.19,140.02,141.19,1406059
2024-08-13 20:00:00+00:00,AMD,141.17,141.36,140.95,140.95,3087678
2024-08-13 21:00:00+00:00,AMD,140.98,141.1,140.86,141.01,5108
2024-08-13 22:00:00+00:00,AMD,141.09,141.15,140.94,141.0,884
2024-08-13 23:00:00+00:00,AMD,141.07,141.08,141.0,141.08,2308
2024-08-14 08:00:00+00:00,AMD,141.23,141.35,140.59,140.94,11613
2024-08-14 09:00:00+00:00,AMD,141.0,141.1,140.51,141.05,8975
2024-08-14 10:00:00+00:00,AMD,141.06,141.68,141.03,141.44,12761
2024-08-14 11:00:00+00:00,AMD,141.52,142.45,141.49,142.31,22502
2024-08-14 12:00:00+00:00,AMD,142.29,143.16,140.4,142.86,68671
2024-08-14 13:00:00+00:00,AMD,142.87,143.9,138.71,139.25,1581264
2024-08-14 14:00:00+00:00,AMD,139.27,140.24,137.63,139.98,1514145
2024-08-14 15:00:00+00:00,AMD,139.98,140.66,139.6,140.6,587528
2024-08-14 16:00:00+00:00,AMD,140.59,140.76,138.8,139.24,753945
2024-08-14 17:00:00+00:00,AMD,139.245,139.93,139.18,139.68,323960
2024-08-14 18:00:00+00:00,AMD,139.68,140.34,139.44,140.34,288018
2024-08-14 19:00:00+00:00,AMD,140.34,140.91,139.57,140.71,1051779
2024-08-14 20:00:00+00:00,AMD,140.71,140.82,140.47,140.61,1457156
2024-08-14 21:00:00+00:00,AMD,140.55,140.61,140.53,140.53,1575
2024-08-14 22:00:00+00:00,AMD,140.57,140.71,140.53,140.55,3610
2024-08-14 23:00:00+00:00,AMD,140.58,140.65,140.25,140.31,1309
2024-08-15 08:00:00+00:00,AMD,141.4,141.65,140.42,140.79,11027
2024-08-15 09:00:00+00:00,AMD,140.87,141.35,140.87,141.27,4353
2024-08-15 10:00:00+00:00,AMD,141.28,141.28,140.75,140.89,1677
2024-08-15 11:00:00+00:00,AMD,140.93,141.18,140.81,140.98,6623
2024-08-15 12:00:00+00:00,AMD,140.96,143.46,140.82,142.92,47531
2024-08-15 13:00:00+00:00,AMD,142.99,144.8,141.81,144.795,1098083
2024-08-15 14:00:00+00:00,AMD,144.81,146.33,143.65,145.17,1620671
2024-08-15 15:00:00+00:00,AMD,145.16,146.76,144.87,146.42,791999
2024-08-15 16:00:00+00:00,AMD,146.41,147.26,146.0,146.95,759474
2024-08-15 17:00:00+00:00,AMD,146.97,147.52,146.42,147.5,533790
2024-08-15 18:00:00+00:00,AMD,147.5,147.69,146.76,147.01,483620
2024-08-15 19:00:00+00:00,AMD,147.01,147.95,146.75,147.39,1578571
2024-08-15 20:00:00+00:00,AMD,147.4,147.48,146.8,146.81,3161882
2024-08-15 21:00:00+00:00,AMD,146.71,146.83,146.5,146.79,7679
2024-08-15 22:00:00+00:00,AMD,146.86,146.94,146.77,146.94,1388
2024-08-15 23:00:00+00:00,AMD,147.0,147.36,147.0,147.13,2329
2024-08-16 08:00:00+00:00,AMD,147.9,148.26,147.59,147.82,13592
2024-08-16 09:00:00+00:00,AMD,147.82,148.09,147.55,147.55,5683
2024-08-16 10:00:00+00:00,AMD,147.52,147.65,147.1,147.39,7777
2024-08-16 11:00:00+00:00,AMD,147.39,147.66,146.75,146.75,17311
2024-08-16 12:00:00+00:00,AMD,146.81,146.95,145.2,145.8,52587
2024-08-16 13:00:00+00:00,AMD,145.82,148.505,145.2,147.42,1330784
2024-08-16 14:00:00+00:00,AMD,147.42,149.36,147.14,148.05,1086061
2024-08-16 15:00:00+00:00,AMD,148.04,148.44,147.4,148.04,478951
2024-08-16 16:00:00+00:00,AMD,148.02,149.295,147.84,149.16,490701
2024-08-16 17:00:00+00:00,AMD,149.17,149.21,148.59,148.94,375050
2024-08-16 18:00:00+00:00,AMD,148.93,149.17,148.48,149.14,302982
2024-08-16 19:00:00+00:00,AMD,149.145,149.18,148.24,148.56,802800
2024-08-16 20:00:00+00:00,AMD,148.56,148.67,148.39,148.62,1271361
2024-08-16 21:00:00+00:00,AMD,148.62,148.74,148.4,148.41,3839
2024-08-16 22:00:00+00:00,AMD,148.49,148.59,148.39,148.44,2661
2024-08-16 23:00:00+00:00,AMD,148.44,148.44,148.15,148.25,1887
2024-08-19 08:00:00+00:00,AMD,148.47,148.47,147.13,147.43,12214
2024-08-19 09:00:00+00:00,AMD,147.44,147.69,147.19,147.69,3302
2024-08-19 10:00:00+00:00,AMD,147.73,154.08,147.73,152.63,134423
2024-08-19 11:00:00+00:00,AMD,152.62,152.83,151.3,151.51,95305
2024-08-19 12:00:00+00:00,AMD,151.53,152.63,148.61,150.0,238485
2024-08-19 13:00:00+00:00,AMD,149.97,152.32,147.72,150.64,2359595
2024-08-19 14:00:00+00:00,AMD,150.66,153.56,149.01,152.8,1726675
2024-08-19 15:00:00+00:00,AMD,152.79,154.06,152.6,153.23,1016078
2024-08-19 16:00:00+00:00,AMD,153.21,153.23,151.83,152.31,748960
2024-08-19 17:00:00+00:00,AMD,152.31,153.15,151.97,153.15,587001
2024-08-19 18:00:00+00:00,AMD,153.14,154.62,152.99,154.375,692915
2024-08-19 19:00:00+00:00,AMD,154.37,155.36,153.92,155.3,1781037
2024-08-19 20:00:00+00:00,AMD,155.3,155.5,154.9,154.95,1889494
2024-08-19 21:00:00+00:00,AMD,154.93,154.98,154.51,154.97,20399
2024-08-19 22:00:00+00:00,AMD,154.97,154.97,154.85,154.92,8319
2024-08-19 23:00:00+00:00,AMD,154.93,154.95,154.77,154.88,1697
2024-08-20 08:00:00+00:00,AMD,155.91,156.2,155.34,156.09,30849
2024-08-20 09:00:00+00:00,AMD,156.06,158.06,156.05,157.61,32239
2024-08-20 10:00:00+00:00,AMD,157.61,157.61,156.62,156.99,18401
2024-08-20 11:00:00+00:00,AMD,156.88,157.79,156.51,157.7,45985
2024-08-20 12:00:00+00:00,AMD,157.71,158.59,156.96,157.38,106922
2024-08-20 13:00:00+00:00,AMD,157.31,160.07,155.3,159.89,2183666
2024-08-20 14:00:00+00:00,AMD,159.9,162.04,156.27,156.89,3175663
2024-08-20 15:00:00+00:00,AMD,156.92,158.37,155.91,157.58,1354402
2024-08-20 16:00:00+00:00,AMD,157.58,157.8,155.11,155.14,862903
2024-08-20 17:00:00+00:00,AMD,155.13,156.61,154.52,156.45,835022
2024-08-20 18:00:00+00:00,AMD,156.44,157.93,156.38,157.89,726481
2024-08-20 19:00:00+00:00,AMD,157.89,157.9,156.34,156.41,1485915
2024-08-20 20:00:00+00:00,AMD,156.4,156.58,156.06,156.18,1854035
2024-08-20 21:00:00+00:00,AMD,156.18,156.19,155.73,155.74,5979
2024-08-20 22:00:00+00:00,AMD,155.9,156.0,155.5,155.6,7702
2024-08-20 23:00:00+00:00,AMD,155.55,155.65,154.8,154.85,20935
2024-08-21 08:00:00+00:00,AMD,155.65,156.47,155.39,155.9,15470
2024-08-21 09:00:00+00:00,AMD,155.81,156.15,155.67,155.91,7263
2024-08-21 10:00:00+00:00,AMD,156.0,157.24,155.97,156.97,14024
2024-08-21 11:00:00+00:00,AMD,157.04,157.27,156.34,156.44,22477
2024-08-21 12:00:00+00:00,AMD,156.6,157.26,156.3,156.77,35205
2024-08-21 13:00:00+00:00,AMD,156.8,157.79,155.63,157.03,1129320
2024-08-21 14:00:00+00:00,AMD,157.07,158.04,155.06,155.63,1302368
2024-08-21 15:00:00+00:00,AMD,155.62,157.49,155.32,157.07,817210
2024-08-21 16:00:00+00:00,AMD,157.08,157.58,156.29,157.49,458088
2024-08-21 17:00:00+00:00,AMD,157.49,157.75,156.86,157.69,350018
2024-08-21 18:00:00+00:00,AMD,157.7,158.64,157.43,157.65,654137
2024-08-21 19:00:00+00:00,AMD,157.63,157.93,156.76,157.83,1125292
2024-08-21 20:00:00+00:00,AMD,157.83,157.83,157.46,157.57,1700102
2024-08-21 21:00:00+00:00,AMD,157.56,157.59,157.52,157.53,2854
2024-08-21 22:00:00+00:00,AMD,157.5,157.8,157.42,157.75,4612
2024-08-21 23:00:00+00:00,AMD,157.71,157.95,157.56,157.94,4650
2024-08-22 08:00:00+00:00,AMD,158.04,158.21,157.3,157.78,8390
2024-08-22 09:00:00+00:00,AMD,157.95,158.29,157.89,158.14,5540
2024-08-22 10:00:00+00:00,AMD,158.19,159.09,158.19,158.87,23689
2024-08-22 11:00:00+00:00,AMD,158.92,159.47,158.8,159.06,32628
2024-08-22 12:00:00+00:00,AMD,159.08,159.3,158.59,158.9,25405
2024-08-22 13:00:00+00:00,AMD,158.95,159.84,157.91,158.22,1045388
2024-08-22 14:00:00+00:00,AMD,158.24,158.6,155.41,156.15,1072961
2024-08-22 15:00:00+00:00,AMD,156.15,156.88,152.28,153.02,1504476
2024-08-22 16:00:00+00:00,AMD,153.01,154.73,152.89,153.44,748828
2024-08-22 17:00:00+00:00,AMD,153.44,154.03,151.62,151.86,847083
2024-08-22 18:00:00+00:00,AMD,151.87,152.72,151.42,151.77,686744
2024-08-22 19:00:00+00:00,AMD,151.78,152.72,151.02,151.76,1505923
2024-08-22 20:00:00+00:00,AMD,151.78,152.22,151.65,152.0,2910488
2024-08-22 21:00:00+00:00,AMD,152.0,152.17,151.9,152.14,11094
2024-08-22 22:00:00+00:00,AMD,152.11,152.23,152.0,152.15,4705
2024-08-22 23:00:00+00:00,AMD,152.15,152.2,152.01,152.01,8697
2024-08-23 08:00:00+00:00,AMD,153.18,153.66,152.51,153.2,22628
2024-08-23 09:00:00+00:00,AMD,153.15,153.15,152.79,153.05,5876
2024-08-23 10:00:00+00:00,AMD,153.11,153.47,153.01,153.26,7682
2024-08-23 11:00:00+00:00,AMD,153.26,153.26,152.87,153.06,16998
2024-08-23 12:00:00+00:00,AMD,153.05,153.14,152.69,153.07,14425
2024-08-23 13:00:00+00:00,AMD,153.11,154.88,153.0,154.59,921899
2024-08-23 14:00:00+00:00,AMD,154.69,156.39,152.78,154.07,1987787
2024-08-23 15:00:00+00:00,AMD,154.07,155.26,153.33,154.51,844255
2024-08-23 16:00:00+00:00,AMD,154.51,154.6,151.83,152.73,818194
2024-08-23 17:00:00+00:00,AMD,152.72,153.45,152.33,152.61,460151
2024-08-23 18:00:00+00:00,AMD,152.62,153.31,152.36,152.89,438708
2024-08-23 19:00:00+00:00,AMD,152.89,155.18,152.31,154.97,1953265
2024-08-23 20:00:00+00:00,AMD,154.97,155.17,154.37,154.4,2263781
2024-08-23 21:00:00+00:00,AMD,154.41,154.67,154.41,154.61,3177
2024-08-23 22:00:00+00:00,AMD,154.64,154.82,154.61,154.75,4650
2024-08-23 23:00:00+00:00,AMD,154.73,154.83,154.63,154.79,935
2024-08-26 08:00:00+00:00,AMD,155.23,155.51,154.98,155.19,6286
2024-08-26 09:00:00+00:00,AMD,155.16,155.3,155.01,155.28,3246
2024-08-26 10:00:00+00:00,AMD,155.29,155.56,155.1,155.28,8469
2024-08-26 11:00:00+00:00,AMD,155.24,155.34,154.09,154.25,16400
2024-08-26 12:00:00+00:00,AMD,154.21,154.56,153.71,154.18,11052
2024-08-26 13:00:00+00:00,AMD,154.12,158.28,153.89,154.0,1742772
2024-08-26 14:00:00+00:00,AMD,154.01,154.2,148.92,151.13,2117049
2024-08-26 15:00:00+00:00,AMD,151.13,151.595,149.93,150.23,786498
2024-08-26 16:00:00+00:00,AMD,150.22,151.12,149.73,150.68,518733
2024-08-26 17:00:00+00:00,AMD,150.66,150.82,149.15,149.24,391674
2024-08-26 18:00:00+00:00,AMD,149.24,150.71,148.95,150.69,550280
2024-08-26 19:00:00+00:00,AMD,150.67,150.75,149.52,150.0,1144742
2024-08-26 20:00:00+00:00,AMD,149.99,150.15,149.67,149.76,1802678
2024-08-26 21:00:00+00:00,AMD,149.75,150.09,149.75,150.01,7736
2024-08-26 22:00:00+00:00,AMD,149.99,150.19,149.8,149.93,4201
2024-08-26 23:00:00+00:00,AMD,149.92,150.0,149.86,149.86,1373
2024-08-27 08:00:00+00:00,AMD,150.35,150.73,150.05,150.35,7691
2024-08-27 09:00:00+00:00,AMD,150.36,150.75,150.36,150.56,2313
2024-08-27 10:00:00+00:00,AMD,150.48,150.54,149.65,149.94,10634
2024-08-27 11:00:00+00:00,AMD,149.92,150.57,149.69,150.25,24247
2024-08-27 12:00:00+00:00,AMD,150.27,150.44,149.44,149.89,33275
2024-08-27 13:00:00+00:00,AMD,149.9,151.69,149.2,150.25,1177969
2024-08-27 14:00:00+00:00,AMD,150.3,151.33,149.62,150.605,891798
2024-08-27 15:00:00+00:00,AMD,150.62,151.0,148.45,149.47,1013784
2024-08-27 16:00:00+00:00,AMD,149.46,149.99,149.04,149.34,451697
2024-08-27 17:00:00+00:00,AMD,149.33,150.33,149.235,150.3,332066
2024-08-27 18:00:00+00:00,AMD,150.29,150.46,149.58,149.84,282359
2024-08-27 19:00:00+00:00,AMD,149.855,150.62,149.52,150.55,817338
2024-08-27 20:00:00+00:00,AMD,150.5,150.57,150.22,150.26,1110780
2024-08-27 21:00:00+00:00,AMD,150.32,150.56,150.22,150.56,2765
2024-08-27 22:00:00+00:00,AMD,150.48,150.48,149.81,149.89,5206
2024-08-27 23:00:00+00:00,AMD,150.0,150.0,149.46,149.46,3836
2024-08-28 08:00:00+00:00,AMD,150.1,150.9,150.06,150.8,4071
2024-08-28 09:00:00+00:00,AMD,150.8,150.97,150.62,150.78,3561
2024-08-28 10:00:00+00:00,AMD,150.71,150.9,150.69,150.79,3590
2024-08-28 11:00:00+00:00,AMD,150.81,150.81,150.11,150.19,5433
2024-08-28 12:00:00+00:00,AMD,150.19,150.53,149.92,150.45,13505
2024-08-28 13:00:00+00:00,AMD,150.48,150.48,147.89,148.52,929616
2024-08-28 14:00:00+00:00,AMD,148.53,148.89,146.36,146.38,1075465
2024-08-28 15:00:00+00:00,AMD,146.37,146.47,144.73,146.22,1173857
2024-08-28 16:00:00+00:00,AMD,146.21,147.24,145.44,147.16,501094
2024-08-28 17:00:00+00:00,AMD,147.16,147.44,145.65,145.74,369706
2024-08-28 18:00:00+00:00,AMD,145.76,147.06,145.55,147.04,409892
2024-08-28 19:00:00+00:00,AMD,147.03,147.43,146.29,146.31,1225288
2024-08-28 20:00:00+00:00,AMD,146.31,147.33,142.22,144.95,1886189
2024-08-28 21:00:00+00:00,AMD,144.95,145.01,141.68,141.73,86600
2024-08-28 22:00:00+00:00,AMD,141.75,142.46,137.98,140.72,102298
2024-08-28 23:00:00+00:00,AMD,140.83,141.1,140.6,140.85,12072
2024-08-29 08:00:00+00:00,AMD,143.5,144.89,143.33,144.61,20366
2024-08-29 09:00:00+00:00,AMD,144.7,146.68,144.59,146.08,11694
2024-08-29 10:00:00+00:00,AMD,146.01,146.13,144.81,145.0,16869
2024-08-29 11:00:00+00:00,AMD,145.09,145.88,144.62,145.61,22183
2024-08-29 12:00:00+00:00,AMD,145.7,145.95,145.05,145.7,56183
2024-08-29 13:00:00+00:00,AMD,145.7,149.49,145.58,148.38,1650043
2024-08-29 14:00:00+00:00,AMD,148.39,148.89,146.48,148.13,1061119
2024-08-29 15:00:00+00:00,AMD,148.13,148.97,147.78,147.98,451388
2024-08-29 16:00:00+00:00,AMD,147.96,148.68,147.49,147.74,421096
2024-08-29 17:00:00+00:00,AMD,147.73,148.27,147.23,148.25,360955
2024-08-29 18:00:00+00:00,AMD,148.24,148.24,144.68,145.385,910599
2024-08-29 19:00:00+00:00,AMD,145.37,145.88,144.47,145.49,1211117
2024-08-29 20:00:00+00:00,AMD,145.51,146.48,145.49,145.93,955542
2024-08-29 21:00:00+00:00,AMD,146.03,146.09,145.66,145.91,7760
2024-08-29 22:00:00+00:00,AMD,145.93,146.04,145.66,146.02,4990
2024-08-29 23:00:00+00:00,AMD,146.02,146.1,145.86,146.01,1859
2024-08-30 08:00:00+00:00,AMD,147.01,147.47,146.85,147.45,12619
2024-08-30 09:00:00+00:00,AMD,147.57,147.61,147.41,147.5,2221
2024-08-30 10:00:00+00:00,AMD,147.61,147.61,147.23,147.59,3705
2024-08-30 11:00:00+00:00,AMD,147.58,147.74,147.18,147.49,10265
2024-08-30 12:00:00+00:00,AMD,147.49,148.31,146.81,146.95,55280
2024-08-30 13:00:00+00:00,AMD,146.96,148.99,146.75,148.19,1006950
2024-08-30 14:00:00+00:00,AMD,148.2,148.57,146.46,146.88,957917
2024-08-30 15:00:00+00:00,AMD,146.88,147.09,145.53,146.05,676856
2024-08-30 16:00:00+00:00,AMD,146.0,146.36,145.24,146.29,421653
2024-08-30 17:00:00+00:00,AMD,146.3,146.88,146.17,146.23,322174
2024-08-30 18:00:00+00:00,AMD,146.25,147.5,146.13,147.27,337094
2024-08-30 19:00:00+00:00,AMD,147.25,148.67,146.85,148.56,1551443
2024-08-30 20:00:00+00:00,AMD,148.56,148.6,148.1,148.2,3729664
2024-08-30 21:00:00+00:00,AMD,148.27,148.33,148.25,148.25,1890
2024-08-30 22:00:00+00:00,AMD,148.18,148.3,148.16,148.3,1434
2024-08-30 23:00:00+00:00,AMD,148.24,148.29,148.24,148.29,954
2024-09-03 08:00:00+00:00,AMD,148.95,149.0,146.75,146.75,12470
2024-09-03 09:00:00+00:00,AMD,146.81,147.1,146.5,146.61,10361
2024-09-03 10:00:00+00:00,AMD,146.73,147.09,146.66,146.99,9038
2024-09-03 11:00:00+00:00,AMD,147.01,147.09,146.5,146.79,6223
2024-09-03 12:00:00+00:00,AMD,146.76,147.35,146.53,146.79,17023
2024-09-03 13:00:00+00:00,AMD,146.81,146.82,142.12,142.61,1326762
2024-09-03 14:00:00+00:00,AMD,142.62,143.28,140.85,140.9,1136858
2024-09-03 15:00:00+00:00,AMD,140.91,142.23,139.89,139.91,1031644
2024-09-03 16:00:00+00:00,AMD,139.91,140.45,139.31,139.34,556375
2024-09-03 17:00:00+00:00,AMD,139.33,139.79,138.7,138.78,579258
2024-09-03 18:00:00+00:00,AMD,138.8,138.92,137.83,137.89,770276
2024-09-03 19:00:00+00:00,AMD,137.89,138.22,136.13,137.02,2448654
2024-09-03 20:00:00+00:00,AMD,136.94,138.21,136.5,138.08,4663026
2024-09-03 21:00:00+00:00,AMD,138.08,138.31,137.56,137.61,24036
2024-09-03 22:00:00+00:00,AMD,137.7,137.9,137.36,137.69,5455
2024-09-03 23:00:00+00:00,AMD,137.65,137.99,137.14,137.14,6480
2024-09-04 08:00:00+00:00,AMD,136.88,138.49,136.2,138.17,43556
2024-09-04 09:00:00+00:00,AMD,138.04,138.46,138.04,138.43,10954
2024-09-04 10:00:00+00:00,AMD,138.26,139.92,137.75,139.35,46986
2024-09-04 11:00:00+00:00,AMD,139.3,139.75,138.75,139.38,61984
2024-09-04 12:00:00+00:00,AMD,139.31,140.53,139.25,140.5,87221
2024-09-04 13:00:00+00:00,AMD,140.5,141.13,138.9,139.8,2088305
2024-09-04 14:00:00+00:00,AMD,139.78,143.04,138.51,142.97,1895443
2024-09-04 15:00:00+00:00,AMD,142.94,143.37,140.75,141.18,983362
2024-09-04 16:00:00+00:00,AMD,141.16,142.4,140.76,142.17,734960
2024-09-04 17:00:00+00:00,AMD,142.15,142.62,141.76,141.87,487028
2024-09-04 18:00:00+00:00,AMD,141.89,141.97,140.53,140.56,588443
2024-09-04 19:00:00+00:00,AMD,140.56,141.43,140.12,140.88,1285877
2024-09-04 20:00:00+00:00,AMD,140.87,141.21,140.58,140.88,1683987
2024-09-04 21:00:00+00:00,AMD,140.95,141.37,140.86,141.1,4849
2024-09-04 22:00:00+00:00,AMD,141.1,141.23,141.1,141.23,1201
2024-09-04 23:00:00+00:00,AMD,141.24,141.24,140.36,141.0,1817
2024-09-05 08:00:00+00:00,AMD,141.04,141.5,140.75,140.91,5738
2024-09-05 09:00:00+00:00,AMD,140.83,140.83,140.15,140.5,9557
2024-09-05 10:00:00+00:00,AMD,140.39,140.85,140.24,140.59,5264
2024-09-05 11:00:00+00:00,AMD,140.69,140.82,140.23,140.29,6940
2024-09-05 12:00:00+00:00,AMD,140.3,140.32,138.85,139.63,48400
2024-09-05 13:00:00+00:00,AMD,139.49,141.02,137.76,140.86,997586
2024-09-05 14:00:00+00:00,AMD,140.8,141.71,139.66,139.87,830938
2024-09-05 15:00:00+00:00,AMD,139.88,140.11,138.66,139.05,643583
2024-09-05 16:00:00+00:00,AMD,139.04,140.43,139.03,139.66,396352
2024-09-05 17:00:00+00:00,AMD,139.67,140.19,138.95,140.12,403690
2024-09-05 18:00:00+00:00,AMD,140.16,140.29,139.23,139.29,308978
2024-09-05 19:00:00+00:00,AMD,139.25,139.48,138.45,139.48,1069572
2024-09-05 20:00:00+00:00,AMD,139.44,140.17,138.3,138.86,1789639
2024-09-05 21:00:00+00:00,AMD,138.86,139.0,138.51,138.77,11402
2024-09-05 22:00:00+00:00,AMD,138.92,138.99,138.51,138.69,3891
2024-09-05 23:00:00+00:00,AMD,138.73,138.75,138.54,138.55,4348
2024-09-06 08:00:00+00:00,AMD,138.31,138.83,137.62,138.06,9166
2024-09-06 09:00:00+00:00,AMD,138.05,138.31,137.56,138.03,7734
2024-09-06 10:00:00+00:00,AMD,138.17,138.2,137.86,138.05,6650
2024-09-06 11:00:00+00:00,AMD,138.07,138.3,137.88,137.98,11824
2024-09-06 12:00:00+00:00,AMD,138.06,140.09,136.78,139.83,76391
2024-09-06 13:00:00+00:00,AMD,139.97,140.17,136.12,136.18,1160674
2024-09-06 14:00:00+00:00,AMD,136.17,136.57,133.24,133.6,1621869
2024-09-06 15:00:00+00:00,AMD,133.61,134.98,132.525,132.67,1279635
2024-09-06 16:00:00+00:00,AMD,132.67,133.36,132.11,132.75,737096
2024-09-06 17:00:00+00:00,AMD,132.76,134.17,132.6,133.7,685477
2024-09-06 18:00:00+00:00,AMD,133.7,133.84,132.83,133.47,542871
2024-09-06 19:00:00+00:00,AMD,133.48,134.7,133.46,134.4,1524775
2024-09-06 20:00:00+00:00,AMD,134.4,134.4,133.43,133.68,3415632
2024-09-06 21:00:00+00:00,AMD,133.75,134.0,133.63,133.8,8402
2024-09-06 22:00:00+00:00,AMD,133.77,134.15,133.73,134.15,1224
2024-09-06 23:00:00+00:00,AMD,134.14,134.14,133.86,134.0,1226
2024-09-09 08:00:00+00:00,AMD,135.99,136.5,135.38,135.98,25409
2024-09-09 09:00:00+00:00,AMD,136.05,136.25,135.95,135.98,3862
2024-09-09 10:00:00+00:00,AMD,136.0,136.19,135.53,135.7,9245
2024-09-09 11:00:00+00:00,AMD,135.58,136.4,135.42,135.88,27390
2024-09-09 12:00:00+00:00,AMD,135.87,136.1,135.63,136.1,9581
2024-09-09 13:00:00+00:00,AMD,136.16,137.48,134.86,137.32,915954
2024-09-09 14:00:00+00:00,AMD,137.32,137.34,135.42,135.61,800563
2024-09-09 15:00:00+00:00,AMD,135.61,136.97,135.295,136.96,499142
2024-09-09 16:00:00+00:00,AMD,136.95,137.68,136.74,137.45,495627
2024-09-09 17:00:00+00:00,AMD,137.45,137.75,136.93,137.04,489028
2024-09-09 18:00:00+00:00,AMD,137.03,137.57,136.72,137.26,431855
2024-09-09 19:00:00+00:00,AMD,137.25,138.44,136.99,138.21,1309320
2024-09-09 20:00:00+00:00,AMD,138.22,138.49,137.96,138.37,2322154
2024-09-09 21:00:00+00:00,AMD,138.38,138.45,138.3,138.44,1621
2024-09-09 22:00:00+00:00,AMD,138.43,138.78,138.25,138.7,5141
2024-09-09 23:00:00+00:00,AMD,138.63,138.87,138.63,138.76,4882
2024-09-10 08:00:00+00:00,AMD,138.34,138.49,137.79,137.95,3812
2024-09-10 09:00:00+00:00,AMD,137.72,137.98,137.17,137.98,4465
2024-09-10 10:00:00+00:00,AMD,137.97,138.0,137.69,137.75,2644
2024-09-10 11:00:00+00:00,AMD,137.98,138.68,137.75,138.57,12649
2024-09-10 12:00:00+00:00,AMD,138.57,139.25,138.42,139.05,13098
2024-09-10 13:00:00+00:00,AMD,139.14,139.82,137.26,137.88,1059020
2024-09-10 14:00:00+00:00,AMD,137.83,139.37,137.53,138.59,665557
2024-09-10 15:00:00+00:00,AMD,138.57,139.04,137.56,137.57,429487
2024-09-10 16:00:00+00:00,AMD,137.6,139.4,137.26,139.16,484851
2024-09-10 17:00:00+00:00,AMD,139.14,142.06,139.03,141.5,1011350
2024-09-10 18:00:00+00:00,AMD,141.51,142.13,141.48,141.64,605625
2024-09-10 19:00:00+00:00,AMD,141.63,143.08,141.62,142.85,1572370
2024-09-10 20:00:00+00:00,AMD,142.84,143.26,142.56,142.69,2543349
2024-09-10 21:00:00+00:00,AMD,142.72,142.72,142.55,142.56,12582
2024-09-10 22:00:00+00:00,AMD,142.56,142.68,142.5,142.65,4305
2024-09-10 23:00:00+00:00,AMD,142.65,142.87,142.6,142.8,2811
2024-09-11 08:00:00+00:00,AMD,142.5,142.62,141.77,141.99,10967
2024-09-11 09:00:00+00:00,AMD,141.9,142.45,141.9,142.45,9453
2024-09-11 10:00:00+00:00,AMD,142.49,142.55,142.3,142.38,1592
2024-09-11 11:00:00+00:00,AMD,142.36,143.0,142.12,142.67,21075
2024-09-11 12:00:00+00:00,AMD,142.66,143.39,141.78,143.23,60490
2024-09-11 13:00:00+00:00,AMD,143.23,146.3,142.72,143.11,1818713
2024-09-11 14:00:00+00:00,AMD,143.14,144.15,140.71,141.51,1259705
2024-09-11 15:00:00+00:00,AMD,141.49,143.5,140.99,142.74,1076306
2024-09-11 16:00:00+00:00,AMD,142.75,144.41,142.44,143.75,988229
2024-09-11 17:00:00+00:00,AMD,143.75,146.03,143.75,145.29,971253
2024-09-11 18:00:00+00:00,AMD,145.28,148.65,145.08,147.66,1122973
2024-09-11 19:00:00+00:00,AMD,147.61,150.16,147.04,149.85,2384669
2024-09-11 20:00:00+00:00,AMD,149.85,150.31,149.18,149.25,3968197
2024-09-11 21:00:00+00:00,AMD,149.26,149.42,148.67,148.71,32928
2024-09-11 22:00:00+00:00,AMD,148.96,149.0,148.71,148.9,5205
2024-09-11 23:00:00+00:00,AMD,148.91,149.13,148.9,149.12,1501
2024-09-12 08:00:00+00:00,AMD,149.5,150.81,149.07,150.36,35787
2024-09-12 09:00:00+00:00,AMD,150.24,150.94,150.2,150.55,28548
2024-09-12 10:00:00+00:00,AMD,150.55,150.67,150.2,150.21,4067
2024-09-12 11:00:00+00:00,AMD,150.21,150.24,149.54,150.04,27509
2024-09-12 12:00:00+00:00,AMD,150.03,150.08,148.61,149.02,31406
2024-09-12 13:00:00+00:00,AMD,148.91,149.88,147.66,149.02,947956
2024-09-12 14:00:00+00:00,AMD,149.02,151.2,148.67,149.35,1122351
2024-09-12 15:00:00+00:00,AMD,149.37,150.59,148.71,149.06,661983
2024-09-12 16:00:00+00:00,AMD,149.03,150.13,148.9,150.03,448596
2024-09-12 17:00:00+00:00,AMD,150.03,151.02,149.77,150.97,382714
2024-09-12 18:00:00+00:00,AMD,150.97,151.53,149.67,150.87,503687
2024-09-12 19:00:00+00:00,AMD,150.87,151.07,150.43,150.82,1024051
2024-09-12 20:00:00+00:00,AMD,150.77,150.89,150.25,150.44,1200349
2024-09-12 21:00:00+00:00,AMD,150.44,150.52,150.38,150.48,3568
2024-09-12 22:00:00+00:00,AMD,150.52,150.94,150.52,150.9,2260
2024-09-12 23:00:00+00:00,AMD,150.87,150.99,150.87,150.95,2214
2024-09-13 08:00:00+00:00,AMD,151.31,151.93,151.01,151.87,12821
2024-09-13 09:00:00+00:00,AMD,151.87,152.17,151.74,151.95,7655
2024-09-13 10:00:00+00:00,AMD,151.9,151.95,151.56,151.7,6029
2024-09-13 11:00:00+00:00,AMD,151.61,152.03,151.37,151.97,13426
2024-09-13 12:00:00+00:00,AMD,151.96,152.38,151.57,151.69,28691
2024-09-13 13:00:00+00:00,AMD,151.75,153.03,151.17,151.57,1168587
2024-09-13 14:00:00+00:00,AMD,151.56,152.97,150.78,151.66,851960
2024-09-13 15:00:00+00:00,AMD,151.64,152.32,151.35,151.49,474373
2024-09-13 16:00:00+00:00,AMD,151.48,152.21,150.71,152.19,317180
2024-09-13 17:00:00+00:00,AMD,152.2,152.72,152.12,152.52,347959
2024-09-13 18:00:00+00:00,AMD,152.54,152.67,151.83,152.28,381631
2024-09-13 19:00:00+00:00,AMD,152.27,152.89,152.04,152.31,1013715
2024-09-13 20:00:00+00:00,AMD,152.31,152.48,152.25,152.33,1484136
2024-09-13 21:00:00+00:00,AMD,152.38,152.5,152.34,152.34,3594
2024-09-13 22:00:00+00:00,AMD,152.27,152.28,152.21,152.21,5207
2024-09-13 23:00:00+00:00,AMD,152.21,152.26,152.05,152.08,5617
2024-09-16 08:00:00+00:00,AMD,152.08,152.52,151.88,152.15,1881
2024-09-16 09:00:00+00:00,AMD,152.12,152.18,151.52,151.62,7480
2024-09-16 10:00:00+00:00,AMD,151.9,152.97,151.76,152.4,10544
2024-09-16 11:00:00+00:00,AMD,152.35,152.39,151.21,151.34,11634
2024-09-16 12:00:00+00:00,AMD,151.38,151.4,150.38,150.67,16089
2024-09-16 13:00:00+00:00,AMD,150.59,153.17,150.43,152.13,1031367
2024-09-16 14:00:00+00:00,AMD,152.12,154.43,150.94,152.45,1244715
2024-09-16 15:00:00+00:00,AMD,152.44,153.13,151.39,151.75,626175
2024-09-16 16:00:00+00:00,AMD,151.76,152.35,150.93,152.23,524831
2024-09-16 17:00:00+00:00,AMD,152.23,152.74,151.62,152.67,358055
2024-09-16 18:00:00+00:00,AMD,152.68,152.89,152.19,152.52,350727
2024-09-16 19:00:00+00:00,AMD,152.52,152.76,152.0,152.08,809618
2024-09-16 20:00:00+00:00,AMD,152.1,152.1,151.52,151.65,1212411
2024-09-16 21:00:00+00:00,AMD,151.62,151.66,151.56,151.62,283
2024-09-16 22:00:00+00:00,AMD,151.68,151.8,151.66,151.66,1741
2024-09-16 23:00:00+00:00,AMD,151.67,151.75,151.55,151.58,902
2024-09-17 08:00:00+00:00,AMD,152.16,152.71,152.16,152.7,8469
2024-09-17 09:00:00+00:00,AMD,152.57,153.5,152.57,153.38,10755
2024-09-17 10:00:00+00:00,AMD,153.2,153.37,153.0,153.03,7101
2024-09-17 11:00:00+00:00,AMD,153.04,153.68,152.92,153.6,9363
2024-09-17 12:00:00+00:00,AMD,153.6,154.5,153.45,154.06,31653
2024-09-17 13:00:00+00:00,AMD,154.09,154.28,150.8,151.56,839348
2024-09-17 14:00:00+00:00,AMD,151.57,153.88,151.22,152.82,829394
2024-09-17 15:00:00+00:00,AMD,152.85,154.05,152.17,152.62,730254
2024-09-17 16:00:00+00:00,AMD,152.64,153.07,150.52,150.72,703068
2024-09-17 17:00:00+00:00,AMD,150.71,151.05,149.22,150.2,647447
2024-09-17 18:00:00+00:00,AMD,150.18,150.49,149.63,150.0,401512
2024-09-17 19:00:00+00:00,AMD,150.0,151.0,149.65,150.81,811959
2024-09-17 20:00:00+00:00,AMD,150.82,150.82,150.62,150.63,1156254
2024-09-17 21:00:00+00:00,AMD,150.6,150.72,150.51,150.65,3154
2024-09-17 22:00:00+00:00,AMD,150.65,150.68,150.57,150.61,398
2024-09-17 23:00:00+00:00,AMD,150.59,150.68,150.08,150.4,2271
2024-09-18 08:00:00+00:00,AMD,150.6,150.71,150.02,150.23,6051
2024-09-18 09:00:00+00:00,AMD,150.2,150.39,150.16,150.25,1961
2024-09-18 10:00:00+00:00,AMD,150.37,150.82,150.27,150.82,3054
2024-09-18 11:00:00+00:00,AMD,150.82,151.14,150.69,150.81,16280
2024-09-18 12:00:00+00:00,AMD,150.72,151.03,150.2,151.0,14468
2024-09-18 13:00:00+00:00,AMD,151.07,151.48,148.93,150.29,615376
2024-09-18 14:00:00+00:00,AMD,150.32,150.49,149.18,149.92,487471
2024-09-18 15:00:00+00:00,AMD,149.93,150.35,148.87,148.96,333383
2024-09-18 16:00:00+00:00,AMD,148.95,150.71,148.81,150.64,301228
2024-09-18 17:00:00+00:00,AMD,150.62,150.72,150.04,150.42,250824
2024-09-18 18:00:00+00:00,AMD,150.37,152.81,149.76,150.74,1117607
2024-09-18 19:00:00+00:00,AMD,150.72,150.79,148.01,148.3,1832108
2024-09-18 20:00:00+00:00,AMD,148.32,148.97,148.2,148.35,1406374
2024-09-18 21:00:00+00:00,AMD,148.34,148.65,148.34,148.5,11413
2024-09-18 22:00:00+00:00,AMD,148.58,149.31,148.58,149.1,10991
2024-09-18 23:00:00+00:00,AMD,149.19,149.6,148.94,149.56,2975
2024-09-19 08:00:00+00:00,AMD,152.47,153.1,151.66,152.69,32863
2024-09-19 09:00:00+00:00,AMD,152.7,154.15,152.7,153.9,45198
2024-09-19 10:00:00+00:00,AMD,153.9,154.4,153.54,154.0,25593
2024-09-19 11:00:00+00:00,AMD,153.86,153.98,153.1,153.98,47467
2024-09-19 12:00:00+00:00,AMD,153.93,154.47,153.5,153.95,51820
2024-09-19 13:00:00+00:00,AMD,153.91,154.93,152.77,154.56,1853272
2024-09-19 14:00:00+00:00,AMD,154.57,156.99,154.3,155.86,1544986
2024-09-19 15:00:00+00:00,AMD,155.88,157.65,155.63,157.0,1008292
2024-09-19 16:00:00+00:00,AMD,157.03,158.76,156.8,158.57,1032101
2024-09-19 17:00:00+00:00,AMD,158.57,159.19,158.23,159.16,680425
2024-09-19 18:00:00+00:00,AMD,159.15,159.26,157.37,158.01,782902
2024-09-19 19:00:00+00:00,AMD,157.99,158.08,156.52,156.73,1950793
2024-09-19 20:00:00+00:00,AMD,156.73,157.05,156.61,156.82,3275218
2024-09-19 21:00:00+00:00,AMD,156.81,156.94,156.79,156.83,7756
2024-09-19 22:00:00+00:00,AMD,156.89,156.98,156.61,156.73,4612
2024-09-19 23:00:00+00:00,AMD,156.76,156.98,156.71,156.96,1107
2024-09-20 08:00:00+00:00,AMD,156.79,156.79,155.3,155.83,9344
2024-09-20 09:00:00+00:00,AMD,155.83,156.22,155.5,155.51,5913
2024-09-20 10:00:00+00:00,AMD,155.51,155.72,155.25,155.5,6302
2024-09-20 11:00:00+00:00,AMD,155.51,155.98,155.46,155.9,7896
2024-09-20 12:00:00+00:00,AMD,155.84,156.78,155.78,156.53,13656
2024-09-20 13:00:00+00:00,AMD,156.53,157.45,155.01,155.12,2497833
2024-09-20 14:00:00+00:00,AMD,155.09,155.28,153.71,153.8,1134139
2024-09-20 15:00:00+00:00,AMD,153.81,154.47,152.47,154.09,1053840
2024-09-20 16:00:00+00:00,AMD,154.1,154.6,153.78,154.24,395860
2024-09-20 17:00:00+00:00,AMD,154.24,154.44,153.62,154.05,382643
2024-09-20 18:00:00+00:00,AMD,154.07,154.145,153.21,154.1,392319
2024-09-20 19:00:00+00:00,AMD,154.1,156.0,153.91,155.98,2098873
2024-09-20 20:00:00+00:00,AMD,155.98,156.02,155.63,155.7,6498841
2024-09-20 21:00:00+00:00,AMD,155.62,155.67,155.53,155.67,3653
2024-09-20 22:00:00+00:00,AMD,155.67,155.93,155.67,155.85,2827
2024-09-20 23:00:00+00:00,AMD,155.8,155.87,155.79,155.86,549
2024-09-23 08:00:00+00:00,AMD,156.31,156.57,155.51,155.92,6550
2024-09-23 09:00:00+00:00,AMD,155.85,156.33,155.75,156.22,1464
2024-09-23 10:00:00+00:00,AMD,156.29,156.39,156.0,156.1,6642
2024-09-23 11:00:00+00:00,AMD,156.28,156.42,155.85,156.38,12330
2024-09-23 12:00:00+00:00,AMD,156.4,156.94,156.37,156.7,10423
2024-09-23 13:00:00+00:00,AMD,156.7,156.72,155.2,155.73,747109
2024-09-23 14:00:00+00:00,AMD,155.72,157.19,155.62,155.97,729166
2024-09-23 15:00:00+00:00,AMD,155.93,156.46,154.97,156.29,454048
2024-09-23 16:00:00+00:00,AMD,156.3,156.5,155.73,156.08,317067
2024-09-23 17:00:00+00:00,AMD,156.09,156.6,155.75,156.36,270699
2024-09-23 18:00:00+00:00,AMD,156.35,156.46,156.05,156.26,231830
2024-09-23 19:00:00+00:00,AMD,156.25,156.84,155.865,156.75,1078382
2024-09-23 20:00:00+00:00,AMD,156.75,156.75,156.48,156.53,1436228
2024-09-23 21:00:00+00:00,AMD,156.53,156.56,156.49,156.56,925
2024-09-23 22:00:00+00:00,AMD,156.5,156.51,156.37,156.37,3117
2024-09-23 23:00:00+00:00,AMD,156.49,156.5,156.41,156.42,662
2024-09-24 08:00:00+00:00,AMD,157.03,158.29,157.02,158.01,9472
2024-09-24 09:00:00+00:00,AMD,158.02,158.09,157.64,157.73,5135
2024-09-24 10:00:00+00:00,AMD,157.61,157.73,156.05,157.27,8847
2024-09-24 11:00:00+00:00,AMD,157.24,157.5,156.6,157.12,14512
2024-09-24 12:00:00+00:00,AMD,157.17,157.42,156.89,157.21,4852
2024-09-24 13:00:00+00:00,AMD,157.21,158.42,156.86,156.97,712613
2024-09-24 14:00:00+00:00,AMD,156.99,157.02,154.57,156.24,995013
2024-09-24 15:00:00+00:00,AMD,156.24,159.36,156.04,158.89,818757
2024-09-24 16:00:00+00:00,AMD,158.88,159.63,158.45,158.47,535999
2024-09-24 17:00:00+00:00,AMD,158.45,158.98,158.31,158.4,270892
2024-09-24 18:00:00+00:00,AMD,158.4,158.55,157.66,157.82,341183
2024-09-24 19:00:00+00:00,AMD,157.81,158.42,157.75,158.33,860080
2024-09-24 20:00:00+00:00,AMD,158.32,158.45,158.12,158.29,1303084
2024-09-24 21:00:00+00:00,AMD,158.29,158.37,158.27,158.33,1072
2024-09-24 22:00:00+00:00,AMD,158.3,158.46,158.26,158.38,521
2024-09-24 23:00:00+00:00,AMD,158.44,158.65,158.35,158.6,1990
2024-09-25 08:00:00+00:00,AMD,157.97,158.06,156.94,157.25,7475
2024-09-25 09:00:00+00:00,AMD,157.17,157.39,156.98,157.28,3206
2024-09-25 10:00:00+00:00,AMD,157.41,157.54,157.4,157.49,1147
2024-09-25 11:00:00+00:00,AMD,157.53,158.16,157.53,158.14,7265
2024-09-25 12:00:00+00:00,AMD,158.15,158.35,157.59,158.3,7233
2024-09-25 13:00:00+00:00,AMD,158.25,160.76,157.91,160.2,1085479
2024-09-25 14:00:00+00:00,AMD,160.19,161.14,159.68,160.28,945649
2024-09-25 15:00:00+00:00,AMD,160.28,162.27,160.08,161.86,1100896
2024-09-25 16:00:00+00:00,AMD,161.84,162.32,160.71,161.45,710868
2024-09-25 17:00:00+00:00,AMD,161.46,162.2,160.94,162.18,443457
2024-09-25 18:00:00+00:00,AMD,162.18,162.83,161.81,162.72,697207
2024-09-25 19:00:00+00:00,AMD,162.71,162.95,161.93,162.08,1126503
2024-09-25 20:00:00+00:00,AMD,162.02,163.87,162.01,163.41,1802180
2024-09-25 21:00:00+00:00,AMD,163.41,163.83,163.41,163.6,21249
2024-09-25 22:00:00+00:00,AMD,163.52,163.65,163.35,163.6,8620
2024-09-25 23:00:00+00:00,AMD,163.63,163.87,163.5,163.87,3066
2024-09-26 08:00:00+00:00,AMD,165.19,166.14,164.79,165.6,34194
2024-09-26 09:00:00+00:00,AMD,165.6,165.69,164.56,165.2,10536
2024-09-26 10:00:00+00:00,AMD,165.17,165.77,164.93,165.54,27190
2024-09-26 11:00:00+00:00,AMD,165.45,166.4,165.09,166.24,34110
2024-09-26 12:00:00+00:00,AMD,166.27,167.04,165.96,167.04,57475
2024-09-26 13:00:00+00:00,AMD,167.1,168.68,166.35,168.195,2036407
2024-09-26 14:00:00+00:00,AMD,168.2,168.45,164.43,164.62,1494814
2024-09-26 15:00:00+00:00,AMD,164.62,166.07,164.05,165.93,800155
2024-09-26 16:00:00+00:00,AMD,165.93,165.93,164.53,164.77,492503
2024-09-26 17:00:00+00:00,AMD,164.75,166.05,164.29,165.82,493515
2024-09-26 18:00:00+00:00,AMD,165.83,167.34,165.82,167.14,510389
2024-09-26 19:00:00+00:00,AMD,167.13,168.29,166.83,167.52,1597766
2024-09-26 20:00:00+00:00,AMD,167.49,168.0,167.2,167.27,1980309
2024-09-26 21:00:00+00:00,AMD,167.24,167.38,167.11,167.2,7197
2024-09-26 22:00:00+00:00,AMD,167.28,167.38,167.18,167.22,2095
2024-09-26 23:00:00+00:00,AMD,167.25,167.27,167.0,167.0,1535
2024-09-27 08:00:00+00:00,AMD,166.12,167.0,165.71,166.77,14402
2024-09-27 09:00:00+00:00,AMD,166.61,167.15,166.54,167.06,3717
2024-09-27 10:00:00+00:00,AMD,167.06,167.19,166.64,166.7,2592
2024-09-27 11:00:00+00:00,AMD,166.72,167.44,166.72,167.37,9485
2024-09-27 12:00:00+00:00,AMD,167.36,168.17,167.36,167.85,25372
2024-09-27 13:00:00+00:00,AMD,167.85,168.725,166.53,167.75,884833
2024-09-27 14:00:00+00:00,AMD,167.84,168.31,165.21,165.9,824062
2024-09-27 15:00:00+00:00,AMD,165.89,166.15,164.43,164.89,672579
2024-09-27 16:00:00+00:00,AMD,164.89,165.57,164.48,165.04,376897
2024-09-27 17:00:00+00:00,AMD,165.05,165.27,164.24,164.86,412596
2024-09-27 18:00:00+00:00,AMD,164.88,165.02,163.74,164.79,512302
2024-09-27 19:00:00+00:00,AMD,164.79,164.96,164.05,164.35,968465
2024-09-27 20:00:00+00:00,AMD,164.35,164.65,164.27,164.31,1536326
2024-09-27 21:00:00+00:00,AMD,164.32,164.34,164.25,164.25,1227
2024-09-27 22:00:00+00:00,AMD,164.25,164.27,164.18,164.25,1666
2024-09-27 23:00:00+00:00,AMD,164.2,164.21,164.07,164.15,1005
2024-09-30 08:00:00+00:00,AMD,163.94,164.29,162.62,162.9,7842
2024-09-30 09:00:00+00:00,AMD,162.82,162.96,162.14,162.4,10233
2024-09-30 10:00:00+00:00,AMD,162.4,162.43,162.17,162.43,1318
2024-09-30 11:00:00+00:00,AMD,162.49,162.54,160.76,160.87,41405
2024-09-30 12:00:00+00:00,AMD,160.89,162.49,160.16,162.28,21638
2024-09-30 13:00:00+00:00,AMD,162.42,165.08,162.0,163.54,792904
2024-09-30 14:00:00+00:00,AMD,163.54,163.84,162.19,163.33,614794
2024-09-30 15:00:00+00:00,AMD,163.33,164.42,163.12,163.76,380464
2024-09-30 16:00:00+00:00,AMD,163.76,164.87,163.74,164.48,340553
2024-09-30 17:00:00+00:00,AMD,164.45,164.52,163.52,164.2,287388
2024-09-30 18:00:00+00:00,AMD,164.16,164.32,162.36,163.23,417204
2024-09-30 19:00:00+00:00,AMD,163.23,164.22,162.6,164.08,943921
2024-09-30 20:00:00+00:00,AMD,164.08,164.09,163.6,163.66,2649019
2024-09-30 21:00:00+00:00,AMD,163.66,163.68,163.52,163.62,3486
2024-09-30 22:00:00+00:00,AMD,163.62,163.68,163.44,163.68,2215
2024-09-30 23:00:00+00:00,AMD,163.68,164.06,163.68,163.86,1910
2024-10-01 08:00:00+00:00,AMD,163.77,164.39,163.74,164.36,4110
2024-10-01 09:00:00+00:00,AMD,164.3,164.68,164.28,164.66,1254
2024-10-01 10:00:00+00:00,AMD,164.63,165.45,164.61,165.36,4992
2024-10-01 11:00:00+00:00,AMD,165.26,165.36,164.62,164.93,12206
2024-10-01 12:00:00+00:00,AMD,165.07,165.11,164.71,164.93,5495
2024-10-01 13:00:00+00:00,AMD,164.89,165.4,161.67,162.36,867194
2024-10-01 14:00:00+00:00,AMD,162.345,163.09,159.55,160.79,1162823
2024-10-01 15:00:00+00:00,AMD,160.8,160.91,158.65,160.18,770767
2024-10-01 16:00:00+00:00,AMD,160.18,161.15,159.49,160.21,620452
2024-10-01 17:00:00+00:00,AMD,160.19,160.19,158.08,159.91,728237
2024-10-01 18:00:00+00:00,AMD,159.9,161.27,159.86,161.04,477725
2024-10-01 19:00:00+00:00,AMD,161.02,161.37,158.96,159.745,1654671
2024-10-01 20:00:00+00:00,AMD,159.73,160.29,159.43,159.51,2499456
2024-10-01 21:00:00+00:00,AMD,159.54,159.57,159.18,159.26,6173
2024-10-01 22:00:00+00:00,AMD,159.39,159.4,159.01,159.1,3792
2024-10-01 23:00:00+00:00,AMD,159.0,159.03,158.94,158.95,2124
2024-10-02 08:00:00+00:00,AMD,158.96,159.55,158.84,159.29,3221
2024-10-02 09:00:00+00:00,AMD,159.1,159.1,158.42,158.75,7644
2024-10-02 10:00:00+00:00,AMD,158.58,159.24,158.45,159.02,2603
2024-10-02 11:00:00+00:00,AMD,158.95,159.84,158.75,159.24,19115
2024-10-02 12:00:00+00:00,AMD,159.18,160.69,159.11,160.41,13083
2024-10-02 13:00:00+00:00,AMD,160.41,160.43,158.68,160.16,747975
2024-10-02 14:00:00+00:00,AMD,160.145,163.11,160.13,162.01,769087
2024-10-02 15:00:00+00:00,AMD,162.02,162.84,161.77,162.02,499247
2024-10-02 16:00:00+00:00,AMD,162.025,162.11,160.18,160.2,470477
2024-10-02 17:00:00+00:00,AMD,160.21,160.575,159.7,160.54,452473
2024-10-02 18:00:00+00:00,AMD,160.53,160.64,159.82,160.29,385316
2024-10-02 19:00:00+00:00,AMD,160.29,160.45,159.53,159.77,1036553
2024-10-02 20:00:00+00:00,AMD,159.77,160.49,159.5,160.31,1110087
2024-10-02 21:00:00+00:00,AMD,160.33,160.4,160.01,160.07,17746
2024-10-02 22:00:00+00:00,AMD,160.01,160.2,160.0,160.08,2584
2024-10-02 23:00:00+00:00,AMD,160.08,160.15,160.05,160.15,688
2024-10-03 08:00:00+00:00,AMD,158.95,159.47,158.5,159.14,8246
2024-10-03 09:00:00+00:00,AMD,158.92,159.32,158.84,159.23,1596
2024-10-03 10:00:00+00:00,AMD,159.25,159.78,159.09,159.67,2719
2024-10-03 11:00:00+00:00,AMD,159.89,160.95,159.15,160.64,36017
2024-10-03 12:00:00+00:00,AMD,160.65,161.0,160.0,160.15,51812
2024-10-03 13:00:00+00:00,AMD,160.19,165.17,159.4,164.93,1316358
2024-10-03 14:00:00+00:00,AMD,164.91,166.78,163.2,163.25,1554077
2024-10-03 15:00:00+00:00,AMD,163.24,164.49,162.73,164.36,558828
2024-10-03 16:00:00+00:00,AMD,164.35,164.43,162.23,162.27,477318
2024-10-03 17:00:00+00:00,AMD,162.26,163.08,161.7,162.56,414058
2024-10-03 18:00:00+00:00,AMD,162.57,162.84,162.05,162.44,305036
2024-10-03 19:00:00+00:00,AMD,162.43,163.0,161.8,162.86,962673
2024-10-03 20:00:00+00:00,AMD,162.85,163.0,162.77,162.8,869012
2024-10-03 21:00:00+00:00,AMD,162.83,162.83,162.55,162.57,6225
2024-10-03 22:00:00+00:00,AMD,162.59,162.87,162.55,162.84,3367
2024-10-03 23:00:00+00:00,AMD,162.8,162.9,162.77,162.9,6323
2024-10-04 08:00:00+00:00,AMD,163.75,163.88,163.05,163.39,7597
2024-10-04 09:00:00+00:00,AMD,163.3,163.37,162.9,163.18,2862
2024-10-04 10:00:00+00:00,AMD,163.18,163.61,163.18,163.22,4886
2024-10-04 11:00:00+00:00,AMD,163.17,164.15,163.1,163.75,11473
2024-10-04 12:00:00+00:00,AMD,163.77,166.93,163.69,166.91,72932
2024-10-04 13:00:00+00:00,AMD,166.95,169.09,166.23,167.24,1861961
2024-10-04 14:00:00+00:00,AMD,167.22,167.88,164.42,167.77,1422012
2024-10-04 15:00:00+00:00,AMD,167.77,168.65,166.67,168.12,991145
2024-10-04 16:00:00+00:00,AMD,168.13,168.79,167.14,168.54,600518
2024-10-04 17:00:00+00:00,AMD,168.54,170.34,168.38,169.87,1222318
2024-10-04 18:00:00+00:00,AMD,169.87,170.44,169.62,170.37,536392
2024-10-04 19:00:00+00:00,AMD,170.35,171.205,170.11,170.91,1535651
2024-10-04 20:00:00+00:00,AMD,170.9,170.99,170.62,170.65,1750033
2024-10-04 21:00:00+00:00,AMD,170.64,170.75,170.62,170.71,7053
2024-10-04 22:00:00+00:00,AMD,170.72,170.85,170.72,170.81,2180
2024-10-04 23:00:00+00:00,AMD,170.86,170.94,170.84,170.88,3556
2024-10-07 08:00:00+00:00,AMD,171.13,174.94,170.55,170.96,20245
2024-10-07 09:00:00+00:00,AMD,170.91,170.91,169.58,170.63,16355
2024-10-07 10:00:00+00:00,AMD,170.5,170.63,170.06,170.47,10875
2024-10-07 11:00:00+00:00,AMD,170.46,171.84,170.3,171.66,46865
2024-10-07 12:00:00+00:00,AMD,171.64,172.75,171.5,171.6,67546
2024-10-07 13:00:00+00:00,AMD,171.63,172.09,168.86,169.31,1848710
2024-10-07 14:00:00+00:00,AMD,169.31,170.41,168.21,170.09,1069685
2024-10-07 15:00:00+00:00,AMD,170.06,170.285,168.66,170.04,861987
2024-10-07 16:00:00+00:00,AMD,170.06,171.69,169.67,171.51,736260
2024-10-07 17:00:00+00:00,AMD,171.5,172.4,171.33,172.24,440201
2024-10-07 18:00:00+00:00,AMD,172.24,172.25,169.59,169.66,612696
2024-10-07 19:00:00+00:00,AMD,169.65,171.42,169.48,170.99,1182781
2024-10-07 20:00:00+00:00,AMD,170.97,171.07,170.75,171.05,1332802
2024-10-07 21:00:00+00:00,AMD,171.03,171.22,171.01,171.11,4698
2024-10-07 22:00:00+00:00,AMD,171.11,171.15,170.56,170.84,5701
2024-10-07 23:00:00+00:00,AMD,170.85,171.0,170.75,170.89,3348
2024-10-08 08:00:00+00:00,AMD,170.98,170.98,170.15,170.46,19300
2024-10-08 09:00:00+00:00,AMD,170.48,171.75,170.47,171.52,9246
2024-10-08 10:00:00+00:00,AMD,171.51,172.82,171.5,172.2,18642
2024-10-08 11:00:00+00:00,AMD,172.21,172.74,171.74,172.47,46636
2024-10-08 12:00:00+00:00,AMD,172.44,172.44,171.6,171.71,32904
2024-10-08 13:00:00+00:00,AMD,171.71,173.44,170.45,172.29,1405615
2024-10-08 14:00:00+00:00,AMD,172.29,173.6,170.92,173.35,1031979
2024-10-08 15:00:00+00:00,AMD,173.38,173.48,171.42,172.08,671394
2024-10-08 16:00:00+00:00,AMD,172.07,172.07,170.0,171.41,827530
2024-10-08 17:00:00+00:00,AMD,171.41,172.13,170.62,172.09,350352
2024-10-08 18:00:00+00:00,AMD,172.1,172.61,171.65,172.51,423428
2024-10-08 19:00:00+00:00,AMD,172.5,173.44,172.29,172.8,1125816
2024-10-08 20:00:00+00:00,AMD,172.79,172.8,172.4,172.55,1379858
2024-10-08 21:00:00+00:00,AMD,172.5,172.68,172.49,172.64,1695
2024-10-08 22:00:00+00:00,AMD,172.68,172.69,172.48,172.69,854
2024-10-08 23:00:00+00:00,AMD,172.6,172.96,172.6,172.92,3702
2024-10-09 08:00:00+00:00,AMD,173.16,173.48,173.1,173.48,10300
2024-10-09 09:00:00+00:00,AMD,173.4,173.48,173.2,173.34,11148
2024-10-09 10:00:00+00:00,AMD,173.33,173.8,173.31,173.8,5289
2024-10-09 11:00:00+00:00,AMD,173.76,174.53,173.7,173.78,33985
2024-10-09 12:00:00+00:00,AMD,173.85,174.98,173.85,174.64,44032
2024-10-09 13:00:00+00:00,AMD,174.62,174.78,169.83,170.62,1470006
2024-10-09 14:00:00+00:00,AMD,170.6,171.65,169.73,170.71,1082142
2024-10-09 15:00:00+00:00,AMD,170.72,171.94,170.69,171.68,648613
2024-10-09 16:00:00+00:00,AMD,171.68,171.71,169.55,170.45,733132
2024-10-09 17:00:00+00:00,AMD,170.45,171.16,170.13,170.58,584376
2024-10-09 18:00:00+00:00,AMD,170.6,171.73,170.27,171.05,532201
2024-10-09 19:00:00+00:00,AMD,171.06,171.48,170.22,170.99,1290349
2024-10-09 20:00:00+00:00,AMD,171.02,171.02,170.56,170.86,1340502
2024-10-09 21:00:00+00:00,AMD,170.82,170.89,170.8,170.8,2028
2024-10-09 22:00:00+00:00,AMD,170.8,170.8,170.65,170.7,1372
2024-10-09 23:00:00+00:00,AMD,170.71,170.88,170.7,170.8,1499
2024-10-10 08:00:00+00:00,AMD,171.19,171.51,170.76,171.0,7685
2024-10-10 09:00:00+00:00,AMD,170.96,171.75,170.82,171.65,2495
2024-10-10 10:00:00+00:00,AMD,171.54,172.38,171.54,171.99,9363
2024-10-10 11:00:00+00:00,AMD,171.9,172.25,171.5,172.15,19965
2024-10-10 12:00:00+00:00,AMD,172.19,172.38,170.36,170.91,57935
2024-10-10 13:00:00+00:00,AMD,170.87,171.5,168.15,169.99,1136784
2024-10-10 14:00:00+00:00,AMD,170.03,170.85,169.27,169.63,837467
2024-10-10 15:00:00+00:00,AMD,169.65,171.49,169.22,171.49,657254
2024-10-10 16:00:00+00:00,AMD,171.49,172.01,164.63,165.65,3349268
2024-10-10 17:00:00+00:00,AMD,165.7,165.91,164.19,164.8,1666696
2024-10-10 18:00:00+00:00,AMD,164.8,164.85,162.87,163.44,1673537
2024-10-10 19:00:00+00:00,AMD,163.45,164.6,162.0,164.14,2373616
2024-10-10 20:00:00+00:00,AMD,164.18,164.53,164.12,164.34,2120505
2024-10-10 21:00:00+00:00,AMD,164.38,164.55,164.33,164.53,9455
2024-10-10 22:00:00+00:00,AMD,164.54,164.54,164.46,164.47,4739
2024-10-10 23:00:00+00:00,AMD,164.47,164.6,164.42,164.6,16571
2024-10-11 08:00:00+00:00,AMD,164.95,165.36,164.18,164.35,15792
2024-10-11 09:00:00+00:00,AMD,164.45,165.07,164.45,164.95,7107
2024-10-11 10:00:00+00:00,AMD,164.85,165.2,164.7,164.89,8821
2024-10-11 11:00:00+00:00,AMD,164.87,165.92,164.86,165.47,36402
2024-10-11 12:00:00+00:00,AMD,165.48,165.85,164.51,164.78,47676
2024-10-11 13:00:00+00:00,AMD,164.87,165.6,163.02,164.14,1387288
2024-10-11 14:00:00+00:00,AMD,164.13,165.5,163.87,165.49,1033871
2024-10-11 15:00:00+00:00,AMD,165.48,167.28,165.06,166.87,954486
2024-10-11 16:00:00+00:00,AMD,166.86,167.19,166.33,167.12,537596
2024-10-11 17:00:00+00:00,AMD,167.12,168.26,167.12,168.04,709848
2024-10-11 18:00:00+00:00,AMD,168.03,169.35,167.97,168.58,959006
2024-10-11 19:00:00+00:00,AMD,168.57,168.86,167.76,167.89,1304517
2024-10-11 20:00:00+00:00,AMD,167.87,167.92,167.23,167.62,1525555
2024-10-11 21:00:00+00:00,AMD,167.59,167.9,167.55,167.56,13093
2024-10-11 22:00:00+00:00,AMD,167.58,167.58,167.44,167.45,697
2024-10-11 23:00:00+00:00,AMD,167.36,167.4,167.09,167.09,1689
2024-10-14 08:00:00+00:00,AMD,167.79,168.65,167.1,167.91,12002
2024-10-14 09:00:00+00:00,AMD,167.83,168.15,167.62,168.09,2527
2024-10-14 10:00:00+00:00,AMD,168.09,169.2,168.06,168.9,12405
2024-10-14 11:00:00+00:00,AMD,168.78,168.88,168.55,168.7,11532
2024-10-14 12:00:00+00:00,AMD,168.75,168.75,168.06,168.38,25909
2024-10-14 13:00:00+00:00,AMD,168.39,168.9,166.93,168.57,1160958
2024-10-14 14:00:00+00:00,AMD,168.56,168.89,166.12,166.82,920398
2024-10-14 15:00:00+00:00,AMD,166.82,167.6,166.21,167.15,564588
2024-10-14 16:00:00+00:00,AMD,167.14,167.35,166.35,166.65,278115
2024-10-14 17:00:00+00:00,AMD,166.66,167.06,166.24,166.78,400144
2024-10-14 18:00:00+00:00,AMD,166.8,166.83,165.68,165.82,615213
2024-10-14 19:00:00+00:00,AMD,165.8,165.91,165.15,165.26,1210824
2024-10-14 20:00:00+00:00,AMD,165.26,165.43,165.13,165.22,1719521
2024-10-14 21:00:00+00:00,AMD,165.2,165.27,165.08,165.17,6430
2024-10-14 22:00:00+00:00,AMD,165.18,165.25,165.02,165.1,3030
2024-10-14 23:00:00+00:00,AMD,165.08,165.29,165.08,165.2,1284
2024-10-15 08:00:00+00:00,AMD,164.36,164.49,163.37,163.53,20090
2024-10-15 09:00:00+00:00,AMD,163.56,163.63,163.23,163.28,14641
2024-10-15 10:00:00+00:00,AMD,163.28,163.53,162.92,163.3,13216
2024-10-15 11:00:00+00:00,AMD,163.36,163.63,163.32,163.39,31031
2024-10-15 12:00:00+00:00,AMD,163.44,163.63,162.83,163.42,36731
2024-10-15 13:00:00+00:00,AMD,163.45,164.11,159.7,160.78,2201247
2024-10-15 14:00:00+00:00,AMD,160.78,161.05,156.13,157.44,2548992
2024-10-15 15:00:00+00:00,AMD,157.44,158.5,157.01,157.13,1003558
2024-10-15 16:00:00+00:00,AMD,157.12,157.715,156.71,157.02,729316
2024-10-15 17:00:00+00:00,AMD,157.01,157.25,156.47,156.51,592043
2024-10-15 18:00:00+00:00,AMD,156.52,157.37,156.47,157.06,569501
2024-10-15 19:00:00+00:00,AMD,157.06,157.12,155.75,156.68,1701873
2024-10-15 20:00:00+00:00,AMD,156.64,156.67,156.4,156.62,3515975
2024-10-15 21:00:00+00:00,AMD,156.59,156.59,156.1,156.38,6014
2024-10-15 22:00:00+00:00,AMD,156.38,156.66,156.3,156.65,6171
2024-10-15 23:00:00+00:00,AMD,156.65,156.82,156.64,156.72,2224
2024-10-16 08:00:00+00:00,AMD,157.5,157.55,156.64,157.09,10969
2024-10-16 09:00:00+00:00,AMD,157.16,157.66,157.1,157.2,4219
2024-10-16 10:00:00+00:00,AMD,157.33,157.5,156.6,157.31,14780
2024-10-16 11:00:00+00:00,AMD,157.4,157.85,157.12,157.49,17726
2024-10-16 12:00:00+00:00,AMD,157.52,157.59,157.3,157.45,16190
2024-10-16 13:00:00+00:00,AMD,157.51,158.32,156.17,156.45,1081039
2024-10-16 14:00:00+00:00,AMD,156.42,157.62,154.91,156.69,1355299
2024-10-16 15:00:00+00:00,AMD,156.7,157.8,156.29,156.89,653084
2024-10-16 16:00:00+00:00,AMD,156.88,157.22,156.63,156.88,336163
2024-10-16 17:00:00+00:00,AMD,156.89,157.0,155.96,156.05,481117
2024-10-16 18:00:00+00:00,AMD,156.04,156.86,155.86,156.38,359355
2024-10-16 19:00:00+00:00,AMD,156.4,156.72,155.54,156.15,932182
2024-10-16 20:00:00+00:00,AMD,156.13,156.15,155.95,155.96,1164181
2024-10-16 21:00:00+00:00,AMD,155.96,156.08,155.93,156.03,7292
2024-10-16 22:00:00+00:00,AMD,156.0,156.11,156.0,156.07,2817
2024-10-16 23:00:00+00:00,AMD,156.15,156.2,156.0,156.0,1593
2024-10-17 08:00:00+00:00,AMD,159.25,161.19,158.98,160.59,38148
2024-10-17 09:00:00+00:00,AMD,160.73,160.76,160.0,160.6,13358
2024-10-17 10:00:00+00:00,AMD,160.62,161.25,160.0,161.11,37551
2024-10-17 11:00:00+00:00,AMD,161.05,161.05,159.73,160.31,52105
2024-10-17 12:00:00+00:00,AMD,160.3,160.35,159.79,160.34,69872
2024-10-17 13:00:00+00:00,AMD,160.38,160.75,157.4,157.57,1258097
2024-10-17 14:00:00+00:00,AMD,157.61,158.54,156.62,156.84,1146975
2024-10-17 15:00:00+00:00,AMD,156.84,158.28,156.65,158.05,491755
2024-10-17 16:00:00+00:00,AMD,158.05,158.48,157.71,158.19,413032
2024-10-17 17:00:00+00:00,AMD,158.15,158.69,157.86,157.89,424636
2024-10-17 18:00:00+00:00,AMD,157.88,157.96,156.79,157.16,392966
2024-10-17 19:00:00+00:00,AMD,157.18,157.46,156.2,156.28,911823
2024-10-17 20:00:00+00:00,AMD,156.25,156.74,156.25,156.48,1657443
2024-10-17 21:00:00+00:00,AMD,156.48,156.58,156.45,156.56,8309
2024-10-17 22:00:00+00:00,AMD,156.54,156.78,156.5,156.72,1886
2024-10-17 23:00:00+00:00,AMD,156.72,156.79,156.5,156.78,6270
2024-10-18 08:00:00+00:00,AMD,157.16,158.19,157.13,157.95,14171
2024-10-18 09:00:00+00:00,AMD,157.95,158.24,157.67,157.8,18607
2024-10-18 10:00:00+00:00,AMD,157.75,157.89,157.53,157.53,4329
2024-10-18 11:00:00+00:00,AMD,157.55,157.84,157.3,157.61,11644
2024-10-18 12:00:00+00:00,AMD,157.65,157.95,157.42,157.85,9601
2024-10-18 13:00:00+00:00,AMD,157.85,158.5,155.56,156.28,1430907
2024-10-18 14:00:00+00:00,AMD,156.28,157.48,155.95,156.49,608063
2024-10-18 15:00:00+00:00,AMD,156.5,157.11,156.07,156.305,430476
2024-10-18 16:00:00+00:00,AMD,156.29,156.75,155.83,156.46,276154
2024-10-18 17:00:00+00:00,AMD,156.45,156.58,156.24,156.39,315085
2024-10-18 18:00:00+00:00,AMD,156.37,156.5,155.95,156.27,266222
2024-10-18 19:00:00+00:00,AMD,156.26,156.29,155.605,155.95,755177
2024-10-18 20:00:00+00:00,AMD,155.94,156.0,155.83,155.93,1488540
2024-10-18 21:00:00+00:00,AMD,155.95,155.99,155.9,155.92,2005
2024-10-18 22:00:00+00:00,AMD,155.94,155.95,155.91,155.91,157
2024-10-18 23:00:00+00:00,AMD,155.91,155.91,155.8,155.8,689
2024-10-21 08:00:00+00:00,AMD,156.48,156.5,156.01,156.09,3897
2024-10-21 09:00:00+00:00,AMD,156.14,156.14,155.59,155.61,5093
2024-10-21 10:00:00+00:00,AMD,155.74,156.19,155.5,155.5,14962
2024-10-21 11:00:00+00:00,AMD,155.54,155.67,154.33,154.77,15414
2024-10-21 12:00:00+00:00,AMD,154.75,155.4,154.59,155.35,11208
2024-10-21 13:00:00+00:00,AMD,155.32,156.65,155.06,156.6,632368
2024-10-21 14:00:00+00:00,AMD,156.61,157.06,154.15,154.72,768782
2024-10-21 15:00:00+00:00,AMD,154.72,155.95,154.21,155.88,544142
2024-10-21 16:00:00+00:00,AMD,155.88,156.615,155.85,156.43,407213
2024-10-21 17:00:00+00:00,AMD,156.43,157.3,156.33,157.01,313613
2024-10-21 18:00:00+00:00,AMD,157.02,157.18,156.63,156.74,268131
2024-10-21 19:00:00+00:00,AMD,156.74,158.0,156.62,157.95,894564
2024-10-21 20:00:00+00:00,AMD,157.9,158.32,157.81,158.17,2217646
2024-10-21 21:00:00+00:00,AMD,158.19,158.2,158.1,158.16,7698
2024-10-21 22:00:00+00:00,AMD,158.14,158.14,157.5,157.7,10661
2024-10-21 23:00:00+00:00,AMD,157.69,157.85,157.6,157.71,13454
2024-10-22 08:00:00+00:00,AMD,157.47,157.84,157.13,157.29,9138
2024-10-22 09:00:00+00:00,AMD,157.19,157.44,156.76,157.12,8569
2024-10-22 10:00:00+00:00,AMD,157.12,157.12,156.84,156.99,1749
2024-10-22 11:00:00+00:00,AMD,156.91,157.42,156.91,157.19,11105
2024-10-22 12:00:00+00:00,AMD,157.17,157.49,156.66,157.24,18536
2024-10-22 13:00:00+00:00,AMD,157.26,157.26,153.08,154.34,1523485
2024-10-22 14:00:00+00:00,AMD,154.36,154.92,153.69,153.91,741639
2024-10-22 15:00:00+00:00,AMD,153.91,154.13,152.6,152.81,758090
2024-10-22 16:00:00+00:00,AMD,152.81,153.13,151.92,153.09,719445
2024-10-22 17:00:00+00:00,AMD,153.08,153.84,153.0,153.75,428278
2024-10-22 18:00:00+00:00,AMD,153.73,154.11,153.42,153.98,395435
2024-10-22 19:00:00+00:00,AMD,153.97,154.58,153.92,154.06,1062577
2024-10-22 20:00:00+00:00,AMD,154.05,154.09,153.78,153.98,1136831
2024-10-22 21:00:00+00:00,AMD,153.98,154.03,153.8,153.8,8504
2024-10-22 22:00:00+00:00,AMD,153.8,153.86,153.69,153.74,7311
2024-10-22 23:00:00+00:00,AMD,153.74,153.79,153.65,153.65,2926
2024-10-23 08:00:00+00:00,AMD,153.65,153.94,153.21,153.21,7831
2024-10-23 09:00:00+00:00,AMD,153.35,153.79,152.95,153.65,8270
2024-10-23 10:00:00+00:00,AMD,153.51,153.51,152.74,153.09,12027
2024-10-23 11:00:00+00:00,AMD,153.09,153.25,152.95,153.1,18918
2024-10-23 12:00:00+00:00,AMD,153.15,153.34,152.8,152.93,16047
2024-10-23 13:00:00+00:00,AMD,152.95,153.47,152.03,152.46,630686
2024-10-23 14:00:00+00:00,AMD,152.44,153.13,151.22,152.38,700597
2024-10-23 15:00:00+00:00,AMD,152.38,152.99,151.93,152.9,393883
2024-10-23 16:00:00+00:00,AMD,152.87,152.93,152.04,152.45,286213
2024-10-23 17:00:00+00:00,AMD,152.44,152.44,150.67,150.79,549853
2024-10-23 18:00:00+00:00,AMD,150.78,152.35,150.52,152.18,430008
2024-10-23 19:00:00+00:00,AMD,152.18,153.05,151.68,152.9,777194
2024-10-23 20:00:00+00:00,AMD,152.91,153.38,152.54,153.1,1582045
2024-10-23 21:00:00+00:00,AMD,153.13,153.25,153.1,153.2,17660
2024-10-23 22:00:00+00:00,AMD,153.18,153.25,153.0,153.16,7038
2024-10-23 23:00:00+00:00,AMD,153.25,153.35,153.15,153.31,2258
2024-10-24 08:00:00+00:00,AMD,153.91,154.4,153.44,154.0,16071
2024-10-24 09:00:00+00:00,AMD,154.02,154.2,153.9,154.06,2426
2024-10-24 10:00:00+00:00,AMD,154.09,154.24,153.9,153.9,7538
2024-10-24 11:00:00+00:00,AMD,153.84,154.89,153.8,154.65,22491
2024-10-24 12:00:00+00:00,AMD,154.57,155.79,154.5,155.19,74561
2024-10-24 13:00:00+00:00,AMD,155.16,155.8,153.86,154.12,910988
2024-10-24 14:00:00+00:00,AMD,154.13,154.58,153.25,153.35,662702
2024-10-24 15:00:00+00:00,AMD,153.36,154.09,152.46,153.04,513328
2024-10-24 16:00:00+00:00,AMD,153.03,153.31,152.35,152.98,304966
2024-10-24 17:00:00+00:00,AMD,152.97,153.54,152.94,153.11,270124
2024-10-24 18:00:00+00:00,AMD,153.11,153.6,152.91,153.6,258774
2024-10-24 19:00:00+00:00,AMD,153.6,154.02,153.25,153.43,734237
2024-10-24 20:00:00+00:00,AMD,153.44,153.88,153.35,153.6,1474552
2024-10-24 21:00:00+00:00,AMD,153.59,153.6,153.51,153.52,2345
2024-10-24 22:00:00+00:00,AMD,153.57,153.57,153.35,153.36,1905
2024-10-24 23:00:00+00:00,AMD,153.35,153.5,153.28,153.5,2358
2024-10-25 08:00:00+00:00,AMD,153.95,154.31,153.8,154.1,5147
2024-10-25 09:00:00+00:00,AMD,154.22,154.78,154.21,154.75,3913
2024-10-25 10:00:00+00:00,AMD,154.71,154.9,154.64,154.73,6022
2024-10-25 11:00:00+00:00,AMD,154.65,155.11,154.52,154.95,23034
2024-10-25 12:00:00+00:00,AMD,154.98,155.25,154.85,155.05,25050
2024-10-25 13:00:00+00:00,AMD,155.01,158.1,154.95,157.89,1249754
2024-10-25 14:00:00+00:00,AMD,157.9,158.91,157.05,157.49,1027502
2024-10-25 15:00:00+00:00,AMD,157.5,158.15,157.09,157.82,499492
2024-10-25 16:00:00+00:00,AMD,157.81,158.27,157.38,158.0,300557
2024-10-25 17:00:00+00:00,AMD,158.0,158.02,156.07,156.34,413246
2024-10-25 18:00:00+00:00,AMD,156.34,156.73,155.69,156.63,363540
2024-10-25 19:00:00+00:00,AMD,156.62,156.7,156.09,156.22,856827
2024-10-25 20:00:00+00:00,AMD,156.23,156.44,156.23,156.42,1221002
2024-10-25 21:00:00+00:00,AMD,156.47,156.57,156.42,156.55,4277
2024-10-25 22:00:00+00:00,AMD,156.57,156.7,156.56,156.66,2459
2024-10-25 23:00:00+00:00,AMD,156.66,156.69,156.03,156.15,5507
2024-10-28 08:00:00+00:00,AMD,157.79,159.1,157.63,158.89,31704
2024-10-28 09:00:00+00:00,AMD,158.96,158.96,158.64,158.9,10748
2024-10-28 10:00:00+00:00,AMD,158.9,158.98,158.58,158.58,5995
2024-10-28 11:00:00+00:00,AMD,158.57,158.97,158.35,158.91,11434
2024-10-28 12:00:00+00:00,AMD,158.9,159.23,158.52,158.9,48542
2024-10-28 13:00:00+00:00,AMD,158.92,159.18,157.05,158.01,1475660
2024-10-28 14:00:00+00:00,AMD,158.04,160.27,158.04,159.15,1203038
2024-10-28 15:00:00+00:00,AMD,159.15,159.18,158.36,158.73,517133
2024-10-28 16:00:00+00:00,AMD,158.72,159.47,158.52,158.87,410727
2024-10-28 17:00:00+00:00,AMD,158.86,159.82,158.79,159.8,331781
2024-10-28 18:00:00+00:00,AMD,159.79,159.79,158.99,159.27,490928
2024-10-28 19:00:00+00:00,AMD,159.28,159.97,158.66,159.91,1057749
2024-10-28 20:00:00+00:00,AMD,159.92,159.92,159.67,159.91,1765185
2024-10-28 21:00:00+00:00,AMD,159.91,160.92,159.91,160.92,37625
2024-10-28 22:00:00+00:00,AMD,160.86,160.86,160.41,160.75,10194
2024-10-28 23:00:00+00:00,AMD,160.76,161.23,160.73,161.23,12510
2024-10-29 08:00:00+00:00,AMD,161.57,162.0,161.04,161.78,23872
2024-10-29 09:00:00+00:00,AMD,161.75,161.79,160.81,161.4,10708
2024-10-29 10:00:00+00:00,AMD,161.25,161.8,161.22,161.5,11629
2024-10-29 11:00:00+00:00,AMD,161.53,161.59,160.63,161.09,36578
2024-10-29 12:00:00+00:00,AMD,161.12,161.19,160.61,160.95,26981
2024-10-29 13:00:00+00:00,AMD,161.0,162.01,158.93,161.87,1377860
2024-10-29 14:00:00+00:00,AMD,161.89,163.26,161.32,162.61,1192796
2024-10-29 15:00:00+00:00,AMD,162.6,164.1,162.41,164.08,877802
2024-10-29 16:00:00+00:00,AMD,164.1,164.75,162.83,163.7,986700
2024-10-29 17:00:00+00:00,AMD,163.7,164.92,163.63,164.83,519584
2024-10-29 18:00:00+00:00,AMD,164.82,166.06,164.56,165.26,1123300
2024-10-29 19:00:00+00:00,AMD,165.25,167.5,165.0,166.24,2709788
2024-10-29 20:00:00+00:00,AMD,166.35,169.29,153.74,153.96,4877621
2024-10-29 21:00:00+00:00,AMD,153.95,156.0,153.26,153.35,700771
2024-10-29 22:00:00+00:00,AMD,153.37,154.18,152.82,153.96,152950
2024-10-29 23:00:00+00:00,AMD,153.95,153.95,153.49,153.57,38454
2024-10-30 08:00:00+00:00,AMD,153.7,153.98,151.11,151.37,182468
2024-10-30 09:00:00+00:00,AMD,151.37,152.59,151.32,151.56,72292
2024-10-30 10:00:00+00:00,AMD,151.59,152.79,151.59,152.19,54263
2024-10-30 11:00:00+00:00,AMD,152.19,153.04,151.65,151.97,139658
2024-10-30 12:00:00+00:00,AMD,152.05,154.14,151.55,153.66,309720
2024-10-30 13:00:00+00:00,AMD,153.65,154.0,149.1,151.4,5055974
2024-10-30 14:00:00+00:00,AMD,151.39,152.11,150.3,150.3,2628628
2024-10-30 15:00:00+00:00,AMD,150.3,150.99,149.71,150.315,1892344
2024-10-30 16:00:00+00:00,AMD,150.31,150.75,149.495,150.31,1516528
2024-10-30 17:00:00+00:00,AMD,150.31,150.85,149.53,149.615,952103
2024-10-30 18:00:00+00:00,AMD,149.61,149.93,149.41,149.67,970877
2024-10-30 19:00:00+00:00,AMD,149.67,150.0,148.11,148.69,3987782
2024-10-30 20:00:00+00:00,AMD,148.6,148.61,148.01,148.07,3762533
2024-10-30 21:00:00+00:00,AMD,148.06,148.22,148.01,148.06,20757
2024-10-30 22:00:00+00:00,AMD,148.07,148.18,147.1,147.13,68371
2024-10-30 23:00:00+00:00,AMD,147.16,147.38,147.07,147.15,27886
2024-10-31 08:00:00+00:00,AMD,146.35,146.95,145.95,146.9,22581
2024-10-31 09:00:00+00:00,AMD,146.9,147.0,146.68,146.85,6061
2024-10-31 10:00:00+00:00,AMD,146.82,147.3,146.57,147.25,18969
2024-10-31 11:00:00+00:00,AMD,147.2,148.25,147.14,148.15,26789
2024-10-31 12:00:00+00:00,AMD,148.17,148.24,147.6,147.82,36914
2024-10-31 13:00:00+00:00,AMD,147.81,148.68,143.405,143.74,2075332
2024-10-31 14:00:00+00:00,AMD,143.72,145.49,143.34,145.34,1559304
2024-10-31 15:00:00+00:00,AMD,145.34,146.11,144.06,144.28,1156106
2024-10-31 16:00:00+00:00,AMD,144.28,145.4,144.14,144.6,1046489
2024-10-31 17:00:00+00:00,AMD,144.6,145.16,143.8,143.97,918229
2024-10-31 18:00:00+00:00,AMD,143.96,144.4,143.68,143.91,883120
2024-10-31 19:00:00+00:00,AMD,143.9,144.95,143.9,144.08,1828951
2024-10-31 20:00:00+00:00,AMD,144.07,144.7,143.86,143.91,3227404
2024-10-31 21:00:00+00:00,AMD,143.91,144.7,143.91,144.59,15200
2024-10-31 22:00:00+00:00,AMD,144.59,144.81,144.53,144.69,8818
2024-10-31 23:00:00+00:00,AMD,144.62,144.93,144.61,144.85,6230
2024-11-01 08:00:00+00:00,AMD,145.03,145.76,144.94,145.34,14609
2024-11-01 09:00:00+00:00,AMD,145.35,145.69,145.33,145.58,5437
2024-11-01 10:00:00+00:00,AMD,145.46,145.62,145.35,145.4,2719
2024-11-01 11:00:00+00:00,AMD,145.4,145.48,145.06,145.12,18377
2024-11-01 12:00:00+00:00,AMD,145.14,145.63,145.1,145.15,29741
2024-11-01 13:00:00+00:00,AMD,145.13,145.13,141.31,142.39,1659883
2024-11-01 14:00:00+00:00,AMD,142.4,143.48,141.93,142.49,1095225
2024-11-01 15:00:00+00:00,AMD,142.5,143.42,142.0,142.49,714650
2024-11-01 16:00:00+00:00,AMD,142.5,142.84,141.76,142.19,717018
2024-11-01 17:00:00+00:00,AMD,142.19,143.17,141.91,142.39,628302
2024-11-01 18:00:00+00:00,AMD,142.39,142.8,142.1,142.49,490634
2024-11-01 19:00:00+00:00,AMD,142.49,142.78,141.63,141.87,1216176
2024-11-01 20:00:00+00:00,AMD,141.86,142.12,141.75,141.91,2527493
2024-11-01 21:00:00+00:00,AMD,141.93,142.2,141.88,142.05,23895
2024-11-01 22:00:00+00:00,AMD,142.05,142.1,141.92,141.95,4839
2024-11-01 23:00:00+00:00,AMD,142.0,142.06,141.92,141.92,3578
2024-11-04 09:00:00+00:00,AMD,142.01,142.31,141.9,142.11,6664
2024-11-04 10:00:00+00:00,AMD,142.2,142.71,142.06,142.62,7185
2024-11-04 11:00:00+00:00,AMD,142.64,142.64,142.44,142.56,3342
2024-11-04 12:00:00+00:00,AMD,142.5,142.5,141.54,141.84,17982
2024-11-04 13:00:00+00:00,AMD,141.92,142.29,141.72,142.2,21173
2024-11-04 14:00:00+00:00,AMD,142.15,142.24,139.72,141.55,1338909
2024-11-04 15:00:00+00:00,AMD,141.51,143.26,141.41,142.73,818920
2024-11-04 16:00:00+00:00,AMD,142.73,143.64,141.82,142.14,634520
2024-11-04 17:00:00+00:00,AMD,142.14,142.27,141.37,141.87,421870
2024-11-04 18:00:00+00:00,AMD,141.87,142.03,141.37,141.43,311578
2024-11-04 19:00:00+00:00,AMD,141.44,141.74,141.09,141.62,345710
2024-11-04 20:00:00+00:00,AMD,141.62,141.62,140.39,140.74,961084
2024-11-04 21:00:00+00:00,AMD,140.71,140.9,140.5,140.78,1277230
2024-11-04 22:00:00+00:00,AMD,140.7,140.87,140.7,140.87,3136
2024-11-04 23:00:00+00:00,AMD,140.92,140.97,140.76,140.8,8096
2024-11-05 09:00:00+00:00,AMD,141.54,141.95,141.45,141.9,5457
2024-11-05 10:00:00+00:00,AMD,141.7,141.99,140.7,141.89,35617
2024-11-05 11:00:00+00:00,AMD,141.87,142.21,141.87,142.03,11215
2024-11-05 12:00:00+00:00,AMD,141.9,142.0,141.44,141.55,17406
2024-11-05 13:00:00+00:00,AMD,141.69,141.97,141.62,141.63,14876
2024-11-05 14:00:00+00:00,AMD,141.62,142.78,141.4,142.49,944053
2024-11-05 15:00:00+00:00,AMD,142.48,143.075,141.57,141.75,875228
2024-11-05 16:00:00+00:00,AMD,141.75,142.31,141.5,141.7,446684
2024-11-05 17:00:00+00:00,AMD,141.7,142.03,141.42,141.67,366167
2024-11-05 18:00:00+00:00,AMD,141.67,141.89,141.1,141.22,418255
2024-11-05 19:00:00+00:00,AMD,141.21,141.43,140.81,141.08,470801
2024-11-05 20:00:00+00:00,AMD,141.05,141.8,140.83,141.8,1085545
2024-11-05 21:00:00+00:00,AMD,141.79,142.0,141.52,141.77,2258659
2024-11-05 22:00:00+00:00,AMD,141.76,141.8,141.72,141.73,4865
2024-11-05 23:00:00+00:00,AMD,141.73,141.77,141.61,141.74,2944
2024-11-06 09:00:00+00:00,AMD,144.06,145.0,143.0,143.59,42467
2024-11-06 10:00:00+00:00,AMD,143.64,143.77,143.35,143.45,23608
2024-11-06 11:00:00+00:00,AMD,143.4,143.72,142.8,142.97,19991
2024-11-06 12:00:00+00:00,AMD,142.97,143.45,142.8,143.35,33470
2024-11-06 13:00:00+00:00,AMD,143.3,144.16,143.29,144.08,36544
2024-11-06 14:00:00+00:00,AMD,144.06,145.35,141.53,142.16,1525737
2024-11-06 15:00:00+00:00,AMD,142.18,143.86,142.14,142.96,983629
2024-11-06 16:00:00+00:00,AMD,142.97,144.205,142.7,144.16,528157
2024-11-06 17:00:00+00:00,AMD,144.15,144.4,143.13,143.22,424966
2024-11-06 18:00:00+00:00,AMD,143.24,144.63,143.15,144.54,416877
2024-11-06 19:00:00+00:00,AMD,144.53,144.93,144.12,144.89,413245
2024-11-06 20:00:00+00:00,AMD,144.9,145.63,144.69,145.1,1274581
2024-11-06 21:00:00+00:00,AMD,145.1,145.27,144.43,144.87,2335459
2024-11-06 22:00:00+00:00,AMD,144.73,145.0,144.7,144.76,6063
2024-11-06 23:00:00+00:00,AMD,144.76,144.99,144.58,144.9,6701
2024-11-07 09:00:00+00:00,AMD,145.69,146.52,145.5,146.43,15389
2024-11-07 10:00:00+00:00,AMD,146.43,146.65,145.98,146.28,14944
2024-11-07 11:00:00+00:00,AMD,146.33,146.46,146.03,146.34,6447
2024-11-07 12:00:00+00:00,AMD,146.35,146.57,146.03,146.56,15630
2024-11-07 13:00:00+00:00,AMD,146.56,147.2,146.15,147.04,41114
2024-11-07 14:00:00+00:00,AMD,147.04,148.68,145.66,148.45,1173430
2024-11-07 15:00:00+00:00,AMD,148.45,149.45,148.08,149.13,994487
2024-11-07 16:00:00+00:00,AMD,149.14,149.22,148.17,149.145,534795
2024-11-07 17:00:00+00:00,AMD,149.15,149.15,148.54,148.72,313074
2024-11-07 18:00:00+00:00,AMD,148.75,149.07,148.31,149.07,332834
2024-11-07 19:00:00+00:00,AMD,149.07,149.82,148.82,149.82,595840
2024-11-07 20:00:00+00:00,AMD,149.83,150.12,149.53,149.87,1142856
2024-11-07 21:00:00+00:00,AMD,149.82,149.96,149.61,149.77,2120224
2024-11-07 22:00:00+00:00,AMD,149.77,149.88,149.6,149.8,5506
2024-11-07 23:00:00+00:00,AMD,149.76,150.01,149.73,150.0,16900
2024-11-08 09:00:00+00:00,AMD,145.32,151.36,145.32,150.49,12098
2024-11-08 10:00:00+00:00,AMD,150.25,150.37,148.5,148.83,24322
2024-11-08 11:00:00+00:00,AMD,148.78,149.4,148.44,149.4,21409
2024-11-08 12:00:00+00:00,AMD,149.41,149.7,149.06,149.7,17742
2024-11-08 13:00:00+00:00,AMD,149.58,149.9,148.87,148.89,20934
2024-11-08 14:00:00+00:00,AMD,148.89,150.39,148.68,149.3,987096
2024-11-08 15:00:00+00:00,AMD,149.27,150.7,148.23,149.91,865142
2024-11-08 16:00:00+00:00,AMD,149.92,149.92,148.73,149.08,507698
2024-11-08 17:00:00+00:00,AMD,149.05,149.11,147.81,147.83,642346
2024-11-08 18:00:00+00:00,AMD,147.83,148.46,147.72,148.22,351071
2024-11-08 19:00:00+00:00,AMD,148.21,148.41,147.75,147.78,310644
2024-11-08 20:00:00+00:00,AMD,147.79,148.45,147.525,148.0,995936
2024-11-08 21:00:00+00:00,AMD,147.95,148.4,147.91,148.38,1869567
2024-11-08 22:00:00+00:00,AMD,148.42,148.77,148.33,148.58,33269
2024-11-08 23:00:00+00:00,AMD,148.41,148.5,148.35,148.38,1578
2024-11-11 09:00:00+00:00,AMD,149.01,149.01,147.5,147.53,20689
2024-11-11 10:00:00+00:00,AMD,147.52,147.79,146.48,146.91,16572
2024-11-11 11:00:00+00:00,AMD,146.92,147.35,146.88,147.24,10900
2024-11-11 12:00:00+00:00,AMD,147.29,147.9,147.2,147.75,16547
2024-11-11 13:00:00+00:00,AMD,147.77,147.98,147.3,147.5,20771
2024-11-11 14:00:00+00:00,AMD,147.52,148.05,145.21,145.33,1409843
2024-11-11 15:00:00+00:00,AMD,145.35,148.56,144.92,148.14,1167242
2024-11-11 16:00:00+00:00,AMD,148.14,148.14,145.745,145.93,722438
2024-11-11 17:00:00+00:00,AMD,145.93,146.26,145.41,146.03,529534
2024-11-11 18:00:00+00:00,AMD,146.02,146.02,145.46,145.59,439440
2024-11-11 19:00:00+00:00,AMD,145.59,146.21,145.44,146.1,377428
2024-11-11 20:00:00+00:00,AMD,146.1,147.44,146.06,147.37,1082186
2024-11-11 21:00:00+00:00,AMD,147.35,147.5,147.1,147.37,1841071
2024-11-11 22:00:00+00:00,AMD,147.36,147.43,147.15,147.16,2842
2024-11-11 23:00:00+00:00,AMD,147.11,147.17,146.93,147.0,2908
2024-11-12 09:00:00+00:00,AMD,146.0,147.2,145.2,145.56,16152
2024-11-12 10:00:00+00:00,AMD,145.82,145.92,145.1,145.34,23283
2024-11-12 11:00:00+00:00,AMD,145.45,145.73,145.3,145.45,13629
2024-11-12 12:00:00+00:00,AMD,145.45,146.46,145.45,146.14,25774
2024-11-12 13:00:00+00:00,AMD,146.2,147.7,146.16,147.54,26153
2024-11-12 14:00:00+00:00,AMD,147.49,147.53,144.7,145.77,982944
2024-11-12 15:00:00+00:00,AMD,145.79,146.02,144.63,144.69,819220
2024-11-12 16:00:00+00:00,AMD,144.7,144.97,142.83,142.99,884118
2024-11-12 17:00:00+00:00,AMD,142.98,143.3,141.75,141.75,827664
2024-11-12 18:00:00+00:00,AMD,141.75,142.9,141.56,142.77,481090
2024-11-12 19:00:00+00:00,AMD,142.76,143.4,142.61,143.37,482539
2024-11-12 20:00:00+00:00,AMD,143.37,143.67,142.96,143.63,990419
2024-11-12 21:00:00+00:00,AMD,143.63,143.65,143.3,143.37,1710103
2024-11-12 22:00:00+00:00,AMD,143.33,143.49,143.25,143.43,9727
2024-11-12 23:00:00+00:00,AMD,143.41,143.46,143.22,143.27,2585
2024-11-13 09:00:00+00:00,AMD,143.5,143.72,142.99,143.3,5920
2024-11-13 10:00:00+00:00,AMD,143.3,143.38,142.9,143.15,7372
2024-11-13 11:00:00+00:00,AMD,143.2,143.3,143.01,143.13,6518
2024-11-13 12:00:00+00:00,AMD,143.08,143.29,142.73,142.77,11199
2024-11-13 13:00:00+00:00,AMD,142.79,144.88,142.68,143.9,54614
2024-11-13 14:00:00+00:00,AMD,143.81,144.48,142.77,143.56,874322
2024-11-13 15:00:00+00:00,AMD,143.56,143.56,141.61,142.19,978854
2024-11-13 16:00:00+00:00,AMD,142.16,142.24,140.4,140.57,931669
2024-11-13 17:00:00+00:00,AMD,140.57,140.75,139.94,140.75,881604
2024-11-13 18:00:00+00:00,AMD,140.76,141.21,140.5,140.84,454351
2024-11-13 19:00:00+00:00,AMD,140.84,140.84,140.12,140.31,464638
2024-11-13 20:00:00+00:00,AMD,140.31,140.66,139.075,139.31,1696481
2024-11-13 21:00:00+00:00,AMD,139.3,139.49,138.73,139.07,2456429
2024-11-13 22:00:00+00:00,AMD,139.09,139.38,139.0,139.14,23633
2024-11-13 23:00:00+00:00,AMD,139.16,139.44,139.16,139.43,6643
2024-11-14 09:00:00+00:00,AMD,140.23,140.98,140.12,140.6,12145
2024-11-14 10:00:00+00:00,AMD,140.61,141.39,140.61,141.13,15963
2024-11-14 11:00:00+00:00,AMD,141.11,141.2,140.92,141.2,7230
2024-11-14 12:00:00+00:00,AMD,141.14,141.14,140.48,140.6,13292
2024-11-14 13:00:00+00:00,AMD,140.58,140.85,140.21,140.58,20852
2024-11-14 14:00:00+00:00,AMD,140.58,141.4,139.48,140.47,1095638
2024-11-14 15:00:00+00:00,AMD,140.44,141.16,139.33,139.46,844059
2024-11-14 16:00:00+00:00,AMD,139.46,139.86,139.2,139.41,580022
2024-11-14 17:00:00+00:00,AMD,139.4,139.855,138.57,139.655,605069
2024-11-14 18:00:00+00:00,AMD,139.65,140.4,139.1,139.12,443926
2024-11-14 19:00:00+00:00,AMD,139.12,140.07,139.12,139.74,483523
2024-11-14 20:00:00+00:00,AMD,139.74,139.74,138.65,138.87,1283556
2024-11-14 21:00:00+00:00,AMD,138.84,138.94,138.6,138.76,2122934
2024-11-14 22:00:00+00:00,AMD,138.75,138.8,138.5,138.58,13134
2024-11-14 23:00:00+00:00,AMD,138.69,138.7,138.4,138.5,6664
2024-11-15 09:00:00+00:00,AMD,137.99,138.19,137.5,137.83,12615
2024-11-15 10:00:00+00:00,AMD,137.8,137.98,137.66,137.85,10589
2024-11-15 11:00:00+00:00,AMD,137.85,138.16,137.76,138.15,14799
2024-11-15 12:00:00+00:00,AMD,138.2,138.26,137.76,137.8,19419
2024-11-15 13:00:00+00:00,AMD,137.79,137.83,137.16,137.25,22470
2024-11-15 14:00:00+00:00,AMD,137.26,137.36,135.46,136.31,1783352
2024-11-15 15:00:00+00:00,AMD,136.32,137.06,135.49,135.86,1250760
2024-11-15 16:00:00+00:00,AMD,135.84,135.955,134.83,134.93,834614
2024-11-15 17:00:00+00:00,AMD,134.92,136.13,134.69,135.54,633640
2024-11-15 18:00:00+00:00,AMD,135.545,135.67,134.71,134.75,502304
2024-11-15 19:00:00+00:00,AMD,134.75,135.0,133.65,134.17,1303778
2024-11-15 20:00:00+00:00,AMD,134.16,135.04,133.98,134.96,1576279
2024-11-15 21:00:00+00:00,AMD,134.9,135.64,134.9,135.07,2637764
2024-11-15 22:00:00+00:00,AMD,135.07,135.15,135.0,135.06,6399
2024-11-15 23:00:00+00:00,AMD,135.09,135.39,135.03,135.29,3888
2024-11-18 09:00:00+00:00,AMD,137.13,137.23,135.73,136.14,22882
2024-11-18 10:00:00+00:00,AMD,136.1,136.28,135.77,136.28,7404
2024-11-18 11:00:00+00:00,AMD,136.28,136.5,136.02,136.35,12545
2024-11-18 12:00:00+00:00,AMD,136.43,137.66,136.15,137.61,42538
2024-11-18 13:00:00+00:00,AMD,137.6,138.24,137.42,137.74,104289
2024-11-18 14:00:00+00:00,AMD,137.73,140.09,137.21,139.05,1947154
2024-11-18 15:00:00+00:00,AMD,139.05,140.35,138.85,139.96,1040098
2024-11-18 16:00:00+00:00,AMD,139.96,140.4,139.14,139.32,621454
2024-11-18 17:00:00+00:00,AMD,139.33,140.1,138.99,140.1,417522
2024-11-18 18:00:00+00:00,AMD,140.09,140.89,139.95,140.51,459520
2024-11-18 19:00:00+00:00,AMD,140.51,140.52,139.46,139.9,370134
2024-11-18 20:00:00+00:00,AMD,139.9,139.96,138.64,138.98,1116608
2024-11-18 21:00:00+00:00,AMD,138.93,139.0,137.2,138.35,3116013
2024-11-18 22:00:00+00:00,AMD,138.4,138.97,138.3,138.71,19363
2024-11-18 23:00:00+00:00,AMD,138.79,138.8,138.44,138.79,3942
2024-11-19 09:00:00+00:00,AMD,139.7,139.8,137.78,138.68,18046
2024-11-19 10:00:00+00:00,AMD,138.72,138.85,138.5,138.73,7973
2024-11-19 11:00:00+00:00,AMD,138.74,138.8,138.3,138.75,3652
2024-11-19 12:00:00+00:00,AMD,138.73,139.0,138.3,138.56,23254
2024-11-19 13:00:00+00:00,AMD,138.54,138.56,137.42,137.65,31486
2024-11-19 14:00:00+00:00,AMD,137.6,138.75,137.15,138.4,851593
2024-11-19 15:00:00+00:00,AMD,138.4,138.79,137.82,138.29,665529
2024-11-19 16:00:00+00:00,AMD,138.3,138.57,137.86,138.27,465248
2024-11-19 17:00:00+00:00,AMD,138.28,138.57,138.04,138.38,289091
2024-11-19 18:00:00+00:00,AMD,138.39,139.75,138.26,139.66,413387
2024-11-19 19:00:00+00:00,AMD,139.64,139.71,138.71,138.92,413206
2024-11-19 20:00:00+00:00,AMD,138.93,139.47,138.81,139.4,740648
2024-11-19 21:00:00+00:00,AMD,139.39,139.64,139.31,139.47,1876340
2024-11-19 22:00:00+00:00,AMD,139.49,139.49,139.18,139.31,9643
2024-11-19 23:00:00+00:00,AMD,139.36,139.4,139.31,139.38,1206
2024-11-20 09:00:00+00:00,AMD,139.99,140.44,139.3,139.45,18167
2024-11-20 10:00:00+00:00,AMD,139.28,139.94,139.25,139.5,19914
2024-11-20 11:00:00+00:00,AMD,139.56,139.93,139.52,139.93,3348
2024-11-20 12:00:00+00:00,AMD,139.88,139.99,139.61,139.9,12030
2024-11-20 13:00:00+00:00,AMD,139.93,139.94,139.24,139.25,21543
2024-11-20 14:00:00+00:00,AMD,139.24,139.27,137.08,137.96,867960
2024-11-20 15:00:00+00:00,AMD,137.95,138.56,137.29,138.02,675117
2024-11-20 16:00:00+00:00,AMD,138.01,138.265,136.36,137.86,621907
2024-11-20 17:00:00+00:00,AMD,137.86,137.98,136.57,136.635,339761
2024-11-20 18:00:00+00:00,AMD,136.64,136.8,135.59,135.86,609842
2024-11-20 19:00:00+00:00,AMD,135.85,136.48,135.48,135.86,554212
2024-11-20 20:00:00+00:00,AMD,135.84,137.72,135.68,137.59,1033715
2024-11-20 21:00:00+00:00,AMD,137.6,137.76,134.89,137.73,2587755
2024-11-20 22:00:00+00:00,AMD,137.7,137.93,137.0,137.28,45244
2024-11-20 23:00:00+00:00,AMD,137.11,138.09,137.0,137.83,16388
2024-11-21 09:00:00+00:00,AMD,137.22,137.24,136.15,136.7,11784
2024-11-21 10:00:00+00:00,AMD,136.7,136.95,136.59,136.79,5428
2024-11-21 11:00:00+00:00,AMD,136.82,137.74,136.69,137.38,18085
2024-11-21 12:00:00+00:00,AMD,137.3,137.93,136.94,137.59,23420
2024-11-21 13:00:00+00:00,AMD,137.67,139.48,137.65,139.17,59673
2024-11-21 14:00:00+00:00,AMD,139.17,140.25,136.74,137.08,1262176
2024-11-21 15:00:00+00:00,AMD,137.1,137.18,134.93,136.69,1085580
2024-11-21 16:00:00+00:00,AMD,136.67,137.26,136.31,136.9,913875
2024-11-21 17:00:00+00:00,AMD,136.91,137.74,136.64,137.68,505431
2024-11-21 18:00:00+00:00,AMD,137.68,138.12,137.45,137.81,393223
2024-11-21 19:00:00+00:00,AMD,137.815,137.92,136.95,137.3,429707
2024-11-21 20:00:00+00:00,AMD,137.3,137.97,137.05,137.49,906158
2024-11-21 21:00:00+00:00,AMD,137.52,137.8,137.25,137.4,1660409
2024-11-21 22:00:00+00:00,AMD,137.39,137.51,137.37,137.47,2032
2024-11-21 23:00:00+00:00,AMD,137.47,137.48,137.01,137.29,2801
2024-11-22 09:00:00+00:00,AMD,137.4,137.48,136.5,136.82,7804
2024-11-22 10:00:00+00:00,AMD,136.8,136.94,136.68,136.9,3962
2024-11-22 11:00:00+00:00,AMD,136.81,137.08,136.61,137.08,4338
2024-11-22 12:00:00+00:00,AMD,137.07,137.25,136.9,137.2,4395
2024-11-22 13:00:00+00:00,AMD,137.16,137.55,137.14,137.46,13115
2024-11-22 14:00:00+00:00,AMD,137.43,139.13,137.0,138.66,785945
2024-11-22 15:00:00+00:00,AMD,138.65,139.08,137.19,138.63,737702
2024-11-22 16:00:00+00:00,AMD,138.67,138.75,137.04,137.81,447433
2024-11-22 17:00:00+00:00,AMD,137.82,138.25,137.52,138.14,273637
2024-11-22 18:00:00+00:00,AMD,138.14,138.6,137.91,138.56,401762
2024-11-22 19:00:00+00:00,AMD,138.57,138.57,137.76,138.19,288874
2024-11-22 20:00:00+00:00,AMD,138.18,138.5,137.86,138.33,693932
2024-11-22 21:00:00+00:00,AMD,138.33,138.42,138.16,138.3,1080263
2024-11-22 22:00:00+00:00,AMD,138.31,138.4,138.31,138.32,2483
2024-11-22 23:00:00+00:00,AMD,138.29,138.39,138.29,138.35,872
2024-11-25 09:00:00+00:00,AMD,139.82,139.91,139.5,139.75,9575
2024-11-25 10:00:00+00:00,AMD,139.74,140.27,139.57,140.18,12670
2024-11-25 11:00:00+00:00,AMD,140.14,141.0,140.0,140.28,216244
2024-11-25 12:00:00+00:00,AMD,140.22,140.24,139.6,139.7,29814
2024-11-25 13:00:00+00:00,AMD,139.76,140.94,139.75,140.68,33824
2024-11-25 14:00:00+00:00,AMD,140.69,142.1,139.04,139.62,1568424
2024-11-25 15:00:00+00:00,AMD,139.64,141.16,139.09,140.97,1044488
2024-11-25 16:00:00+00:00,AMD,140.97,142.35,140.85,141.61,877935
2024-11-25 17:00:00+00:00,AMD,141.61,141.77,140.245,140.92,539146
2024-11-25 18:00:00+00:00,AMD,140.92,141.18,140.46,140.74,388776
2024-11-25 19:00:00+00:00,AMD,140.74,141.01,140.45,140.85,255612
2024-11-25 20:00:00+00:00,AMD,140.85,141.26,140.645,141.16,1030698
2024-11-25 21:00:00+00:00,AMD,141.17,141.59,140.83,141.25,3064944
2024-11-25 22:00:00+00:00,AMD,141.25,141.35,141.15,141.25,3487
2024-11-25 23:00:00+00:00,AMD,141.27,141.68,140.57,140.8,5755
2024-11-26 09:00:00+00:00,AMD,141.3,141.46,141.05,141.19,5824
2024-11-26 10:00:00+00:00,AMD,141.32,141.46,141.0,141.16,3801
2024-11-26 11:00:00+00:00,AMD,141.19,141.82,141.1,141.76,6978
2024-11-26 12:00:00+00:00,AMD,141.72,142.69,141.67,142.57,62482
2024-11-26 13:00:00+00:00,AMD,142.6,143.3,142.5,142.85,25299
2024-11-26 14:00:00+00:00,AMD,142.88,143.03,138.37,138.61,1238280
2024-11-26 15:00:00+00:00,AMD,138.64,139.38,137.52,137.52,994171
2024-11-26 16:00:00+00:00,AMD,137.52,137.86,136.76,137.34,1049037
2024-11-26 17:00:00+00:00,AMD,137.34,137.57,137.05,137.2,493731
2024-11-26 18:00:00+00:00,AMD,137.19,137.72,136.83,137.47,452345
2024-11-26 19:00:00+00:00,AMD,137.46,137.49,136.62,136.965,461687
2024-11-26 20:00:00+00:00,AMD,136.96,137.78,136.835,137.7,1094526
2024-11-26 21:00:00+00:00,AMD,137.72,137.75,137.28,137.39,2069360
2024-11-26 22:00:00+00:00,AMD,137.41,137.49,137.29,137.3,6741
2024-11-26 23:00:00+00:00,AMD,137.4,137.6,137.35,137.43,3817
2024-11-27 09:00:00+00:00,AMD,137.72,138.1,137.1,137.58,14428
2024-11-27 10:00:00+00:00,AMD,137.48,137.48,137.25,137.33,4362
2024-11-27 11:00:00+00:00,AMD,137.42,137.48,137.31,137.44,2893
2024-11-27 12:00:00+00:00,AMD,137.48,137.57,137.11,137.11,9705
2024-11-27 13:00:00+00:00,AMD,137.1,137.62,137.0,137.54,19096
2024-11-27 14:00:00+00:00,AMD,137.45,137.93,135.94,136.01,964761
2024-11-27 15:00:00+00:00,AMD,135.99,136.08,133.6,134.2,1212501
2024-11-27 16:00:00+00:00,AMD,134.18,134.21,132.96,133.32,785154
2024-11-27 17:00:00+00:00,AMD,133.32,134.21,133.11,134.16,404949
2024-11-27 18:00:00+00:00,AMD,134.16,135.17,133.94,135.095,369470
2024-11-27 19:00:00+00:00,AMD,135.09,136.05,135.09,135.79,457398
2024-11-27 20:00:00+00:00,AMD,135.79,136.37,135.61,136.24,702381
2024-11-27 21:00:00+00:00,AMD,136.24,136.37,136.14,136.25,2637798
2024-11-27 22:00:00+00:00,AMD,136.28,136.28,136.17,136.22,4798
2024-11-27 23:00:00+00:00,AMD,136.21,136.3,136.18,136.23,1069
2024-11-29 09:00:00+00:00,AMD,137.61,137.66,137.18,137.54,18477
2024-11-29 10:00:00+00:00,AMD,137.56,137.62,137.41,137.54,4568
2024-11-29 11:00:00+00:00,AMD,137.48,137.8,137.35,137.71,4409
2024-11-29 12:00:00+00:00,AMD,137.66,137.73,137.35,137.48,18827
2024-11-29 13:00:00+00:00,AMD,137.43,137.62,137.07,137.26,25306
2024-11-29 14:00:00+00:00,AMD,137.26,138.35,135.78,138.32,887722
2024-11-29 15:00:00+00:00,AMD,138.33,138.58,137.6,137.8,718368
2024-11-29 16:00:00+00:00,AMD,137.8,138.2,137.155,137.39,448879
2024-11-29 17:00:00+00:00,AMD,137.39,138.07,137.05,137.2,666897
2024-11-29 18:00:00+00:00,AMD,137.175,137.31,137.0,137.01,1609037
2024-11-29 19:00:00+00:00,AMD,137.08,137.13,137.04,137.11,2588
2024-11-29 20:00:00+00:00,AMD,137.1,137.12,137.01,137.01,4027
2024-11-29 21:00:00+00:00,AMD,137.06,137.29,137.06,137.22,1615
2024-12-02 09:00:00+00:00,AMD,137.43,137.52,136.83,137.08,19601
2024-12-02 10:00:00+00:00,AMD,137.07,137.7,136.7,137.41,8266
2024-12-02 11:00:00+00:00,AMD,137.38,137.98,137.37,137.98,5052
2024-12-02 12:00:00+00:00,AMD,137.99,138.0,137.57,137.82,12085
2024-12-02 13:00:00+00:00,AMD,137.87,139.2,137.83,138.52,62949
2024-12-02 14:00:00+00:00,AMD,138.56,141.16,137.85,140.56,1481732
2024-12-02 15:00:00+00:00,AMD,140.59,141.16,139.89,140.46,887949
2024-12-02 16:00:00+00:00,AMD,140.45,142.81,140.45,142.27,1151744
2024-12-02 17:00:00+00:00,AMD,142.26,142.74,141.57,141.67,695295
2024-12-02 18:00:00+00:00,AMD,141.67,141.93,140.87,141.54,428868
2024-12-02 19:00:00+00:00,AMD,141.54,141.78,141.015,141.61,291143
2024-12-02 20:00:00+00:00,AMD,141.615,142.58,141.16,142.1,1093210
2024-12-02 21:00:00+00:00,AMD,142.1,142.14,141.75,141.84,2351573
2024-12-02 22:00:00+00:00,AMD,141.81,142.28,141.8,142.18,3962
2024-12-02 23:00:00+00:00,AMD,142.21,142.38,142.1,142.34,3095
2024-12-03 09:00:00+00:00,AMD,142.42,143.47,142.42,143.21,14562
2024-12-03 10:00:00+00:00,AMD,143.25,143.78,143.0,143.54,22540
2024-12-03 11:00:00+00:00,AMD,143.54,143.79,143.24,143.63,15095
2024-12-03 12:00:00+00:00,AMD,143.63,144.0,143.25,143.96,21095
2024-12-03 13:00:00+00:00,AMD,143.99,144.2,143.75,143.86,22690
2024-12-03 14:00:00+00:00,AMD,143.85,143.9,141.24,142.05,1118925
2024-12-03 15:00:00+00:00,AMD,142.01,142.58,141.09,141.88,668328
2024-12-03 16:00:00+00:00,AMD,141.9,142.59,141.73,142.08,428854
2024-12-03 17:00:00+00:00,AMD,142.08,142.35,141.46,142.14,246513
2024-12-03 18:00:00+00:00,AMD,142.13,142.36,141.635,141.87,250258
2024-12-03 19:00:00+00:00,AMD,141.87,142.14,141.66,141.8,236069
2024-12-03 20:00:00+00:00,AMD,141.81,142.14,141.595,142.0,582621
2024-12-03 21:00:00+00:00,AMD,141.98,142.42,141.84,142.41,1452838
2024-12-03 22:00:00+00:00,AMD,142.42,142.45,142.2,142.24,6596
2024-12-03 23:00:00+00:00,AMD,142.27,142.39,142.18,142.39,2401
2024-12-04 09:00:00+00:00,AMD,142.91,143.58,142.8,143.5,10725
2024-12-04 10:00:00+00:00,AMD,143.52,143.72,143.37,143.62,9701
2024-12-04 11:00:00+00:00,AMD,143.54,143.95,143.53,143.86,11039
2024-12-04 12:00:00+00:00,AMD,143.68,143.89,143.43,143.52,12404
2024-12-04 13:00:00+00:00,AMD,143.51,143.65,143.3,143.65,19073
2024-12-04 14:00:00+00:00,AMD,143.62,143.73,141.56,141.8,1022775
2024-12-04 15:00:00+00:00,AMD,141.79,142.25,141.18,141.77,840820
2024-12-04 16:00:00+00:00,AMD,141.77,142.55,141.74,142.335,408833
2024-12-04 17:00:00+00:00,AMD,142.33,143.03,142.18,142.85,399772
2024-12-04 18:00:00+00:00,AMD,142.86,143.23,142.55,143.03,282041
2024-12-04 19:00:00+00:00,AMD,143.02,143.52,142.95,143.2,429547
2024-12-04 20:00:00+00:00,AMD,143.2,144.11,143.16,144.06,898674
2024-12-04 21:00:00+00:00,AMD,144.06,144.06,143.34,143.56,2400758
2024-12-04 22:00:00+00:00,AMD,143.56,143.62,143.51,143.52,4752
2024-12-04 23:00:00+00:00,AMD,143.5,143.59,143.45,143.5,3430
2024-12-05 09:00:00+00:00,AMD,143.6,143.6,143.24,143.46,6446
2024-12-05 10:00:00+00:00,AMD,143.51,143.72,143.39,143.47,3475
2024-12-05 11:00:00+00:00,AMD,143.47,143.73,143.47,143.63,3361
2024-12-05 12:00:00+00:00,AMD,143.62,143.81,143.46,143.78,12810
2024-12-05 13:00:00+00:00,AMD,143.75,144.32,143.63,144.08,40693
2024-12-05 14:00:00+00:00,AMD,144.06,144.11,141.82,141.88,902299
2024-12-05 15:00:00+00:00,AMD,141.88,142.55,141.48,141.96,815805
2024-12-05 16:00:00+00:00,AMD,141.96,142.52,141.87,142.46,423167
2024-12-05 17:00:00+00:00,AMD,142.46,142.94,142.11,142.34,340337
2024-12-05 18:00:00+00:00,AMD,142.34,142.39,140.7,140.72,501631
2024-12-05 19:00:00+00:00,AMD,140.74,140.975,140.385,140.65,377548
2024-12-05 20:00:00+00:00,AMD,140.65,141.43,140.46,141.38,757056
2024-12-05 21:00:00+00:00,AMD,141.36,141.41,141.17,141.32,2118862
2024-12-05 22:00:00+00:00,AMD,141.37,141.44,141.33,141.4,1154
2024-12-05 23:00:00+00:00,AMD,141.41,141.41,141.3,141.32,2808
2024-12-06 09:00:00+00:00,AMD,141.65,141.95,141.62,141.79,9995
2024-12-06 10:00:00+00:00,AMD,141.77,141.77,141.38,141.48,4122
2024-12-06 11:00:00+00:00,AMD,141.59,141.75,141.45,141.75,2480
2024-12-06 12:00:00+00:00,AMD,141.73,141.8,141.48,141.55,8321
2024-12-06 13:00:00+00:00,AMD,141.52,141.95,141.3,141.59,16958
2024-12-06 14:00:00+00:00,AMD,141.58,142.13,140.43,141.63,699811
2024-12-06 15:00:00+00:00,AMD,141.65,142.77,141.6,142.17,558987
2024-12-06 16:00:00+00:00,AMD,142.16,142.22,140.63,141.0,513467
2024-12-06 17:00:00+00:00,AMD,141.0,141.02,139.78,140.07,552920
2024-12-06 18:00:00+00:00,AMD,140.07,140.71,139.91,140.45,308028
2024-12-06 19:00:00+00:00,AMD,140.44,140.585,140.07,140.415,349994
2024-12-06 20:00:00+00:00,AMD,140.41,140.46,137.4,138.58,2125397
2024-12-06 21:00:00+00:00,AMD,138.58,138.75,138.09,138.45,2265581
2024-12-06 22:00:00+00:00,AMD,138.48,138.65,138.45,138.5,6667
2024-12-06 23:00:00+00:00,AMD,138.55,138.58,138.38,138.45,3344
2024-12-09 09:00:00+00:00,AMD,139.31,139.75,138.68,138.82,15983
2024-12-09 10:00:00+00:00,AMD,138.81,139.0,135.56,135.9,79151
2024-12-09 11:00:00+00:00,AMD,135.9,136.5,135.5,136.18,67036
2024-12-09 12:00:00+00:00,AMD,136.29,136.65,136.0,136.4,67565
2024-12-09 13:00:00+00:00,AMD,136.42,136.93,136.16,136.72,54682
2024-12-09 14:00:00+00:00,AMD,136.7,136.88,132.4,133.84,2690432
2024-12-09 15:00:00+00:00,AMD,133.85,134.19,133.01,133.08,1442112
2024-12-09 16:00:00+00:00,AMD,133.09,133.31,131.92,132.87,1269817
2024-12-09 17:00:00+00:00,AMD,132.87,133.23,132.11,132.19,786693
2024-12-09 18:00:00+00:00,AMD,132.19,132.21,131.01,131.49,1016094
2024-12-09 19:00:00+00:00,AMD,131.5,131.5,130.01,130.77,1115305
2024-12-09 20:00:00+00:00,AMD,130.75,131.05,130.095,130.88,1741398
2024-12-09 21:00:00+00:00,AMD,130.87,131.38,130.81,131.35,2599837
2024-12-09 22:00:00+00:00,AMD,131.37,131.44,131.0,131.33,15232
2024-12-09 23:00:00+00:00,AMD,131.31,131.38,131.21,131.27,9702
2024-12-10 09:00:00+00:00,AMD,131.13,131.43,130.3,130.75,20280
2024-12-10 10:00:00+00:00,AMD,130.74,131.3,130.5,131.06,13054
2024-12-10 11:00:00+00:00,AMD,131.1,131.38,131.05,131.31,16554
2024-12-10 12:00:00+00:00,AMD,131.32,131.74,131.17,131.51,31050
2024-12-10 13:00:00+00:00,AMD,131.56,131.7,131.44,131.51,22912
2024-12-10 14:00:00+00:00,AMD,131.51,131.92,128.89,129.07,1776080
2024-12-10 15:00:00+00:00,AMD,129.06,130.265,128.86,129.3,1065631
2024-12-10 16:00:00+00:00,AMD,129.32,129.61,127.94,128.25,1154694
2024-12-10 17:00:00+00:00,AMD,128.25,128.77,128.01,128.54,486414
2024-12-10 18:00:00+00:00,AMD,128.53,128.89,127.99,128.22,441567
2024-12-10 19:00:00+00:00,AMD,128.23,128.44,128.02,128.39,397387
2024-12-10 20:00:00+00:00,AMD,128.39,128.44,127.08,127.77,1392487
2024-12-10 21:00:00+00:00,AMD,127.78,128.04,127.31,128.04,3089036
2024-12-10 22:00:00+00:00,AMD,128.02,128.09,127.91,127.91,9674
2024-12-10 23:00:00+00:00,AMD,128.0,128.07,127.91,128.03,3969
2024-12-11 09:00:00+00:00,AMD,128.18,128.47,128.04,128.32,13880
2024-12-11 10:00:00+00:00,AMD,128.3,128.3,127.7,128.12,25186
2024-12-11 11:00:00+00:00,AMD,128.12,128.43,128.03,128.29,11054
2024-12-11 12:00:00+00:00,AMD,128.24,128.47,128.03,128.22,13468
2024-12-11 13:00:00+00:00,AMD,128.24,129.4,128.22,129.26,54211
2024-12-11 14:00:00+00:00,AMD,129.24,129.65,126.23,128.66,1949188
2024-12-11 15:00:00+00:00,AMD,128.68,128.83,126.38,127.01,1001420
2024-12-11 16:00:00+00:00,AMD,127.015,128.82,126.99,128.66,878172
2024-12-11 17:00:00+00:00,AMD,128.66,129.24,128.49,128.59,522226
2024-12-11 18:00:00+00:00,AMD,128.6,130.06,128.58,129.57,571563
2024-12-11 19:00:00+00:00,AMD,129.58,130.845,129.47,130.22,633516
2024-12-11 20:00:00+00:00,AMD,130.24,131.21,130.07,130.17,1300023
2024-12-11 21:00:00+00:00,AMD,130.17,130.24,129.6,129.7,2606542
2024-12-11 22:00:00+00:00,AMD,129.8,130.18,129.72,129.86,16419
2024-12-11 23:00:00+00:00,AMD,129.91,130.08,129.9,130.04,5751
2024-12-12 09:00:00+00:00,AMD,130.77,131.11,130.37,130.79,26906
2024-12-12 10:00:00+00:00,AMD,130.7,131.01,130.51,130.67,8433
2024-12-12 11:00:00+00:00,AMD,130.71,130.92,130.57,130.86,9948
2024-12-12 12:00:00+00:00,AMD,130.89,130.97,130.2,130.29,27246
2024-12-12 13:00:00+00:00,AMD,130.25,130.79,129.44,129.74,49783
2024-12-12 14:00:00+00:00,AMD,129.82,132.31,129.27,130.27,1236689
2024-12-12 15:00:00+00:00,AMD,130.25,130.59,129.13,130.58,870232
2024-12-12 16:00:00+00:00,AMD,130.57,130.63,129.22,129.22,397472
2024-12-12 17:00:00+00:00,AMD,129.21,130.43,129.08,130.37,375979
2024-12-12 18:00:00+00:00,AMD,130.36,130.57,129.83,129.96,317591
2024-12-12 19:00:00+00:00,AMD,129.95,132.11,129.82,131.095,853766
2024-12-12 20:00:00+00:00,AMD,131.11,131.45,130.33,130.62,904014
2024-12-12 21:00:00+00:00,AMD,130.62,131.16,130.46,130.56,1668207
2024-12-12 22:00:00+00:00,AMD,130.55,131.88,130.44,131.8,47291
2024-12-12 23:00:00+00:00,AMD,131.75,131.86,131.38,131.6,15445
2024-12-13 09:00:00+00:00,AMD,132.0,132.1,131.39,132.0,19828
2024-12-13 10:00:00+00:00,AMD,132.0,132.07,131.8,131.94,8534
2024-12-13 11:00:00+00:00,AMD,131.86,131.96,131.56,131.7,9582
2024-12-13 12:00:00+00:00,AMD,131.82,132.45,131.8,132.38,37601
2024-12-13 13:00:00+00:00,AMD,132.37,132.74,131.81,132.01,68149
2024-12-13 14:00:00+00:00,AMD,132.02,132.13,127.71,129.77,2485233
2024-12-13 15:00:00+00:00,AMD,129.78,129.84,125.26,125.27,2750289
2024-12-13 16:00:00+00:00,AMD,125.26,127.43,124.77,127.415,1919562
2024-12-13 17:00:00+00:00,AMD,127.41,127.54,125.7,125.85,886194
2024-12-13 18:00:00+00:00,AMD,125.86,126.4,125.5,125.64,754524
2024-12-13 19:00:00+00:00,AMD,125.64,126.37,125.46,125.85,643364
2024-12-13 20:00:00+00:00,AMD,125.86,126.96,125.41,126.9,1729757
2024-12-13 21:00:00+00:00,AMD,126.91,127.15,126.31,126.85,3235822
2024-12-13 22:00:00+00:00,AMD,126.88,127.0,126.78,126.86,14079
2024-12-13 23:00:00+00:00,AMD,126.86,126.86,126.76,126.8,7646
2024-12-16 09:00:00+00:00,AMD,127.5,127.59,126.63,126.95,21854
2024-12-16 10:00:00+00:00,AMD,126.98,127.65,126.93,127.65,16211
2024-12-16 11:00:00+00:00,AMD,127.61,127.85,127.57,127.8,27265
2024-12-16 12:00:00+00:00,AMD,127.79,127.79,127.17,127.37,14774
2024-12-16 13:00:00+00:00,AMD,127.37,127.59,127.0,127.4,38758
2024-12-16 14:00:00+00:00,AMD,127.41,127.47,123.12,125.12,2332338
2024-12-16 15:00:00+00:00,AMD,125.13,126.25,124.5,125.98,1170884
2024-12-16 16:00:00+00:00,AMD,125.975,126.6,125.46,126.52,555480
2024-12-16 17:00:00+00:00,AMD,126.52,127.75,126.46,127.55,567945
2024-12-16 18:00:00+00:00,AMD,127.545,127.64,126.44,126.71,530967
2024-12-16 19:00:00+00:00,AMD,126.73,127.22,126.49,126.83,421932
2024-12-16 20:00:00+00:00,AMD,126.84,127.53,126.445,126.69,1055968
2024-12-16 21:00:00+00:00,AMD,126.69,126.84,126.25,126.49,2094667
2024-12-16 22:00:00+00:00,AMD,126.5,126.53,126.38,126.51,15309
2024-12-16 23:00:00+00:00,AMD,126.51,126.54,126.29,126.45,4520
2024-12-17 09:00:00+00:00,AMD,126.38,126.69,125.64,126.56,34789
2024-12-17 10:00:00+00:00,AMD,126.53,126.7,126.24,126.64,13321
2024-12-17 11:00:00+00:00,AMD,126.6,126.6,125.49,125.83,18831
2024-12-17 12:00:00+00:00,AMD,125.89,126.06,124.5,125.1,64417
2024-12-17 13:00:00+00:00,AMD,125.06,125.16,124.06,124.08,82500
2024-12-17 14:00:00+00:00,AMD,124.09,124.89,123.15,123.66,2118040
2024-12-17 15:00:00+00:00,AMD,123.67,124.57,123.23,124.5,950644
2024-12-17 16:00:00+00:00,AMD,124.49,126.73,124.33,126.18,966414
2024-12-17 17:00:00+00:00,AMD,126.175,127.08,126.04,126.26,510050
2024-12-17 18:00:00+00:00,AMD,126.25,126.55,125.36,125.42,360945
2024-12-17 19:00:00+00:00,AMD,125.42,125.59,124.6,124.7,561375
2024-12-17 20:00:00+00:00,AMD,124.7,125.37,124.32,125.02,1123728
2024-12-17 21:00:00+00:00,AMD,125.02,125.25,124.68,125.09,5339572
2024-12-17 22:00:00+00:00,AMD,125.09,125.09,124.7,124.92,9761
2024-12-17 23:00:00+00:00,AMD,124.84,124.9,124.5,124.66,10616
2024-12-18 09:00:00+00:00,AMD,125.17,126.6,125.05,126.29,44208
2024-12-18 10:00:00+00:00,AMD,126.31,126.38,125.84,125.98,17125
2024-12-18 11:00:00+00:00,AMD,125.95,126.15,125.82,125.89,7850
2024-12-18 12:00:00+00:00,AMD,125.91,126.34,125.7,126.25,14865
2024-12-18 13:00:00+00:00,AMD,126.23,126.54,125.76,125.89,27942
2024-12-18 14:00:00+00:00,AMD,125.83,126.62,124.92,125.64,1258603
2024-12-18 15:00:00+00:00,AMD,125.68,126.23,124.82,125.5,838417
2024-12-18 16:00:00+00:00,AMD,125.5,126.28,125.1,126.26,580056
2024-12-18 17:00:00+00:00,AMD,126.27,127.74,126.17,127.24,749265
2024-12-18 18:00:00+00:00,AMD,127.23,127.61,126.92,127.46,398778
2024-12-18 19:00:00+00:00,AMD,127.46,127.46,123.84,124.01,1008465
2024-12-18 20:00:00+00:00,AMD,123.98,124.32,120.44,121.42,2913089
2024-12-18 21:00:00+00:00,AMD,121.39,122.15,120.11,120.93,3829430
2024-12-18 22:00:00+00:00,AMD,120.94,121.93,120.93,121.63,21044
2024-12-18 23:00:00+00:00,AMD,121.6,122.0,121.26,121.75,14587
2024-12-19 09:00:00+00:00,AMD,122.63,122.99,122.09,122.32,36130
2024-12-19 10:00:00+00:00,AMD,122.35,122.65,121.7,122.0,13522
2024-12-19 11:00:00+00:00,AMD,122.04,122.3,121.7,122.22,9490
2024-12-19 12:00:00+00:00,AMD,122.18,123.09,122.0,122.92,59505
2024-12-19 13:00:00+00:00,AMD,122.92,123.38,122.75,122.94,77376
2024-12-19 14:00:00+00:00,AMD,122.83,123.39,120.69,120.97,1610492
2024-12-19 15:00:00+00:00,AMD,120.96,121.28,119.46,120.27,1505679
2024-12-19 16:00:00+00:00,AMD,120.27,121.68,119.77,121.14,772426
2024-12-19 17:00:00+00:00,AMD,121.13,121.21,119.3,119.81,729157
2024-12-19 18:00:00+00:00,AMD,119.8,120.095,119.05,120.06,662645
2024-12-19 19:00:00+00:00,AMD,120.06,120.06,118.81,119.225,637507
2024-12-19 20:00:00+00:00,AMD,119.23,119.64,118.44,118.97,1483180
2024-12-19 21:00:00+00:00,AMD,118.88,119.27,118.75,119.14,2744012
2024-12-19 22:00:00+00:00,AMD,119.12,119.12,118.89,118.96,12394
2024-12-19 23:00:00+00:00,AMD,118.96,119.14,118.92,119.0,3231
2024-12-20 09:00:00+00:00,AMD,118.07,118.19,116.45,116.91,45710
2024-12-20 10:00:00+00:00,AMD,116.9,117.07,116.36,116.86,32450
2024-12-20 11:00:00+00:00,AMD,116.88,117.06,116.14,116.72,21017
2024-12-20 12:00:00+00:00,AMD,116.77,116.85,115.91,116.76,41393
2024-12-20 13:00:00+00:00,AMD,116.75,118.61,116.6,118.12,91597
2024-12-20 14:00:00+00:00,AMD,118.08,119.955,117.8,118.46,2849060
2024-12-20 15:00:00+00:00,AMD,118.48,121.24,118.4,120.74,1242462
2024-12-20 16:00:00+00:00,AMD,120.75,121.86,120.63,121.13,995169
2024-12-20 17:00:00+00:00,AMD,121.14,121.41,120.43,120.82,616803
2024-12-20 18:00:00+00:00,AMD,120.84,120.97,119.69,120.19,869559
2024-12-20 19:00:00+00:00,AMD,120.195,120.45,119.95,120.01,481362
2024-12-20 20:00:00+00:00,AMD,120.02,120.14,118.96,119.27,1541945
2024-12-20 21:00:00+00:00,AMD,119.21,119.6,119.18,119.54,8179450
2024-12-20 22:00:00+00:00,AMD,119.52,119.78,119.52,119.78,4917
2024-12-20 23:00:00+00:00,AMD,119.77,119.85,119.73,119.85,5074
2024-12-23 09:00:00+00:00,AMD,121.25,121.26,120.5,120.91,12775
2024-12-23 10:00:00+00:00,AMD,120.89,121.14,120.84,120.99,13296
2024-12-23 11:00:00+00:00,AMD,120.99,120.99,120.36,120.69,9527
2024-12-23 12:00:00+00:00,AMD,120.56,121.42,120.43,121.38,21851
2024-12-23 13:00:00+00:00,AMD,121.33,121.4,120.46,120.7,31562
2024-12-23 14:00:00+00:00,AMD,120.66,124.94,120.42,124.79,2284812
2024-12-23 15:00:00+00:00,AMD,124.81,126.33,123.77,125.58,2202901
2024-12-23 16:00:00+00:00,AMD,125.57,125.98,124.47,125.15,983684
2024-12-23 17:00:00+00:00,AMD,125.145,125.5,124.4,125.18,619751
2024-12-23 18:00:00+00:00,AMD,125.17,125.6,124.59,124.71,582399
2024-12-23 19:00:00+00:00,AMD,124.71,125.07,124.01,124.04,510861
2024-12-23 20:00:00+00:00,AMD,124.03,124.86,123.86,124.63,1400330
2024-12-23 21:00:00+00:00,AMD,124.6,124.88,124.6,124.85,3430142
2024-12-23 22:00:00+00:00,AMD,124.81,124.94,124.77,124.91,2114
2024-12-23 23:00:00+00:00,AMD,124.91,125.09,124.88,125.04,5032
2024-12-24 09:00:00+00:00,AMD,125.55,126.85,125.4,126.77,26982
2024-12-24 10:00:00+00:00,AMD,126.8,127.09,126.3,126.56,16329
2024-12-24 11:00:00+00:00,AMD,126.55,126.78,126.32,126.5,10881
2024-12-24 12:00:00+00:00,AMD,126.38,127.21,126.1,127.18,48734
2024-12-24 13:00:00+00:00,AMD,127.17,128.0,127.11,127.5,62188
2024-12-24 14:00:00+00:00,AMD,127.51,128.16,124.66,126.03,2083922
2024-12-24 15:00:00+00:00,AMD,126.02,126.54,124.92,125.72,1159020
2024-12-24 16:00:00+00:00,AMD,125.71,126.18,125.61,125.9,659308
2024-12-24 17:00:00+00:00,AMD,125.88,126.38,125.67,126.28,883189
2024-12-24 18:00:00+00:00,AMD,126.32,126.6,126.13,126.22,1017426
2024-12-24 19:00:00+00:00,AMD,126.25,126.36,126.22,126.36,1306
2024-12-24 20:00:00+00:00,AMD,126.35,126.39,126.29,126.38,1383
2024-12-24 21:00:00+00:00,AMD,126.38,126.39,126.26,126.39,1853
2024-12-26 09:00:00+00:00,AMD,126.94,126.94,125.11,125.56,18155
2024-12-26 10:00:00+00:00,AMD,125.6,125.73,125.36,125.62,9564
2024-12-26 11:00:00+00:00,AMD,125.57,125.88,125.44,125.73,11581
2024-12-26 12:00:00+00:00,AMD,125.76,126.3,125.67,125.98,45317
2024-12-26 13:00:00+00:00,AMD,126.0,126.02,125.6,125.62,14368
2024-12-26 14:00:00+00:00,AMD,125.66,127.29,125.39,125.91,998044
2024-12-26 15:00:00+00:00,AMD,125.91,126.37,125.34,126.25,624291
2024-12-26 16:00:00+00:00,AMD,126.24,126.37,125.74,126.06,379198
2024-12-26 17:00:00+00:00,AMD,126.05,126.22,125.31,125.49,365592
2024-12-26 18:00:00+00:00,AMD,125.49,125.76,125.33,125.63,278342
2024-12-26 19:00:00+00:00,AMD,125.63,125.91,125.43,125.73,221125
2024-12-26 20:00:00+00:00,AMD,125.72,125.94,125.05,125.07,863254
2024-12-26 21:00:00+00:00,AMD,125.07,125.28,125.04,125.1,1230605
2024-12-26 22:00:00+00:00,AMD,125.1,125.15,125.01,125.06,8804
2024-12-26 23:00:00+00:00,AMD,125.06,125.07,124.81,124.98,12710
2024-12-27 09:00:00+00:00,AMD,124.81,124.96,124.44,124.69,12135
2024-12-27 10:00:00+00:00,AMD,124.69,124.76,124.5,124.7,3999
2024-12-27 11:00:00+00:00,AMD,124.7,124.93,124.7,124.9,4370
2024-12-27 12:00:00+00:00,AMD,124.86,125.05,124.5,124.72,13496
2024-12-27 13:00:00+00:00,AMD,124.72,124.83,124.6,124.73,9630
2024-12-27 14:00:00+00:00,AMD,124.72,125.9,123.67,123.69,975241
2024-12-27 15:00:00+00:00,AMD,123.69,123.82,122.26,123.53,1233078
2024-12-27 16:00:00+00:00,AMD,123.51,124.58,123.06,123.97,569684
2024-12-27 17:00:00+00:00,AMD,123.97,124.61,123.89,124.43,351988
2024-12-27 18:00:00+00:00,AMD,124.4,125.36,124.33,125.35,435731
2024-12-27 19:00:00+00:00,AMD,125.34,126.17,125.21,126.07,646157
2024-12-27 20:00:00+00:00,AMD,126.06,126.08,124.76,125.27,1342758
2024-12-27 21:00:00+00:00,AMD,125.26,125.39,125.01,125.07,1731689
2024-12-27 22:00:00+00:00,AMD,125.07,125.09,124.91,124.92,10132
2024-12-27 23:00:00+00:00,AMD,124.95,125.05,124.9,125.0,1147
2024-12-30 09:00:00+00:00,AMD,125.44,125.44,124.64,124.71,15574
2024-12-30 10:00:00+00:00,AMD,124.79,125.51,124.79,125.45,12919
2024-12-30 11:00:00+00:00,AMD,125.5,125.85,125.49,125.53,11358
2024-12-30 12:00:00+00:00,AMD,125.55,125.64,124.54,124.68,28768
2024-12-30 13:00:00+00:00,AMD,124.63,124.81,123.64,123.83,29508
2024-12-30 14:00:00+00:00,AMD,123.79,124.18,122.35,122.85,1206041
2024-12-30 15:00:00+00:00,AMD,122.84,123.61,122.46,123.22,963525
2024-12-30 16:00:00+00:00,AMD,123.19,123.29,122.51,123.18,660050
2024-12-30 17:00:00+00:00,AMD,123.18,123.71,122.93,123.58,482425
2024-12-30 18:00:00+00:00,AMD,123.57,123.66,123.04,123.6,479810
2024-12-30 19:00:00+00:00,AMD,123.62,123.68,122.81,123.19,431269
2024-12-30 20:00:00+00:00,AMD,123.17,123.21,122.4,122.46,1066261
2024-12-30 21:00:00+00:00,AMD,122.44,122.69,122.35,122.4,1752713
2024-12-30 22:00:00+00:00,AMD,122.43,122.52,122.32,122.39,18290
2024-12-30 23:00:00+00:00,AMD,122.4,122.48,122.22,122.36,4083
2024-12-31 09:00:00+00:00,AMD,122.63,123.18,122.22,122.97,25859
2024-12-31 10:00:00+00:00,AMD,123.0,123.2,122.97,123.11,5300
2024-12-31 11:00:00+00:00,AMD,123.12,123.18,123.01,123.17,3801
2024-12-31 12:00:00+00:00,AMD,123.18,123.2,122.95,123.03,15878
2024-12-31 13:00:00+00:00,AMD,123.09,123.16,122.9,123.11,11319
2024-12-31 14:00:00+00:00,AMD,123.11,123.55,122.19,122.58,853038
2024-12-31 15:00:00+00:00,AMD,122.57,123.14,121.69,121.775,843449
2024-12-31 16:00:00+00:00,AMD,121.76,121.77,120.85,121.15,705115
2024-12-31 17:00:00+00:00,AMD,121.14,121.25,120.32,121.04,525648
2024-12-31 18:00:00+00:00,AMD,121.04,121.17,120.14,120.45,446932
2024-12-31 19:00:00+00:00,AMD,120.44,120.79,120.14,120.78,426004
2024-12-31 20:00:00+00:00,AMD,120.77,121.19,120.48,120.8,1332772
2024-12-31 21:00:00+00:00,AMD,120.8,120.84,120.36,120.38,1963269
2024-12-31 22:00:00+00:00,AMD,120.35,120.53,120.23,120.33,10641
2024-12-31 23:00:00+00:00,AMD,120.35,120.41,120.29,120.4,1873
2025-01-02 09:00:00+00:00,AMD,121.86,122.28,121.69,122.08,15143
2025-01-02 10:00:00+00:00,AMD,122.22,122.29,121.9,122.17,5990
2025-01-02 11:00:00+00:00,AMD,122.2,122.71,121.99,122.64,9586
2025-01-02 12:00:00+00:00,AMD,122.6,122.6,122.11,122.3,23591
2025-01-02 13:00:00+00:00,AMD,122.3,122.78,122.06,122.5,88027
2025-01-02 14:00:00+00:00,AMD,122.48,123.07,120.86,122.91,1475802
2025-01-02 15:00:00+00:00,AMD,122.89,123.14,121.115,121.65,1282778
2025-01-02 16:00:00+00:00,AMD,121.66,121.81,121.13,121.4,805606
2025-01-02 17:00:00+00:00,AMD,121.41,121.445,119.45,120.28,1220385
2025-01-02 18:00:00+00:00,AMD,120.27,120.36,119.64,120.23,471177
2025-01-02 19:00:00+00:00,AMD,120.23,120.63,120.01,120.04,508260
2025-01-02 20:00:00+00:00,AMD,120.04,121.1,120.04,120.63,1351443
2025-01-02 21:00:00+00:00,AMD,120.63,121.05,120.52,120.91,1445069
2025-01-02 22:00:00+00:00,AMD,120.91,120.97,120.81,120.85,1733
2025-01-02 23:00:00+00:00,AMD,120.85,120.87,120.61,120.67,3876
2025-01-03 09:00:00+00:00,AMD,121.24,121.68,121.24,121.54,8008
2025-01-03 10:00:00+00:00,AMD,121.37,121.5,121.3,121.38,1859
2025-01-03 11:00:00+00:00,AMD,121.31,121.74,121.31,121.49,7656
2025-01-03 12:00:00+00:00,AMD,121.47,121.48,121.05,121.31,10861
2025-01-03 13:00:00+00:00,AMD,121.28,121.4,121.11,121.11,10996
2025-01-03 14:00:00+00:00,AMD,121.13,123.36,121.11,122.82,1493629
2025-01-03 15:00:00+00:00,AMD,122.82,123.76,121.63,123.21,1199909
2025-01-03 16:00:00+00:00,AMD,123.21,124.55,122.93,124.37,872772
2025-01-03 17:00:00+00:00,AMD,124.38,124.68,123.88,123.96,547504
2025-01-03 18:00:00+00:00,AMD,123.96,124.63,123.82,124.5,584555
2025-01-03 19:00:00+00:00,AMD,124.49,124.82,124.365,124.72,593831
2025-01-03 20:00:00+00:00,AMD,124.71,125.56,124.61,125.36,1690859
2025-01-03 21:00:00+00:00,AMD,125.37,125.52,125.06,125.2,2686454
2025-01-03 22:00:00+00:00,AMD,125.25,125.4,125.17,125.34,10909
2025-01-03 23:00:00+00:00,AMD,125.3,125.4,125.3,125.4,3157
2025-01-06 09:00:00+00:00,AMD,127.73,128.89,127.54,128.88,49743
2025-01-06 10:00:00+00:00,AMD,128.87,128.89,128.5,128.63,31406
2025-01-06 11:00:00+00:00,AMD,128.62,129.25,128.57,129.12,29551
2025-01-06 12:00:00+00:00,AMD,129.11,129.29,128.81,128.92,68816
2025-01-06 13:00:00+00:00,AMD,128.95,129.3,128.74,129.07,106496
2025-01-06 14:00:00+00:00,AMD,129.09,130.16,127.36,129.75,2766838
2025-01-06 15:00:00+00:00,AMD,129.75,129.94,128.31,128.46,1355883
2025-01-06 16:00:00+00:00,AMD,128.49,130.73,128.39,130.27,1049031
2025-01-06 17:00:00+00:00,AMD,130.25,130.495,129.39,130.26,555112
2025-01-06 18:00:00+00:00,AMD,130.25,130.51,129.57,129.58,565922
2025-01-06 19:00:00+00:00,AMD,129.59,129.935,128.67,128.9,745927
2025-01-06 20:00:00+00:00,AMD,128.91,130.2,128.69,129.55,1278948
2025-01-06 21:00:00+00:00,AMD,129.55,129.82,129.25,129.63,2718519
2025-01-06 22:00:00+00:00,AMD,129.65,129.95,129.6,129.86,5901
2025-01-06 23:00:00+00:00,AMD,129.9,130.25,129.9,130.2,36538
2025-01-07 09:00:00+00:00,AMD,130.28,130.45,129.75,129.9,31416
2025-01-07 10:00:00+00:00,AMD,129.9,130.6,129.74,130.57,22127
2025-01-07 11:00:00+00:00,AMD,130.57,130.57,130.32,130.4,8005
2025-01-07 12:00:00+00:00,AMD,130.4,130.99,130.2,130.38,75648
2025-01-07 13:00:00+00:00,AMD,130.4,130.71,129.99,130.68,37559
2025-01-07 14:00:00+00:00,AMD,130.73,131.71,129.18,129.21,1956118
2025-01-07 15:00:00+00:00,AMD,129.2,129.5,126.87,128.67,1804745
2025-01-07 16:00:00+00:00,AMD,128.68,129.23,128.03,128.27,629721
2025-01-07 17:00:00+00:00,AMD,128.28,128.6,128.02,128.49,314863
2025-01-07 18:00:00+00:00,AMD,128.5,129.93,128.42,128.86,567259
2025-01-07 19:00:00+00:00,AMD,128.86,129.26,128.37,128.45,312198
2025-01-07 20:00:00+00:00,AMD,128.45,128.5,126.86,127.34,1412191
2025-01-07 21:00:00+00:00,AMD,127.34,127.75,127.31,127.45,2780120
2025-01-07 22:00:00+00:00,AMD,127.45,127.6,127.44,127.55,6847
2025-01-07 23:00:00+00:00,AMD,127.51,127.61,127.43,127.59,3297
2025-01-08 09:00:00+00:00,AMD,127.9,128.34,127.8,127.9,4719
2025-01-08 10:00:00+00:00,AMD,127.9,128.3,124.46,125.43,67208
2025-01-08 11:00:00+00:00,AMD,125.41,125.5,123.52,123.91,105283
2025-01-08 12:00:00+00:00,AMD,123.96,124.0,123.0,123.88,108212
2025-01-08 13:00:00+00:00,AMD,123.88,125.15,123.84,124.9,91098
2025-01-08 14:00:00+00:00,AMD,124.99,125.27,121.61,122.47,2417618
2025-01-08 15:00:00+00:00,AMD,122.49,122.89,120.78,121.95,1683532
2025-01-08 16:00:00+00:00,AMD,121.96,122.97,121.3,122.55,744613
2025-01-08 17:00:00+00:00,AMD,122.55,122.57,120.13,121.22,970345
2025-01-08 18:00:00+00:00,AMD,121.21,122.33,121.2,121.71,603091
2025-01-08 19:00:00+00:00,AMD,121.72,122.14,121.26,121.57,495383
2025-01-08 20:00:00+00:00,AMD,121.57,121.89,121.08,121.85,1443268
2025-01-08 21:00:00+00:00,AMD,121.84,121.97,120.32,121.12,2299819
2025-01-08 22:00:00+00:00,AMD,121.08,121.1,120.4,120.5,28769
2025-01-08 23:00:00+00:00,AMD,120.7,120.85,120.7,120.82,8874
2025-01-10 09:00:00+00:00,AMD,119.94,119.95,118.85,119.05,42358
2025-01-10 10:00:00+00:00,AMD,119.19,119.74,118.88,119.69,23156
2025-01-10 11:00:00+00:00,AMD,119.71,120.11,119.3,119.68,40837
2025-01-10 12:00:00+00:00,AMD,119.68,120.2,119.14,119.42,50609
2025-01-10 13:00:00+00:00,AMD,119.4,119.42,117.47,118.1,208645
2025-01-10 14:00:00+00:00,AMD,118.09,118.99,114.685,115.6,3650684
2025-01-10 15:00:00+00:00,AMD,115.6,116.75,114.46,115.86,2411913
2025-01-10 16:00:00+00:00,AMD,115.865,116.07,114.53,114.83,1418837
2025-01-10 17:00:00+00:00,AMD,114.84,115.47,114.61,114.98,889161
2025-01-10 18:00:00+00:00,AMD,114.98,116.75,114.6,116.72,877637
2025-01-10 19:00:00+00:00,AMD,116.72,116.74,115.765,116.31,693143
2025-01-10 20:00:00+00:00,AMD,116.31,116.43,115.53,115.97,1622618
2025-01-10 21:00:00+00:00,AMD,116.04,116.23,115.87,115.96,3388585
2025-01-10 22:00:00+00:00,AMD,115.98,116.04,115.79,115.8,5869
2025-01-10 23:00:00+00:00,AMD,115.79,116.05,115.78,115.91,8104
2025-01-13 09:00:00+00:00,AMD,114.36,114.67,113.27,114.1,62950
2025-01-13 10:00:00+00:00,AMD,114.06,114.22,113.78,113.91,25370
2025-01-13 11:00:00+00:00,AMD,113.86,114.09,113.8,114.02,27211
2025-01-13 12:00:00+00:00,AMD,114.02,114.59,113.76,114.27,45299
2025-01-13 13:00:00+00:00,AMD,114.23,114.6,113.88,114.05,26221
2025-01-13 14:00:00+00:00,AMD,114.1,117.11,113.84,115.22,2084996
2025-01-13 15:00:00+00:00,AMD,115.24,116.4,114.89,115.3,1351738
2025-01-13 16:00:00+00:00,AMD,115.32,115.79,114.89,114.96,782182
2025-01-13 17:00:00+00:00,AMD,114.96,116.8,114.75,116.77,575342
2025-01-13 18:00:00+00:00,AMD,116.74,116.9,116.24,116.74,376463
2025-01-13 19:00:00+00:00,AMD,116.74,117.165,116.36,116.94,449885
2025-01-13 20:00:00+00:00,AMD,116.93,117.48,116.79,117.35,1074834
2025-01-13 21:00:00+00:00,AMD,117.34,118.0,117.04,117.73,2104607
2025-01-13 22:00:00+00:00,AMD,117.72,118.3,117.68,118.23,11052
2025-01-13 23:00:00+00:00,AMD,118.2,118.53,118.2,118.37,11521
2025-01-14 09:00:00+00:00,AMD,118.9,119.25,118.45,118.8,18079
2025-01-14 10:00:00+00:00,AMD,118.78,118.85,118.52,118.85,12105
2025-01-14 11:00:00+00:00,AMD,118.82,118.82,118.31,118.4,13455
2025-01-14 12:00:00+00:00,AMD,118.4,118.57,117.6,117.93,25514
2025-01-14 13:00:00+00:00,AMD,117.96,119.2,117.68,118.49,92136
2025-01-14 14:00:00+00:00,AMD,118.44,118.91,115.6,115.64,1811413
2025-01-14 15:00:00+00:00,AMD,115.65,116.56,115.47,115.47,1436884
2025-01-14 16:00:00+00:00,AMD,115.47,115.54,114.5,114.73,1058923
2025-01-14 17:00:00+00:00,AMD,114.72,115.92,114.64,115.71,536416
2025-01-14 18:00:00+00:00,AMD,115.7,116.34,115.6,116.17,398844
2025-01-14 19:00:00+00:00,AMD,116.17,116.36,115.17,115.2,505594
2025-01-14 20:00:00+00:00,AMD,115.22,116.13,114.68,116.13,1379086
2025-01-14 21:00:00+00:00,AMD,116.13,116.38,115.98,116.19,1875585
2025-01-14 22:00:00+00:00,AMD,116.25,116.27,115.9,116.07,9173
2025-01-14 23:00:00+00:00,AMD,116.08,116.08,115.81,115.91,7222
2025-01-15 09:00:00+00:00,AMD,116.04,116.3,115.81,116.26,11399
2025-01-15 10:00:00+00:00,AMD,116.27,116.32,116.12,116.24,14099
2025-01-15 11:00:00+00:00,AMD,116.23,116.29,115.75,116.15,8620
2025-01-15 12:00:00+00:00,AMD,116.13,116.34,115.92,116.2,11145
2025-01-15 13:00:00+00:00,AMD,116.27,117.99,116.12,117.64,95311
2025-01-15 14:00:00+00:00,AMD,117.62,119.79,117.46,118.84,1842136
2025-01-15 15:00:00+00:00,AMD,118.83,119.88,118.23,118.52,1155632
2025-01-15 16:00:00+00:00,AMD,118.53,118.99,118.26,118.585,638720
2025-01-15 17:00:00+00:00,AMD,118.59,119.37,118.44,119.14,446728
2025-01-15 18:00:00+00:00,AMD,119.145,120.2,119.12,120.0,684061
2025-01-15 19:00:00+00:00,AMD,120.0,120.16,119.68,119.98,494145
2025-01-15 20:00:00+00:00,AMD,119.97,120.415,119.77,119.96,1172822
2025-01-15 21:00:00+00:00,AMD,119.96,120.09,119.8,119.94,3617774
2025-01-15 22:00:00+00:00,AMD,119.92,120.19,119.9,120.19,4757
2025-01-15 23:00:00+00:00,AMD,120.06,120.25,120.0,120.23,5314
2025-01-16 09:00:00+00:00,AMD,116.96,122.23,116.96,121.23,21680
2025-01-16 10:00:00+00:00,AMD,121.2,121.46,119.1,119.9,65839
2025-01-16 11:00:00+00:00,AMD,119.92,120.63,119.91,120.53,39348
2025-01-16 12:00:00+00:00,AMD,120.53,120.54,119.81,119.88,46849
2025-01-16 13:00:00+00:00,AMD,119.94,120.35,119.67,119.98,36605
2025-01-16 14:00:00+00:00,AMD,119.98,121.08,118.45,118.73,1412295
2025-01-16 15:00:00+00:00,AMD,118.75,119.28,118.25,119.02,875380
2025-01-16 16:00:00+00:00,AMD,119.01,120.07,118.75,119.25,859888
2025-01-16 17:00:00+00:00,AMD,119.24,119.565,118.93,119.21,349693
2025-01-16 18:00:00+00:00,AMD,119.2,119.395,118.695,118.94,361651
2025-01-16 19:00:00+00:00,AMD,118.93,119.38,118.7,119.215,393811
2025-01-16 20:00:00+00:00,AMD,119.21,119.29,118.41,118.42,1008642
2025-01-16 21:00:00+00:00,AMD,118.41,118.55,118.18,118.35,1819318
2025-01-16 22:00:00+00:00,AMD,118.34,118.45,118.29,118.37,4288
2025-01-16 23:00:00+00:00,AMD,118.4,118.57,118.4,118.44,9278
2025-01-17 09:00:00+00:00,AMD,118.98,119.5,118.98,119.3,5471
2025-01-17 10:00:00+00:00,AMD,119.3,119.39,119.22,119.33,1970
2025-01-17 11:00:00+00:00,AMD,119.39,119.49,119.25,119.32,7887
2025-01-17 12:00:00+00:00,AMD,119.22,119.26,119.01,119.26,17211
2025-01-17 13:00:00+00:00,AMD,119.22,119.84,119.0,119.75,45987
2025-01-17 14:00:00+00:00,AMD,119.79,122.73,119.75,121.18,3308475
2025-01-17 15:00:00+00:00,AMD,121.19,121.67,120.73,121.36,1006965
2025-01-17 16:00:00+00:00,AMD,121.36,121.89,120.81,121.13,759557
2025-01-17 17:00:00+00:00,AMD,121.13,121.49,120.985,121.13,365809
2025-01-17 18:00:00+00:00,AMD,121.12,121.54,120.97,121.18,354852
2025-01-17 19:00:00+00:00,AMD,121.18,121.47,121.04,121.3,307166
2025-01-17 20:00:00+00:00,AMD,121.29,121.72,120.94,121.46,1118731
2025-01-17 21:00:00+00:00,AMD,121.46,121.58,121.36,121.47,1962473
2025-01-17 22:00:00+00:00,AMD,121.46,121.53,121.35,121.35,6445
2025-01-17 23:00:00+00:00,AMD,121.31,121.7,121.26,121.61,3103
2025-01-21 09:00:00+00:00,AMD,122.22,122.8,122.15,122.6,15362
2025-01-21 10:00:00+00:00,AMD,122.66,122.71,122.4,122.51,12387
2025-01-21 11:00:00+00:00,AMD,122.55,122.6,122.38,122.55,4657
2025-01-21 12:00:00+00:00,AMD,122.5,122.53,122.06,122.13,31556
2025-01-21 13:00:00+00:00,AMD,122.15,122.67,121.88,122.51,23601
2025-01-21 14:00:00+00:00,AMD,122.57,123.46,121.23,122.18,1629846
2025-01-21 15:00:00+00:00,AMD,122.2,122.26,121.12,122.18,779466
2025-01-21 16:00:00+00:00,AMD,122.17,123.0,121.92,122.96,555885
2025-01-21 17:00:00+00:00,AMD,122.96,123.41,122.57,123.41,465462
2025-01-21 18:00:00+00:00,AMD,123.4,123.75,123.18,123.45,573796
2025-01-21 19:00:00+00:00,AMD,123.44,123.5,122.8,122.95,412729
2025-01-21 20:00:00+00:00,AMD,122.94,123.05,122.21,122.27,996335
2025-01-21 21:00:00+00:00,AMD,122.27,122.6,122.27,122.5,2429927
2025-01-21 22:00:00+00:00,AMD,122.53,123.2,122.5,123.0,24788
2025-01-21 23:00:00+00:00,AMD,122.81,122.81,122.47,122.7,7070
2025-01-22 09:00:00+00:00,AMD,119.2,123.65,119.2,123.54,14869
2025-01-22 10:00:00+00:00,AMD,123.55,123.69,123.27,123.37,11995
2025-01-22 11:00:00+00:00,AMD,123.41,123.62,123.3,123.33,6160
2025-01-22 12:00:00+00:00,AMD,123.36,123.81,123.31,123.71,23231
2025-01-22 13:00:00+00:00,AMD,123.71,123.8,123.53,123.63,37410
2025-01-22 14:00:00+00:00,AMD,123.64,124.18,121.92,123.73,1552698
2025-01-22 15:00:00+00:00,AMD,123.74,124.41,123.57,124.16,902094
2025-01-22 16:00:00+00:00,AMD,124.16,125.64,124.08,124.58,1001794
2025-01-22 17:00:00+00:00,AMD,124.58,124.67,123.69,123.81,611210
2025-01-22 18:00:00+00:00,AMD,123.8,124.11,123.29,123.99,487034
2025-01-22 19:00:00+00:00,AMD,124.0,124.035,123.17,123.72,465960
2025-01-22 20:00:00+00:00,AMD,123.715,123.96,123.49,123.68,940034
2025-01-22 21:00:00+00:00,AMD,123.75,123.78,123.43,123.49,2019682
2025-01-22 22:00:00+00:00,AMD,123.54,123.61,123.38,123.48,11340
2025-01-22 23:00:00+00:00,AMD,123.45,123.45,123.18,123.31,2954
2025-01-23 09:00:00+00:00,AMD,122.6,126.78,122.26,122.54,11477
2025-01-23 10:00:00+00:00,AMD,122.63,122.64,122.32,122.38,8091
2025-01-23 11:00:00+00:00,AMD,122.38,122.76,122.38,122.75,5643
2025-01-23 12:00:00+00:00,AMD,122.66,122.66,122.12,122.22,14851
2025-01-23 13:00:00+00:00,AMD,122.16,122.51,122.14,122.43,16129
2025-01-23 14:00:00+00:00,AMD,122.43,122.67,120.64,122.67,1348673
2025-01-23 15:00:00+00:00,AMD,122.65,123.22,122.32,123.18,667677
2025-01-23 16:00:00+00:00,AMD,123.19,123.71,122.82,123.4,618733
2025-01-23 17:00:00+00:00,AMD,123.39,123.51,123.055,123.39,334926
2025-01-23 18:00:00+00:00,AMD,123.39,123.69,123.26,123.42,278655
2025-01-23 19:00:00+00:00,AMD,123.42,123.48,123.04,123.12,231198
2025-01-23 20:00:00+00:00,AMD,123.11,123.35,122.83,123.04,1122385
2025-01-23 21:00:00+00:00,AMD,123.02,123.04,122.71,122.89,1323766
2025-01-23 22:00:00+00:00,AMD,122.86,122.88,122.71,122.74,5656
2025-01-23 23:00:00+00:00,AMD,122.7,122.83,122.64,122.83,5379
2025-01-24 09:00:00+00:00,AMD,122.79,124.75,122.79,124.25,37128
2025-01-24 10:00:00+00:00,AMD,124.29,124.5,123.88,124.14,6750
2025-01-24 11:00:00+00:00,AMD,124.15,124.19,123.62,123.85,14832
2025-01-24 12:00:00+00:00,AMD,123.75,124.36,123.47,123.9,20414
2025-01-24 13:00:00+00:00,AMD,123.95,123.99,123.51,123.88,13606
2025-01-24 14:00:00+00:00,AMD,123.91,125.24,123.17,123.56,1241387
2025-01-24 15:00:00+00:00,AMD,123.56,124.13,122.77,123.78,806660
2025-01-24 16:00:00+00:00,AMD,123.79,125.14,123.63,123.92,789796
2025-01-24 17:00:00+00:00,AMD,123.91,124.2,122.87,123.02,461732
2025-01-24 18:00:00+00:00,AMD,123.01,124.02,122.46,122.73,1024787
2025-01-24 19:00:00+00:00,AMD,122.73,122.89,122.36,122.65,404802
2025-01-24 20:00:00+00:00,AMD,122.64,122.95,122.23,122.87,788749
2025-01-24 21:00:00+00:00,AMD,122.84,123.0,122.72,122.98,2133318
2025-01-24 22:00:00+00:00,AMD,122.97,122.99,122.8,122.89,6705
2025-01-24 23:00:00+00:00,AMD,122.9,122.91,122.78,122.79,1701
2025-01-27 09:00:00+00:00,AMD,122.85,122.85,116.34,117.17,199871
2025-01-27 10:00:00+00:00,AMD,117.05,117.91,114.99,115.25,162757
2025-01-27 11:00:00+00:00,AMD,115.25,117.16,114.5,116.97,257267
2025-01-27 12:00:00+00:00,AMD,117.08,118.77,117.0,118.02,191659
2025-01-27 13:00:00+00:00,AMD,118.05,118.64,117.43,118.09,182314
2025-01-27 14:00:00+00:00,AMD,118.02,118.4,115.55,117.59,2948355
2025-01-27 15:00:00+00:00,AMD,117.585,118.04,116.32,116.36,1477130
2025-01-27 16:00:00+00:00,AMD,116.39,116.55,114.83,115.13,1564354
2025-01-27 17:00:00+00:00,AMD,115.13,116.05,114.57,114.66,977591
2025-01-27 18:00:00+00:00,AMD,114.66,115.38,113.62,113.62,1191849
2025-01-27 19:00:00+00:00,AMD,113.625,114.23,112.8,113.21,1297882
2025-01-27 20:00:00+00:00,AMD,113.21,115.11,113.18,115.06,2006138
2025-01-27 21:00:00+00:00,AMD,115.01,115.84,115.0,115.64,4853050
2025-01-27 22:00:00+00:00,AMD,115.64,116.23,115.54,116.19,14842
2025-01-27 23:00:00+00:00,AMD,116.14,116.2,115.55,115.65,17362
2025-01-28 09:00:00+00:00,AMD,117.09,117.46,116.4,116.91,37518
2025-01-28 10:00:00+00:00,AMD,116.92,117.2,116.78,116.9,11000
2025-01-28 11:00:00+00:00,AMD,116.9,117.23,115.01,115.05,54278
2025-01-28 12:00:00+00:00,AMD,115.26,115.5,114.2,114.71,74625
2025-01-28 13:00:00+00:00,AMD,114.75,115.5,114.5,115.33,33702
2025-01-28 14:00:00+00:00,AMD,115.28,116.15,112.95,113.23,1691794
2025-01-28 15:00:00+00:00,AMD,113.22,114.93,113.1,114.03,1125144
2025-01-28 16:00:00+00:00,AMD,114.03,114.21,113.22,113.78,712814
2025-01-28 17:00:00+00:00,AMD,113.77,114.86,113.755,114.34,633678
2025-01-28 18:00:00+00:00,AMD,114.35,114.88,114.05,114.405,472053
2025-01-28 19:00:00+00:00,AMD,114.41,115.19,114.13,114.92,647897
2025-01-28 20:00:00+00:00,AMD,114.92,114.97,113.76,114.13,1558283
2025-01-28 21:00:00+00:00,AMD,114.13,114.38,113.95,114.05,4194656
2025-01-28 22:00:00+00:00,AMD,114.07,114.11,113.85,114.04,8411
2025-01-28 23:00:00+00:00,AMD,114.01,114.22,114.0,114.17,4620
2025-01-29 09:00:00+00:00,AMD,111.27,116.45,111.27,116.07,29419
2025-01-29 10:00:00+00:00,AMD,116.1,116.1,115.72,115.94,7853
2025-01-29 11:00:00+00:00,AMD,115.93,116.01,115.6,115.75,10455
2025-01-29 12:00:00+00:00,AMD,115.65,115.88,115.31,115.68,14147
2025-01-29 13:00:00+00:00,AMD,115.64,115.75,115.01,115.5,28918
2025-01-29 14:00:00+00:00,AMD,115.53,116.36,114.97,116.32,1285624
2025-01-29 15:00:00+00:00,AMD,116.31,117.67,116.06,116.45,1355498
2025-01-29 16:00:00+00:00,AMD,116.47,116.86,115.96,116.85,637070
2025-01-29 17:00:00+00:00,AMD,116.85,118.51,116.83,117.74,940341
2025-01-29 18:00:00+00:00,AMD,117.75,117.87,116.32,117.21,700588
2025-01-29 19:00:00+00:00,AMD,117.21,118.48,116.58,118.16,764053
2025-01-29 20:00:00+00:00,AMD,118.16,118.22,116.82,117.41,1231168
2025-01-29 21:00:00+00:00,AMD,117.35,117.9,117.0,117.76,1587681
2025-01-29 22:00:00+00:00,AMD,117.73,118.08,117.5,117.79,14837
2025-01-29 23:00:00+00:00,AMD,117.75,117.75,116.53,117.14,24627
2025-01-30 09:00:00+00:00,AMD,118.31,118.57,117.97,118.07,13190
2025-01-30 10:00:00+00:00,AMD,118.0,118.46,117.99,118.34,10178
2025-01-30 11:00:00+00:00,AMD,118.39,118.8,118.37,118.65,19556
2025-01-30 12:00:00+00:00,AMD,118.65,118.65,118.02,118.29,21245
2025-01-30 13:00:00+00:00,AMD,118.29,118.52,117.95,118.48,29925
2025-01-30 14:00:00+00:00,AMD,118.46,120.43,118.26,119.1,1347698
2025-01-30 15:00:00+00:00,AMD,119.09,119.27,117.51,117.67,822204
2025-01-30 16:00:00+00:00,AMD,117.66,118.69,117.09,118.6,540568
2025-01-30 17:00:00+00:00,AMD,118.61,118.62,117.91,118.35,273198
2025-01-30 18:00:00+00:00,AMD,118.34,119.02,118.08,118.89,394717
2025-01-30 19:00:00+00:00,AMD,118.9,118.9,118.44,118.81,470126
2025-01-30 20:00:00+00:00,AMD,118.81,119.1,117.84,118.88,1105118
2025-01-30 21:00:00+00:00,AMD,118.87,118.9,118.3,118.34,2006774
2025-01-30 22:00:00+00:00,AMD,118.34,118.69,118.2,118.55,8813
2025-01-30 23:00:00+00:00,AMD,118.55,118.78,118.55,118.78,3462
2025-01-31 09:00:00+00:00,AMD,119.0,119.95,119.0,119.81,10853
2025-01-31 10:00:00+00:00,AMD,119.87,119.87,119.52,119.62,5011
2025-01-31 11:00:00+00:00,AMD,119.69,119.78,119.39,119.58,5755
2025-01-31 12:00:00+00:00,AMD,119.56,119.59,119.39,119.56,4819
2025-01-31 13:00:00+00:00,AMD,119.57,120.19,119.5,120.11,22511
2025-01-31 14:00:00+00:00,AMD,120.09,120.13,117.54,118.26,1547270
2025-01-31 15:00:00+00:00,AMD,118.27,119.45,117.98,118.88,1493808
2025-01-31 16:00:00+00:00,AMD,118.89,119.37,117.24,118.06,1366791
2025-01-31 17:00:00+00:00,AMD,118.07,118.23,117.6,117.87,693508
2025-01-31 18:00:00+00:00,AMD,117.87,118.26,116.47,116.92,923167
2025-01-31 19:00:00+00:00,AMD,116.92,117.01,115.59,116.36,922187
2025-01-31 20:00:00+00:00,AMD,116.36,116.4,115.335,115.89,1744058
2025-01-31 21:00:00+00:00,AMD,115.95,116.05,115.63,116.0,3449233
2025-01-31 22:00:00+00:00,AMD,116.04,116.11,115.85,115.9,21828
2025-01-31 23:00:00+00:00,AMD,115.91,115.95,115.82,115.91,1538
2025-02-03 09:00:00+00:00,AMD,112.97,114.4,112.97,113.69,33484
2025-02-03 10:00:00+00:00,AMD,113.66,114.34,113.46,113.92,14576
2025-02-03 11:00:00+00:00,AMD,114.0,114.19,113.37,113.58,23014
2025-02-03 12:00:00+00:00,AMD,113.62,113.74,112.85,113.23,52809
2025-02-03 13:00:00+00:00,AMD,113.3,113.49,113.19,113.3,29652
2025-02-03 14:00:00+00:00,AMD,113.32,114.47,112.97,114.04,1546294
2025-02-03 15:00:00+00:00,AMD,114.0,115.16,113.35,114.85,1122695
2025-02-03 16:00:00+00:00,AMD,114.83,114.95,113.83,113.87,583705
2025-02-03 17:00:00+00:00,AMD,113.885,114.24,113.08,113.39,556486
2025-02-03 18:00:00+00:00,AMD,113.39,114.29,113.05,114.28,505482
2025-02-03 19:00:00+00:00,AMD,114.27,114.74,114.25,114.39,410496
2025-02-03 20:00:00+00:00,AMD,114.4,114.61,114.2,114.24,899127
2025-02-03 21:00:00+00:00,AMD,114.27,115.67,114.2,115.48,3083918
2025-02-03 22:00:00+00:00,AMD,115.52,116.18,115.5,116.08,19775
2025-02-03 23:00:00+00:00,AMD,116.08,116.45,115.82,116.4,20973
2025-02-04 09:00:00+00:00,AMD,115.35,115.74,115.02,115.45,29153
2025-02-04 10:00:00+00:00,AMD,115.44,115.99,115.4,115.97,16851
2025-02-04 11:00:00+00:00,AMD,115.96,115.98,115.57,115.71,17397
2025-02-04 12:00:00+00:00,AMD,115.72,116.16,115.43,116.02,27493
2025-02-04 13:00:00+00:00,AMD,115.92,116.0,115.35,115.46,35483
2025-02-04 14:00:00+00:00,AMD,115.49,116.52,114.78,115.84,1476627
2025-02-04 15:00:00+00:00,AMD,115.82,117.785,115.82,116.965,1214411
2025-02-04 16:00:00+00:00,AMD,116.97,118.32,116.88,117.99,969981
2025-02-04 17:00:00+00:00,AMD,117.985,117.985,116.89,117.72,876171
2025-02-04 18:00:00+00:00,AMD,117.7,118.51,117.36,118.45,848496
2025-02-04 19:00:00+00:00,AMD,118.45,118.96,118.26,118.41,1008984
2025-02-04 20:00:00+00:00,AMD,118.44,119.64,118.33,119.64,2147847
2025-02-04 21:00:00+00:00,AMD,119.65,126.04,112.12,113.9,4829681
2025-02-04 22:00:00+00:00,AMD,113.86,115.4,107.8,109.39,1788423
2025-02-04 23:00:00+00:00,AMD,109.39,109.52,106.47,109.05,681509
2025-02-05 09:00:00+00:00,AMD,112.22,112.22,108.09,109.42,122930
2025-02-05 10:00:00+00:00,AMD,109.42,109.85,109.04,109.68,127603
2025-02-05 11:00:00+00:00,AMD,109.68,109.72,108.61,109.09,139867
2025-02-05 12:00:00+00:00,AMD,109.11,109.29,107.6,107.89,367425
2025-02-05 13:00:00+00:00,AMD,107.91,108.27,107.16,107.6,420368
2025-02-05 14:00:00+00:00,AMD,107.65,108.73,106.5,108.06,6687794
2025-02-05 15:00:00+00:00,AMD,108.1,108.69,106.75,108.54,3871502
2025-02-05 16:00:00+00:00,AMD,108.54,110.24,107.96,110.14,2745278
2025-02-05 17:00:00+00:00,AMD,110.13,111.71,110.09,110.95,2299798
2025-02-05 18:00:00+00:00,AMD,110.96,111.35,109.45,110.46,1453285
2025-02-05 19:00:00+00:00,AMD,110.445,110.95,110.12,110.37,872796
2025-02-05 20:00:00+00:00,AMD,110.37,112.09,110.34,112.01,2760254
2025-02-05 21:00:00+00:00,AMD,112.0,112.09,110.93,111.14,4013548
2025-02-05 22:00:00+00:00,AMD,111.19,111.33,111.03,111.04,18102
2025-02-05 23:00:00+00:00,AMD,111.05,111.05,110.71,110.73,13940
2025-02-06 09:00:00+00:00,AMD,111.47,111.47,110.35,111.01,42212
2025-02-06 10:00:00+00:00,AMD,111.08,111.21,110.8,110.89,45398
2025-02-06 11:00:00+00:00,AMD,110.9,110.9,110.6,110.67,27755
2025-02-06 12:00:00+00:00,AMD,110.66,111.38,110.65,111.35,31049
2025-02-06 13:00:00+00:00,AMD,111.38,111.38,111.05,111.18,32535
2025-02-06 14:00:00+00:00,AMD,111.2,112.56,110.015,110.09,1913931
2025-02-06 15:00:00+00:00,AMD,110.09,110.73,109.025,109.65,1537614
2025-02-06 16:00:00+00:00,AMD,109.66,110.385,109.51,109.71,902083
2025-02-06 17:00:00+00:00,AMD,109.72,110.35,109.51,110.04,720163
2025-02-06 18:00:00+00:00,AMD,110.04,110.55,110.04,110.38,589269
2025-02-06 19:00:00+00:00,AMD,110.37,111.08,109.665,109.73,935162
2025-02-06 20:00:00+00:00,AMD,109.73,110.15,109.405,110.14,1792428
2025-02-06 21:00:00+00:00,AMD,110.16,110.16,109.51,109.53,2318831
2025-02-06 22:00:00+00:00,AMD,109.53,109.7,109.28,109.45,38364
2025-02-06 23:00:00+00:00,AMD,109.45,109.71,109.45,109.63,3309
2025-02-07 09:00:00+00:00,AMD,109.47,109.74,109.3,109.3,8662
2025-02-07 10:00:00+00:00,AMD,109.24,109.29,109.1,109.2,8668
2025-02-07 11:00:00+00:00,AMD,109.18,109.48,109.11,109.41,8055
2025-02-07 12:00:00+00:00,AMD,109.37,109.7,109.35,109.52,11485
2025-02-07 13:00:00+00:00,AMD,109.56,109.91,109.32,109.63,32949
2025-02-07 14:00:00+00:00,AMD,109.6,109.92,108.68,109.21,1401417
2025-02-07 15:00:00+00:00,AMD,109.2,109.2,106.8,107.72,2092996
2025-02-07 16:00:00+00:00,AMD,107.72,108.44,107.22,107.43,855334
2025-02-07 17:00:00+00:00,AMD,107.41,108.04,107.04,107.54,538837
2025-02-07 18:00:00+00:00,AMD,107.54,108.38,107.52,107.77,530543
2025-02-07 19:00:00+00:00,AMD,107.75,107.89,107.39,107.49,406614
2025-02-07 20:00:00+00:00,AMD,107.48,107.74,107.1,107.52,1418305
2025-02-07 21:00:00+00:00,AMD,107.56,107.56,107.25,107.29,2404162
2025-02-07 22:00:00+00:00,AMD,107.28,107.29,107.07,107.19,7121
2025-02-07 23:00:00+00:00,AMD,107.21,107.25,107.11,107.12,5605
2025-02-10 09:00:00+00:00,AMD,108.03,108.5,107.95,108.4,27826
2025-02-10 10:00:00+00:00,AMD,108.4,108.47,108.27,108.32,6353
2025-02-10 11:00:00+00:00,AMD,108.34,108.34,107.92,108.26,15442
2025-02-10 12:00:00+00:00,AMD,108.22,108.3,107.97,108.16,17691
2025-02-10 13:00:00+00:00,AMD,108.16,108.44,108.03,108.4,17004
2025-02-10 14:00:00+00:00,AMD,108.39,109.97,107.96,109.15,1576551
2025-02-10 15:00:00+00:00,AMD,109.16,110.61,109.02,110.27,1369304
2025-02-10 16:00:00+00:00,AMD,110.28,111.24,110.25,111.15,894949
2025-02-10 17:00:00+00:00,AMD,111.15,111.39,110.74,111.31,530698
2025-02-10 18:00:00+00:00,AMD,111.3,111.3,110.505,110.64,461025
2025-02-10 19:00:00+00:00,AMD,110.63,110.86,110.34,110.755,449691
2025-02-10 20:00:00+00:00,AMD,110.74,110.9,110.36,110.47,1043140
2025-02-10 21:00:00+00:00,AMD,110.48,110.6,110.25,110.39,1770994
2025-02-10 22:00:00+00:00,AMD,110.34,110.47,110.27,110.42,5987
2025-02-10 23:00:00+00:00,AMD,110.39,110.4,110.2,110.21,9522
2025-02-11 09:00:00+00:00,AMD,110.0,110.1,109.3,109.56,17435
2025-02-11 10:00:00+00:00,AMD,109.56,109.74,109.5,109.73,5080
2025-02-11 11:00:00+00:00,AMD,109.72,109.98,109.65,109.95,7415
2025-02-11 12:00:00+00:00,AMD,109.98,109.99,109.59,109.81,16411
2025-02-11 13:00:00+00:00,AMD,109.79,109.92,109.12,109.14,27739
2025-02-11 14:00:00+00:00,AMD,109.14,111.35,108.89,110.79,849192
2025-02-11 15:00:00+00:00,AMD,110.79,111.93,110.53,111.89,694265
2025-02-11 16:00:00+00:00,AMD,111.89,113.07,111.89,112.24,880440
2025-02-11 17:00:00+00:00,AMD,112.23,112.23,110.8,110.87,856074
2025-02-11 18:00:00+00:00,AMD,110.86,111.51,110.79,111.23,374830
2025-02-11 19:00:00+00:00,AMD,111.23,111.72,111.2,111.31,333951
2025-02-11 20:00:00+00:00,AMD,111.31,111.48,110.81,111.12,637557
2025-02-11 21:00:00+00:00,AMD,111.1,111.16,110.98,111.16,1754550
2025-02-11 22:00:00+00:00,AMD,111.2,111.49,111.11,111.4,11358
2025-02-11 23:00:00+00:00,AMD,111.4,111.5,111.29,111.5,6179
2025-02-12 09:00:00+00:00,AMD,111.59,111.59,111.12,111.26,13048
2025-02-12 10:00:00+00:00,AMD,111.23,111.4,111.18,111.4,4878
2025-02-12 11:00:00+00:00,AMD,111.4,111.88,111.37,111.69,9095
2025-02-12 12:00:00+00:00,AMD,111.69,111.69,111.2,111.58,22166
2025-02-12 13:00:00+00:00,AMD,111.58,111.76,109.27,109.86,134029
2025-02-12 14:00:00+00:00,AMD,109.83,110.56,109.07,110.12,1022875
2025-02-12 15:00:00+00:00,AMD,110.11,111.2,109.56,110.41,727566
2025-02-12 16:00:00+00:00,AMD,110.4,110.56,109.67,110.48,477674
2025-02-12 17:00:00+00:00,AMD,110.46,110.73,110.21,110.61,385888
2025-02-12 18:00:00+00:00,AMD,110.61,110.85,110.45,110.72,204782
2025-02-12 19:00:00+00:00,AMD,110.73,111.83,110.43,111.37,431381
2025-02-12 20:00:00+00:00,AMD,111.39,111.77,111.22,111.7,794588
2025-02-12 21:00:00+00:00,AMD,111.72,111.99,111.43,111.74,1281440
2025-02-12 22:00:00+00:00,AMD,111.74,111.74,111.39,111.5,2810
2025-02-12 23:00:00+00:00,AMD,111.57,111.75,111.25,111.75,3361
2025-02-13 09:00:00+00:00,AMD,111.58,112.4,111.31,112.24,10042
2025-02-13 10:00:00+00:00,AMD,112.25,112.28,112.07,112.12,6812
2025-02-13 11:00:00+00:00,AMD,112.16,112.5,112.0,112.23,18942
2025-02-13 12:00:00+00:00,AMD,112.21,112.69,112.05,112.67,28382
2025-02-13 13:00:00+00:00,AMD,112.66,113.0,112.27,112.82,45629
2025-02-13 14:00:00+00:00,AMD,112.82,114.04,111.17,113.83,1487740
2025-02-13 15:00:00+00:00,AMD,113.82,114.6,113.17,113.4,1162206
2025-02-13 16:00:00+00:00,AMD,113.405,113.76,112.62,112.79,667263
2025-02-13 17:00:00+00:00,AMD,112.79,113.11,112.37,112.55,464073
2025-02-13 18:00:00+00:00,AMD,112.56,112.56,110.4,111.28,1497803
2025-02-13 19:00:00+00:00,AMD,111.28,111.8,111.04,111.49,682858
2025-02-13 20:00:00+00:00,AMD,111.49,111.91,111.19,111.79,1133225
2025-02-13 21:00:00+00:00,AMD,111.81,111.81,111.36,111.48,1552406
2025-02-13 22:00:00+00:00,AMD,111.49,111.61,111.39,111.46,4229
2025-02-13 23:00:00+00:00,AMD,111.47,111.7,111.41,111.6,2320
2025-02-14 09:00:00+00:00,AMD,112.25,113.22,112.1,112.91,35159
2025-02-14 10:00:00+00:00,AMD,112.88,112.94,112.21,112.6,20239
2025-02-14 11:00:00+00:00,AMD,112.65,112.65,112.01,112.16,9037
2025-02-14 12:00:00+00:00,AMD,112.22,112.22,111.89,112.19,14106
2025-02-14 13:00:00+00:00,AMD,112.19,112.35,112.12,112.28,16446
2025-02-14 14:00:00+00:00,AMD,112.29,114.62,112.13,114.19,1740631
2025-02-14 15:00:00+00:00,AMD,114.19,114.41,113.08,113.29,1004606
2025-02-14 16:00:00+00:00,AMD,113.28,113.44,112.45,112.965,618118
2025-02-14 17:00:00+00:00,AMD,112.96,113.22,111.7,112.71,780450
2025-02-14 18:00:00+00:00,AMD,112.7,112.9,112.48,112.53,318014
2025-02-14 19:00:00+00:00,AMD,112.52,112.86,112.47,112.85,313862
2025-02-14 20:00:00+00:00,AMD,112.83,113.25,112.69,113.11,1197667
2025-02-14 21:00:00+00:00,AMD,113.1,113.16,112.9,112.97,1652925
2025-02-14 22:00:00+00:00,AMD,112.97,113.09,112.97,113.06,8317
2025-02-14 23:00:00+00:00,AMD,113.06,113.06,112.93,112.98,3869
2025-02-18 09:00:00+00:00,AMD,113.63,114.05,113.44,113.7,15704
2025-02-18 10:00:00+00:00,AMD,113.72,113.94,113.67,113.91,6838
2025-02-18 11:00:00+00:00,AMD,113.91,113.92,113.74,113.79,10573
2025-02-18 12:00:00+00:00,AMD,113.76,114.31,113.68,114.27,24016
2025-02-18 13:00:00+00:00,AMD,114.27,114.27,113.93,114.19,17849
2025-02-18 14:00:00+00:00,AMD,114.17,115.55,113.45,114.18,1661519
2025-02-18 15:00:00+00:00,AMD,114.2,114.36,113.62,113.98,1040182
2025-02-18 16:00:00+00:00,AMD,113.98,114.58,113.85,114.09,698266
2025-02-18 17:00:00+00:00,AMD,114.09,114.19,113.68,113.97,493283
2025-02-18 18:00:00+00:00,AMD,113.96,114.14,113.785,114.05,356122
2025-02-18 19:00:00+00:00,AMD,114.05,114.505,113.635,114.13,641473
2025-02-18 20:00:00+00:00,AMD,114.14,114.34,113.475,114.25,1737800
2025-02-18 21:00:00+00:00,AMD,114.28,114.28,114.04,114.2,1984061
2025-02-18 22:00:00+00:00,AMD,114.2,114.23,114.03,114.22,14169
2025-02-18 23:00:00+00:00,AMD,114.23,114.38,114.16,114.31,3283
2025-02-19 09:00:00+00:00,AMD,114.93,115.5,114.88,115.25,21966
2025-02-19 10:00:00+00:00,AMD,115.25,115.25,114.79,115.09,16575
2025-02-19 11:00:00+00:00,AMD,115.03,115.19,114.79,114.87,14209
2025-02-19 12:00:00+00:00,AMD,114.84,115.19,114.82,115.11,18214
2025-02-19 13:00:00+00:00,AMD,115.1,115.22,114.75,114.93,24182
2025-02-19 14:00:00+00:00,AMD,114.92,115.14,113.14,113.73,1440514
2025-02-19 15:00:00+00:00,AMD,113.73,116.11,113.61,115.1,1262743
2025-02-19 16:00:00+00:00,AMD,115.1,115.5,114.88,115.15,641674
2025-02-19 17:00:00+00:00,AMD,115.14,115.14,114.6,114.87,282288
2025-02-19 18:00:00+00:00,AMD,114.88,114.9,114.32,114.78,281627
2025-02-19 19:00:00+00:00,AMD,114.8,115.43,114.76,115.27,310090
2025-02-19 20:00:00+00:00,AMD,115.26,115.285,114.37,114.665,783532
2025-02-19 21:00:00+00:00,AMD,114.66,114.75,114.47,114.55,1895426
2025-02-19 22:00:00+00:00,AMD,114.51,114.58,114.45,114.57,4030
2025-02-19 23:00:00+00:00,AMD,114.52,114.64,114.46,114.46,3877
2025-02-20 09:00:00+00:00,AMD,114.51,114.59,114.09,114.48,4345
2025-02-20 10:00:00+00:00,AMD,114.43,114.6,114.43,114.5,3979
2025-02-20 11:00:00+00:00,AMD,114.47,114.59,114.22,114.32,4332
2025-02-20 12:00:00+00:00,AMD,114.33,115.07,114.33,114.96,9269
2025-02-20 13:00:00+00:00,AMD,114.95,115.1,114.75,115.04,15673
2025-02-20 14:00:00+00:00,AMD,115.06,116.54,114.16,114.21,1614404
2025-02-20 15:00:00+00:00,AMD,114.21,114.98,113.125,113.22,1033213
2025-02-20 16:00:00+00:00,AMD,113.225,113.94,113.105,113.5,589040
2025-02-20 17:00:00+00:00,AMD,113.48,113.97,113.42,113.49,364645
2025-02-20 18:00:00+00:00,AMD,113.49,113.76,113.38,113.72,309320
2025-02-20 19:00:00+00:00,AMD,113.72,114.145,113.63,113.95,436018
2025-02-20 20:00:00+00:00,AMD,113.94,114.19,113.48,114.15,900094
2025-02-20 21:00:00+00:00,AMD,114.17,114.17,113.86,113.91,1729554
2025-02-20 22:00:00+00:00,AMD,113.93,114.01,113.91,113.92,4676
2025-02-20 23:00:00+00:00,AMD,113.96,114.05,113.95,114.0,3792
2025-02-21 09:00:00+00:00,AMD,114.01,114.29,113.94,114.2,4942
2025-02-21 10:00:00+00:00,AMD,114.25,114.61,114.01,114.43,14058
2025-02-21 11:00:00+00:00,AMD,114.45,114.58,114.08,114.3,12400
2025-02-21 12:00:00+00:00,AMD,114.23,114.59,114.2,114.55,26364
2025-02-21 13:00:00+00:00,AMD,114.52,114.88,114.47,114.85,15899
2025-02-21 14:00:00+00:00,AMD,114.82,115.76,114.48,115.11,1319440
2025-02-21 15:00:00+00:00,AMD,115.12,115.29,113.01,113.32,863213
2025-02-21 16:00:00+00:00,AMD,113.32,113.45,112.62,112.95,743376
2025-02-21 17:00:00+00:00,AMD,112.94,113.0,111.55,111.75,580230
2025-02-21 18:00:00+00:00,AMD,111.75,112.4,111.23,111.38,769810
2025-02-21 19:00:00+00:00,AMD,111.38,111.55,110.43,110.69,800736
2025-02-21 20:00:00+00:00,AMD,110.68,111.395,110.54,110.79,1889809
2025-02-21 21:00:00+00:00,AMD,110.84,111.0,110.54,110.9,2538569
2025-02-21 22:00:00+00:00,AMD,110.9,111.05,110.8,111.03,12291
2025-02-21 23:00:00+00:00,AMD,111.07,111.08,110.9,110.96,4722
2025-02-24 09:00:00+00:00,AMD,111.43,111.97,111.24,111.9,15090
2025-02-24 10:00:00+00:00,AMD,111.91,111.94,111.65,111.71,8136
2025-02-24 11:00:00+00:00,AMD,111.65,111.98,111.65,111.68,4069
2025-02-24 12:00:00+00:00,AMD,111.82,111.82,111.19,111.58,13256
2025-02-24 13:00:00+00:00,AMD,111.54,111.85,111.41,111.64,14838
2025-02-24 14:00:00+00:00,AMD,111.68,111.68,108.93,108.96,1294825
2025-02-24 15:00:00+00:00,AMD,108.96,109.65,108.16,108.68,1089696
2025-02-24 16:00:00+00:00,AMD,108.7,109.93,108.56,109.53,656291
2025-02-24 17:00:00+00:00,AMD,109.54,110.04,109.48,109.7,344536
2025-02-24 18:00:00+00:00,AMD,109.69,110.07,109.45,109.54,244932
2025-02-24 19:00:00+00:00,AMD,109.53,109.77,109.12,109.17,271068
2025-02-24 20:00:00+00:00,AMD,109.18,109.33,107.98,108.13,1268578
2025-02-24 21:00:00+00:00,AMD,108.11,108.35,108.0,108.35,3240756
2025-02-24 22:00:00+00:00,AMD,108.34,108.37,108.2,108.29,3723
2025-02-24 23:00:00+00:00,AMD,108.27,108.4,107.9,107.95,24663
2025-02-25 09:00:00+00:00,AMD,107.05,107.62,106.68,107.1,15401
2025-02-25 10:00:00+00:00,AMD,107.1,107.28,106.87,106.97,13790
2025-02-25 11:00:00+00:00,AMD,106.99,107.65,106.99,107.61,11517
2025-02-25 12:00:00+00:00,AMD,107.64,108.27,107.58,108.27,10941
2025-02-25 13:00:00+00:00,AMD,108.14,108.59,107.83,107.83,20378
2025-02-25 14:00:00+00:00,AMD,107.83,108.64,106.84,107.04,1004700
2025-02-25 15:00:00+00:00,AMD,107.06,107.075,105.05,106.06,1421016
2025-02-25 16:00:00+00:00,AMD,106.07,106.14,105.24,105.72,810737
2025-02-25 17:00:00+00:00,AMD,105.71,106.02,105.18,105.65,500035
2025-02-25 18:00:00+00:00,AMD,105.67,106.16,105.41,105.67,499400
2025-02-25 19:00:00+00:00,AMD,105.66,105.72,104.83,104.94,720786
2025-02-25 20:00:00+00:00,AMD,104.93,105.0,103.62,103.99,2087439
2025-02-25 21:00:00+00:00,AMD,104.0,104.26,103.69,104.15,3458344
2025-02-25 22:00:00+00:00,AMD,104.17,104.34,104.03,104.25,7938
2025-02-25 23:00:00+00:00,AMD,104.28,104.46,104.21,104.46,7108
2025-02-26 09:00:00+00:00,AMD,105.49,105.96,105.39,105.51,26378
2025-02-26 10:00:00+00:00,AMD,105.5,105.71,105.43,105.65,4285
2025-02-26 11:00:00+00:00,AMD,105.64,105.9,105.3,105.4,9440
2025-02-26 12:00:00+00:00,AMD,105.38,105.5,105.1,105.42,13797
2025-02-26 13:00:00+00:00,AMD,105.32,105.44,105.02,105.08,22475
2025-02-26 14:00:00+00:00,AMD,105.08,105.24,104.25,104.9,984329
2025-02-26 15:00:00+00:00,AMD,104.91,105.38,103.99,104.64,909878
2025-02-26 16:00:00+00:00,AMD,104.67,105.68,104.62,105.34,641470
2025-02-26 17:00:00+00:00,AMD,105.36,105.79,105.04,105.12,464107
2025-02-26 18:00:00+00:00,AMD,105.1,105.19,104.0,104.18,527735
2025-02-26 19:00:00+00:00,AMD,104.16,104.97,104.05,104.38,574108
2025-02-26 20:00:00+00:00,AMD,104.39,104.87,104.14,104.77,926741
2025-02-26 21:00:00+00:00,AMD,104.78,105.8,103.89,105.53,1922283
2025-02-26 22:00:00+00:00,AMD,105.5,105.6,105.0,105.0,17438
2025-02-26 23:00:00+00:00,AMD,104.88,105.02,104.64,104.88,4696
2025-02-27 09:00:00+00:00,AMD,105.46,105.66,105.05,105.58,14979
2025-02-27 10:00:00+00:00,AMD,105.58,105.99,105.55,105.8,13039
2025-02-27 11:00:00+00:00,AMD,105.82,105.95,105.71,105.88,6638
2025-02-27 12:00:00+00:00,AMD,105.88,106.4,105.84,106.26,25464
2025-02-27 13:00:00+00:00,AMD,106.26,106.55,105.68,105.93,53479
2025-02-27 14:00:00+00:00,AMD,105.85,106.29,103.33,103.44,1283996
2025-02-27 15:00:00+00:00,AMD,103.43,103.81,102.2,102.29,1006220
2025-02-27 16:00:00+00:00,AMD,102.29,103.02,102.12,102.3,683859
2025-02-27 17:00:00+00:00,AMD,102.31,102.68,101.89,102.33,436261
2025-02-27 18:00:00+00:00,AMD,102.33,102.945,102.26,102.71,364599
2025-02-27 19:00:00+00:00,AMD,102.71,102.82,100.91,101.21,793922
2025-02-27 20:00:00+00:00,AMD,101.22,101.25,99.5,99.51,2761670
2025-02-27 21:00:00+00:00,AMD,99.51,100.36,99.51,99.96,4186780
2025-02-27 22:00:00+00:00,AMD,99.97,100.0,99.7,99.93,15816
2025-02-27 23:00:00+00:00,AMD,99.95,100.14,99.88,100.09,15128
2025-02-28 09:00:00+00:00,AMD,100.13,100.25,99.6,100.08,9839
2025-02-28 10:00:00+00:00,AMD,100.09,100.22,100.0,100.12,6715
2025-02-28 11:00:00+00:00,AMD,100.12,100.54,100.04,100.39,27986
2025-02-28 12:00:00+00:00,AMD,100.36,100.4,99.07,99.39,72121
2025-02-28 13:00:00+00:00,AMD,99.4,100.15,98.88,99.91,87369
2025-02-28 14:00:00+00:00,AMD,99.91,100.42,98.76,100.17,1350262
2025-02-28 15:00:00+00:00,AMD,100.15,101.81,100.01,101.05,1332426
2025-02-28 16:00:00+00:00,AMD,101.05,101.1,100.14,100.58,549135
2025-02-28 17:00:00+00:00,AMD,100.56,100.745,99.07,99.08,729258
2025-02-28 18:00:00+00:00,AMD,99.07,99.695,98.69,98.82,721420
2025-02-28 19:00:00+00:00,AMD,98.81,100.08,98.78,100.02,675026
2025-02-28 20:00:00+00:00,AMD,100.01,100.33,99.26,99.92,2081422
2025-02-28 21:00:00+00:00,AMD,99.92,100.1,99.6,100.07,6262099
2025-02-28 22:00:00+00:00,AMD,100.02,100.06,99.85,99.88,4007
2025-02-28 23:00:00+00:00,AMD,99.88,99.99,99.86,99.97,1962
2025-03-03 09:00:00+00:00,AMD,100.84,101.14,100.54,101.14,15574
2025-03-03 10:00:00+00:00,AMD,101.17,101.2,100.84,101.01,5368
2025-03-03 11:00:00+00:00,AMD,101.0,101.58,100.91,101.28,15316
2025-03-03 12:00:00+00:00,AMD,101.25,101.38,101.0,101.15,21712
2025-03-03 13:00:00+00:00,AMD,101.16,101.29,100.74,101.06,19500
2025-03-03 14:00:00+00:00,AMD,101.05,102.33,99.67,99.83,1435602
2025-03-03 15:00:00+00:00,AMD,99.82,101.5,99.27,100.83,977611
2025-03-03 16:00:00+00:00,AMD,100.85,101.59,100.59,101.51,516578
2025-03-03 17:00:00+00:00,AMD,101.5,101.72,100.51,100.62,399998
2025-03-03 18:00:00+00:00,AMD,100.61,100.705,99.21,100.12,854016
2025-03-03 19:00:00+00:00,AMD,100.11,100.43,98.685,98.7,787598
2025-03-03 20:00:00+00:00,AMD,98.69,98.7,97.09,98.28,2553378
2025-03-03 21:00:00+00:00,AMD,98.29,98.83,98.03,98.3,3469319
2025-03-03 22:00:00+00:00,AMD,98.3,98.54,98.01,98.2,8968
2025-03-03 23:00:00+00:00,AMD,98.25,98.6,98.14,98.27,6824
2025-03-04 09:00:00+00:00,AMD,98.34,98.89,98.33,98.46,11112
2025-03-04 10:00:00+00:00,AMD,98.34,98.43,97.9,97.9,9420
2025-03-04 11:00:00+00:00,AMD,97.88,98.09,97.38,97.75,13416
2025-03-04 12:00:00+00:00,AMD,97.74,97.79,96.07,96.12,73067
2025-03-04 13:00:00+00:00,AMD,96.15,96.21,95.35,95.84,109325
2025-03-04 14:00:00+00:00,AMD,95.84,98.93,95.2,96.83,2164068
2025-03-04 15:00:00+00:00,AMD,96.82,97.32,95.89,96.93,1562288
2025-03-04 16:00:00+00:00,AMD,96.9,98.54,96.26,98.14,1053137
2025-03-04 17:00:00+00:00,AMD,98.14,99.82,97.99,99.2,886488
2025-03-04 18:00:00+00:00,AMD,99.21,100.68,99.09,100.38,955941
2025-03-04 19:00:00+00:00,AMD,100.42,102.24,100.32,102.085,1025530
2025-03-04 20:00:00+00:00,AMD,102.08,103.18,100.09,100.79,2048171
2025-03-04 21:00:00+00:00,AMD,100.75,102.01,100.75,101.4,4938546
2025-03-04 22:00:00+00:00,AMD,101.38,101.57,101.28,101.46,8794
2025-03-04 23:00:00+00:00,AMD,101.51,101.85,101.34,101.85,15186
2025-03-05 09:00:00+00:00,AMD,102.16,102.28,101.62,101.66,17629
2025-03-05 10:00:00+00:00,AMD,101.69,101.7,101.42,101.55,10660
2025-03-05 11:00:00+00:00,AMD,101.6,101.7,101.09,101.32,9276
2025-03-05 12:00:00+00:00,AMD,101.44,101.66,101.15,101.35,15646
2025-03-05 13:00:00+00:00,AMD,101.38,101.53,100.66,100.66,26101
2025-03-05 14:00:00+00:00,AMD,100.61,101.3,99.58,99.79,991789
2025-03-05 15:00:00+00:00,AMD,99.83,101.11,99.41,99.71,812596
2025-03-05 16:00:00+00:00,AMD,99.72,100.13,98.87,99.94,621519
2025-03-05 17:00:00+00:00,AMD,99.92,101.05,99.9,100.91,400070
2025-03-05 18:00:00+00:00,AMD,100.905,101.1,100.04,100.94,455365
2025-03-05 19:00:00+00:00,AMD,100.93,101.84,100.75,101.195,439307
2025-03-05 20:00:00+00:00,AMD,101.17,101.78,100.68,101.64,1275256
2025-03-05 21:00:00+00:00,AMD,101.67,101.67,100.94,101.3,2746051
2025-03-05 22:00:00+00:00,AMD,101.27,101.31,101.09,101.1,1696
2025-03-05 23:00:00+00:00,AMD,101.1,101.2,101.06,101.1,2677
2025-03-06 09:00:00+00:00,AMD,100.65,100.65,99.99,100.05,14316
2025-03-06 10:00:00+00:00,AMD,100.04,100.19,99.9,99.97,4189
2025-03-06 11:00:00+00:00,AMD,99.92,100.3,99.88,100.24,4698
2025-03-06 12:00:00+00:00,AMD,100.23,100.29,99.73,99.78,13249
2025-03-06 13:00:00+00:00,AMD,99.73,99.88,99.37,99.64,25052
2025-03-06 14:00:00+00:00,AMD,99.56,100.24,98.67,99.8,824371
2025-03-06 15:00:00+00:00,AMD,99.78,101.08,99.53,100.41,595323
2025-03-06 16:00:00+00:00,AMD,100.41,100.74,99.14,99.25,565413
2025-03-06 17:00:00+00:00,AMD,99.22,99.29,98.34,98.96,616268
2025-03-06 18:00:00+00:00,AMD,98.99,99.27,98.27,98.85,422529
2025-03-06 19:00:00+00:00,AMD,98.85,100.13,98.33,98.82,600166
2025-03-06 20:00:00+00:00,AMD,98.82,99.47,98.55,98.81,1121609
2025-03-06 21:00:00+00:00,AMD,98.81,99.7,98.8,99.23,2641255
2025-03-06 22:00:00+00:00,AMD,99.24,99.53,99.1,99.28,10469
2025-03-06 23:00:00+00:00,AMD,99.37,99.37,99.12,99.13,7393
2025-03-07 09:00:00+00:00,AMD,99.28,99.94,99.25,99.42,11611
2025-03-07 10:00:00+00:00,AMD,99.38,99.38,99.11,99.2,5183
2025-03-07 11:00:00+00:00,AMD,99.16,99.49,99.15,99.3,4560
2025-03-07 12:00:00+00:00,AMD,99.1,99.22,98.87,99.0,7406
2025-03-07 13:00:00+00:00,AMD,98.99,99.96,98.75,98.87,39197
2025-03-07 14:00:00+00:00,AMD,98.85,99.86,98.4,98.93,924853
2025-03-07 15:00:00+00:00,AMD,98.945,99.4,97.84,99.07,1062275
2025-03-07 16:00:00+00:00,AMD,99.05,99.05,96.39,96.84,1211844
2025-03-07 17:00:00+00:00,AMD,96.85,99.09,96.7,98.11,896399
2025-03-07 18:00:00+00:00,AMD,98.12,99.33,98.12,99.18,564801
2025-03-07 19:00:00+00:00,AMD,99.19,100.41,99.035,99.81,779962
2025-03-07 20:00:00+00:00,AMD,99.81,100.65,99.34,100.28,1748571
2025-03-07 21:00:00+00:00,AMD,100.28,100.5,99.86,100.35,2194674
2025-03-07 22:00:00+00:00,AMD,100.28,100.4,100.16,100.2,3318
2025-03-07 23:00:00+00:00,AMD,100.17,100.21,100.13,100.13,911
2025-03-10 08:00:00+00:00,AMD,99.71,99.71,98.62,98.67,11491
2025-03-10 09:00:00+00:00,AMD,98.73,99.08,98.63,98.93,5636
2025-03-10 10:00:00+00:00,AMD,98.95,98.95,98.54,98.73,4619
2025-03-10 11:00:00+00:00,AMD,98.81,99.1,98.69,98.8,8877
2025-03-10 12:00:00+00:00,AMD,98.74,98.78,98.32,98.6,16662
2025-03-10 13:00:00+00:00,AMD,98.63,101.28,98.25,100.04,1224664
2025-03-10 14:00:00+00:00,AMD,100.04,100.04,97.41,97.73,1443325
2025-03-10 15:00:00+00:00,AMD,97.735,98.83,97.63,98.52,750048
2025-03-10 16:00:00+00:00,AMD,98.51,99.35,98.27,98.58,541513
2025-03-10 17:00:00+00:00,AMD,98.57,98.6,97.35,97.35,605414
2025-03-10 18:00:00+00:00,AMD,97.35,97.85,96.61,96.67,614309
2025-03-10 19:00:00+00:00,AMD,96.66,97.34,95.83,96.67,2268676
2025-03-10 20:00:00+00:00,AMD,96.665,96.85,96.5,96.74,3425135
2025-03-10 21:00:00+00:00,AMD,96.73,96.85,96.4,96.5,8603
2025-03-10 22:00:00+00:00,AMD,96.5,96.74,96.41,96.58,13853
2025-03-10 23:00:00+00:00,AMD,96.5,96.5,95.51,95.51,24600
2025-03-11 08:00:00+00:00,AMD,96.71,98.17,96.64,98.15,16293
2025-03-11 09:00:00+00:00,AMD,98.17,98.9,98.1,98.3,25794
2025-03-11 10:00:00+00:00,AMD,98.42,98.42,97.86,98.11,12238
2025-03-11 11:00:00+00:00,AMD,98.07,98.47,97.58,98.43,34295
2025-03-11 12:00:00+00:00,AMD,98.37,98.42,97.37,97.64,32928
2025-03-11 13:00:00+00:00,AMD,97.66,98.1,96.56,97.35,1209394
2025-03-11 14:00:00+00:00,AMD,97.36,98.14,94.73,95.865,1287582
2025-03-11 15:00:00+00:00,AMD,95.865,97.21,95.71,96.33,804864
2025-03-11 16:00:00+00:00,AMD,96.33,96.98,95.96,96.26,461422
2025-03-11 17:00:00+00:00,AMD,96.24,96.97,96.01,96.75,538457
2025-03-11 18:00:00+00:00,AMD,96.75,98.15,96.71,97.86,918992
2025-03-11 19:00:00+00:00,AMD,97.87,97.97,96.68,96.68,1454668
2025-03-11 20:00:00+00:00,AMD,96.685,96.93,96.38,96.5,2510404
2025-03-11 21:00:00+00:00,AMD,96.43,96.56,96.43,96.55,7639
2025-03-11 22:00:00+00:00,AMD,96.55,96.98,96.49,96.98,13141
2025-03-11 23:00:00+00:00,AMD,96.99,97.09,96.82,97.05,1859
2025-03-12 08:00:00+00:00,AMD,97.45,97.77,97.0,97.65,8288
2025-03-12 09:00:00+00:00,AMD,97.64,98.04,97.44,98.04,32677
2025-03-12 10:00:00+00:00,AMD,98.0,98.34,97.73,98.16,19862
2025-03-12 11:00:00+00:00,AMD,98.1,98.67,98.08,98.38,21662
2025-03-12 12:00:00+00:00,AMD,98.38,99.95,98.15,99.71,98363
2025-03-12 13:00:00+00:00,AMD,99.73,99.99,98.47,99.11,1314864
2025-03-12 14:00:00+00:00,AMD,99.12,99.87,98.18,98.6,836542
2025-03-12 15:00:00+00:00,AMD,98.6,100.46,98.23,100.43,1009554
2025-03-12 16:00:00+00:00,AMD,100.43,101.27,99.94,100.37,1131997
2025-03-12 17:00:00+00:00,AMD,100.38,101.15,99.88,99.94,683277
2025-03-12 18:00:00+00:00,AMD,99.94,101.715,99.9,101.665,761910
2025-03-12 19:00:00+00:00,AMD,101.66,101.66,100.48,100.84,1924016
2025-03-12 20:00:00+00:00,AMD,100.79,100.86,99.85,100.08,2997873
2025-03-12 21:00:00+00:00,AMD,100.08,100.34,99.95,100.22,32223
2025-03-12 22:00:00+00:00,AMD,100.25,100.8,100.02,100.74,8731
2025-03-12 23:00:00+00:00,AMD,100.73,101.02,100.64,100.99,5005
2025-03-13 08:00:00+00:00,AMD,99.67,99.99,99.35,99.88,13832
2025-03-13 09:00:00+00:00,AMD,99.72,100.3,99.47,100.29,20159
2025-03-13 10:00:00+00:00,AMD,100.31,100.56,100.1,100.11,9808
2025-03-13 11:00:00+00:00,AMD,100.2,100.33,99.61,99.8,29498
2025-03-13 12:00:00+00:00,AMD,99.8,100.37,99.57,100.04,38308
2025-03-13 13:00:00+00:00,AMD,100.1,100.31,98.26,98.39,1152455
2025-03-13 14:00:00+00:00,AMD,98.37,99.81,97.93,98.73,876424
2025-03-13 15:00:00+00:00,AMD,98.74,99.1,97.92,98.04,736553
2025-03-13 16:00:00+00:00,AMD,98.06,98.99,97.955,98.3,466697
2025-03-13 17:00:00+00:00,AMD,98.305,98.39,97.27,97.5,498695
2025-03-13 18:00:00+00:00,AMD,97.51,98.93,97.5,98.665,418615
2025-03-13 19:00:00+00:00,AMD,98.66,98.94,97.75,98.1,908830
2025-03-13 20:00:00+00:00,AMD,98.1,98.44,98.07,98.31,2282170
2025-03-13 21:00:00+00:00,AMD,98.29,98.32,98.08,98.2,12447
2025-03-13 22:00:00+00:00,AMD,98.29,98.75,98.21,98.6,4208
2025-03-13 23:00:00+00:00,AMD,98.6,98.76,98.5,98.76,3642
2025-03-14 08:00:00+00:00,AMD,99.13,99.59,99.1,99.45,4829
2025-03-14 09:00:00+00:00,AMD,99.45,99.82,99.45,99.68,10495
2025-03-14 10:00:00+00:00,AMD,99.68,99.71,99.0,99.6,18119
2025-03-14 11:00:00+00:00,AMD,99.51,99.54,99.28,99.41,3717
2025-03-14 12:00:00+00:00,AMD,99.37,99.67,99.25,99.37,21739
2025-03-14 13:00:00+00:00,AMD,99.41,100.8,99.4,100.18,913370
2025-03-14 14:00:00+00:00,AMD,100.18,100.67,99.59,100.55,669271
2025-03-14 15:00:00+00:00,AMD,100.53,100.81,100.22,100.44,621311
2025-03-14 16:00:00+00:00,AMD,100.44,101.21,99.92,101.07,548774
2025-03-14 17:00:00+00:00,AMD,101.065,101.16,100.17,100.34,368829
2025-03-14 18:00:00+00:00,AMD,100.35,100.61,100.07,100.55,316974
2025-03-14 19:00:00+00:00,AMD,100.55,101.11,100.38,100.96,1297013
2025-03-14 20:00:00+00:00,AMD,100.96,101.0,100.8,100.96,2077098
2025-03-14 21:00:00+00:00,AMD,100.96,101.03,100.88,100.88,5949
2025-03-14 22:00:00+00:00,AMD,100.88,100.92,100.86,100.86,323
2025-03-14 23:00:00+00:00,AMD,100.89,100.97,100.78,100.78,2040
2025-03-17 08:00:00+00:00,AMD,100.45,100.6,100.25,100.52,5862
2025-03-17 09:00:00+00:00,AMD,100.52,100.71,100.43,100.56,7104
2025-03-17 10:00:00+00:00,AMD,100.55,102.11,100.25,101.79,53265
2025-03-17 11:00:00+00:00,AMD,101.62,102.71,101.62,102.35,47784
2025-03-17 12:00:00+00:00,AMD,102.35,102.96,102.06,102.59,51499
2025-03-17 13:00:00+00:00,AMD,102.51,105.56,102.27,105.31,2219048
2025-03-17 14:00:00+00:00,AMD,105.3,106.15,104.55,105.13,2631253
2025-03-17 15:00:00+00:00,AMD,105.13,105.42,104.34,104.55,726739
2025-03-17 16:00:00+00:00,AMD,104.55,105.03,103.92,104.09,519428
2025-03-17 17:00:00+00:00,AMD,104.09,105.1,103.97,104.83,512096
2025-03-17 18:00:00+00:00,AMD,104.83,106.145,104.64,105.84,683418
2025-03-17 19:00:00+00:00,AMD,105.84,105.94,104.5,104.59,1787861
2025-03-17 20:00:00+00:00,AMD,104.59,104.98,104.59,104.84,2685712
2025-03-17 21:00:00+00:00,AMD,104.81,105.0,104.76,105.0,927
2025-03-17 22:00:00+00:00,AMD,105.0,105.3,105.0,105.19,3586
2025-03-17 23:00:00+00:00,AMD,105.14,105.17,105.0,105.07,2121
2025-03-18 08:00:00+00:00,AMD,104.43,105.5,104.43,105.22,16819
2025-03-18 09:00:00+00:00,AMD,105.19,105.44,104.77,104.86,6780
2025-03-18 10:00:00+00:00,AMD,104.84,105.0,104.21,104.96,12292
2025-03-18 11:00:00+00:00,AMD,104.99,105.04,104.31,104.71,9453
2025-03-18 12:00:00+00:00,AMD,104.71,104.71,103.65,103.76,34424
2025-03-18 13:00:00+00:00,AMD,103.73,104.2,103.09,103.48,1122265
2025-03-18 14:00:00+00:00,AMD,103.49,104.1,103.04,103.5,892818
2025-03-18 15:00:00+00:00,AMD,103.49,103.63,102.98,103.49,624989
2025-03-18 16:00:00+00:00,AMD,103.49,104.42,103.38,104.26,576307
2025-03-18 17:00:00+00:00,AMD,104.24,104.55,103.6,103.89,354895
2025-03-18 18:00:00+00:00,AMD,103.89,104.19,103.2,103.96,378064
2025-03-18 19:00:00+00:00,AMD,103.95,104.0,103.36,103.53,1015100
2025-03-18 20:00:00+00:00,AMD,103.51,103.76,103.25,103.45,1895439
2025-03-18 21:00:00+00:00,AMD,103.44,103.48,103.23,103.38,2041
2025-03-18 22:00:00+00:00,AMD,103.39,103.67,103.25,103.67,548
2025-03-18 23:00:00+00:00,AMD,103.66,103.66,103.4,103.54,1339
2025-03-19 08:00:00+00:00,AMD,103.67,104.24,103.66,104.1,6056
2025-03-19 09:00:00+00:00,AMD,104.0,104.5,103.95,104.38,5169
2025-03-19 10:00:00+00:00,AMD,104.41,104.69,104.11,104.16,7773
2025-03-19 11:00:00+00:00,AMD,104.26,104.33,104.1,104.22,4499
2025-03-19 12:00:00+00:00,AMD,104.21,104.21,103.83,103.93,6839
2025-03-19 13:00:00+00:00,AMD,103.89,104.62,101.97,102.96,899135
2025-03-19 14:00:00+00:00,AMD,102.97,104.24,102.92,104.03,755501
2025-03-19 15:00:00+00:00,AMD,104.04,104.94,103.96,104.92,666010
2025-03-19 16:00:00+00:00,AMD,104.92,105.63,104.7,105.585,556297
2025-03-19 17:00:00+00:00,AMD,105.59,105.645,104.975,105.29,491443
2025-03-19 18:00:00+00:00,AMD,105.25,107.135,105.05,107.13,972665
2025-03-19 19:00:00+00:00,AMD,107.125,107.9,106.125,106.24,1812153
2025-03-19 20:00:00+00:00,AMD,106.24,106.37,106.1,106.18,2146903
2025-03-19 21:00:00+00:00,AMD,106.18,106.78,106.18,106.78,7820
2025-03-19 22:00:00+00:00,AMD,106.58,107.0,106.55,106.87,6822
2025-03-19 23:00:00+00:00,AMD,106.94,107.07,106.81,107.07,3507
2025-03-20 08:00:00+00:00,AMD,107.1,107.3,107.0,107.08,9626
2025-03-20 09:00:00+00:00,AMD,107.03,107.05,106.04,106.21,10799
2025-03-20 10:00:00+00:00,AMD,106.15,106.21,104.84,105.7,25086
2025-03-20 11:00:00+00:00,AMD,105.78,105.89,105.35,105.68,11133
2025-03-20 12:00:00+00:00,AMD,105.61,106.03,105.36,105.51,17769
2025-03-20 13:00:00+00:00,AMD,105.4,107.35,105.05,106.48,950976
2025-03-20 14:00:00+00:00,AMD,106.46,108.26,106.34,107.55,895792
2025-03-20 15:00:00+00:00,AMD,107.56,107.94,107.24,107.53,689436
2025-03-20 16:00:00+00:00,AMD,107.52,107.8,106.42,106.58,579245
2025-03-20 17:00:00+00:00,AMD,106.55,107.125,106.5,106.97,338121
2025-03-20 18:00:00+00:00,AMD,106.98,107.21,106.48,106.51,333098
2025-03-20 19:00:00+00:00,AMD,106.52,107.49,106.51,107.13,840558
2025-03-20 20:00:00+00:00,AMD,107.14,107.5,107.13,107.31,2446298
2025-03-20 21:00:00+00:00,AMD,107.31,107.45,107.23,107.29,9618
2025-03-20 22:00:00+00:00,AMD,107.35,107.38,107.22,107.22,3350
2025-03-20 23:00:00+00:00,AMD,107.2,107.22,107.01,107.04,1674
2025-03-21 08:00:00+00:00,AMD,106.78,106.84,106.29,106.41,8965
2025-03-21 09:00:00+00:00,AMD,106.42,106.49,106.03,106.37,5435
2025-03-21 10:00:00+00:00,AMD,106.46,106.6,106.17,106.33,5556
2025-03-21 11:00:00+00:00,AMD,106.35,106.63,106.29,106.44,4890
2025-03-21 12:00:00+00:00,AMD,106.43,106.6,105.78,105.81,11609
2025-03-21 13:00:00+00:00,AMD,105.75,105.8,104.33,104.98,2192146
2025-03-21 14:00:00+00:00,AMD,104.99,105.87,104.63,105.87,598533
2025-03-21 15:00:00+00:00,AMD,105.86,106.06,104.96,105.36,436029
2025-03-21 16:00:00+00:00,AMD,105.35,106.96,105.08,106.96,506567
2025-03-21 17:00:00+00:00,AMD,106.96,107.06,106.42,106.86,254770
2025-03-21 18:00:00+00:00,AMD,106.87,107.25,106.81,107.09,260809
2025-03-21 19:00:00+00:00,AMD,107.09,107.16,106.12,106.44,1164726
2025-03-21 20:00:00+00:00,AMD,106.45,106.96,106.32,106.96,5023281
2025-03-21 21:00:00+00:00,AMD,106.91,107.0,106.85,106.93,5143
2025-03-21 22:00:00+00:00,AMD,106.93,106.93,106.82,106.85,2033
2025-03-21 23:00:00+00:00,AMD,106.83,106.85,106.71,106.71,353
2025-03-24 08:00:00+00:00,AMD,107.98,108.44,107.98,108.13,26902
2025-03-24 09:00:00+00:00,AMD,108.2,108.2,107.69,107.86,7216
2025-03-24 10:00:00+00:00,AMD,107.86,109.22,107.85,109.0,39065
2025-03-24 11:00:00+00:00,AMD,109.01,109.65,108.95,109.55,33466
2025-03-24 12:00:00+00:00,AMD,109.52,109.75,109.23,109.49,24403
2025-03-24 13:00:00+00:00,AMD,109.55,110.315,109.41,109.79,1291998
2025-03-24 14:00:00+00:00,AMD,109.8,112.735,109.7,112.335,1845605
2025-03-24 15:00:00+00:00,AMD,112.34,113.5,112.2,113.13,1157971
2025-03-24 16:00:00+00:00,AMD,113.12,114.245,113.1,113.9,949992
2025-03-24 17:00:00+00:00,AMD,113.89,114.31,113.32,114.12,835244
2025-03-24 18:00:00+00:00,AMD,114.11,114.8,114.02,114.585,806100
2025-03-24 19:00:00+00:00,AMD,114.59,114.85,113.67,113.85,2016695
2025-03-24 20:00:00+00:00,AMD,113.85,114.0,113.51,113.71,4169290
2025-03-24 21:00:00+00:00,AMD,113.8,113.99,113.61,113.99,12835
2025-03-24 22:00:00+00:00,AMD,113.77,113.95,113.76,113.93,6545
2025-03-24 23:00:00+00:00,AMD,113.9,114.16,113.88,114.16,6139
2025-03-25 08:00:00+00:00,AMD,114.47,114.49,113.11,113.4,21892
2025-03-25 09:00:00+00:00,AMD,113.4,113.88,113.23,113.77,9317
2025-03-25 10:00:00+00:00,AMD,113.72,114.24,113.57,114.05,15993
2025-03-25 11:00:00+00:00,AMD,114.0,114.29,113.65,114.0,35663
2025-03-25 12:00:00+00:00,AMD,114.01,114.39,113.65,113.77,21878
2025-03-25 13:00:00+00:00,AMD,113.71,114.77,113.03,113.49,1238619
2025-03-25 14:00:00+00:00,AMD,113.49,113.71,112.71,113.12,908913
2025-03-25 15:00:00+00:00,AMD,113.13,113.82,112.79,113.55,495661
2025-03-25 16:00:00+00:00,AMD,113.54,113.71,113.015,113.28,328334
2025-03-25 17:00:00+00:00,AMD,113.29,113.465,112.75,112.99,291616
2025-03-25 18:00:00+00:00,AMD,112.98,113.38,112.89,113.32,260514
2025-03-25 19:00:00+00:00,AMD,113.32,114.94,113.32,114.82,1515115
2025-03-25 20:00:00+00:00,AMD,114.82,114.97,114.4,114.68,1971329
2025-03-25 21:00:00+00:00,AMD,114.63,114.69,114.49,114.65,4077
2025-03-25 22:00:00+00:00,AMD,114.64,114.79,114.64,114.76,5450
2025-03-25 23:00:00+00:00,AMD,114.76,114.95,114.69,114.95,5288
2025-03-26 08:00:00+00:00,AMD,114.51,114.83,114.06,114.27,8529
2025-03-26 09:00:00+00:00,AMD,114.28,114.49,114.21,114.32,4984
2025-03-26 10:00:00+00:00,AMD,114.28,114.53,114.2,114.5,5143
2025-03-26 11:00:00+00:00,AMD,114.45,114.49,114.06,114.18,14576
2025-03-26 12:00:00+00:00,AMD,114.12,114.47,113.73,114.3,35866
2025-03-26 13:00:00+00:00,AMD,114.25,115.895,111.59,112.05,1542800
2025-03-26 14:00:00+00:00,AMD,112.05,112.61,110.91,111.22,1185060
2025-03-26 15:00:00+00:00,AMD,111.22,111.44,110.12,110.35,856537
2025-03-26 16:00:00+00:00,AMD,110.35,110.51,109.1,109.21,811417
2025-03-26 17:00:00+00:00,AMD,109.2,109.685,109.02,109.06,578354
2025-03-26 18:00:00+00:00,AMD,109.065,109.75,108.68,109.02,555298
2025-03-26 19:00:00+00:00,AMD,109.03,110.325,108.92,110.2,1389976
2025-03-26 20:00:00+00:00,AMD,110.2,110.23,109.88,109.91,2742395
2025-03-26 21:00:00+00:00,AMD,109.9,109.9,109.68,109.69,1495
2025-03-26 22:00:00+00:00,AMD,109.68,109.95,109.01,109.03,8816
2025-03-26 23:00:00+00:00,AMD,109.07,109.15,108.71,108.99,6576
2025-03-27 08:00:00+00:00,AMD,107.81,107.84,106.55,107.84,45671
2025-03-27 09:00:00+00:00,AMD,107.84,107.94,107.35,107.59,20506
2025-03-27 10:00:00+00:00,AMD,107.62,107.86,106.76,106.89,17205
2025-03-27 11:00:00+00:00,AMD,106.87,107.4,106.03,106.4,42345
2025-03-27 12:00:00+00:00,AMD,106.39,106.8,106.2,106.4,66015
2025-03-27 13:00:00+00:00,AMD,106.41,107.62,105.55,107.02,1775518
2025-03-27 14:00:00+00:00,AMD,107.0,107.36,105.65,107.12,1039819
2025-03-27 15:00:00+00:00,AMD,107.13,107.22,105.86,106.02,740358
2025-03-27 16:00:00+00:00,AMD,106.015,106.66,105.67,105.68,396151
2025-03-27 17:00:00+00:00,AMD,105.685,106.605,105.63,106.29,336753
2025-03-27 18:00:00+00:00,AMD,106.29,106.86,106.26,106.39,384558
2025-03-27 19:00:00+00:00,AMD,106.38,107.08,106.27,106.63,1110780
2025-03-27 20:00:00+00:00,AMD,106.63,106.92,106.4,106.54,1827038
2025-03-27 21:00:00+00:00,AMD,106.54,106.56,106.43,106.52,3031
2025-03-27 22:00:00+00:00,AMD,106.51,106.52,106.41,106.42,1151
2025-03-27 23:00:00+00:00,AMD,106.42,106.51,106.4,106.43,3914
2025-03-28 08:00:00+00:00,AMD,105.85,106.14,105.69,106.08,4861
2025-03-28 09:00:00+00:00,AMD,106.09,106.24,105.83,105.94,5140
2025-03-28 10:00:00+00:00,AMD,105.94,106.45,105.85,106.32,4181
2025-03-28 11:00:00+00:00,AMD,106.33,106.33,105.85,106.21,8083
2025-03-28 12:00:00+00:00,AMD,106.18,106.2,105.3,105.3,16959
2025-03-28 13:00:00+00:00,AMD,105.3,106.51,105.16,106.05,814777
2025-03-28 14:00:00+00:00,AMD,106.02,106.2,103.28,103.76,1414662
2025-03-28 15:00:00+00:00,AMD,103.77,103.87,103.05,103.06,536243
2025-03-28 16:00:00+00:00,AMD,103.05,103.33,102.61,102.87,461659
2025-03-28 17:00:00+00:00,AMD,102.87,103.5,102.48,103.24,502993
2025-03-28 18:00:00+00:00,AMD,103.24,103.53,103.045,103.34,387065
2025-03-28 19:00:00+00:00,AMD,103.33,103.725,102.69,103.22,1378360
2025-03-28 20:00:00+00:00,AMD,103.21,103.22,102.71,102.87,2985227
2025-03-28 21:00:00+00:00,AMD,102.87,102.98,102.61,102.79,25820
2025-03-28 22:00:00+00:00,AMD,102.69,102.7,102.53,102.53,4048
2025-03-28 23:00:00+00:00,AMD,102.53,102.59,102.33,102.33,3118
2025-03-31 08:00:00+00:00,AMD,101.46,101.59,100.73,100.83,36325
2025-03-31 09:00:00+00:00,AMD,100.75,100.75,100.21,100.29,8832
2025-03-31 10:00:00+00:00,AMD,100.35,100.87,100.11,100.69,7888
2025-03-31 11:00:00+00:00,AMD,100.8,101.16,99.84,99.97,36779
2025-03-31 12:00:00+00:00,AMD,99.93,100.4,99.54,100.38,35274
2025-03-31 13:00:00+00:00,AMD,100.4,101.19,98.8,101.05,1736375
2025-03-31 14:00:00+00:00,AMD,101.04,102.12,100.95,101.3,876014
2025-03-31 15:00:00+00:00,AMD,101.31,101.87,101.02,101.25,378827
2025-03-31 16:00:00+00:00,AMD,101.26,101.61,100.84,101.13,283859
2025-03-31 17:00:00+00:00,AMD,101.09,101.8,100.91,100.96,329309
2025-03-31 18:00:00+00:00,AMD,100.96,102.39,100.93,102.04,467019
2025-03-31 19:00:00+00:00,AMD,102.03,102.82,101.91,102.73,1459407
2025-03-31 20:00:00+00:00,AMD,102.74,102.74,101.89,102.1,3019062
2025-03-31 21:00:00+00:00,AMD,102.01,102.19,101.96,102.15,2879
2025-03-31 22:00:00+00:00,AMD,102.14,102.14,101.75,102.11,5918
2025-03-31 23:00:00+00:00,AMD,102.0,102.09,101.86,101.9,1150
2025-04-01 08:00:00+00:00,AMD,102.3,103.25,102.2,103.19,11054
2025-04-01 09:00:00+00:00,AMD,103.16,103.49,102.83,103.27,7974
2025-04-01 10:00:00+00:00,AMD,103.24,103.24,102.33,102.59,12667
2025-04-01 11:00:00+00:00,AMD,102.67,102.73,102.05,102.2,6678
2025-04-01 12:00:00+00:00,AMD,102.27,102.45,102.09,102.41,6038
2025-04-01 13:00:00+00:00,AMD,102.39,102.89,101.01,102.0,906972
2025-04-01 14:00:00+00:00,AMD,102.03,102.44,101.06,102.35,572969
2025-04-01 15:00:00+00:00,AMD,102.35,102.535,101.82,102.29,706672
2025-04-01 16:00:00+00:00,AMD,102.3,102.4,101.24,101.84,397937
2025-04-01 17:00:00+00:00,AMD,101.85,102.19,101.63,101.73,242769
2025-04-01 18:00:00+00:00,AMD,101.73,101.77,100.93,101.48,450846
2025-04-01 19:00:00+00:00,AMD,101.47,102.83,101.27,102.78,1120857
2025-04-01 20:00:00+00:00,AMD,102.78,102.86,102.5,102.58,1336807
2025-04-01 21:00:00+00:00,AMD,102.58,102.74,102.48,102.66,4729
2025-04-01 22:00:00+00:00,AMD,102.66,103.14,102.66,102.84,3731
2025-04-01 23:00:00+00:00,AMD,102.84,102.96,102.79,102.9,2517
2025-04-02 08:00:00+00:00,AMD,102.25,102.57,102.21,102.22,3793
2025-04-02 09:00:00+00:00,AMD,102.22,102.35,101.94,101.99,3395
2025-04-02 10:00:00+00:00,AMD,101.93,101.95,101.61,101.83,4226
2025-04-02 11:00:00+00:00,AMD,101.83,101.93,101.55,101.55,2269
2025-04-02 12:00:00+00:00,AMD,101.57,101.57,101.1,101.3,5901
2025-04-02 13:00:00+00:00,AMD,101.25,103.32,100.78,102.62,642825
2025-04-02 14:00:00+00:00,AMD,102.6,103.39,102.18,102.79,578999
2025-04-02 15:00:00+00:00,AMD,102.79,103.58,102.4,102.9,415946
2025-04-02 16:00:00+00:00,AMD,102.9,103.75,102.72,103.5,344145
2025-04-02 17:00:00+00:00,AMD,103.51,104.18,102.71,102.94,418823
2025-04-02 18:00:00+00:00,AMD,102.92,103.1,102.105,102.22,395899
2025-04-02 19:00:00+00:00,AMD,102.22,103.39,102.22,102.96,1005308
2025-04-02 20:00:00+00:00,AMD,102.97,104.88,100.17,100.2,1402509
2025-04-02 21:00:00+00:00,AMD,100.2,100.26,98.76,99.3,63149
2025-04-02 22:00:00+00:00,AMD,99.3,99.5,98.01,98.28,30384
2025-04-02 23:00:00+00:00,AMD,98.28,98.28,96.99,97.05,28895
2025-04-03 08:00:00+00:00,AMD,98.56,99.49,98.49,99.15,31463
2025-04-03 09:00:00+00:00,AMD,99.07,99.19,98.05,98.12,23305
2025-04-03 10:00:00+00:00,AMD,98.14,98.72,97.83,97.91,19794
2025-04-03 11:00:00+00:00,AMD,98.13,98.18,97.25,97.7,31434
2025-04-03 12:00:00+00:00,AMD,97.56,98.11,97.07,97.25,52545
2025-04-03 13:00:00+00:00,AMD,97.24,99.43,96.95,98.91,1396668
2025-04-03 14:00:00+00:00,AMD,98.88,99.16,96.43,96.545,2348948
2025-04-03 15:00:00+00:00,AMD,96.54,96.78,95.47,96.08,1738233
2025-04-03 16:00:00+00:00,AMD,96.07,97.06,95.94,95.98,841867
2025-04-03 17:00:00+00:00,AMD,95.98,96.46,95.52,95.52,638733
2025-04-03 18:00:00+00:00,AMD,95.51,95.83,94.9,95.5,1218373
2025-04-03 19:00:00+00:00,AMD,95.49,95.62,93.64,93.79,3203633
2025-04-03 20:00:00+00:00,AMD,93.78,94.08,93.08,93.99,5991686
2025-04-03 21:00:00+00:00,AMD,93.99,94.29,93.85,94.26,10517
2025-04-03 22:00:00+00:00,AMD,94.25,94.33,93.71,94.12,6326
2025-04-03 23:00:00+00:00,AMD,94.09,94.15,93.78,94.02,5621
2025-04-04 08:00:00+00:00,AMD,93.5,94.3,93.45,93.75,15116
2025-04-04 09:00:00+00:00,AMD,93.75,93.87,93.19,93.33,8572
2025-04-04 10:00:00+00:00,AMD,93.3,93.6,87.85,88.09,182362
2025-04-04 11:00:00+00:00,AMD,88.15,89.48,87.51,89.37,120655
2025-04-04 12:00:00+00:00,AMD,89.26,90.48,89.08,90.22,118971
2025-04-04 13:00:00+00:00,AMD,90.4,91.07,86.93,87.85,2913869
2025-04-04 14:00:00+00:00,AMD,87.84,88.2,83.68,85.165,3007738
2025-04-04 15:00:00+00:00,AMD,85.15,87.89,85.04,86.32,1901504
2025-04-04 16:00:00+00:00,AMD,86.325,87.29,85.88,86.73,992880
2025-04-04 17:00:00+00:00,AMD,86.72,87.88,85.85,87.88,895115
2025-04-04 18:00:00+00:00,AMD,87.88,88.14,86.36,86.91,894218
2025-04-04 19:00:00+00:00,AMD,86.9,88.16,85.55,85.77,2835486
2025-04-04 20:00:00+00:00,AMD,85.76,85.76,84.74,85.67,5165684
2025-04-04 21:00:00+00:00,AMD,85.73,85.75,85.65,85.66,8638
2025-04-04 22:00:00+00:00,AMD,85.65,87.33,85.37,85.4,10026
2025-04-04 23:00:00+00:00,AMD,85.36,85.45,84.61,84.8,10008
2025-04-07 08:00:00+00:00,AMD,79.68,81.58,79.12,80.98,154353
2025-04-07 09:00:00+00:00,AMD,80.89,81.09,80.03,80.52,42948
2025-04-07 10:00:00+00:00,AMD,80.6,83.99,80.47,82.67,117861
2025-04-07 11:00:00+00:00,AMD,82.67,83.69,81.81,82.21,92377
2025-04-07 12:00:00+00:00,AMD,82.13,83.92,81.72,83.8,95716
2025-04-07 13:00:00+00:00,AMD,83.84,83.85,77.75,82.13,3806696
2025-04-07 14:00:00+00:00,AMD,82.1,89.0,80.91,84.48,3633606
2025-04-07 15:00:00+00:00,AMD,84.485,85.61,81.52,82.595,1628972
2025-04-07 16:00:00+00:00,AMD,82.57,83.05,81.22,81.53,982683
2025-04-07 17:00:00+00:00,AMD,81.52,85.0,81.52,84.55,1482124
2025-04-07 18:00:00+00:00,AMD,84.6,84.79,82.9,83.05,1310578
2025-04-07 19:00:00+00:00,AMD,83.04,84.05,82.3,83.63,2527824
2025-04-07 20:00:00+00:00,AMD,83.63,83.64,82.66,83.3,5618014
2025-04-07 21:00:00+00:00,AMD,83.29,83.78,83.2,83.43,12296
2025-04-07 22:00:00+00:00,AMD,83.43,84.04,83.36,84.04,18291
2025-04-07 23:00:00+00:00,AMD,84.12,84.26,84.01,84.2,8333
2025-04-08 08:00:00+00:00,AMD,84.47,84.59,83.24,83.95,66015
2025-04-08 09:00:00+00:00,AMD,83.9,83.93,83.37,83.47,18379
2025-04-08 10:00:00+00:00,AMD,83.41,83.85,83.1,83.78,17566
2025-04-08 11:00:00+00:00,AMD,83.78,85.14,83.7,85.14,76673
2025-04-08 12:00:00+00:00,AMD,85.06,85.49,84.53,84.86,84565
2025-04-08 13:00:00+00:00,AMD,84.8,88.39,84.62,87.86,2748078
2025-04-08 14:00:00+00:00,AMD,87.86,88.93,86.745,86.75,2216132
2025-04-08 15:00:00+00:00,AMD,86.75,87.3,85.26,85.955,1511781
2025-04-08 16:00:00+00:00,AMD,85.93,86.09,82.65,82.7,1668537
2025-04-08 17:00:00+00:00,AMD,82.72,83.06,81.34,82.24,1526017
2025-04-08 18:00:00+00:00,AMD,82.26,82.41,80.47,80.47,1308331
2025-04-08 19:00:00+00:00,AMD,80.48,80.66,76.48,78.21,4502528
2025-04-08 20:00:00+00:00,AMD,78.22,78.85,77.21,77.75,4817703
2025-04-08 21:00:00+00:00,AMD,77.72,77.98,77.59,77.92,9545
2025-04-08 22:00:00+00:00,AMD,77.93,77.93,76.58,76.84,24840
2025-04-08 23:00:00+00:00,AMD,76.82,76.85,76.01,76.14,18134
2025-04-09 08:00:00+00:00,AMD,76.1,80.35,76.1,79.35,65803
2025-04-09 09:00:00+00:00,AMD,79.35,79.76,78.61,78.73,26658
2025-04-09 10:00:00+00:00,AMD,78.7,79.5,77.86,78.65,29384
2025-04-09 11:00:00+00:00,AMD,78.81,78.87,76.11,76.62,84120
2025-04-09 12:00:00+00:00,AMD,76.66,78.2,76.4,77.8,42147
2025-04-09 13:00:00+00:00,AMD,78.03,81.81,77.77,81.37,2376825
2025-04-09 14:00:00+00:00,AMD,81.36,83.63,81.23,81.53,2229613
2025-04-09 15:00:00+00:00,AMD,81.535,83.04,80.94,81.375,1806381
2025-04-09 16:00:00+00:00,AMD,81.375,82.61,81.22,82.29,938733
2025-04-09 17:00:00+00:00,AMD,82.29,92.73,81.75,92.48,5188522
2025-04-09 18:00:00+00:00,AMD,92.5,95.905,92.33,92.92,3840567
2025-04-09 19:00:00+00:00,AMD,92.92,97.9,92.61,96.74,5371948
2025-04-09 20:00:00+00:00,AMD,96.7,97.48,96.15,96.48,10097407
2025-04-09 21:00:00+00:00,AMD,96.5,96.99,96.06,96.14,23743
2025-04-09 22:00:00+00:00,AMD,96.19,96.9,96.0,96.78,20792
2025-04-09 23:00:00+00:00,AMD,96.84,96.87,96.0,96.15,9607
2025-04-10 08:00:00+00:00,AMD,93.49,94.3,92.26,92.53,47685
2025-04-10 09:00:00+00:00,AMD,92.57,93.66,92.39,93.15,58311
2025-04-10 10:00:00+00:00,AMD,93.03,94.29,92.97,93.59,33360
2025-04-10 11:00:00+00:00,AMD,93.56,94.08,93.36,93.84,29048
2025-04-10 12:00:00+00:00,AMD,93.77,94.2,92.65,93.55,75365
2025-04-10 13:00:00+00:00,AMD,93.52,93.67,89.05,89.075,2480258
2025-04-10 14:00:00+00:00,AMD,89.07,90.87,88.48,89.42,1767005
2025-04-10 15:00:00+00:00,AMD,89.41,90.09,87.39,87.71,1447396
2025-04-10 16:00:00+00:00,AMD,87.7,88.05,85.06,87.75,1812321
2025-04-10 17:00:00+00:00,AMD,87.75,88.91,85.76,87.63,1293696
2025-04-10 18:00:00+00:00,AMD,87.63,88.88,86.32,88.19,1532183
2025-04-10 19:00:00+00:00,AMD,88.18,88.96,86.43,88.67,3703581
2025-04-10 20:00:00+00:00,AMD,88.65,89.5,88.19,89.0,6492445
2025-04-10 21:00:00+00:00,AMD,89.05,89.05,88.1,88.28,45586
2025-04-10 22:00:00+00:00,AMD,88.28,88.99,88.28,88.93,7011
2025-04-10 23:00:00+00:00,AMD,88.75,88.86,87.6,88.0,5246
2025-04-11 08:00:00+00:00,AMD,89.34,89.5,87.89,88.2,34364
2025-04-11 09:00:00+00:00,AMD,88.19,89.56,87.91,89.43,19636
2025-04-11 10:00:00+00:00,AMD,89.52,90.55,89.31,89.68,40202
2025-04-11 11:00:00+00:00,AMD,89.75,89.93,88.96,89.62,27173
2025-04-11 12:00:00+00:00,AMD,89.65,90.8,89.43,90.3,62813
2025-04-11 13:00:00+00:00,AMD,90.3,94.755,89.76,93.38,2363203
2025-04-11 14:00:00+00:00,AMD,93.36,94.2,90.95,91.54,2310635
2025-04-11 15:00:00+00:00,AMD,91.52,92.82,90.555,91.785,1102178
2025-04-11 16:00:00+00:00,AMD,91.79,94.49,91.32,93.15,1650425
2025-04-11 17:00:00+00:00,AMD,93.16,94.0,91.78,93.52,920912
2025-04-11 18:00:00+00:00,AMD,93.545,93.72,92.59,92.89,678567
2025-04-11 19:00:00+00:00,AMD,92.89,93.72,92.88,93.3,1968354
2025-04-11 20:00:00+00:00,AMD,93.29,93.88,93.23,93.5,3236610
2025-04-11 21:00:00+00:00,AMD,93.49,93.67,93.34,93.47,2998
2025-04-11 22:00:00+00:00,AMD,93.34,93.4,93.3,93.34,1766
2025-04-11 23:00:00+00:00,AMD,93.34,93.51,93.28,93.51,5580
2025-04-14 08:00:00+00:00,AMD,96.4,96.57,95.34,95.66,39502
2025-04-14 09:00:00+00:00,AMD,95.6,95.87,95.18,95.76,42455
2025-04-14 10:00:00+00:00,AMD,95.8,96.18,95.65,95.95,19300
2025-04-14 11:00:00+00:00,AMD,96.0,97.48,95.9,97.07,100170
2025-04-14 12:00:00+00:00,AMD,97.07,97.8,97.07,97.55,35522
2025-04-14 13:00:00+00:00,AMD,97.46,97.87,94.38,94.57,2018008
2025-04-14 14:00:00+00:00,AMD,94.57,96.43,94.51,95.63,1105977
2025-04-14 15:00:00+00:00,AMD,95.62,95.9,93.46,93.79,906934
2025-04-14 16:00:00+00:00,AMD,93.8,94.97,93.58,94.13,710925
2025-04-14 17:00:00+00:00,AMD,94.14,95.32,94.08,95.11,521533
2025-04-14 18:00:00+00:00,AMD,95.12,96.07,95.06,95.47,531677
2025-04-14 19:00:00+00:00,AMD,95.46,95.895,94.41,94.5,1217880
2025-04-14 20:00:00+00:00,AMD,94.49,94.55,93.75,94.09,2464812
2025-04-14 21:00:00+00:00,AMD,94.15,94.22,94.0,94.22,1422
2025-04-14 22:00:00+00:00,AMD,94.17,94.17,93.75,93.75,2118
2025-04-14 23:00:00+00:00,AMD,93.86,93.88,93.15,93.15,28750
2025-04-15 08:00:00+00:00,AMD,94.87,95.05,94.57,94.76,15977
2025-04-15 09:00:00+00:00,AMD,94.78,94.91,94.59,94.65,5816
2025-04-15 10:00:00+00:00,AMD,94.65,94.78,94.26,94.44,6069
2025-04-15 11:00:00+00:00,AMD,94.51,94.51,93.86,93.99,9722
2025-04-15 12:00:00+00:00,AMD,94.06,94.19,93.75,94.14,12655
2025-04-15 13:00:00+00:00,AMD,94.19,96.29,94.19,95.825,798227
2025-04-15 14:00:00+00:00,AMD,95.83,96.82,94.89,95.39,1080196
2025-04-15 15:00:00+00:00,AMD,95.39,96.53,95.31,96.25,549963
2025-04-15 16:00:00+00:00,AMD,96.22,96.85,95.44,95.59,412535
2025-04-15 17:00:00+00:00,AMD,95.575,95.87,95.25,95.47,371894
2025-04-15 18:00:00+00:00,AMD,95.48,95.62,94.95,95.48,417729
2025-04-15 19:00:00+00:00,AMD,95.47,95.56,94.87,95.23,1104677
2025-04-15 20:00:00+00:00,AMD,95.29,95.29,95.01,95.01,1101731
2025-04-15 21:00:00+00:00,AMD,95.06,95.19,88.23,88.5,254218
2025-04-15 22:00:00+00:00,AMD,88.5,89.71,87.81,89.14,277210
2025-04-15 23:00:00+00:00,AMD,89.14,89.22,87.8,88.58,110609
2025-04-16 08:00:00+00:00,AMD,89.41,90.47,87.87,89.51,221322
2025-04-16 09:00:00+00:00,AMD,89.58,89.84,88.88,88.91,37588
2025-04-16 10:00:00+00:00,AMD,88.89,89.15,88.6,88.76,55020
2025-04-16 11:00:00+00:00,AMD,88.85,89.16,88.35,88.89,65560
2025-04-16 12:00:00+00:00,AMD,88.89,88.91,88.27,88.8,182746
2025-04-16 13:00:00+00:00,AMD,88.8,90.47,87.32,89.28,2730293
2025-04-16 14:00:00+00:00,AMD,89.27,89.79,88.705,89.23,1504404
2025-04-16 15:00:00+00:00,AMD,89.23,90.1,88.86,88.96,934833
2025-04-16 16:00:00+00:00,AMD,88.965,89.11,88.22,88.25,724967
2025-04-16 17:00:00+00:00,AMD,88.26,88.83,86.92,86.97,1152840
2025-04-16 18:00:00+00:00,AMD,86.975,87.66,86.22,86.29,1004635
2025-04-16 19:00:00+00:00,AMD,86.31,88.34,85.295,88.26,3216351
2025-04-16 20:00:00+00:00,AMD,88.29,88.49,87.66,88.0,5680088
2025-04-16 21:00:00+00:00,AMD,87.91,88.26,87.67,88.2,25969
2025-04-16 22:00:00+00:00,AMD,88.25,88.38,88.13,88.33,4513
2025-04-16 23:00:00+00:00,AMD,88.33,88.34,88.15,88.2,3528
2025-04-17 08:00:00+00:00,AMD,89.73,89.77,89.44,89.5,13643
2025-04-17 09:00:00+00:00,AMD,89.45,89.67,89.45,89.67,7267
2025-04-17 10:00:00+00:00,AMD,89.69,89.72,89.0,89.06,19556
2025-04-17 11:00:00+00:00,AMD,89.08,89.19,88.61,89.0,21397
2025-04-17 12:00:00+00:00,AMD,88.96,89.79,88.85,88.9,29918
2025-04-17 13:00:00+00:00,AMD,88.87,89.02,87.61,88.51,1410179
2025-04-17 14:00:00+00:00,AMD,88.5,88.76,86.63,86.65,1122694
2025-04-17 15:00:00+00:00,AMD,86.65,87.94,86.65,86.73,911881
2025-04-17 16:00:00+00:00,AMD,86.78,87.9,86.51,87.37,760769
2025-04-17 17:00:00+00:00,AMD,87.35,87.75,86.8,87.49,591842
2025-04-17 18:00:00+00:00,AMD,87.48,88.22,87.1,87.11,693251
2025-04-17 19:00:00+00:00,AMD,87.11,87.76,86.83,87.43,1452393
2025-04-17 20:00:00+00:00,AMD,87.5,87.7,87.34,87.51,2682777
2025-04-17 21:00:00+00:00,AMD,87.55,87.55,87.4,87.45,4181
2025-04-17 22:00:00+00:00,AMD,87.44,87.5,87.38,87.4,1659
2025-04-17 23:00:00+00:00,AMD,87.43,87.6,87.37,87.53,4112
2025-04-21 08:00:00+00:00,AMD,86.65,86.74,86.0,86.13,15485
2025-04-21 09:00:00+00:00,AMD,86.14,86.22,85.9,86.13,13511
2025-04-21 10:00:00+00:00,AMD,86.16,86.22,85.6,85.8,14067
2025-04-21 11:00:00+00:00,AMD,85.99,86.2,85.33,85.49,17092
2025-04-21 12:00:00+00:00,AMD,85.5,85.6,85.35,85.41,14985
2025-04-21 13:00:00+00:00,AMD,85.47,86.22,84.775,84.83,1242892
2025-04-21 14:00:00+00:00,AMD,84.8,85.8,84.52,85.41,1057392
2025-04-21 15:00:00+00:00,AMD,85.43,85.5,83.99,84.08,739498
2025-04-21 16:00:00+00:00,AMD,84.07,84.775,84.07,84.16,492623
2025-04-21 17:00:00+00:00,AMD,84.165,84.37,83.86,83.92,466470
2025-04-21 18:00:00+00:00,AMD,83.92,84.53,83.75,84.33,505129
2025-04-21 19:00:00+00:00,AMD,84.32,85.79,84.3,85.56,1370024
2025-04-21 20:00:00+00:00,AMD,85.56,85.65,85.29,85.44,2759536
2025-04-21 21:00:00+00:00,AMD,85.5,85.53,85.3,85.32,3378
2025-04-21 22:00:00+00:00,AMD,85.34,85.37,84.85,85.04,21376
2025-04-21 23:00:00+00:00,AMD,85.1,85.69,85.1,85.57,2544
2025-04-22 08:00:00+00:00,AMD,86.44,86.51,85.97,86.44,12297
2025-04-22 09:00:00+00:00,AMD,86.44,86.49,86.17,86.17,8199
2025-04-22 10:00:00+00:00,AMD,86.17,86.33,86.1,86.33,4368
2025-04-22 11:00:00+00:00,AMD,86.27,86.33,86.0,86.15,5933
2025-04-22 12:00:00+00:00,AMD,86.15,86.77,86.12,86.77,18069
2025-04-22 13:00:00+00:00,AMD,86.72,86.79,85.39,85.93,1080368
2025-04-22 14:00:00+00:00,AMD,85.96,86.23,85.56,85.87,805047
2025-04-22 15:00:00+00:00,AMD,85.88,86.63,85.17,85.9,913525
2025-04-22 16:00:00+00:00,AMD,85.91,87.04,85.91,86.64,712357
2025-04-22 17:00:00+00:00,AMD,86.64,87.17,85.46,85.67,706268
2025-04-22 18:00:00+00:00,AMD,85.68,86.36,85.66,86.27,408352
2025-04-22 19:00:00+00:00,AMD,86.27,86.44,85.2,86.2,1464908
2025-04-22 20:00:00+00:00,AMD,86.26,86.31,86.05,86.25,1874168
2025-04-22 21:00:00+00:00,AMD,86.19,88.55,86.1,88.47,40922
2025-04-22 22:00:00+00:00,AMD,88.4,88.79,88.16,88.4,38218
2025-04-22 23:00:00+00:00,AMD,88.48,88.85,88.39,88.85,21151
2025-04-23 08:00:00+00:00,AMD,88.97,89.48,88.8,89.3,23434
2025-04-23 09:00:00+00:00,AMD,89.35,89.44,89.1,89.31,13935
2025-04-23 10:00:00+00:00,AMD,89.27,89.94,89.19,89.86,22547
2025-04-23 11:00:00+00:00,AMD,89.85,90.15,89.54,89.54,51453
2025-04-23 12:00:00+00:00,AMD,89.6,91.39,89.6,91.27,89478
2025-04-23 13:00:00+00:00,AMD,91.31,93.45,91.02,92.81,2790221
2025-04-23 14:00:00+00:00,AMD,92.8,93.73,92.11,92.4,1506018
2025-04-23 15:00:00+00:00,AMD,92.41,92.75,90.3,90.985,1134591
2025-04-23 16:00:00+00:00,AMD,90.99,91.97,90.48,91.83,608105
2025-04-23 17:00:00+00:00,AMD,91.83,92.21,91.13,91.93,427501
2025-04-23 18:00:00+00:00,AMD,91.91,92.27,91.31,91.47,470251
2025-04-23 19:00:00+00:00,AMD,91.46,91.57,90.13,90.33,1688499
2025-04-23 20:00:00+00:00,AMD,90.39,90.83,90.11,90.51,3350967
2025-04-23 21:00:00+00:00,AMD,90.52,90.79,90.4,90.4,17752
2025-04-23 22:00:00+00:00,AMD,90.36,90.36,89.6,90.27,10867
2025-04-23 23:00:00+00:00,AMD,90.14,90.5,90.14,90.39,1534
2025-04-24 08:00:00+00:00,AMD,89.59,90.04,89.02,89.26,21396
2025-04-24 09:00:00+00:00,AMD,89.26,89.82,89.22,89.78,13419
2025-04-24 10:00:00+00:00,AMD,89.75,90.66,89.68,90.5,20989
2025-04-24 11:00:00+00:00,AMD,90.46,90.68,90.03,90.29,20802
2025-04-24 12:00:00+00:00,AMD,90.29,91.28,90.29,91.19,25502
2025-04-24 13:00:00+00:00,AMD,91.2,92.56,90.37,92.38,1387399
2025-04-24 14:00:00+00:00,AMD,92.37,93.2,92.29,92.87,1145209
2025-04-24 15:00:00+00:00,AMD,92.87,93.55,92.75,93.09,591601
2025-04-24 16:00:00+00:00,AMD,93.1,94.715,93.05,94.61,652321
2025-04-24 17:00:00+00:00,AMD,94.61,94.68,94.03,94.59,403048
2025-04-24 18:00:00+00:00,AMD,94.58,94.73,94.02,94.04,402769
2025-04-24 19:00:00+00:00,AMD,94.03,94.55,93.39,94.42,1588222
2025-04-24 20:00:00+00:00,AMD,94.47,94.64,93.75,93.84,3537865
2025-04-24 21:00:00+00:00,AMD,93.88,94.58,93.85,94.55,15885
2025-04-24 22:00:00+00:00,AMD,94.51,94.58,94.14,94.58,13931
2025-04-24 23:00:00+00:00,AMD,94.5,95.0,94.5,94.99,10166
2025-04-25 08:00:00+00:00,AMD,95.21,95.23,94.58,94.85,22169
2025-04-25 09:00:00+00:00,AMD,94.81,94.81,94.12,94.47,15676
2025-04-25 10:00:00+00:00,AMD,94.35,94.43,93.04,93.39,35072
2025-04-25 11:00:00+00:00,AMD,93.49,94.09,93.46,93.6,45524
2025-04-25 12:00:00+00:00,AMD,93.61,93.9,93.14,93.26,51475
2025-04-25 13:00:00+00:00,AMD,93.23,94.04,92.85,93.67,1178665
2025-04-25 14:00:00+00:00,AMD,93.69,95.15,93.69,94.66,950931
2025-04-25 15:00:00+00:00,AMD,94.66,95.59,94.47,95.235,775661
2025-04-25 16:00:00+00:00,AMD,95.24,96.09,95.03,95.95,457052
2025-04-25 17:00:00+00:00,AMD,95.95,97.09,95.51,96.06,913512
2025-04-25 18:00:00+00:00,AMD,96.05,96.54,95.88,96.17,539922
2025-04-25 19:00:00+00:00,AMD,96.17,96.74,95.86,96.64,1432816
2025-04-25 20:00:00+00:00,AMD,96.645,96.75,96.2,96.22,2007595
2025-04-25 21:00:00+00:00,AMD,96.22,96.39,96.2,96.2,6861
2025-04-25 22:00:00+00:00,AMD,96.27,96.27,96.19,96.27,4561
2025-04-25 23:00:00+00:00,AMD,96.29,96.35,96.19,96.35,3739
2025-04-28 08:00:00+00:00,AMD,95.98,96.05,95.46,96.0,9495
2025-04-28 09:00:00+00:00,AMD,96.01,96.3,95.89,96.07,10491
2025-04-28 10:00:00+00:00,AMD,96.04,96.16,95.59,95.64,6034
2025-04-28 11:00:00+00:00,AMD,95.74,95.96,95.41,95.7,8683
2025-04-28 12:00:00+00:00,AMD,95.62,96.3,95.44,96.02,27064
2025-04-28 13:00:00+00:00,AMD,95.96,97.49,95.47,96.25,1076645
2025-04-28 14:00:00+00:00,AMD,96.3,96.9,95.19,95.31,644065
2025-04-28 15:00:00+00:00,AMD,95.28,95.52,94.27,94.81,691112
2025-04-28 16:00:00+00:00,AMD,94.79,94.975,94.41,94.67,503280
2025-04-28 17:00:00+00:00,AMD,94.66,95.02,94.28,94.985,277418
2025-04-28 18:00:00+00:00,AMD,94.98,95.76,94.89,95.54,302536
2025-04-28 19:00:00+00:00,AMD,95.55,96.51,95.49,96.32,858144
2025-04-28 20:00:00+00:00,AMD,96.39,96.6,96.07,96.13,2583177
2025-04-28 21:00:00+00:00,AMD,96.13,96.21,95.85,95.99,1904
2025-04-28 22:00:00+00:00,AMD,95.91,95.98,95.75,95.96,1885
2025-04-28 23:00:00+00:00,AMD,95.98,96.6,95.97,96.25,8440
2025-04-29 08:00:00+00:00,AMD,97.22,97.22,96.53,96.71,4356
2025-04-29 09:00:00+00:00,AMD,96.72,96.82,96.61,96.7,2517
2025-04-29 10:00:00+00:00,AMD,96.7,96.71,95.62,96.1,10891
2025-04-29 11:00:00+00:00,AMD,96.15,96.26,95.83,96.12,11126
2025-04-29 12:00:00+00:00,AMD,96.03,96.39,95.84,95.88,7573
2025-04-29 13:00:00+00:00,AMD,95.84,96.8,95.33,96.4,654497
2025-04-29 14:00:00+00:00,AMD,96.4,96.9,95.85,96.39,574819
2025-04-29 15:00:00+00:00,AMD,96.39,96.56,95.92,96.32,318768
2025-04-29 16:00:00+00:00,AMD,96.31,96.97,95.685,95.93,374775
2025-04-29 17:00:00+00:00,AMD,95.93,97.05,95.64,96.87,360896
2025-04-29 18:00:00+00:00,AMD,96.87,97.17,96.65,96.67,357434
2025-04-29 19:00:00+00:00,AMD,96.66,96.79,95.92,96.04,1400358
2025-04-29 20:00:00+00:00,AMD,96.06,96.2,94.69,95.28,1652441
2025-04-29 21:00:00+00:00,AMD,95.15,95.38,95.01,95.3,13460
2025-04-29 22:00:00+00:00,AMD,95.25,95.37,95.15,95.2,4081
2025-04-29 23:00:00+00:00,AMD,95.18,95.25,95.06,95.15,6412
2025-04-30 08:00:00+00:00,AMD,95.36,95.7,95.13,95.34,10432
2025-04-30 09:00:00+00:00,AMD,95.34,95.56,95.25,95.4,6028
2025-04-30 10:00:00+00:00,AMD,95.39,95.39,95.1,95.25,2704
2025-04-30 11:00:00+00:00,AMD,95.22,95.46,94.85,94.89,9453
2025-04-30 12:00:00+00:00,AMD,94.91,94.96,92.6,92.83,49620
2025-04-30 13:00:00+00:00,AMD,92.78,93.7,91.87,92.42,1165208
2025-04-30 14:00:00+00:00,AMD,92.41,95.04,92.35,94.69,917022
2025-04-30 15:00:00+00:00,AMD,94.66,95.83,94.66,95.49,546859
2025-04-30 16:00:00+00:00,AMD,95.5,95.77,94.93,95.43,369768
2025-04-30 17:00:00+00:00,AMD,95.43,96.12,94.835,95.97,419557
2025-04-30 18:00:00+00:00,AMD,95.985,97.04,95.74,96.605,746231
2025-04-30 19:00:00+00:00,AMD,96.6,97.55,96.17,97.32,1486837
2025-04-30 20:00:00+00:00,AMD,97.3,99.66,97.12,99.2,2428083
2025-04-30 21:00:00+00:00,AMD,99.14,99.35,98.52,98.77,15049
2025-04-30 22:00:00+00:00,AMD,98.78,99.65,98.7,99.2,11398
2025-04-30 23:00:00+00:00,AMD,99.2,99.43,99.11,99.36,8878
2025-05-01 08:00:00+00:00,AMD,99.66,99.92,99.55,99.84,17208
2025-05-01 09:00:00+00:00,AMD,99.82,100.19,99.8,100.16,8468
2025-05-01 10:00:00+00:00,AMD,100.15,100.36,99.82,99.95,14922
2025-05-01 11:00:00+00:00,AMD,99.95,100.21,99.66,99.94,17222
2025-05-01 12:00:00+00:00,AMD,99.95,100.15,99.34,99.36,18611
2025-05-01 13:00:00+00:00,AMD,99.33,99.77,98.15,98.45,1156066
2025-05-01 14:00:00+00:00,AMD,98.48,99.35,98.42,99.33,753679
2025-05-01 15:00:00+00:00,AMD,99.33,100.1,98.49,98.68,960438
2025-05-01 16:00:00+00:00,AMD,98.68,98.85,98.24,98.33,363505
2025-05-01 17:00:00+00:00,AMD,98.32,98.93,98.15,98.35,335948
2025-05-01 18:00:00+00:00,AMD,98.34,98.62,97.69,97.71,600438
2025-05-01 19:00:00+00:00,AMD,97.71,97.99,96.45,96.59,1561234
2025-05-01 20:00:00+00:00,AMD,96.58,96.72,95.83,96.32,2835800
2025-05-01 21:00:00+00:00,AMD,96.33,96.45,96.12,96.2,19444
2025-05-01 22:00:00+00:00,AMD,96.17,96.39,96.08,96.28,7407
2025-05-01 23:00:00+00:00,AMD,96.29,96.55,96.03,96.03,6111
2025-05-02 08:00:00+00:00,AMD,97.5,97.86,97.12,97.14,11318
2025-05-02 09:00:00+00:00,AMD,97.28,97.62,97.19,97.62,6607
2025-05-02 10:00:00+00:00,AMD,97.59,97.73,97.53,97.56,3612
2025-05-02 11:00:00+00:00,AMD,97.57,97.59,97.2,97.25,15669
2025-05-02 12:00:00+00:00,AMD,97.3,98.3,96.78,98.15,48884
2025-05-02 13:00:00+00:00,AMD,98.19,99.58,97.86,98.7,1614807
2025-05-02 14:00:00+00:00,AMD,98.7,99.355,98.62,98.83,1109727
2025-05-02 15:00:00+00:00,AMD,98.83,99.24,98.6,98.93,677585
2025-05-02 16:00:00+00:00,AMD,98.94,99.87,98.85,99.61,1038006
2025-05-02 17:00:00+00:00,AMD,99.61,99.75,98.91,99.08,518788
2025-05-02 18:00:00+00:00,AMD,99.07,99.21,98.585,98.64,527638
2025-05-02 19:00:00+00:00,AMD,98.64,99.085,98.37,98.75,1333063
2025-05-02 20:00:00+00:00,AMD,98.8,98.95,98.64,98.84,2907075
2025-05-02 21:00:00+00:00,AMD,98.9,98.99,98.88,98.92,7554
2025-05-02 22:00:00+00:00,AMD,98.89,99.0,98.88,99.0,755
2025-05-02 23:00:00+00:00,AMD,99.05,99.16,99.0,99.0,2100
2025-05-05 08:00:00+00:00,AMD,98.45,98.69,97.75,97.97,9931
2025-05-05 09:00:00+00:00,AMD,97.97,98.18,97.83,98.17,8744
2025-05-05 10:00:00+00:00,AMD,98.11,98.39,97.87,98.19,6968
2025-05-05 11:00:00+00:00,AMD,98.3,98.68,98.05,98.21,14572
2025-05-05 12:00:00+00:00,AMD,98.12,98.6,98.0,98.6,22909
2025-05-05 13:00:00+00:00,AMD,98.57,101.465,98.52,100.8,1860482
2025-05-05 14:00:00+00:00,AMD,100.82,101.6,100.28,101.12,1125272
2025-05-05 15:00:00+00:00,AMD,101.12,101.12,100.33,100.54,871958
2025-05-05 16:00:00+00:00,AMD,100.53,101.05,100.5,101.01,493319
2025-05-05 17:00:00+00:00,AMD,101.01,102.05,100.87,101.68,759443
2025-05-05 18:00:00+00:00,AMD,101.68,102.05,101.33,101.37,583182
2025-05-05 19:00:00+00:00,AMD,101.36,101.64,100.44,100.615,1408303
2025-05-05 20:00:00+00:00,AMD,100.59,101.08,100.46,100.91,2437433
2025-05-05 21:00:00+00:00,AMD,100.86,101.05,100.76,100.93,18150
2025-05-05 22:00:00+00:00,AMD,100.89,100.94,100.8,100.92,2251
2025-05-05 23:00:00+00:00,AMD,100.92,100.96,100.78,100.8,7697
2025-05-06 08:00:00+00:00,AMD,100.68,100.68,99.7,100.07,22255
2025-05-06 09:00:00+00:00,AMD,100.0,100.19,99.78,100.15,20094
2025-05-06 10:00:00+00:00,AMD,100.19,100.49,100.1,100.34,12943
2025-05-06 11:00:00+00:00,AMD,100.42,100.45,99.75,99.97,16994
2025-05-06 12:00:00+00:00,AMD,100.0,100.2,99.53,99.79,33829
2025-05-06 13:00:00+00:00,AMD,99.74,99.74,97.44,97.86,1624591
2025-05-06 14:00:00+00:00,AMD,97.88,99.45,97.8,98.87,1229540
2025-05-06 15:00:00+00:00,AMD,98.86,99.48,98.44,99.16,763373
2025-05-06 16:00:00+00:00,AMD,99.16,100.07,98.7,98.74,762458
2025-05-06 17:00:00+00:00,AMD,98.75,99.1,98.31,98.35,717814
2025-05-06 18:00:00+00:00,AMD,98.35,99.675,98.33,99.675,730806
2025-05-06 19:00:00+00:00,AMD,99.67,99.93,98.51,98.56,2024128
2025-05-06 20:00:00+00:00,AMD,98.55,106.0,98.25,103.1,3641710
2025-05-06 21:00:00+00:00,AMD,103.13,103.5,96.3,98.09,1359242
2025-05-06 22:00:00+00:00,AMD,98.09,100.48,98.09,100.2,347678
2025-05-06 23:00:00+00:00,AMD,100.25,100.48,99.46,100.4,61826
2025-05-07 08:00:00+00:00,AMD,100.85,101.48,100.49,100.53,66158
2025-05-07 09:00:00+00:00,AMD,100.57,100.7,99.9,100.08,53933
2025-05-07 10:00:00+00:00,AMD,100.08,103.46,99.87,100.56,203427
2025-05-07 11:00:00+00:00,AMD,100.57,100.83,99.66,100.72,144612
2025-05-07 12:00:00+00:00,AMD,100.72,100.75,99.55,99.98,133850
2025-05-07 13:00:00+00:00,AMD,100.05,103.42,99.11,99.96,4300965
2025-05-07 14:00:00+00:00,AMD,99.97,99.97,97.76,99.3,3135961
2025-05-07 15:00:00+00:00,AMD,99.29,99.8,97.45,99.51,2000650
2025-05-07 16:00:00+00:00,AMD,99.5,99.64,98.22,98.89,856929
2025-05-07 17:00:00+00:00,AMD,98.89,99.78,97.88,98.15,1087939
2025-05-07 18:00:00+00:00,AMD,98.1,98.59,96.89,98.42,1090874
2025-05-07 19:00:00+00:00,AMD,98.4,100.83,97.52,100.36,3276804
2025-05-07 20:00:00+00:00,AMD,100.36,100.6,99.72,99.82,1986312
2025-05-07 21:00:00+00:00,AMD,99.78,99.85,99.46,99.46,23479
2025-05-07 22:00:00+00:00,AMD,99.48,99.71,99.48,99.6,5493
2025-05-07 23:00:00+00:00,AMD,99.68,100.15,99.67,99.9,23544
2025-05-08 08:00:00+00:00,AMD,101.51,102.24,101.27,102.07,27155
2025-05-08 09:00:00+00:00,AMD,102.07,102.61,102.06,102.38,28559
2025-05-08 10:00:00+00:00,AMD,102.36,102.64,102.17,102.19,16313
2025-05-08 11:00:00+00:00,AMD,102.17,102.19,101.75,102.01,30450
2025-05-08 12:00:00+00:00,AMD,102.01,102.3,101.42,101.76,48712
2025-05-08 13:00:00+00:00,AMD,101.76,105.44,101.41,104.43,3059149
2025-05-08 14:00:00+00:00,AMD,104.44,104.8,102.24,102.51,1442737
2025-05-08 15:00:00+00:00,AMD,102.51,104.4,102.2,103.97,1354830
2025-05-08 16:00:00+00:00,AMD,103.96,104.16,103.51,103.99,775004
2025-05-08 17:00:00+00:00,AMD,103.98,104.0,102.71,102.72,615607
2025-05-08 18:00:00+00:00,AMD,102.72,103.16,102.65,102.81,549819
2025-05-08 19:00:00+00:00,AMD,102.8,103.495,101.565,101.7,1660450
2025-05-08 20:00:00+00:00,AMD,101.7,102.0,101.65,101.8,2755853
2025-05-08 21:00:00+00:00,AMD,101.8,102.18,101.79,102.01,14658
2025-05-08 22:00:00+00:00,AMD,101.98,102.06,101.81,101.89,1204
2025-05-08 23:00:00+00:00,AMD,101.92,101.92,101.8,101.87,4049
2025-05-09 08:00:00+00:00,AMD,102.3,102.51,101.89,102.09,22931
2025-05-09 09:00:00+00:00,AMD,102.1,102.5,102.02,102.41,8130
2025-05-09 10:00:00+00:00,AMD,102.49,102.71,102.45,102.51,7830
2025-05-09 11:00:00+00:00,AMD,102.55,102.92,101.81,102.33,28840
2025-05-09 12:00:00+00:00,AMD,102.44,102.55,102.29,102.52,14545
2025-05-09 13:00:00+00:00,AMD,102.54,103.51,101.62,102.97,1456869
2025-05-09 14:00:00+00:00,AMD,102.96,103.24,101.62,102.31,1078201
2025-05-09 15:00:00+00:00,AMD,102.3,102.85,102.0,102.32,588419
2025-05-09 16:00:00+00:00,AMD,102.34,102.72,101.73,102.52,448390
2025-05-09 17:00:00+00:00,AMD,102.52,103.01,102.31,102.95,418336
2025-05-09 18:00:00+00:00,AMD,102.94,103.05,102.715,102.85,426237
2025-05-09 19:00:00+00:00,AMD,102.85,103.16,102.61,102.83,1173450
2025-05-09 20:00:00+00:00,AMD,102.84,102.87,102.71,102.8,1710627
2025-05-09 21:00:00+00:00,AMD,102.82,102.82,102.72,102.74,1740
2025-05-09 22:00:00+00:00,AMD,102.72,102.78,102.7,102.75,815
2025-05-09 23:00:00+00:00,AMD,102.78,102.78,102.68,102.68,2165
2025-05-12 08:00:00+00:00,AMD,107.07,108.58,107.07,108.5,63018
2025-05-12 09:00:00+00:00,AMD,108.5,110.14,108.48,110.0,55699
2025-05-12 10:00:00+00:00,AMD,110.03,110.43,109.7,110.4,36258
2025-05-12 11:00:00+00:00,AMD,110.34,110.7,109.11,109.2,74558
2025-05-12 12:00:00+00:00,AMD,109.21,110.86,109.2,110.62,112363
2025-05-12 13:00:00+00:00,AMD,110.65,111.06,108.22,108.22,2674024
2025-05-12 14:00:00+00:00,AMD,108.23,109.15,106.97,107.64,1809098
2025-05-12 15:00:00+00:00,AMD,107.65,108.21,107.43,108.19,1090399
2025-05-12 16:00:00+00:00,AMD,108.2,109.47,108.14,109.23,1028054
2025-05-12 17:00:00+00:00,AMD,109.24,109.74,108.65,108.65,821034
2025-05-12 18:00:00+00:00,AMD,108.65,108.73,108.025,108.05,727829
2025-05-12 19:00:00+00:00,AMD,108.045,108.28,107.43,108.11,1816178
2025-05-12 20:00:00+00:00,AMD,108.12,108.33,108.0,108.13,4016652
2025-05-12 21:00:00+00:00,AMD,108.13,108.33,108.11,108.27,17778
2025-05-12 22:00:00+00:00,AMD,108.26,108.36,108.15,108.16,3841
2025-05-12 23:00:00+00:00,AMD,108.17,108.24,108.08,108.1,2627
2025-05-13 08:00:00+00:00,AMD,107.96,107.96,107.59,107.65,20465
2025-05-13 09:00:00+00:00,AMD,107.65,107.99,107.61,107.99,10742
2025-05-13 10:00:00+00:00,AMD,107.99,109.47,107.81,108.86,27624
2025-05-13 11:00:00+00:00,AMD,108.8,109.25,108.6,109.12,23049
2025-05-13 12:00:00+00:00,AMD,109.12,109.99,108.91,109.79,71605
2025-05-13 13:00:00+00:00,AMD,109.8,110.51,109.0,110.05,1839747
2025-05-13 14:00:00+00:00,AMD,110.06,111.485,109.78,111.47,1845215
2025-05-13 15:00:00+00:00,AMD,111.465,112.16,111.39,112.05,1925194
2025-05-13 16:00:00+00:00,AMD,112.04,113.12,111.67,112.66,1780406
2025-05-13 17:00:00+00:00,AMD,112.67,112.96,112.12,112.13,791117
2025-05-13 18:00:00+00:00,AMD,112.14,112.97,111.88,112.755,837410
2025-05-13 19:00:00+00:00,AMD,112.76,112.855,112.29,112.43,1491590
2025-05-13 20:00:00+00:00,AMD,112.42,112.49,112.24,112.28,2803927
2025-05-13 21:00:00+00:00,AMD,112.27,112.49,112.25,112.46,14130
2025-05-13 22:00:00+00:00,AMD,112.46,112.65,112.46,112.62,5870
2025-05-13 23:00:00+00:00,AMD,112.65,113.59,112.63,113.38,19462
2025-05-14 08:00:00+00:00,AMD,114.07,114.58,113.47,114.16,53184
2025-05-14 09:00:00+00:00,AMD,114.16,114.56,113.94,114.55,27592
2025-05-14 10:00:00+00:00,AMD,114.48,114.98,114.3,114.9,36086
2025-05-14 11:00:00+00:00,AMD,114.86,116.4,114.72,116.34,137124
2025-05-14 12:00:00+00:00,AMD,116.29,117.46,115.94,116.68,203741
2025-05-14 13:00:00+00:00,AMD,116.71,122.52,116.67,118.81,6607453
2025-05-14 14:00:00+00:00,AMD,118.83,119.62,117.85,118.05,2427886
2025-05-14 15:00:00+00:00,AMD,118.06,118.59,117.37,117.865,1996131
2025-05-14 16:00:00+00:00,AMD,117.86,119.18,117.57,118.55,1365704
2025-05-14 17:00:00+00:00,AMD,118.55,118.62,116.89,117.25,1185632
2025-05-14 18:00:00+00:00,AMD,117.24,117.65,116.59,117.3,989250
2025-05-14 19:00:00+00:00,AMD,117.31,117.885,116.99,117.72,1736577
2025-05-14 20:00:00+00:00,AMD,117.72,118.5,117.58,117.98,2953276
2025-05-14 21:00:00+00:00,AMD,117.95,118.1,117.15,117.26,12971
2025-05-14 22:00:00+00:00,AMD,117.25,117.42,117.15,117.38,4209
2025-05-14 23:00:00+00:00,AMD,117.38,117.4,117.02,117.18,16784
2025-05-15 08:00:00+00:00,AMD,116.0,116.5,115.8,115.81,61206
2025-05-15 09:00:00+00:00,AMD,115.81,116.19,115.47,116.06,54676
2025-05-15 10:00:00+00:00,AMD,116.06,116.96,115.94,116.78,36486
2025-05-15 11:00:00+00:00,AMD,116.86,117.28,116.78,117.1,28777
2025-05-15 12:00:00+00:00,AMD,117.06,117.82,116.75,116.93,61676
2025-05-15 13:00:00+00:00,AMD,116.93,117.5,115.375,116.05,1805149
2025-05-15 14:00:00+00:00,AMD,116.06,116.56,114.41,115.14,1453301
2025-05-15 15:00:00+00:00,AMD,115.13,116.0,114.71,115.47,992626
2025-05-15 16:00:00+00:00,AMD,115.46,116.365,115.25,116.16,637877
2025-05-15 17:00:00+00:00,AMD,116.17,116.43,115.22,115.26,661387
2025-05-15 18:00:00+00:00,AMD,115.25,115.39,114.64,115.0,632039
2025-05-15 19:00:00+00:00,AMD,115.01,115.28,114.02,114.98,1729317
2025-05-15 20:00:00+00:00,AMD,114.98,115.1,114.71,114.88,3148116
2025-05-15 21:00:00+00:00,AMD,114.87,114.88,114.7,114.71,12531
2025-05-15 22:00:00+00:00,AMD,114.68,114.83,114.62,114.78,1841
2025-05-15 23:00:00+00:00,AMD,114.75,115.22,114.72,115.16,13637
2025-05-16 08:00:00+00:00,AMD,115.85,116.79,115.74,116.65,39649
2025-05-16 09:00:00+00:00,AMD,116.64,117.26,116.58,116.93,22268
2025-05-16 10:00:00+00:00,AMD,116.93,117.84,116.65,117.76,47995
2025-05-16 11:00:00+00:00,AMD,117.77,118.66,117.37,118.06,68182
2025-05-16 12:00:00+00:00,AMD,118.08,118.42,117.63,117.95,92048
2025-05-16 13:00:00+00:00,AMD,117.95,118.6,116.4,117.14,2227176
2025-05-16 14:00:00+00:00,AMD,117.11,118.24,116.01,116.67,1786535
2025-05-16 15:00:00+00:00,AMD,116.68,117.75,116.68,117.36,1070934
2025-05-16 16:00:00+00:00,AMD,117.36,117.755,116.8,116.81,716026
2025-05-16 17:00:00+00:00,AMD,116.8,117.325,116.71,116.82,587499
2025-05-16 18:00:00+00:00,AMD,116.81,117.15,116.495,116.89,606092
2025-05-16 19:00:00+00:00,AMD,116.89,117.24,116.81,117.18,1129439
2025-05-16 20:00:00+00:00,AMD,117.18,117.18,116.41,116.58,1696167
2025-05-16 21:00:00+00:00,AMD,116.6,116.68,115.77,115.77,21292
2025-05-16 22:00:00+00:00,AMD,115.75,115.77,113.82,114.2,52111
2025-05-16 23:00:00+00:00,AMD,114.2,114.9,114.15,114.36,14978
2025-05-19 08:00:00+00:00,AMD,114.16,114.16,113.14,113.46,65166
2025-05-19 09:00:00+00:00,AMD,113.36,114.2,113.32,113.99,29630
2025-05-19 10:00:00+00:00,AMD,114.0,114.63,113.8,114.32,23568
2025-05-19 11:00:00+00:00,AMD,114.42,114.7,113.91,114.49,29600
2025-05-19 12:00:00+00:00,AMD,114.46,115.46,114.4,115.36,89745
2025-05-19 13:00:00+00:00,AMD,115.34,115.53,114.18,114.92,1387774
2025-05-19 14:00:00+00:00,AMD,114.9,115.4,114.4,114.43,1217224
2025-05-19 15:00:00+00:00,AMD,114.43,114.69,114.15,114.35,835663
2025-05-19 16:00:00+00:00,AMD,114.35,114.93,114.22,114.83,540903
2025-05-19 17:00:00+00:00,AMD,114.81,115.36,114.41,114.45,674180
2025-05-19 18:00:00+00:00,AMD,114.45,114.635,114.1,114.45,543754
2025-05-19 19:00:00+00:00,AMD,114.45,114.81,114.06,114.75,1157069
2025-05-19 20:00:00+00:00,AMD,114.76,114.78,114.51,114.55,3638588
2025-05-19 21:00:00+00:00,AMD,114.55,114.69,114.54,114.56,4748
2025-05-19 22:00:00+00:00,AMD,114.57,114.68,114.57,114.67,3736
2025-05-19 23:00:00+00:00,AMD,114.67,115.0,114.67,114.99,11573
2025-05-20 08:00:00+00:00,AMD,114.92,114.92,114.55,114.8,8945
2025-05-20 09:00:00+00:00,AMD,114.73,114.77,114.6,114.65,3558
2025-05-20 10:00:00+00:00,AMD,114.66,115.06,114.62,115.06,6031
2025-05-20 11:00:00+00:00,AMD,115.02,115.17,114.9,114.9,19787
2025-05-20 12:00:00+00:00,AMD,114.9,114.98,114.48,114.56,21786
2025-05-20 13:00:00+00:00,AMD,114.57,114.66,112.54,112.88,1286403
2025-05-20 14:00:00+00:00,AMD,112.88,113.84,112.86,113.48,875044
2025-05-20 15:00:00+00:00,AMD,113.48,113.88,113.37,113.5,568968
2025-05-20 16:00:00+00:00,AMD,113.49,113.815,113.335,113.65,390668
2025-05-20 17:00:00+00:00,AMD,113.66,113.74,113.27,113.325,409176
2025-05-20 18:00:00+00:00,AMD,113.32,113.38,112.39,112.46,556023
2025-05-20 19:00:00+00:00,AMD,112.455,113.59,112.08,113.55,1134637
2025-05-20 20:00:00+00:00,AMD,113.55,115.23,113.35,114.37,1891219
2025-05-20 21:00:00+00:00,AMD,114.35,114.5,114.2,114.4,18092
2025-05-20 22:00:00+00:00,AMD,114.4,114.4,113.69,114.01,16921
2025-05-20 23:00:00+00:00,AMD,114.09,114.4,113.95,114.21,7749
2025-05-21 08:00:00+00:00,AMD,113.74,114.1,113.57,113.85,5016
2025-05-21 09:00:00+00:00,AMD,113.88,113.94,113.27,113.32,8300
2025-05-21 10:00:00+00:00,AMD,113.34,113.8,113.04,113.79,15929
2025-05-21 11:00:00+00:00,AMD,113.79,113.91,113.33,113.91,19089
2025-05-21 12:00:00+00:00,AMD,113.85,114.6,113.62,114.2,43643
2025-05-21 13:00:00+00:00,AMD,114.24,115.365,113.55,114.99,1640611
2025-05-21 14:00:00+00:00,AMD,114.99,115.1,113.93,114.91,1168834
2025-05-21 15:00:00+00:00,AMD,114.9,116.06,114.645,115.81,1252294
2025-05-21 16:00:00+00:00,AMD,115.81,116.1,115.25,115.29,512827
2025-05-21 17:00:00+00:00,AMD,115.29,115.36,112.26,113.01,1367836
2025-05-21 18:00:00+00:00,AMD,113.0,113.23,112.2,112.39,910949
2025-05-21 19:00:00+00:00,AMD,112.4,112.8,111.1,112.05,2136010
2025-05-21 20:00:00+00:00,AMD,112.05,112.3,111.73,111.95,2713293
2025-05-21 21:00:00+00:00,AMD,111.96,112.0,111.7,111.75,21410
2025-05-21 22:00:00+00:00,AMD,111.76,111.91,111.7,111.81,3042
2025-05-21 23:00:00+00:00,AMD,111.82,111.88,111.61,111.64,4890
2025-05-22 08:00:00+00:00,AMD,112.17,112.77,112.15,112.5,14015
2025-05-22 09:00:00+00:00,AMD,112.5,112.96,112.47,112.85,13045
2025-05-22 10:00:00+00:00,AMD,112.87,112.89,112.46,112.48,7389
2025-05-22 11:00:00+00:00,AMD,112.5,113.0,111.86,111.86,14297
2025-05-22 12:00:00+00:00,AMD,111.94,112.48,111.41,112.48,38089
2025-05-22 13:00:00+00:00,AMD,112.47,112.64,110.94,112.41,872724
2025-05-22 14:00:00+00:00,AMD,112.44,112.64,111.36,112.04,1190306
2025-05-22 15:00:00+00:00,AMD,112.04,112.51,111.39,111.9,818665
2025-05-22 16:00:00+00:00,AMD,111.91,112.38,111.48,111.61,673845
2025-05-22 17:00:00+00:00,AMD,111.6,112.15,111.51,111.735,541419
2025-05-22 18:00:00+00:00,AMD,111.75,111.96,111.47,111.71,574208
2025-05-22 19:00:00+00:00,AMD,111.7,111.96,110.61,110.7,1428543
2025-05-22 20:00:00+00:00,AMD,110.7,111.7,110.65,111.39,1069127
2025-05-22 21:00:00+00:00,AMD,111.37,111.42,111.23,111.39,14062
2025-05-22 22:00:00+00:00,AMD,111.41,111.45,111.0,111.01,10925
2025-05-22 23:00:00+00:00,AMD,111.04,111.32,111.0,111.1,4318
2025-05-23 08:00:00+00:00,AMD,111.4,111.69,111.35,111.39,10027
2025-05-23 09:00:00+00:00,AMD,111.36,111.36,110.84,111.31,8859
2025-05-23 10:00:00+00:00,AMD,111.29,111.3,111.07,111.28,5518
2025-05-23 11:00:00+00:00,AMD,111.24,111.25,107.88,108.02,56905
2025-05-23 12:00:00+00:00,AMD,108.03,108.39,107.22,107.35,120910
2025-05-23 13:00:00+00:00,AMD,107.3,108.97,107.08,108.35,1317811
2025-05-23 14:00:00+00:00,AMD,108.38,109.61,108.34,109.16,980927
2025-05-23 15:00:00+00:00,AMD,109.16,109.86,108.97,109.22,672288
2025-05-23 16:00:00+00:00,AMD,109.22,110.02,109.14,109.77,540966
2025-05-23 17:00:00+00:00,AMD,109.77,110.7,109.73,110.58,532580
2025-05-23 18:00:00+00:00,AMD,110.59,111.01,110.39,110.6,668537
2025-05-23 19:00:00+00:00,AMD,110.595,110.91,110.25,110.34,1176831
2025-05-23 20:00:00+00:00,AMD,110.34,110.36,110.13,110.19,1863238
2025-05-23 21:00:00+00:00,AMD,110.23,110.29,110.18,110.24,1951
2025-05-23 22:00:00+00:00,AMD,110.27,110.32,110.24,110.29,4220
2025-05-23 23:00:00+00:00,AMD,110.29,110.38,110.24,110.38,527
2025-05-27 08:00:00+00:00,AMD,113.05,113.73,112.81,113.42,31433
2025-05-27 09:00:00+00:00,AMD,113.45,113.58,113.41,113.45,11885
2025-05-27 10:00:00+00:00,AMD,113.46,115.37,113.4,114.39,43279
2025-05-27 11:00:00+00:00,AMD,114.4,114.4,113.52,114.22,47594
2025-05-27 12:00:00+00:00,AMD,114.21,114.22,113.66,113.8,24058
2025-05-27 13:00:00+00:00,AMD,113.76,114.1,112.27,113.89,1362641
2025-05-27 14:00:00+00:00,AMD,113.9,115.17,113.86,114.72,1337892
2025-05-27 15:00:00+00:00,AMD,114.71,115.395,114.69,114.8,1685097
2025-05-27 16:00:00+00:00,AMD,114.79,115.19,114.75,114.82,557729
2025-05-27 17:00:00+00:00,AMD,114.83,115.365,114.83,115.14,547208
2025-05-27 18:00:00+00:00,AMD,115.13,115.24,114.665,114.78,493078
2025-05-27 19:00:00+00:00,AMD,114.78,114.78,113.95,114.55,1707888
2025-05-27 20:00:00+00:00,AMD,114.55,114.56,114.19,114.4,2845747
2025-05-27 21:00:00+00:00,AMD,114.42,114.76,114.37,114.68,11720
2025-05-27 22:00:00+00:00,AMD,114.61,114.88,114.57,114.74,3147
2025-05-27 23:00:00+00:00,AMD,114.74,114.97,114.74,114.94,4062
2025-05-28 08:00:00+00:00,AMD,114.98,115.13,114.79,114.82,16227
2025-05-28 09:00:00+00:00,AMD,114.83,115.01,114.8,115.0,4084
2025-05-28 10:00:00+00:00,AMD,115.01,115.8,115.01,115.68,13697
2025-05-28 11:00:00+00:00,AMD,115.66,115.66,115.28,115.6,20064
2025-05-28 12:00:00+00:00,AMD,115.57,115.79,115.35,115.49,21207
2025-05-28 13:00:00+00:00,AMD,115.48,115.65,113.77,114.09,1071195
2025-05-28 14:00:00+00:00,AMD,114.09,114.36,113.8,113.815,729184
2025-05-28 15:00:00+00:00,AMD,113.8,114.18,113.58,113.59,473666
2025-05-28 16:00:00+00:00,AMD,113.6,114.095,113.6,113.775,405638
2025-05-28 17:00:00+00:00,AMD,113.78,114.045,113.7,113.83,311185
2025-05-28 18:00:00+00:00,AMD,113.83,113.94,113.18,113.58,600833
2025-05-28 19:00:00+00:00,AMD,113.57,114.02,112.665,112.87,1583331
2025-05-28 20:00:00+00:00,AMD,112.88,114.75,112.59,114.71,1955430
2025-05-28 21:00:00+00:00,AMD,114.74,115.09,113.8,114.11,77163
2025-05-28 22:00:00+00:00,AMD,114.13,114.66,114.12,114.45,13551
2025-05-28 23:00:00+00:00,AMD,114.59,115.7,114.55,115.59,44780
2025-05-29 08:00:00+00:00,AMD,116.08,116.8,116.01,116.52,77700
2025-05-29 09:00:00+00:00,AMD,116.54,117.07,116.48,116.9,29443
2025-05-29 10:00:00+00:00,AMD,116.85,116.93,116.17,116.33,25874
2025-05-29 11:00:00+00:00,AMD,116.3,116.42,115.71,115.78,36278
2025-05-29 12:00:00+00:00,AMD,115.73,116.14,115.42,115.46,46996
2025-05-29 13:00:00+00:00,AMD,115.5,115.7,114.44,114.6,1488640
2025-05-29 14:00:00+00:00,AMD,114.58,114.81,113.4,114.56,1182764
2025-05-29 15:00:00+00:00,AMD,114.57,114.62,112.83,112.98,851488
2025-05-29 16:00:00+00:00,AMD,112.98,113.38,112.67,113.26,664426
2025-05-29 17:00:00+00:00,AMD,113.25,113.33,112.64,112.65,739517
2025-05-29 18:00:00+00:00,AMD,112.65,113.0,112.13,112.52,703270
2025-05-29 19:00:00+00:00,AMD,112.51,113.15,112.33,113.03,1344942
2025-05-29 20:00:00+00:00,AMD,113.02,113.04,112.61,112.69,1086570
2025-05-29 21:00:00+00:00,AMD,112.71,112.83,112.4,112.4,11068
2025-05-29 22:00:00+00:00,AMD,112.35,112.52,112.17,112.32,4598
2025-05-29 23:00:00+00:00,AMD,112.29,112.44,112.2,112.2,2782
2025-05-30 08:00:00+00:00,AMD,112.59,112.89,112.57,112.68,1745
2025-05-30 09:00:00+00:00,AMD,112.68,112.73,112.46,112.6,2391
2025-05-30 10:00:00+00:00,AMD,112.55,112.62,112.43,112.6,3654
2025-05-30 11:00:00+00:00,AMD,112.64,112.8,112.59,112.67,3100
2025-05-30 12:00:00+00:00,AMD,112.61,112.78,111.6,111.89,48709
2025-05-30 13:00:00+00:00,AMD,111.89,112.11,110.02,110.56,997582
2025-05-30 14:00:00+00:00,AMD,110.555,111.72,110.54,111.31,695250
2025-05-30 15:00:00+00:00,AMD,111.32,111.48,110.59,110.86,590026
2025-05-30 16:00:00+00:00,AMD,110.87,110.9,108.62,109.0,1219995
2025-05-30 17:00:00+00:00,AMD,109.0,109.96,108.85,109.51,642739
2025-05-30 18:00:00+00:00,AMD,109.51,110.54,109.5,110.51,664009
2025-05-30 19:00:00+00:00,AMD,110.5,111.32,110.47,110.69,1898494
2025-05-30 20:00:00+00:00,AMD,110.69,110.8,110.5,110.6,5059003
2025-05-30 21:00:00+00:00,AMD,110.6,110.61,110.51,110.61,3865
2025-05-30 22:00:00+00:00,AMD,110.61,110.63,110.49,110.51,1286
2025-05-30 23:00:00+00:00,AMD,110.51,110.55,110.31,110.4,1025
2025-06-02 08:00:00+00:00,AMD,109.85,110.4,109.85,110.2,8949
2025-06-02 09:00:00+00:00,AMD,110.29,110.29,109.81,109.95,5207
2025-06-02 10:00:00+00:00,AMD,109.96,110.51,109.87,110.46,10671
2025-06-02 11:00:00+00:00,AMD,110.42,110.99,110.37,110.42,34532
2025-06-02 12:00:00+00:00,AMD,110.42,111.49,110.37,111.41,35252
2025-06-02 13:00:00+00:00,AMD,111.4,113.44,111.01,113.05,1601180
2025-06-02 14:00:00+00:00,AMD,113.03,113.81,112.36,113.02,1546893
2025-06-02 15:00:00+00:00,AMD,113.0,113.44,112.395,113.37,821726
2025-06-02 16:00:00+00:00,AMD,113.36,113.67,113.14,113.47,480473
2025-06-02 17:00:00+00:00,AMD,113.48,114.035,113.44,113.725,491754
2025-06-02 18:00:00+00:00,AMD,113.72,114.75,113.625,114.7,717629
2025-06-02 19:00:00+00:00,AMD,114.69,114.85,114.155,114.65,1414961
2025-06-02 20:00:00+00:00,AMD,114.66,114.86,114.63,114.79,2873309
2025-06-02 21:00:00+00:00,AMD,114.79,114.88,114.79,114.8,4534
2025-06-02 22:00:00+00:00,AMD,114.82,114.82,114.7,114.74,3861
2025-06-02 23:00:00+00:00,AMD,114.74,114.8,114.63,114.72,2240
2025-06-03 08:00:00+00:00,AMD,114.14,114.18,113.64,114.13,11712
2025-06-03 09:00:00+00:00,AMD,114.14,114.42,114.12,114.25,2599
2025-06-03 10:00:00+00:00,AMD,114.28,114.7,114.15,114.6,5665
2025-06-03 11:00:00+00:00,AMD,114.61,115.0,114.56,114.95,14007
2025-06-03 12:00:00+00:00,AMD,115.0,115.05,114.65,114.86,10191
2025-06-03 13:00:00+00:00,AMD,114.8,115.965,113.28,115.53,1428858
2025-06-03 14:00:00+00:00,AMD,115.54,116.31,115.1,116.09,1028068
2025-06-03 15:00:00+00:00,AMD,116.09,117.36,116.05,116.66,1032043
2025-06-03 16:00:00+00:00,AMD,116.66,117.68,116.65,117.395,610927
2025-06-03 17:00:00+00:00,AMD,117.395,117.415,116.69,117.01,457218
2025-06-03 18:00:00+00:00,AMD,117.02,117.03,116.18,116.69,537971
2025-06-03 19:00:00+00:00,AMD,116.69,117.57,116.32,117.29,2128152
2025-06-03 20:00:00+00:00,AMD,117.285,117.31,116.98,116.98,3630011
2025-06-03 21:00:00+00:00,AMD,116.97,117.02,116.78,116.99,14999
2025-06-03 22:00:00+00:00,AMD,117.0,117.29,116.95,117.29,1599
2025-06-03 23:00:00+00:00,AMD,117.26,117.55,117.22,117.28,7660
2025-06-04 08:00:00+00:00,AMD,117.54,118.05,117.41,117.81,12306
2025-06-04 09:00:00+00:00,AMD,117.82,118.15,117.82,118.08,8109
2025-06-04 10:00:00+00:00,AMD,118.05,118.45,118.0,118.25,14498
2025-06-04 11:00:00+00:00,AMD,118.16,118.17,117.91,118.14,14461
2025-06-04 12:00:00+00:00,AMD,118.11,118.35,117.55,117.81,32033
2025-06-04 13:00:00+00:00,AMD,117.8,117.91,116.59,116.71,1059568
2025-06-04 14:00:00+00:00,AMD,116.68,117.345,115.75,117.3,860470
2025-06-04 15:00:00+00:00,AMD,117.31,117.88,117.21,117.78,888834
2025-06-04 16:00:00+00:00,AMD,117.77,119.0,117.71,118.88,1176600
2025-06-04 17:00:00+00:00,AMD,118.88,119.295,118.7,118.85,798514
2025-06-04 18:00:00+00:00,AMD,118.86,119.24,118.59,118.68,481646
2025-06-04 19:00:00+00:00,AMD,118.69,119.13,118.395,118.54,1276534
2025-06-04 20:00:00+00:00,AMD,118.54,118.65,118.38,118.39,1520337
2025-06-04 21:00:00+00:00,AMD,118.43,118.47,118.38,118.4,5371
2025-06-04 22:00:00+00:00,AMD,118.4,118.49,118.34,118.38,3464
2025-06-04 23:00:00+00:00,AMD,118.45,118.45,118.26,118.31,3423
2025-06-05 08:00:00+00:00,AMD,118.73,119.38,118.73,119.04,9731
2025-06-05 09:00:00+00:00,AMD,119.02,119.02,118.79,118.88,8517
2025-06-05 10:00:00+00:00,AMD,118.93,119.19,118.65,118.82,7369
2025-06-05 11:00:00+00:00,AMD,118.8,118.95,118.46,118.67,10077
2025-06-05 12:00:00+00:00,AMD,118.61,119.38,118.35,118.83,19679
2025-06-05 13:00:00+00:00,AMD,118.86,119.28,116.435,116.65,1275631
2025-06-05 14:00:00+00:00,AMD,116.64,118.05,116.52,117.52,1169772
2025-06-05 15:00:00+00:00,AMD,117.52,118.6,117.42,118.38,629373
2025-06-05 16:00:00+00:00,AMD,118.38,118.45,116.42,116.52,637197
2025-06-05 17:00:00+00:00,AMD,116.54,117.35,116.24,116.67,516534
2025-06-05 18:00:00+00:00,AMD,116.67,116.83,115.92,116.39,742166
2025-06-05 19:00:00+00:00,AMD,116.38,116.41,114.71,115.68,2124451
2025-06-05 20:00:00+00:00,AMD,115.69,115.69,114.43,114.52,2096656
2025-06-05 21:00:00+00:00,AMD,114.52,114.78,114.25,114.26,15842
2025-06-05 22:00:00+00:00,AMD,114.26,114.94,114.26,114.9,7959
2025-06-05 23:00:00+00:00,AMD,114.81,114.98,114.73,114.75,3540
2025-06-06 08:00:00+00:00,AMD,116.12,116.2,115.73,115.96,10824
2025-06-06 09:00:00+00:00,AMD,115.99,116.27,115.9,116.25,4916
2025-06-06 10:00:00+00:00,AMD,116.25,116.27,115.78,115.91,8826
2025-06-06 11:00:00+00:00,AMD,115.83,116.16,115.77,116.03,14863
2025-06-06 12:00:00+00:00,AMD,116.06,117.2,116.0,117.03,31623
2025-06-06 13:00:00+00:00,AMD,117.03,118.38,116.88,117.31,1196051
2025-06-06 14:00:00+00:00,AMD,117.32,117.94,117.03,117.05,784579
2025-06-06 15:00:00+00:00,AMD,117.05,117.18,115.87,116.19,876822
2025-06-06 16:00:00+00:00,AMD,116.19,116.705,115.95,116.24,507235
2025-06-06 17:00:00+00:00,AMD,116.24,116.815,115.97,116.74,411152
2025-06-06 18:00:00+00:00,AMD,116.75,117.33,116.49,116.67,778141
2025-06-06 19:00:00+00:00,AMD,116.66,116.72,116.14,116.16,1263774
2025-06-06 20:00:00+00:00,AMD,116.17,116.5,116.11,116.39,2021464
2025-06-06 21:00:00+00:00,AMD,116.35,116.35,116.26,116.27,1895
2025-06-06 22:00:00+00:00,AMD,116.27,116.39,116.23,116.29,1049
2025-06-06 23:00:00+00:00,AMD,116.36,116.74,116.34,116.69,5961
2025-06-09 08:00:00+00:00,AMD,116.93,117.35,116.9,117.18,9200
2025-06-09 09:00:00+00:00,AMD,117.2,117.62,117.17,117.56,5049
2025-06-09 10:00:00+00:00,AMD,117.58,117.69,117.37,117.51,9935
2025-06-09 11:00:00+00:00,AMD,117.53,118.1,117.46,118.01,21814
2025-06-09 12:00:00+00:00,AMD,118.01,118.83,117.87,118.51,54629
2025-06-09 13:00:00+00:00,AMD,118.5,121.57,118.48,120.53,2669095
2025-06-09 14:00:00+00:00,AMD,120.53,122.365,120.52,120.71,2500305
2025-06-09 15:00:00+00:00,AMD,120.73,121.07,119.65,119.83,1330511
2025-06-09 16:00:00+00:00,AMD,119.83,120.21,119.34,120.17,633523
2025-06-09 17:00:00+00:00,AMD,120.18,120.88,120.0,120.81,593855
2025-06-09 18:00:00+00:00,AMD,120.81,121.8,120.71,121.5,930472
2025-06-09 19:00:00+00:00,AMD,121.495,122.2,121.305,121.69,2935972
2025-06-09 20:00:00+00:00,AMD,121.69,121.77,121.41,121.5,2473531
2025-06-09 21:00:00+00:00,AMD,121.57,121.75,121.51,121.72,4690
2025-06-09 22:00:00+00:00,AMD,121.75,122.02,121.68,121.86,10837
2025-06-09 23:00:00+00:00,AMD,121.86,122.1,121.86,122.07,7399
2025-06-10 08:00:00+00:00,AMD,121.74,122.13,121.5,122.03,22130
2025-06-10 09:00:00+00:00,AMD,122.04,122.35,121.99,122.2,11248
2025-06-10 10:00:00+00:00,AMD,122.29,122.49,122.2,122.3,27398
2025-06-10 11:00:00+00:00,AMD,122.3,122.3,121.44,121.9,43183
2025-06-10 12:00:00+00:00,AMD,121.91,122.03,121.7,121.8,21041
2025-06-10 13:00:00+00:00,AMD,121.79,123.12,120.8,122.21,1949459
2025-06-10 14:00:00+00:00,AMD,122.2,123.43,122.0,122.21,1355714
2025-06-10 15:00:00+00:00,AMD,122.21,122.7,121.145,122.65,1030866
2025-06-10 16:00:00+00:00,AMD,122.64,123.85,122.63,123.53,1110530
2025-06-10 17:00:00+00:00,AMD,123.52,123.9,122.65,122.67,776860
2025-06-10 18:00:00+00:00,AMD,122.67,123.74,122.29,123.705,822236
2025-06-10 19:00:00+00:00,AMD,123.7,124.09,122.695,123.28,1839334
2025-06-10 20:00:00+00:00,AMD,123.24,123.26,123.01,123.07,2163480
2025-06-10 21:00:00+00:00,AMD,123.08,123.08,122.96,122.98,7657
2025-06-10 22:00:00+00:00,AMD,123.0,123.24,123.0,123.24,5229
2025-06-10 23:00:00+00:00,AMD,123.1,123.31,123.06,123.31,4563
2025-06-11 08:00:00+00:00,AMD,123.17,123.39,123.1,123.32,5255
2025-06-11 09:00:00+00:00,AMD,123.27,123.32,123.15,123.16,4533
2025-06-11 10:00:00+00:00,AMD,123.17,123.26,123.01,123.11,5282
2025-06-11 11:00:00+00:00,AMD,123.13,123.22,123.0,123.15,11993
2025-06-11 12:00:00+00:00,AMD,123.16,124.49,122.75,124.25,70356
2025-06-11 13:00:00+00:00,AMD,124.24,124.55,122.17,122.81,1358893
2025-06-11 14:00:00+00:00,AMD,122.79,123.16,122.32,123.01,858631
2025-06-11 15:00:00+00:00,AMD,123.0,123.16,121.65,121.82,788400
2025-06-11 16:00:00+00:00,AMD,121.82,122.08,120.62,121.49,680846
2025-06-11 17:00:00+00:00,AMD,121.49,121.905,120.96,121.03,432125
2025-06-11 18:00:00+00:00,AMD,121.03,121.17,119.88,120.46,770774
2025-06-11 19:00:00+00:00,AMD,120.46,121.35,120.21,121.22,1409641
2025-06-11 20:00:00+00:00,AMD,121.195,123.1,120.99,121.8,1639666
2025-06-11 21:00:00+00:00,AMD,121.78,121.91,121.62,121.8,17242
2025-06-11 22:00:00+00:00,AMD,121.77,121.77,121.24,121.24,4061
2025-06-11 23:00:00+00:00,AMD,121.29,121.37,121.0,121.17,5911
2025-06-12 08:00:00+00:00,AMD,121.23,121.55,120.65,121.4,24096
2025-06-12 09:00:00+00:00,AMD,121.4,121.55,121.19,121.33,12679
2025-06-12 10:00:00+00:00,AMD,121.3,121.36,120.73,120.91,17531
2025-06-12 11:00:00+00:00,AMD,120.91,120.95,119.72,119.85,36777
2025-06-12 12:00:00+00:00,AMD,119.92,120.74,119.92,120.6,28038
2025-06-12 13:00:00+00:00,AMD,120.6,121.27,120.25,120.79,727369
2025-06-12 14:00:00+00:00,AMD,120.79,121.71,120.35,121.22,713928
2025-06-12 15:00:00+00:00,AMD,121.22,121.395,120.65,121.14,471139
2025-06-12 16:00:00+00:00,AMD,121.17,122.25,120.33,120.53,1183643
2025-06-12 17:00:00+00:00,AMD,120.53,121.45,119.12,119.15,1516172
2025-06-12 18:00:00+00:00,AMD,119.16,120.0,118.03,118.59,2126068
2025-06-12 19:00:00+00:00,AMD,118.58,119.29,118.21,118.49,1743839
2025-06-12 20:00:00+00:00,AMD,118.49,118.78,118.47,118.67,1581326
2025-06-12 21:00:00+00:00,AMD,118.66,118.66,118.29,118.43,12131
2025-06-12 22:00:00+00:00,AMD,118.48,118.55,118.28,118.34,7091
2025-06-12 23:00:00+00:00,AMD,118.34,118.4,118.16,118.16,8922
2025-06-13 08:00:00+00:00,AMD,115.89,116.86,115.43,116.14,47098
2025-06-13 09:00:00+00:00,AMD,116.16,116.98,116.07,116.87,22765
2025-06-13 10:00:00+00:00,AMD,116.92,116.92,116.03,116.8,37732
2025-06-13 11:00:00+00:00,AMD,116.85,117.33,115.3,116.3,159931
2025-06-13 12:00:00+00:00,AMD,116.36,116.88,116.31,116.4,36947
2025-06-13 13:00:00+00:00,AMD,116.4,116.69,115.47,116.03,1537391
2025-06-13 14:00:00+00:00,AMD,116.04,117.08,115.14,116.93,1324069
2025-06-13 15:00:00+00:00,AMD,116.93,117.88,116.85,117.81,743125
2025-06-13 16:00:00+00:00,AMD,117.79,117.83,117.1,117.4,383251
2025-06-13 17:00:00+00:00,AMD,117.4,117.45,116.36,116.73,518619
2025-06-13 18:00:00+00:00,AMD,116.73,116.77,115.065,115.825,1104149
2025-06-13 19:00:00+00:00,AMD,115.82,116.38,115.69,116.18,2420431
2025-06-13 20:00:00+00:00,AMD,116.18,116.55,116.1,116.22,2919064
2025-06-13 21:00:00+00:00,AMD,116.3,116.39,116.15,116.39,17056
2025-06-13 22:00:00+00:00,AMD,116.33,116.33,116.21,116.23,2438
2025-06-13 23:00:00+00:00,AMD,116.24,116.33,116.22,116.33,1157
2025-06-16 08:00:00+00:00,AMD,117.53,118.28,117.38,118.23,20334
2025-06-16 09:00:00+00:00,AMD,118.25,118.4,117.75,118.01,11867
2025-06-16 10:00:00+00:00,AMD,118.0,118.65,117.96,118.63,8098
2025-06-16 11:00:00+00:00,AMD,118.42,119.1,118.18,119.1,24176
2025-06-16 12:00:00+00:00,AMD,119.06,119.21,118.83,119.0,42603
2025-06-16 13:00:00+00:00,AMD,119.0,122.73,117.78,122.58,2986159
2025-06-16 14:00:00+00:00,AMD,122.57,127.445,122.57,126.62,4998156
2025-06-16 15:00:00+00:00,AMD,126.61,127.95,126.05,126.92,3426050
2025-06-16 16:00:00+00:00,AMD,126.92,127.82,126.45,126.95,1617097
2025-06-16 17:00:00+00:00,AMD,126.95,128.135,126.64,127.42,1607248
2025-06-16 18:00:00+00:00,AMD,127.405,127.58,126.34,126.525,1200286
2025-06-16 19:00:00+00:00,AMD,126.52,127.23,126.17,126.4,2678509
2025-06-16 20:00:00+00:00,AMD,126.41,126.65,126.08,126.46,3648466
2025-06-16 21:00:00+00:00,AMD,126.4,127.03,126.39,127.02,19880
2025-06-16 22:00:00+00:00,AMD,127.0,127.03,125.89,125.97,29129
2025-06-16 23:00:00+00:00,AMD,125.92,126.18,124.97,125.06,41963
2025-06-17 08:00:00+00:00,AMD,125.71,126.86,125.7,126.86,32600
2025-06-17 09:00:00+00:00,AMD,126.8,127.1,126.3,126.68,37796
2025-06-17 10:00:00+00:00,AMD,126.67,127.47,126.62,127.05,36270
2025-06-17 11:00:00+00:00,AMD,127.11,127.65,126.8,127.65,58633
2025-06-17 12:00:00+00:00,AMD,127.67,129.76,127.59,128.89,264479
2025-06-17 13:00:00+00:00,AMD,128.9,129.8,125.06,129.05,4998980
2025-06-17 14:00:00+00:00,AMD,129.06,130.69,128.21,128.28,3886939
2025-06-17 15:00:00+00:00,AMD,128.275,128.84,127.07,127.92,1955650
2025-06-17 16:00:00+00:00,AMD,127.92,128.355,126.74,126.89,1096996
2025-06-17 17:00:00+00:00,AMD,126.88,128.88,126.64,127.14,1823500
2025-06-17 18:00:00+00:00,AMD,127.13,127.42,126.59,127.3,953539
2025-06-17 19:00:00+00:00,AMD,127.3,127.56,126.61,127.08,1800412
2025-06-17 20:00:00+00:00,AMD,127.08,127.28,126.69,126.9,2039376
2025-06-17 21:00:00+00:00,AMD,126.92,127.27,126.44,127.05,25280
2025-06-17 22:00:00+00:00,AMD,127.05,127.08,126.56,126.59,10352
2025-06-17 23:00:00+00:00,AMD,126.57,126.93,126.51,126.93,11202
2025-06-18 08:00:00+00:00,AMD,128.57,129.28,128.57,129.28,80220
2025-06-18 09:00:00+00:00,AMD,129.38,129.57,129.08,129.3,20417
2025-06-18 10:00:00+00:00,AMD,129.34,129.58,128.27,128.48,63767
2025-06-18 11:00:00+00:00,AMD,128.48,129.16,128.25,128.96,64383
2025-06-18 12:00:00+00:00,AMD,128.98,129.24,128.56,128.6,44125
2025-06-18 13:00:00+00:00,AMD,128.61,128.75,126.72,128.385,1841001
2025-06-18 14:00:00+00:00,AMD,128.39,129.21,127.525,127.63,1851483
2025-06-18 15:00:00+00:00,AMD,127.64,127.92,126.815,127.42,1219691
2025-06-18 16:00:00+00:00,AMD,127.41,128.06,126.855,127.14,726016
2025-06-18 17:00:00+00:00,AMD,127.14,127.32,125.95,126.77,811522
2025-06-18 18:00:00+00:00,AMD,126.81,127.34,125.79,126.05,890864
2025-06-18 19:00:00+00:00,AMD,126.03,127.09,125.77,126.79,1716122
2025-06-18 20:00:00+00:00,AMD,126.79,126.99,126.68,126.85,1266848
2025-06-18 21:00:00+00:00,AMD,126.77,126.82,126.57,126.65,9749
2025-06-18 22:00:00+00:00,AMD,126.7,126.82,126.37,126.59,7871
2025-06-18 23:00:00+00:00,AMD,126.65,126.78,126.38,126.43,5724
2025-06-20 08:00:00+00:00,AMD,126.87,127.55,126.19,126.67,23342
2025-06-20 09:00:00+00:00,AMD,126.77,127.45,126.7,127.11,20921
2025-06-20 10:00:00+00:00,AMD,127.14,127.41,127.07,127.27,14621
2025-06-20 11:00:00+00:00,AMD,127.25,128.11,127.12,127.89,39450
2025-06-20 12:00:00+00:00,AMD,127.8,128.58,127.75,128.24,47568
2025-06-20 13:00:00+00:00,AMD,128.25,132.73,128.1,132.13,5643394
2025-06-20 14:00:00+00:00,AMD,132.11,132.8,127.89,128.15,3585646
2025-06-20 15:00:00+00:00,AMD,128.14,129.95,127.55,129.02,2231825
2025-06-20 16:00:00+00:00,AMD,129.01,129.825,128.71,129.13,928489
2025-06-20 17:00:00+00:00,AMD,129.12,129.43,127.935,128.79,937638
2025-06-20 18:00:00+00:00,AMD,128.78,128.99,127.98,128.03,744656
2025-06-20 19:00:00+00:00,AMD,128.02,128.76,127.97,128.25,2006103
2025-06-20 20:00:00+00:00,AMD,128.245,128.48,128.12,128.35,6923903
2025-06-20 21:00:00+00:00,AMD,128.35,128.35,128.07,128.27,8012
2025-06-20 22:00:00+00:00,AMD,128.28,128.31,128.25,128.25,2839
2025-06-20 23:00:00+00:00,AMD,128.27,128.3,128.19,128.22,1578
2025-06-23 08:00:00+00:00,AMD,127.99,128.94,127.99,128.17,21319
2025-06-23 09:00:00+00:00,AMD,128.14,128.45,127.93,127.97,12367
2025-06-23 10:00:00+00:00,AMD,128.0,130.2,127.96,129.51,104353
2025-06-23 11:00:00+00:00,AMD,129.41,129.46,128.64,129.13,58431
2025-06-23 12:00:00+00:00,AMD,129.13,131.6,129.13,131.07,244400
2025-06-23 13:00:00+00:00,AMD,131.09,132.24,129.83,131.63,3404508
2025-06-23 14:00:00+00:00,AMD,131.65,133.24,130.83,130.84,2643432
2025-06-23 15:00:00+00:00,AMD,130.85,131.36,129.16,129.345,1593342
2025-06-23 16:00:00+00:00,AMD,129.345,129.45,126.82,127.53,1526884
2025-06-23 17:00:00+00:00,AMD,127.57,129.99,127.48,129.65,1248670
2025-06-23 18:00:00+00:00,AMD,129.64,129.99,129.22,129.36,771809
2025-06-23 19:00:00+00:00,AMD,129.34,129.87,129.11,129.6,1848648
2025-06-23 20:00:00+00:00,AMD,129.58,129.95,129.52,129.7,2196391
2025-06-23 21:00:00+00:00,AMD,129.7,130.41,129.67,130.41,20689
2025-06-23 22:00:00+00:00,AMD,130.31,131.99,130.28,131.89,70239
2025-06-23 23:00:00+00:00,AMD,131.89,132.52,131.8,132.52,29702
2025-06-24 08:00:00+00:00,AMD,132.73,133.17,132.4,132.73,49312
2025-06-24 09:00:00+00:00,AMD,132.75,133.0,132.68,132.71,21797
2025-06-24 10:00:00+00:00,AMD,132.71,132.77,132.48,132.51,39721
2025-06-24 11:00:00+00:00,AMD,132.5,133.09,132.45,133.08,64319
2025-06-24 12:00:00+00:00,AMD,133.06,133.84,133.05,133.66,111824
2025-06-24 13:00:00+00:00,AMD,133.68,136.4,132.94,136.23,4104874
2025-06-24 14:00:00+00:00,AMD,136.24,138.16,135.67,136.55,4191725
2025-06-24 15:00:00+00:00,AMD,136.53,137.5,136.13,136.46,1302232
2025-06-24 16:00:00+00:00,AMD,136.46,137.74,136.46,137.0,939610
2025-06-24 17:00:00+00:00,AMD,137.0,137.83,136.765,137.7,847334
2025-06-24 18:00:00+00:00,AMD,137.71,138.32,137.53,137.82,999310
2025-06-24 19:00:00+00:00,AMD,137.83,138.79,137.79,138.49,2933377
2025-06-24 20:00:00+00:00,AMD,138.49,138.58,138.25,138.3,4081764
2025-06-24 21:00:00+00:00,AMD,138.32,138.45,138.22,138.32,9754
2025-06-24 22:00:00+00:00,AMD,138.32,138.43,138.22,138.4,6146
2025-06-24 23:00:00+00:00,AMD,138.43,139.0,138.4,138.98,35059
2025-06-25 08:00:00+00:00,AMD,139.23,139.46,138.71,139.43,44549
2025-06-25 09:00:00+00:00,AMD,139.43,139.81,139.36,139.51,32198
2025-06-25 10:00:00+00:00,AMD,139.51,139.55,139.0,139.35,19951
2025-06-25 11:00:00+00:00,AMD,139.35,139.76,139.14,139.75,61813
2025-06-25 12:00:00+00:00,AMD,139.76,140.91,139.7,140.9,134788
2025-06-25 13:00:00+00:00,AMD,140.85,141.87,139.46,140.92,4574463
2025-06-25 14:00:00+00:00,AMD,140.94,144.17,139.54,142.65,3925284
2025-06-25 15:00:00+00:00,AMD,142.68,143.43,141.62,142.68,2005380
2025-06-25 16:00:00+00:00,AMD,142.68,143.41,142.25,142.94,899918
2025-06-25 17:00:00+00:00,AMD,142.96,143.5,142.02,142.47,1025243
2025-06-25 18:00:00+00:00,AMD,142.47,143.28,142.46,142.79,735681
2025-06-25 19:00:00+00:00,AMD,142.78,143.815,142.71,143.41,2590100
2025-06-25 20:00:00+00:00,AMD,143.41,144.55,143.4,143.9,2673883
2025-06-25 21:00:00+00:00,AMD,143.92,144.22,143.3,143.55,17548
2025-06-25 22:00:00+00:00,AMD,143.5,143.9,143.5,143.87,7185
2025-06-25 23:00:00+00:00,AMD,143.87,143.87,143.35,143.48,18748
2025-06-26 08:00:00+00:00,AMD,144.86,146.1,144.82,145.83,56178
2025-06-26 09:00:00+00:00,AMD,145.85,145.97,145.68,145.95,19007
2025-06-26 10:00:00+00:00,AMD,145.92,147.88,145.92,147.02,98093
2025-06-26 11:00:00+00:00,AMD,147.03,147.57,146.64,147.55,67339
2025-06-26 12:00:00+00:00,AMD,147.55,147.99,146.71,146.9,142988
2025-06-26 13:00:00+00:00,AMD,146.91,146.98,141.91,143.4,3782322
2025-06-26 14:00:00+00:00,AMD,143.43,144.29,142.22,143.32,2223920
2025-06-26 15:00:00+00:00,AMD,143.31,143.95,142.39,143.21,1066540
2025-06-26 16:00:00+00:00,AMD,143.2,144.08,143.15,143.755,774488
2025-06-26 17:00:00+00:00,AMD,143.74,144.32,143.57,144.12,608320
2025-06-26 18:00:00+00:00,AMD,144.12,144.15,143.04,143.17,751634
2025-06-26 19:00:00+00:00,AMD,143.18,144.045,142.84,143.72,1752769
2025-06-26 20:00:00+00:00,AMD,143.73,143.94,143.51,143.72,2062228
2025-06-26 21:00:00+00:00,AMD,143.73,144.07,143.73,143.93,10617
2025-06-26 22:00:00+00:00,AMD,143.92,144.36,143.82,144.24,14537
2025-06-26 23:00:00+00:00,AMD,144.32,144.39,144.1,144.27,9424
2025-06-27 08:00:00+00:00,AMD,144.61,145.92,144.4,145.61,45398
2025-06-27 09:00:00+00:00,AMD,145.56,145.67,145.13,145.33,18929
2025-06-27 10:00:00+00:00,AMD,145.3,145.52,145.2,145.3,24593
2025-06-27 11:00:00+00:00,AMD,145.33,145.59,144.95,145.09,32513
2025-06-27 12:00:00+00:00,AMD,145.07,145.22,144.0,144.19,90422
2025-06-27 13:00:00+00:00,AMD,144.22,147.75,143.36,145.95,3266826
2025-06-27 14:00:00+00:00,AMD,145.97,147.02,144.26,144.37,1796924
2025-06-27 15:00:00+00:00,AMD,144.38,144.78,143.5,143.82,1143477
2025-06-27 16:00:00+00:00,AMD,143.81,144.18,142.98,143.52,931960
2025-06-27 17:00:00+00:00,AMD,143.545,144.37,142.925,143.51,831751
2025-06-27 18:00:00+00:00,AMD,143.5,143.79,141.64,141.98,1037791
2025-06-27 19:00:00+00:00,AMD,141.99,144.21,141.92,143.86,1728728
2025-06-27 20:00:00+00:00,AMD,143.86,143.95,143.5,143.56,3909955
2025-06-27 21:00:00+00:00,AMD,143.58,143.8,143.5,143.67,4715
2025-06-27 22:00:00+00:00,AMD,143.67,143.67,143.36,143.36,993
2025-06-27 23:00:00+00:00,AMD,143.37,143.5,143.15,143.5,5673
2025-06-30 08:00:00+00:00,AMD,145.51,145.99,144.81,145.7,59465
2025-06-30 09:00:00+00:00,AMD,145.66,145.87,145.35,145.39,26593
2025-06-30 10:00:00+00:00,AMD,145.45,145.65,145.09,145.09,10118
2025-06-30 11:00:00+00:00,AMD,145.07,145.4,144.9,145.06,16847
2025-06-30 12:00:00+00:00,AMD,145.1,145.14,144.62,144.87,24579
2025-06-30 13:00:00+00:00,AMD,144.87,145.15,141.01,142.16,2215352
2025-06-30 14:00:00+00:00,AMD,142.2,143.3,142.05,142.48,1188347
2025-06-30 15:00:00+00:00,AMD,142.48,143.85,142.1,143.63,864019
2025-06-30 16:00:00+00:00,AMD,143.63,143.69,142.58,142.9,499304
2025-06-30 17:00:00+00:00,AMD,142.9,142.98,142.06,142.35,442099
2025-06-30 18:00:00+00:00,AMD,142.345,142.42,141.41,141.73,672728
2025-06-30 19:00:00+00:00,AMD,141.72,142.235,141.225,141.89,1640349
2025-06-30 20:00:00+00:00,AMD,141.89,141.9,141.36,141.68,2813070
2025-06-30 21:00:00+00:00,AMD,141.66,141.66,141.42,141.55,12833
2025-06-30 22:00:00+00:00,AMD,141.5,141.68,141.37,141.41,4189
2025-06-30 23:00:00+00:00,AMD,141.36,141.45,141.25,141.36,3552
2025-07-01 08:00:00+00:00,AMD,141.18,141.28,140.4,141.0,27853
2025-07-01 09:00:00+00:00,AMD,141.02,141.05,138.8,139.45,69656
2025-07-01 10:00:00+00:00,AMD,139.42,139.78,139.35,139.65,27172
2025-07-01 11:00:00+00:00,AMD,139.67,140.4,139.59,139.72,46107
2025-07-01 12:00:00+00:00,AMD,139.77,139.85,138.21,138.43,195086
2025-07-01 13:00:00+00:00,AMD,138.4,140.23,137.66,138.28,2944204
2025-07-01 14:00:00+00:00,AMD,138.28,138.74,136.01,136.03,2417734
2025-07-01 15:00:00+00:00,AMD,136.04,136.9,135.12,136.36,1816888
2025-07-01 16:00:00+00:00,AMD,136.37,137.47,135.96,136.8,898846
2025-07-01 17:00:00+00:00,AMD,136.8,137.81,136.79,137.405,688835
2025-07-01 18:00:00+00:00,AMD,137.41,137.45,136.86,136.87,543733
2025-07-01 19:00:00+00:00,AMD,136.86,137.07,136.04,136.08,2262363
2025-07-01 20:00:00+00:00,AMD,136.08,136.24,135.8,136.07,3111086
2025-07-01 21:00:00+00:00,AMD,136.08,136.1,135.84,135.86,3418
2025-07-01 22:00:00+00:00,AMD,135.88,136.1,135.88,136.02,4334
2025-07-01 23:00:00+00:00,AMD,136.03,136.17,135.75,135.9,11204
2025-07-02 08:00:00+00:00,AMD,136.5,137.2,136.5,136.73,19224
2025-07-02 09:00:00+00:00,AMD,136.75,136.75,136.3,136.58,10016
2025-07-02 10:00:00+00:00,AMD,136.58,136.75,135.85,135.86,20816
2025-07-02 11:00:00+00:00,AMD,135.94,136.13,135.3,135.58,31682
2025-07-02 12:00:00+00:00,AMD,135.58,135.81,134.1,134.5,72120
2025-07-02 13:00:00+00:00,AMD,134.54,136.61,134.34,135.49,1315600
2025-07-02 14:00:00+00:00,AMD,135.49,138.48,135.23,138.38,1493510
2025-07-02 15:00:00+00:00,AMD,138.39,139.18,138.12,138.66,1006395
2025-07-02 16:00:00+00:00,AMD,138.65,139.78,138.57,139.19,844651
2025-07-02 17:00:00+00:00,AMD,139.19,139.35,138.37,138.8,578313
2025-07-02 18:00:00+00:00,AMD,138.81,138.83,138.285,138.78,494621
2025-07-02 19:00:00+00:00,AMD,138.79,139.125,137.885,138.51,1427447
2025-07-02 20:00:00+00:00,AMD,138.52,138.52,137.93,138.38,2715578
2025-07-02 21:00:00+00:00,AMD,138.32,138.47,138.22,138.44,9412
2025-07-02 22:00:00+00:00,AMD,138.38,138.46,138.29,138.43,4053
2025-07-02 23:00:00+00:00,AMD,138.44,138.49,138.4,138.49,5626
2025-07-03 08:00:00+00:00,AMD,139.45,139.78,139.1,139.1,12665
2025-07-03 09:00:00+00:00,AMD,139.1,139.61,138.87,138.87,10959
2025-07-03 10:00:00+00:00,AMD,138.93,139.2,138.74,139.17,11578
2025-07-03 11:00:00+00:00,AMD,139.13,139.35,139.09,139.13,14584
2025-07-03 12:00:00+00:00,AMD,139.1,139.75,138.89,139.53,47517
2025-07-03 13:00:00+00:00,AMD,139.54,140.0,137.32,138.1,1625592
2025-07-03 14:00:00+00:00,AMD,138.11,139.5,137.725,138.17,1605145
2025-07-03 15:00:00+00:00,AMD,138.18,138.6,137.82,138.0,691251
2025-07-03 16:00:00+00:00,AMD,138.01,138.24,137.63,137.94,1121577
2025-07-03 17:00:00+00:00,AMD,137.91,137.98,137.71,137.91,1496638
2025-07-03 18:00:00+00:00,AMD,137.93,137.94,137.77,137.77,3084
2025-07-03 19:00:00+00:00,AMD,137.79,137.95,137.74,137.95,11955
2025-07-03 20:00:00+00:00,AMD,137.94,137.94,137.86,137.91,10879
2025-07-07 08:00:00+00:00,AMD,137.26,137.34,135.81,136.59,23992
2025-07-07 09:00:00+00:00,AMD,136.55,137.65,136.55,137.18,19447
2025-07-07 10:00:00+00:00,AMD,137.08,137.8,137.08,137.1,11255
2025-07-07 11:00:00+00:00,AMD,137.2,137.89,136.82,137.81,18844
2025-07-07 12:00:00+00:00,AMD,137.79,137.79,136.98,137.01,15467
2025-07-07 13:00:00+00:00,AMD,136.96,137.42,135.38,135.71,1316579
2025-07-07 14:00:00+00:00,AMD,135.68,135.89,133.8,133.91,1873390
2025-07-07 15:00:00+00:00,AMD,133.91,135.02,133.5,134.91,1076915
2025-07-07 16:00:00+00:00,AMD,134.92,135.87,134.68,135.045,854341
2025-07-07 17:00:00+00:00,AMD,135.04,135.49,134.9,134.935,315965
2025-07-07 18:00:00+00:00,AMD,134.94,135.09,134.03,134.94,525953
2025-07-07 19:00:00+00:00,AMD,134.94,135.16,134.55,134.85,1062534
2025-07-07 20:00:00+00:00,AMD,134.85,134.9,134.52,134.73,2215362
2025-07-07 21:00:00+00:00,AMD,134.7,134.7,134.51,134.64,6004
2025-07-07 22:00:00+00:00,AMD,134.64,134.74,134.51,134.59,1429
2025-07-07 23:00:00+00:00,AMD,134.59,134.7,134.56,134.56,1708
2025-07-08 08:00:00+00:00,AMD,135.5,137.06,135.5,137.0,44784
2025-07-08 09:00:00+00:00,AMD,136.9,137.14,136.63,136.72,13382
2025-07-08 10:00:00+00:00,AMD,136.72,137.22,136.66,137.11,13871
2025-07-08 11:00:00+00:00,AMD,137.08,137.26,136.65,136.91,63444
2025-07-08 12:00:00+00:00,AMD,136.92,137.53,136.87,137.15,31808
2025-07-08 13:00:00+00:00,AMD,137.14,137.72,135.91,136.41,1131021
2025-07-08 14:00:00+00:00,AMD,136.43,138.78,136.245,138.74,1609788
2025-07-08 15:00:00+00:00,AMD,138.74,139.15,137.37,137.77,1008414
2025-07-08 16:00:00+00:00,AMD,137.78,138.395,137.28,138.02,598540
2025-07-08 17:00:00+00:00,AMD,138.03,138.51,137.59,138.48,385995
2025-07-08 18:00:00+00:00,AMD,138.46,138.76,138.01,138.02,437574
2025-07-08 19:00:00+00:00,AMD,138.03,138.115,137.39,137.82,1091753
2025-07-08 20:00:00+00:00,AMD,137.8,137.94,137.79,137.88,2131267
2025-07-08 21:00:00+00:00,AMD,137.87,138.28,137.87,138.2,4621
2025-07-08 22:00:00+00:00,AMD,138.2,138.27,138.1,138.23,1800
2025-07-08 23:00:00+00:00,AMD,138.26,138.38,138.2,138.24,4615
2025-07-09 08:00:00+00:00,AMD,138.22,138.51,138.04,138.39,8652
2025-07-09 09:00:00+00:00,AMD,138.4,138.95,138.38,138.91,9003
2025-07-09 10:00:00+00:00,AMD,138.87,138.87,138.55,138.55,19030
2025-07-09 11:00:00+00:00,AMD,138.65,138.88,138.53,138.71,10500
2025-07-09 12:00:00+00:00,AMD,138.74,138.95,138.44,138.66,22237
2025-07-09 13:00:00+00:00,AMD,138.63,140.1,138.06,139.69,1749598
2025-07-09 14:00:00+00:00,AMD,139.69,140.64,137.77,138.04,1719574
2025-07-09 15:00:00+00:00,AMD,138.03,138.38,137.59,137.94,809638
2025-07-09 16:00:00+00:00,AMD,137.935,138.66,137.61,138.56,529278
2025-07-09 17:00:00+00:00,AMD,138.56,139.33,138.3,139.24,582413
2025-07-09 18:00:00+00:00,AMD,139.23,139.555,138.685,139.14,507505
2025-07-09 19:00:00+00:00,AMD,139.14,139.31,138.24,138.45,1041821
2025-07-09 20:00:00+00:00,AMD,138.41,138.42,138.16,138.29,1244698
2025-07-09 21:00:00+00:00,AMD,138.3,138.33,138.13,138.17,3661
2025-07-09 22:00:00+00:00,AMD,138.21,138.33,138.21,138.29,1423
2025-07-09 23:00:00+00:00,AMD,138.27,138.45,138.21,138.4,5570
2025-07-10 08:00:00+00:00,AMD,138.3,140.37,138.2,140.06,49304
2025-07-10 09:00:00+00:00,AMD,140.05,140.48,139.51,140.28,37450
2025-07-10 10:00:00+00:00,AMD,140.21,141.05,140.2,140.95,52572
2025-07-10 11:00:00+00:00,AMD,140.89,141.43,140.53,141.4,59461
2025-07-10 12:00:00+00:00,AMD,141.37,143.77,141.14,143.6,151600
2025-07-10 13:00:00+00:00,AMD,143.55,145.21,141.86,142.33,3858885
2025-07-10 14:00:00+00:00,AMD,142.34,145.82,142.32,144.44,3305133
2025-07-10 15:00:00+00:00,AMD,144.45,144.77,143.24,144.12,1380593
2025-07-10 16:00:00+00:00,AMD,144.12,144.6,143.105,144.38,783640
2025-07-10 17:00:00+00:00,AMD,144.38,144.59,143.93,144.53,540174
2025-07-10 18:00:00+00:00,AMD,144.52,144.54,143.33,143.49,640934
2025-07-10 19:00:00+00:00,AMD,143.49,144.24,143.21,144.17,1841364
2025-07-10 20:00:00+00:00,AMD,144.16,144.37,144.0,144.35,2201440
2025-07-10 21:00:00+00:00,AMD,144.34,144.38,144.17,144.2,4359
2025-07-10 22:00:00+00:00,AMD,144.19,144.35,144.19,144.33,1693
2025-07-10 23:00:00+00:00,AMD,144.34,145.0,144.34,144.99,18434
2025-07-11 08:00:00+00:00,AMD,144.22,144.22,142.96,143.75,28995
2025-07-11 09:00:00+00:00,AMD,143.73,143.9,143.15,143.21,22778
2025-07-11 10:00:00+00:00,AMD,143.2,143.64,143.11,143.33,22575
2025-07-11 11:00:00+00:00,AMD,143.33,143.61,142.9,143.36,31883
2025-07-11 12:00:00+00:00,AMD,143.35,143.7,142.98,143.17,17270
2025-07-11 13:00:00+00:00,AMD,143.17,143.65,141.6,143.33,1553257
2025-07-11 14:00:00+00:00,AMD,143.35,145.16,142.92,144.0,1555071
2025-07-11 15:00:00+00:00,AMD,144.01,145.79,143.91,145.28,1698156
2025-07-11 16:00:00+00:00,AMD,145.28,146.3,145.21,146.23,903652
2025-07-11 17:00:00+00:00,AMD,146.23,147.4,146.13,146.99,1482984
2025-07-11 18:00:00+00:00,AMD,146.98,147.23,146.51,146.73,730915
2025-07-11 19:00:00+00:00,AMD,146.73,147.02,145.92,146.42,1644107
2025-07-11 20:00:00+00:00,AMD,146.42,146.45,146.21,146.38,1549850
2025-07-11 21:00:00+00:00,AMD,146.36,146.38,146.1,146.28,14445
2025-07-11 22:00:00+00:00,AMD,146.28,146.33,146.21,146.25,5342
2025-07-11 23:00:00+00:00,AMD,146.27,146.39,146.21,146.21,1046
2025-07-14 08:00:00+00:00,AMD,146.14,146.26,145.7,146.21,21100
2025-07-14 09:00:00+00:00,AMD,146.2,146.33,146.08,146.23,6702
2025-07-14 10:00:00+00:00,AMD,146.2,146.24,145.18,145.47,30115
2025-07-14 11:00:00+00:00,AMD,145.54,145.9,145.3,145.69,13989
2025-07-14 12:00:00+00:00,AMD,145.66,146.01,145.35,145.43,30481
2025-07-14 13:00:00+00:00,AMD,145.37,145.68,141.91,143.07,2296457
2025-07-14 14:00:00+00:00,AMD,143.06,145.23,142.83,144.91,1608546
2025-07-14 15:00:00+00:00,AMD,144.91,146.39,144.83,146.29,1024753
2025-07-14 16:00:00+00:00,AMD,146.26,146.94,145.99,146.78,807129
2025-07-14 17:00:00+00:00,AMD,146.77,147.58,146.6,146.63,935693
2025-07-14 18:00:00+00:00,AMD,146.62,146.755,146.32,146.48,469070
2025-07-14 19:00:00+00:00,AMD,146.48,146.73,145.97,146.25,1112405
2025-07-14 20:00:00+00:00,AMD,146.26,146.33,145.93,146.19,1598458
2025-07-14 21:00:00+00:00,AMD,146.24,146.45,146.14,146.27,5106
2025-07-14 22:00:00+00:00,AMD,146.2,146.26,146.05,146.12,1131
2025-07-14 23:00:00+00:00,AMD,146.12,146.25,146.04,146.1,1739
2025-07-15 08:00:00+00:00,AMD,149.17,151.81,149.16,150.3,119027
2025-07-15 09:00:00+00:00,AMD,150.32,152.49,150.31,152.45,120743
2025-07-15 10:00:00+00:00,AMD,152.45,153.16,152.38,152.61,143724
2025-07-15 11:00:00+00:00,AMD,152.57,154.58,152.09,153.14,323373
2025-07-15 12:00:00+00:00,AMD,153.15,154.56,153.0,154.44,266228
2025-07-15 13:00:00+00:00,AMD,154.44,158.67,153.25,155.47,7339585
2025-07-15 14:00:00+00:00,AMD,155.48,157.32,154.18,155.58,4212129
2025-07-15 15:00:00+00:00,AMD,155.58,156.365,154.77,155.93,1645595
2025-07-15 16:00:00+00:00,AMD,155.94,156.83,154.72,155.24,1221589
2025-07-15 17:00:00+00:00,AMD,155.23,156.495,154.66,156.41,858927
2025-07-15 18:00:00+00:00,AMD,156.41,156.42,154.23,154.26,950776
2025-07-15 19:00:00+00:00,AMD,154.26,156.13,154.12,155.57,2461616
2025-07-15 20:00:00+00:00,AMD,155.55,155.67,154.9,155.03,3191387
2025-07-15 21:00:00+00:00,AMD,154.96,155.39,154.93,155.21,3355
2025-07-15 22:00:00+00:00,AMD,155.23,155.35,154.85,155.11,11488
2025-07-15 23:00:00+00:00,AMD,155.2,155.26,155.07,155.2,10128
2025-07-16 08:00:00+00:00,AMD,154.5,154.5,152.87,153.2,49227
2025-07-16 09:00:00+00:00,AMD,153.16,154.27,152.91,153.95,40227
2025-07-16 10:00:00+00:00,AMD,153.9,154.87,153.69,154.39,53045
2025-07-16 11:00:00+00:00,AMD,154.49,154.96,154.18,154.92,76851
2025-07-16 12:00:00+00:00,AMD,154.92,156.15,154.65,155.75,126599
2025-07-16 13:00:00+00:00,AMD,155.74,156.3,154.21,155.03,2278040
2025-07-16 14:00:00+00:00,AMD,154.99,156.02,153.94,154.46,1707209
2025-07-16 15:00:00+00:00,AMD,154.47,155.25,152.85,154.77,1307466
2025-07-16 16:00:00+00:00,AMD,154.72,155.56,154.15,155.405,479456
2025-07-16 17:00:00+00:00,AMD,155.41,156.17,155.18,155.93,837636
2025-07-16 18:00:00+00:00,AMD,155.94,157.645,155.89,157.53,1205618
2025-07-16 19:00:00+00:00,AMD,157.52,160.36,157.35,160.12,3952179
2025-07-16 20:00:00+00:00,AMD,160.09,160.45,159.82,159.87,2456324
2025-07-16 21:00:00+00:00,AMD,159.89,159.93,159.61,159.71,8233
2025-07-16 22:00:00+00:00,AMD,159.7,159.7,159.1,159.19,12726
2025-07-16 23:00:00+00:00,AMD,159.17,159.42,159.1,159.41,7344
2025-07-17 08:00:00+00:00,AMD,161.03,162.25,161.03,161.5,48374
2025-07-17 09:00:00+00:00,AMD,161.5,161.87,161.06,161.1,44133
2025-07-17 10:00:00+00:00,AMD,161.12,161.47,160.7,160.84,48546
2025-07-17 11:00:00+00:00,AMD,160.81,161.25,160.43,160.66,36930
2025-07-17 12:00:00+00:00,AMD,160.7,161.84,160.5,161.77,58120
2025-07-17 13:00:00+00:00,AMD,161.7,162.27,159.15,160.62,2814418
2025-07-17 14:00:00+00:00,AMD,160.585,161.23,159.42,159.62,1645449
2025-07-17 15:00:00+00:00,AMD,159.61,160.42,158.78,159.695,1668634
2025-07-17 16:00:00+00:00,AMD,159.68,160.025,159.11,159.8,717471
2025-07-17 17:00:00+00:00,AMD,159.81,160.09,159.0,159.52,547967
2025-07-17 18:00:00+00:00,AMD,159.51,159.52,158.68,159.11,702370
2025-07-17 19:00:00+00:00,AMD,159.11,160.63,159.01,160.41,1803432
2025-07-17 20:00:00+00:00,AMD,160.41,160.44,160.14,160.15,1982264
2025-07-17 21:00:00+00:00,AMD,160.18,160.24,159.86,159.87,6799
2025-07-17 22:00:00+00:00,AMD,159.86,160.02,159.86,159.98,5354
2025-07-17 23:00:00+00:00,AMD,159.96,160.68,159.96,160.68,9483
2025-07-18 08:00:00+00:00,AMD,160.63,160.8,160.46,160.75,7637
2025-07-18 09:00:00+00:00,AMD,160.76,160.95,160.68,160.73,9562
2025-07-18 10:00:00+00:00,AMD,160.77,160.77,160.42,160.56,13330
2025-07-18 11:00:00+00:00,AMD,160.56,160.6,160.05,160.22,15027
2025-07-18 12:00:00+00:00,AMD,160.28,160.33,159.51,159.53,27678
2025-07-18 13:00:00+00:00,AMD,159.51,160.82,158.93,159.36,2378073
2025-07-18 14:00:00+00:00,AMD,159.38,159.75,156.94,157.36,2263388
2025-07-18 15:00:00+00:00,AMD,157.35,158.94,156.41,158.78,1487645
2025-07-18 16:00:00+00:00,AMD,158.77,159.06,157.74,158.01,850136
2025-07-18 17:00:00+00:00,AMD,158.0,158.05,157.12,157.63,665893
2025-07-18 18:00:00+00:00,AMD,157.62,157.75,157.14,157.35,512723
2025-07-18 19:00:00+00:00,AMD,157.345,157.78,156.92,157.01,1324803
2025-07-18 20:00:00+00:00,AMD,156.99,157.0,156.8,156.81,2639470
2025-07-18 21:00:00+00:00,AMD,156.82,156.91,156.81,156.86,4908
2025-07-18 22:00:00+00:00,AMD,156.86,156.95,156.85,156.93,967
2025-07-18 23:00:00+00:00,AMD,156.9,156.94,156.8,156.89,3301
2025-07-21 08:00:00+00:00,AMD,158.49,158.5,157.37,157.95,27573
2025-07-21 09:00:00+00:00,AMD,157.95,158.01,157.79,157.91,10266
2025-07-21 10:00:00+00:00,AMD,157.9,158.24,157.82,158.02,5943
2025-07-21 11:00:00+00:00,AMD,158.02,158.02,157.5,157.5,8870
2025-07-21 12:00:00+00:00,AMD,157.56,157.8,157.25,157.33,31271
2025-07-21 13:00:00+00:00,AMD,157.3,159.6,157.15,157.67,1297973
2025-07-21 14:00:00+00:00,AMD,157.65,160.34,157.52,159.65,1378759
2025-07-21 15:00:00+00:00,AMD,159.65,159.73,157.59,157.7,917828
2025-07-21 16:00:00+00:00,AMD,157.71,158.435,157.21,158.28,691403
2025-07-21 17:00:00+00:00,AMD,158.28,159.47,158.28,158.905,644133
2025-07-21 18:00:00+00:00,AMD,158.89,159.41,158.33,158.37,483072
2025-07-21 19:00:00+00:00,AMD,158.37,158.4,156.92,157.02,1343478
2025-07-21 20:00:00+00:00,AMD,157.02,157.09,156.73,156.78,1085936
2025-07-21 21:00:00+00:00,AMD,156.78,156.88,156.29,156.62,13373
2025-07-21 22:00:00+00:00,AMD,156.61,156.77,156.52,156.71,2499
2025-07-21 23:00:00+00:00,AMD,156.71,157.13,156.62,157.06,10251
2025-07-22 08:00:00+00:00,AMD,156.35,156.39,154.68,154.7,43890
2025-07-22 09:00:00+00:00,AMD,154.76,155.34,154.74,155.09,27281
2025-07-22 10:00:00+00:00,AMD,155.13,155.62,155.11,155.39,15103
2025-07-22 11:00:00+00:00,AMD,155.64,155.97,155.62,155.83,13576
2025-07-22 12:00:00+00:00,AMD,155.83,156.3,155.61,156.3,25040
2025-07-22 13:00:00+00:00,AMD,156.3,156.79,149.34,150.06,2814556
2025-07-22 14:00:00+00:00,AMD,150.04,153.24,149.56,153.0,2030453
2025-07-22 15:00:00+00:00,AMD,152.995,154.08,152.67,153.36,938839
2025-07-22 16:00:00+00:00,AMD,153.41,153.93,152.96,153.76,659940
2025-07-22 17:00:00+00:00,AMD,153.76,154.745,153.74,154.72,508800
2025-07-22 18:00:00+00:00,AMD,154.71,155.12,154.17,155.11,468773
2025-07-22 19:00:00+00:00,AMD,155.11,155.525,154.71,154.72,1528010
2025-07-22 20:00:00+00:00,AMD,154.72,155.07,154.04,154.16,2445933
2025-07-22 21:00:00+00:00,AMD,154.13,154.33,152.73,153.49,39317
2025-07-22 22:00:00+00:00,AMD,153.5,153.77,153.4,153.75,5572
2025-07-22 23:00:00+00:00,AMD,153.75,155.09,153.71,155.09,11858
2025-07-23 08:00:00+00:00,AMD,155.09,155.89,155.05,155.68,11989
2025-07-23 09:00:00+00:00,AMD,155.71,155.71,155.2,155.41,12675
2025-07-23 10:00:00+00:00,AMD,155.35,155.89,155.3,155.72,14689
2025-07-23 11:00:00+00:00,AMD,155.64,155.86,155.27,155.55,26078
2025-07-23 12:00:00+00:00,AMD,155.55,157.56,155.54,156.53,123962
2025-07-23 13:00:00+00:00,AMD,156.52,158.37,156.0,156.63,1831230
2025-07-23 14:00:00+00:00,AMD,156.62,158.09,156.34,157.44,1439312
2025-07-23 15:00:00+00:00,AMD,157.45,158.98,157.21,158.65,1049222
2025-07-23 16:00:00+00:00,AMD,158.64,158.89,157.605,158.53,725752
2025-07-23 17:00:00+00:00,AMD,158.535,158.78,157.77,157.9,470814
2025-07-23 18:00:00+00:00,AMD,157.91,159.45,157.825,158.375,997173
2025-07-23 19:00:00+00:00,AMD,158.39,158.7,157.775,158.62,1410542
2025-07-23 20:00:00+00:00,AMD,158.66,160.15,158.33,159.83,1807814
2025-07-23 21:00:00+00:00,AMD,159.85,160.38,159.72,160.22,98076
2025-07-23 22:00:00+00:00,AMD,160.2,161.17,160.15,160.78,109176
2025-07-23 23:00:00+00:00,AMD,160.8,161.2,160.73,161.15,24344
2025-07-24 08:00:00+00:00,AMD,160.84,160.91,160.27,160.77,29509
2025-07-24 09:00:00+00:00,AMD,160.74,160.78,160.53,160.63,9433
2025-07-24 10:00:00+00:00,AMD,160.64,160.69,160.36,160.51,13814
2025-07-24 11:00:00+00:00,AMD,160.54,160.81,160.4,160.4,32944
2025-07-24 12:00:00+00:00,AMD,160.44,160.45,159.11,159.79,69331
2025-07-24 13:00:00+00:00,AMD,159.75,162.34,158.375,161.21,2494880
2025-07-24 14:00:00+00:00,AMD,161.23,161.91,159.25,161.77,1757280
2025-07-24 15:00:00+00:00,AMD,161.79,163.92,161.77,163.46,1896332
2025-07-24 16:00:00+00:00,AMD,163.46,163.48,161.53,162.57,1021938
2025-07-24 17:00:00+00:00,AMD,162.57,163.12,161.91,162.35,583002
2025-07-24 18:00:00+00:00,AMD,162.36,162.84,161.78,162.26,509490
2025-07-24 19:00:00+00:00,AMD,162.25,162.52,161.95,162.11,1169313
2025-07-24 20:00:00+00:00,AMD,162.12,162.53,161.86,162.25,1810306
2025-07-24 21:00:00+00:00,AMD,162.21,163.8,162.21,163.5,71376
2025-07-24 22:00:00+00:00,AMD,163.55,165.39,163.42,164.81,133305
2025-07-24 23:00:00+00:00,AMD,164.83,164.96,164.5,164.5,32545
2025-07-25 08:00:00+00:00,AMD,164.43,164.55,163.89,164.38,39947
2025-07-25 09:00:00+00:00,AMD,164.3,164.3,163.84,164.23,15896
2025-07-25 10:00:00+00:00,AMD,164.27,164.67,164.2,164.67,17146
2025-07-25 11:00:00+00:00,AMD,164.68,164.69,164.0,164.1,43336
2025-07-25 12:00:00+00:00,AMD,164.15,164.6,164.0,164.26,51488
2025-07-25 13:00:00+00:00,AMD,164.26,165.09,162.36,164.97,2211432
2025-07-25 14:00:00+00:00,AMD,164.99,167.17,164.96,165.46,3457344
2025-07-25 15:00:00+00:00,AMD,165.47,165.78,164.81,165.2,932414
2025-07-25 16:00:00+00:00,AMD,165.18,166.26,165.15,165.98,617425
2025-07-25 17:00:00+00:00,AMD,165.99,166.47,165.83,166.09,499048
2025-07-25 18:00:00+00:00,AMD,166.1,167.17,166.1,166.5,1067654
2025-07-25 19:00:00+00:00,AMD,166.48,166.69,165.935,166.48,1541841
2025-07-25 20:00:00+00:00,AMD,166.46,166.95,166.4,166.81,1886916
2025-07-25 21:00:00+00:00,AMD,166.83,166.84,166.68,166.77,9473
2025-07-25 22:00:00+00:00,AMD,166.77,166.85,166.71,166.75,10668
2025-07-25 23:00:00+00:00,AMD,166.73,166.86,166.62,166.83,8267
2025-07-28 08:00:00+00:00,AMD,168.18,169.0,167.76,168.85,56253
2025-07-28 09:00:00+00:00,AMD,168.85,169.5,168.85,169.38,34654
2025-07-28 10:00:00+00:00,AMD,169.38,169.43,168.7,169.0,36790
2025-07-28 11:00:00+00:00,AMD,168.87,169.33,168.74,169.32,69924
2025-07-28 12:00:00+00:00,AMD,169.25,170.19,169.2,169.87,144772
2025-07-28 13:00:00+00:00,AMD,169.87,173.98,168.66,173.73,3972469
2025-07-28 14:00:00+00:00,AMD,173.72,174.7,172.35,173.91,2971627
2025-07-28 15:00:00+00:00,AMD,173.91,174.465,172.05,172.925,1389916
2025-07-28 16:00:00+00:00,AMD,172.92,173.39,172.5,172.655,814090
2025-07-28 17:00:00+00:00,AMD,172.65,173.44,172.2,173.03,695360
2025-07-28 18:00:00+00:00,AMD,173.02,173.32,172.56,172.8,636437
2025-07-28 19:00:00+00:00,AMD,172.8,173.84,172.38,173.66,1874107
2025-07-28 20:00:00+00:00,AMD,173.65,174.26,173.54,174.26,2923202
2025-07-28 21:00:00+00:00,AMD,174.27,174.88,174.2,174.59,110294
2025-07-28 22:00:00+00:00,AMD,174.47,174.78,174.41,174.64,16246
2025-07-28 23:00:00+00:00,AMD,174.64,174.99,174.62,174.85,33450
2025-07-29 08:00:00+00:00,AMD,175.05,175.95,175.02,175.55,73933
2025-07-29 09:00:00+00:00,AMD,175.6,176.37,175.6,176.26,49144
2025-07-29 10:00:00+00:00,AMD,176.24,176.48,176.05,176.13,108930
2025-07-29 11:00:00+00:00,AMD,176.12,176.31,175.57,176.22,103526
2025-07-29 12:00:00+00:00,AMD,176.21,176.55,175.27,175.49,165919
2025-07-29 13:00:00+00:00,AMD,175.43,180.28,174.68,180.13,4919033
2025-07-29 14:00:00+00:00,AMD,180.16,182.3,178.61,179.715,4624920
2025-07-29 15:00:00+00:00,AMD,179.7,180.08,176.02,178.56,3877384
2025-07-29 16:00:00+00:00,AMD,178.54,178.8,177.17,178.54,1316484
2025-07-29 17:00:00+00:00,AMD,178.51,179.85,178.47,179.61,1123351
2025-07-29 18:00:00+00:00,AMD,179.6,180.35,179.28,179.81,1249168
2025-07-29 19:00:00+00:00,AMD,179.8,180.0,177.03,177.4,2188061
2025-07-29 20:00:00+00:00,AMD,177.44,178.11,177.1,177.93,2629861
2025-07-29 21:00:00+00:00,AMD,177.93,178.15,177.79,177.96,36207
2025-07-29 22:00:00+00:00,AMD,178.0,178.5,178.0,178.5,15055
2025-07-29 23:00:00+00:00,AMD,178.5,178.85,178.43,178.8,35339
2025-07-30 08:00:00+00:00,AMD,178.51,178.51,176.3,176.55,85398
2025-07-30 09:00:00+00:00,AMD,176.57,176.89,175.28,176.44,68871
2025-07-30 10:00:00+00:00,AMD,176.46,176.55,175.07,175.43,80821
2025-07-30 11:00:00+00:00,AMD,175.44,177.95,175.44,176.73,160016
2025-07-30 12:00:00+00:00,AMD,176.74,176.89,175.78,176.15,132153
2025-07-30 13:00:00+00:00,AMD,176.16,178.59,173.8,178.03,2951578
2025-07-30 14:00:00+00:00,AMD,178.03,179.64,177.81,179.05,1949168
2025-07-30 15:00:00+00:00,AMD,179.05,179.485,178.43,178.45,1173905
2025-07-30 16:00:00+00:00,AMD,178.45,179.2,177.92,178.88,989022
2025-07-30 17:00:00+00:00,AMD,178.87,179.74,178.71,178.97,808601
2025-07-30 18:00:00+00:00,AMD,178.98,180.37,177.58,177.92,1543016
2025-07-30 19:00:00+00:00,AMD,177.86,179.58,177.09,179.53,2007151
2025-07-30 20:00:00+00:00,AMD,179.51,182.1,179.32,181.87,2540149
2025-07-30 21:00:00+00:00,AMD,181.88,182.9,181.45,182.74,96046
2025-07-30 22:00:00+00:00,AMD,182.79,184.47,182.6,184.06,202741
2025-07-30 23:00:00+00:00,AMD,184.03,184.8,183.71,184.39,50159
2025-07-31 08:00:00+00:00,AMD,184.97,185.29,183.64,183.7,66451
2025-07-31 09:00:00+00:00,AMD,183.71,183.86,183.29,183.31,32453
2025-07-31 10:00:00+00:00,AMD,183.39,183.78,183.1,183.63,36413
2025-07-31 11:00:00+00:00,AMD,183.77,183.88,182.73,183.24,100438
2025-07-31 12:00:00+00:00,AMD,183.33,184.21,183.06,183.46,114761
2025-07-31 13:00:00+00:00,AMD,183.45,183.45,178.35,180.48,3486643
2025-07-31 14:00:00+00:00,AMD,180.49,182.12,178.88,179.18,2978967
2025-07-31 15:00:00+00:00,AMD,179.16,180.35,178.52,180.01,1563571
2025-07-31 16:00:00+00:00,AMD,180.0,180.62,179.14,179.59,1032140
2025-07-31 17:00:00+00:00,AMD,179.6,179.685,175.69,176.06,1986375
2025-07-31 18:00:00+00:00,AMD,176.07,177.59,174.91,176.98,1633327
2025-07-31 19:00:00+00:00,AMD,177.01,177.53,175.875,176.32,2213673
2025-07-31 20:00:00+00:00,AMD,176.32,177.0,175.42,175.92,4523879
2025-07-31 21:00:00+00:00,AMD,175.89,176.49,174.43,174.89,65508
2025-07-31 22:00:00+00:00,AMD,174.94,175.24,173.29,173.61,85808
2025-07-31 23:00:00+00:00,AMD,173.61,174.5,173.25,173.75,37778
2025-08-01 08:00:00+00:00,AMD,170.45,172.77,168.02,169.58,239502
2025-08-01 09:00:00+00:00,AMD,169.58,170.83,169.43,170.69,115038
2025-08-01 10:00:00+00:00,AMD,170.67,170.7,168.81,169.39,133671
2025-08-01 11:00:00+00:00,AMD,169.39,170.62,169.39,170.45,150627
2025-08-01 12:00:00+00:00,AMD,170.47,171.1,169.44,169.6,201740
2025-08-01 13:00:00+00:00,AMD,169.63,171.43,167.06,168.48,4270642
2025-08-01 14:00:00+00:00,AMD,168.475,172.9,166.82,170.96,3610773
2025-08-01 15:00:00+00:00,AMD,170.96,173.35,170.34,173.185,1946911
2025-08-01 16:00:00+00:00,AMD,173.18,174.395,172.01,172.15,1754878
2025-08-01 17:00:00+00:00,AMD,172.14,172.61,170.8,171.28,1445335
2025-08-01 18:00:00+00:00,AMD,171.27,171.775,169.81,170.66,1746937
2025-08-01 19:00:00+00:00,AMD,170.66,172.15,170.44,171.63,2202043
2025-08-01 20:00:00+00:00,AMD,171.64,172.69,171.51,172.23,2315664
2025-08-01 21:00:00+00:00,AMD,172.28,172.3,171.7,172.1,21983
2025-08-01 22:00:00+00:00,AMD,172.06,172.1,171.54,171.58,9526
2025-08-01 23:00:00+00:00,AMD,171.58,171.61,170.69,170.69,21128
2025-08-04 08:00:00+00:00,AMD,170.0,174.65,170.0,174.55,55556
2025-08-04 09:00:00+00:00,AMD,174.55,174.93,174.55,174.66,182002
2025-08-04 10:00:00+00:00,AMD,174.66,175.48,174.66,175.01,76915
2025-08-04 11:00:00+00:00,AMD,175.01,175.21,174.55,175.0,104061
2025-08-04 12:00:00+00:00,AMD,174.98,176.02,174.98,175.65,104380
2025-08-04 13:00:00+00:00,AMD,175.65,177.15,173.56,176.53,3355420
2025-08-04 14:00:00+00:00,AMD,176.54,177.47,175.97,176.25,2355442
2025-08-04 15:00:00+00:00,AMD,176.24,177.535,175.115,177.14,1841001
2025-08-04 16:00:00+00:00,AMD,177.14,177.6,176.54,177.04,1197812
2025-08-04 17:00:00+00:00,AMD,177.03,177.86,176.81,177.53,970712
2025-08-04 18:00:00+00:00,AMD,177.52,177.845,177.21,177.36,941501
2025-08-04 19:00:00+00:00,AMD,177.36,177.61,176.535,176.77,1947385
2025-08-04 20:00:00+00:00,AMD,176.76,178.29,176.56,178.18,2425656
2025-08-04 21:00:00+00:00,AMD,178.17,178.67,178.04,178.55,58823
2025-08-04 22:00:00+00:00,AMD,178.54,179.49,178.49,179.49,75264
2025-08-04 23:00:00+00:00,AMD,179.47,179.89,178.89,178.89,66891
2025-08-05 08:00:00+00:00,AMD,178.9,179.96,178.66,179.86,73953
2025-08-05 09:00:00+00:00,AMD,179.83,180.37,179.6,179.61,72142
2025-08-05 10:00:00+00:00,AMD,179.62,180.0,179.42,179.44,80835
2025-08-05 11:00:00+00:00,AMD,179.55,180.12,179.5,179.67,93203
2025-08-05 12:00:00+00:00,AMD,179.66,179.68,178.54,178.68,169598
2025-08-05 13:00:00+00:00,AMD,178.66,178.72,174.73,177.42,3239641
2025-08-05 14:00:00+00:00,AMD,177.43,177.82,172.3,173.84,3860083
2025-08-05 15:00:00+00:00,AMD,173.85,174.66,173.55,174.64,1705078
2025-08-05 16:00:00+00:00,AMD,174.61,176.23,174.6,175.5,1589464
2025-08-05 17:00:00+00:00,AMD,175.49,177.17,175.32,176.95,1344287
2025-08-05 18:00:00+00:00,AMD,176.95,177.5,175.48,176.01,1496102
2025-08-05 19:00:00+00:00,AMD,176.01,176.01,174.09,174.42,3150058
2025-08-05 20:00:00+00:00,AMD,174.43,179.4,164.45,167.2,4606946
2025-08-05 21:00:00+00:00,AMD,167.15,174.58,166.13,167.65,1833031
2025-08-05 22:00:00+00:00,AMD,167.65,168.58,165.38,166.42,507067
2025-08-05 23:00:00+00:00,AMD,166.38,166.38,163.0,163.26,419733
2025-08-06 08:00:00+00:00,AMD,163.96,167.47,163.95,165.01,311428
2025-08-06 09:00:00+00:00,AMD,164.96,165.03,163.78,163.98,94947
2025-08-06 10:00:00+00:00,AMD,163.98,164.0,161.63,162.69,208879
2025-08-06 11:00:00+00:00,AMD,162.7,164.7,162.57,164.28,336560
2025-08-06 12:00:00+00:00,AMD,164.22,165.89,163.74,165.16,381233
2025-08-06 13:00:00+00:00,AMD,165.13,166.3,162.26,164.935,5513335
2025-08-06 14:00:00+00:00,AMD,164.95,165.03,157.8,159.17,6577220
2025-08-06 15:00:00+00:00,AMD,159.19,163.02,158.89,162.78,3601145
2025-08-06 16:00:00+00:00,AMD,162.79,163.75,160.52,162.24,2654494
2025-08-06 17:00:00+00:00,AMD,162.22,163.93,162.06,163.23,1476829
2025-08-06 18:00:00+00:00,AMD,163.2,165.3,163.19,164.31,1745342
2025-08-06 19:00:00+00:00,AMD,164.3,164.3,162.57,163.1,2350462
2025-08-06 20:00:00+00:00,AMD,163.1,164.14,163.02,164.02,2717801
2025-08-06 21:00:00+00:00,AMD,164.05,164.42,160.38,162.63,280028
2025-08-06 22:00:00+00:00,AMD,162.63,164.87,162.5,164.44,139181
2025-08-06 23:00:00+00:00,AMD,164.41,164.85,164.31,164.81,61940
2025-08-07 08:00:00+00:00,AMD,165.37,166.8,165.35,166.57,116312
2025-08-07 09:00:00+00:00,AMD,166.55,167.2,166.32,167.15,108222
2025-08-07 10:00:00+00:00,AMD,167.18,167.38,166.47,166.81,83545
2025-08-07 11:00:00+00:00,AMD,166.8,166.86,166.01,166.34,117980
2025-08-07 12:00:00+00:00,AMD,166.31,167.0,166.04,166.55,136915
2025-08-07 13:00:00+00:00,AMD,166.55,171.99,166.07,171.84,4191190
2025-08-07 14:00:00+00:00,AMD,171.85,172.67,170.75,171.82,4002709
2025-08-07 15:00:00+00:00,AMD,171.8,175.75,171.74,173.0,3554820
2025-08-07 16:00:00+00:00,AMD,172.98,173.79,170.63,171.06,1949863
2025-08-07 17:00:00+00:00,AMD,171.07,172.36,170.67,171.37,1146962
2025-08-07 18:00:00+00:00,AMD,171.39,172.37,170.135,171.94,1082849
2025-08-07 19:00:00+00:00,AMD,171.96,172.63,171.24,172.4,2213753
2025-08-07 20:00:00+00:00,AMD,172.4,173.46,172.21,173.06,3190819
2025-08-07 21:00:00+00:00,AMD,173.1,173.17,172.7,172.8,35812
2025-08-07 22:00:00+00:00,AMD,172.95,173.44,172.9,173.44,48058
2025-08-07 23:00:00+00:00,AMD,173.41,173.44,173.16,173.28,23376
2025-08-08 08:00:00+00:00,AMD,172.93,175.25,172.93,175.13,132404
2025-08-08 09:00:00+00:00,AMD,175.15,176.03,175.05,175.71,141164
2025-08-08 10:00:00+00:00,AMD,175.76,176.76,175.45,176.13,152481
2025-08-08 11:00:00+00:00,AMD,176.06,176.06,175.5,175.67,78576
2025-08-08 12:00:00+00:00,AMD,175.65,175.65,174.26,174.68,174043
2025-08-08 13:00:00+00:00,AMD,174.67,176.48,172.77,174.575,2860935
2025-08-08 14:00:00+00:00,AMD,174.565,175.29,172.44,172.85,2107672
2025-08-08 15:00:00+00:00,AMD,172.88,173.85,171.52,173.19,1410140
2025-08-08 16:00:00+00:00,AMD,173.18,174.33,171.82,172.085,1355184
2025-08-08 17:00:00+00:00,AMD,172.08,172.24,170.8,171.15,1032269
2025-08-08 18:00:00+00:00,AMD,171.15,172.04,170.52,171.83,933226
2025-08-08 19:00:00+00:00,AMD,171.81,172.84,171.48,172.78,1873561
2025-08-08 20:00:00+00:00,AMD,172.765,173.11,172.45,172.54,2100892
2025-08-08 21:00:00+00:00,AMD,172.54,172.69,172.4,172.69,12719
2025-08-08 22:00:00+00:00,AMD,172.66,172.84,172.6,172.7,12114
2025-08-08 23:00:00+00:00,AMD,172.65,172.7,172.5,172.5,9421
2025-08-11 08:00:00+00:00,AMD,169.11,170.31,166.72,168.6,182644
2025-08-11 09:00:00+00:00,AMD,168.65,169.7,168.53,169.06,58164
2025-08-11 10:00:00+00:00,AMD,169.07,169.81,168.7,169.16,44651
2025-08-11 11:00:00+00:00,AMD,169.2,170.49,169.17,170.29,85461
2025-08-11 12:00:00+00:00,AMD,170.25,171.41,169.78,170.02,161897
2025-08-11 13:00:00+00:00,AMD,170.02,174.07,169.39,173.35,2858888
2025-08-11 14:00:00+00:00,AMD,173.36,178.82,173.16,177.29,4447603
2025-08-11 15:00:00+00:00,AMD,177.29,178.12,176.7,177.15,1515175
2025-08-11 16:00:00+00:00,AMD,177.1,177.1,174.73,174.89,1280253
2025-08-11 17:00:00+00:00,AMD,174.88,175.33,173.75,174.28,826754
2025-08-11 18:00:00+00:00,AMD,174.29,174.3,172.95,173.015,927241
2025-08-11 19:00:00+00:00,AMD,173.02,173.28,171.89,172.34,1628580
2025-08-11 20:00:00+00:00,AMD,172.35,172.41,171.53,171.9,2001714
2025-08-11 21:00:00+00:00,AMD,171.87,172.78,171.87,172.51,18861
2025-08-11 22:00:00+00:00,AMD,172.51,172.95,172.4,172.78,20122
2025-08-11 23:00:00+00:00,AMD,172.77,172.89,172.4,172.73,16831
2025-08-12 08:00:00+00:00,AMD,172.5,172.98,172.13,172.44,42320
2025-08-12 09:00:00+00:00,AMD,172.42,172.71,172.3,172.31,9490
2025-08-12 10:00:00+00:00,AMD,172.4,173.19,172.29,172.49,31922
2025-08-12 11:00:00+00:00,AMD,172.54,173.15,172.42,173.08,33772
2025-08-12 12:00:00+00:00,AMD,173.1,174.94,172.83,174.34,193047
2025-08-12 13:00:00+00:00,AMD,174.35,174.75,170.02,170.03,2552782
2025-08-12 14:00:00+00:00,AMD,170.04,173.0,168.5,172.41,2121895
2025-08-12 15:00:00+00:00,AMD,172.45,174.31,172.28,173.34,1361438
2025-08-12 16:00:00+00:00,AMD,173.32,173.9,172.42,173.34,710938
2025-08-12 17:00:00+00:00,AMD,173.33,174.12,173.29,173.96,635408
2025-08-12 18:00:00+00:00,AMD,173.97,174.495,173.59,173.84,586720
2025-08-12 19:00:00+00:00,AMD,173.84,175.16,173.76,174.92,1491106
2025-08-12 20:00:00+00:00,AMD,174.93,174.99,174.55,174.71,2764485
2025-08-12 21:00:00+00:00,AMD,174.71,174.74,174.5,174.57,23612
2025-08-12 22:00:00+00:00,AMD,174.6,174.63,174.41,174.53,8849
2025-08-12 23:00:00+00:00,AMD,174.52,174.65,174.52,174.64,7240
2025-08-13 08:00:00+00:00,AMD,175.5,176.56,175.36,176.22,53259
2025-08-13 09:00:00+00:00,AMD,176.17,177.3,176.07,177.06,56228
2025-08-13 10:00:00+00:00,AMD,177.0,177.35,176.39,176.9,86171
2025-08-13 11:00:00+00:00,AMD,176.74,178.48,176.55,178.2,147562
2025-08-13 12:00:00+00:00,AMD,178.23,180.47,177.8,180.03,475650
2025-08-13 13:00:00+00:00,AMD,180.03,185.35,179.51,183.16,6557439
2025-08-13 14:00:00+00:00,AMD,183.18,186.64,182.12,182.83,4894174
2025-08-13 15:00:00+00:00,AMD,182.82,183.59,179.38,183.58,3237199
2025-08-13 16:00:00+00:00,AMD,183.6,184.59,183.2,183.75,1781720
2025-08-13 17:00:00+00:00,AMD,183.77,185.43,183.7,184.16,1295797
2025-08-13 18:00:00+00:00,AMD,184.14,184.97,183.05,184.27,1336868
2025-08-13 19:00:00+00:00,AMD,184.28,184.97,183.23,184.39,2193779
2025-08-13 20:00:00+00:00,AMD,184.42,184.51,182.27,182.98,2828240
2025-08-13 21:00:00+00:00,AMD,182.95,183.29,182.88,183.1,28389
2025-08-13 22:00:00+00:00,AMD,183.06,183.32,182.91,183.32,18448
2025-08-13 23:00:00+00:00,AMD,183.35,184.45,183.17,184.15,44096
2025-08-14 08:00:00+00:00,AMD,183.03,183.75,182.54,182.9,38714
2025-08-14 09:00:00+00:00,AMD,182.87,184.03,182.64,183.51,71843
2025-08-14 10:00:00+00:00,AMD,183.44,183.53,182.97,183.29,28577
2025-08-14 11:00:00+00:00,AMD,183.27,183.56,182.57,182.8,96180
2025-08-14 12:00:00+00:00,AMD,182.79,183.22,180.38,180.9,213490
2025-08-14 13:00:00+00:00,AMD,180.85,185.45,179.11,183.55,3605851
2025-08-14 14:00:00+00:00,AMD,183.55,183.66,180.69,181.28,2530458
2025-08-14 15:00:00+00:00,AMD,181.29,181.48,179.56,180.935,1599589
2025-08-14 16:00:00+00:00,AMD,180.94,181.89,180.04,181.85,672722
2025-08-14 17:00:00+00:00,AMD,181.85,181.96,180.52,181.23,782821
2025-08-14 18:00:00+00:00,AMD,181.21,181.21,180.29,180.67,736668
2025-08-14 19:00:00+00:00,AMD,180.675,181.53,180.105,180.92,1854823
2025-08-14 20:00:00+00:00,AMD,180.91,180.95,180.3,180.6,2259440
2025-08-14 21:00:00+00:00,AMD,180.7,180.7,180.5,180.55,12350
2025-08-14 22:00:00+00:00,AMD,180.62,180.64,180.42,180.56,11752
2025-08-14 23:00:00+00:00,AMD,180.56,180.8,180.53,180.61,18577
2025-08-15 08:00:00+00:00,AMD,181.95,182.29,180.67,180.9,37277
2025-08-15 09:00:00+00:00,AMD,180.88,181.19,180.72,180.74,11574
2025-08-15 10:00:00+00:00,AMD,180.8,181.1,180.68,180.97,13550
2025-08-15 11:00:00+00:00,AMD,180.9,181.0,180.5,180.81,24864
2025-08-15 12:00:00+00:00,AMD,180.88,181.0,180.5,180.81,27097
2025-08-15 13:00:00+00:00,AMD,180.84,180.87,176.92,178.05,2537418
2025-08-15 14:00:00+00:00,AMD,178.04,179.29,176.25,176.46,2121102
2025-08-15 15:00:00+00:00,AMD,176.44,177.75,176.4,177.465,861274
2025-08-15 16:00:00+00:00,AMD,177.42,177.73,176.66,177.34,549779
2025-08-15 17:00:00+00:00,AMD,177.34,178.06,176.87,178.03,409931
2025-08-15 18:00:00+00:00,AMD,178.02,178.12,177.15,177.26,442387
2025-08-15 19:00:00+00:00,AMD,177.27,178.08,176.83,177.51,1289324
2025-08-15 20:00:00+00:00,AMD,177.51,178.0,177.34,177.54,2478031
2025-08-15 21:00:00+00:00,AMD,177.48,177.58,177.44,177.55,2567
2025-08-15 22:00:00+00:00,AMD,177.55,177.7,177.48,177.7,8094
2025-08-15 23:00:00+00:00,AMD,177.74,177.84,177.6,177.6,32272
2025-08-18 08:00:00+00:00,AMD,177.6,177.6,175.88,176.5,31751
2025-08-18 09:00:00+00:00,AMD,176.54,176.6,175.54,176.05,46861
2025-08-18 10:00:00+00:00,AMD,176.0,176.52,175.99,176.52,26530
2025-08-18 11:00:00+00:00,AMD,176.52,176.54,175.64,176.08,51921
2025-08-18 12:00:00+00:00,AMD,176.06,176.09,175.33,175.58,50342
2025-08-18 13:00:00+00:00,AMD,175.62,178.78,175.6,176.45,1776701
2025-08-18 14:00:00+00:00,AMD,176.47,176.93,174.36,175.72,1791228
2025-08-18 15:00:00+00:00,AMD,175.71,175.86,174.92,175.14,690364
2025-08-18 16:00:00+00:00,AMD,175.14,176.05,175.0,175.23,614293
2025-08-18 17:00:00+00:00,AMD,175.24,176.02,175.22,175.87,403302
2025-08-18 18:00:00+00:00,AMD,175.865,176.46,175.53,176.18,418662
2025-08-18 19:00:00+00:00,AMD,176.19,176.34,175.74,176.11,830382
2025-08-18 20:00:00+00:00,AMD,176.14,176.14,175.88,175.91,1529605
2025-08-18 21:00:00+00:00,AMD,175.92,175.97,175.77,175.85,14044
2025-08-18 22:00:00+00:00,AMD,175.85,176.08,175.75,175.94,9677
2025-08-18 23:00:00+00:00,AMD,175.94,175.94,175.45,175.45,19353
2025-08-19 08:00:00+00:00,AMD,175.35,175.6,174.9,175.5,24385
2025-08-19 09:00:00+00:00,AMD,175.49,175.79,175.31,175.31,13148
2025-08-19 10:00:00+00:00,AMD,175.32,175.33,174.71,174.96,34502
2025-08-19 11:00:00+00:00,AMD,174.97,175.0,173.34,173.59,112489
2025-08-19 12:00:00+00:00,AMD,173.6,174.07,173.56,173.7,56388
2025-08-19 13:00:00+00:00,AMD,173.73,173.9,169.42,170.6,2997986
2025-08-19 14:00:00+00:00,AMD,170.61,171.01,167.19,168.8,3092324
2025-08-19 15:00:00+00:00,AMD,168.8,169.72,168.47,168.84,1300206
2025-08-19 16:00:00+00:00,AMD,168.83,169.11,166.46,166.875,1317914
2025-08-19 17:00:00+00:00,AMD,166.87,167.67,166.47,167.46,1164653
2025-08-19 18:00:00+00:00,AMD,167.46,167.8,166.91,167.14,681847
2025-08-19 19:00:00+00:00,AMD,167.13,167.14,166.1,166.56,1760972
2025-08-19 20:00:00+00:00,AMD,166.56,166.9,165.57,165.74,2567550
2025-08-19 21:00:00+00:00,AMD,165.74,165.89,164.16,164.63,132951
2025-08-19 22:00:00+00:00,AMD,164.65,165.0,164.52,164.72,36078
2025-08-19 23:00:00+00:00,AMD,164.72,164.78,164.3,164.35,61248
2025-08-20 08:00:00+00:00,AMD,165.29,166.1,164.72,165.74,43056
2025-08-20 09:00:00+00:00,AMD,165.75,165.99,165.08,165.36,30240
2025-08-20 10:00:00+00:00,AMD,165.36,165.36,164.6,164.78,16951
2025-08-20 11:00:00+00:00,AMD,164.76,165.2,163.74,163.97,85333
2025-08-20 12:00:00+00:00,AMD,163.99,164.82,163.72,164.64,63407
2025-08-20 13:00:00+00:00,AMD,164.7,166.63,160.37,161.43,3134289
2025-08-20 14:00:00+00:00,AMD,161.38,162.17,158.26,159.87,2830602
2025-08-20 15:00:00+00:00,AMD,159.86,163.94,159.61,162.58,2054200
2025-08-20 16:00:00+00:00,AMD,162.56,163.94,162.46,162.995,759585
2025-08-20 17:00:00+00:00,AMD,162.97,164.385,162.86,163.31,545040
2025-08-20 18:00:00+00:00,AMD,163.31,163.81,162.65,163.46,552562
2025-08-20 19:00:00+00:00,AMD,163.48,165.43,163.47,165.2,1635921
2025-08-20 20:00:00+00:00,AMD,165.2,165.68,165.16,165.6,1890147
2025-08-20 21:00:00+00:00,AMD,165.62,166.13,165.5,166.1,25211
2025-08-20 22:00:00+00:00,AMD,166.07,167.28,166.07,167.24,44081
2025-08-20 23:00:00+00:00,AMD,167.24,167.3,166.66,166.75,15910
2025-08-21 08:00:00+00:00,AMD,166.94,166.99,166.02,166.02,29291
2025-08-21 09:00:00+00:00,AMD,166.1,166.73,166.07,166.34,9138
2025-08-21 10:00:00+00:00,AMD,166.34,167.27,166.07,167.18,39302
2025-08-21 11:00:00+00:00,AMD,167.15,167.35,166.43,166.6,62906
2025-08-21 12:00:00+00:00,AMD,166.52,166.52,164.36,164.8,145411
2025-08-21 13:00:00+00:00,AMD,164.75,165.9,162.66,162.75,1556571
2025-08-21 14:00:00+00:00,AMD,162.72,165.27,162.26,164.82,1092557
2025-08-21 15:00:00+00:00,AMD,164.8,165.15,163.46,163.73,699912
2025-08-21 16:00:00+00:00,AMD,163.75,163.76,162.86,162.99,519212
2025-08-21 17:00:00+00:00,AMD,163.0,163.89,162.87,163.76,414836
2025-08-21 18:00:00+00:00,AMD,163.75,164.04,163.425,163.91,375678
2025-08-21 19:00:00+00:00,AMD,163.88,164.32,163.52,163.64,961577
2025-08-21 20:00:00+00:00,AMD,163.64,163.85,163.58,163.67,1505357
2025-08-21 21:00:00+00:00,AMD,163.65,163.65,163.08,163.29,25694
2025-08-21 22:00:00+00:00,AMD,163.3,163.59,163.3,163.48,5220
2025-08-21 23:00:00+00:00,AMD,163.47,163.56,163.12,163.4,7290
2025-08-22 08:00:00+00:00,AMD,161.54,162.72,161.05,162.45,41560
2025-08-22 09:00:00+00:00,AMD,162.45,162.52,161.9,162.26,11613
2025-08-22 10:00:00+00:00,AMD,162.25,162.53,162.15,162.21,16063
2025-08-22 11:00:00+00:00,AMD,162.24,162.44,161.86,162.04,24810
2025-08-22 12:00:00+00:00,AMD,162.03,162.1,161.5,161.62,33119
2025-08-22 13:00:00+00:00,AMD,161.6,164.49,161.6,163.11,1427376
2025-08-22 14:00:00+00:00,AMD,163.12,168.52,163.12,167.76,2941163
2025-08-22 15:00:00+00:00,AMD,167.76,168.48,167.36,167.42,948668
2025-08-22 16:00:00+00:00,AMD,167.42,167.78,166.645,167.31,558256
2025-08-22 17:00:00+00:00,AMD,167.33,168.44,167.32,167.73,506506
2025-08-22 18:00:00+00:00,AMD,167.75,167.93,167.31,167.37,405119
2025-08-22 19:00:00+00:00,AMD,167.37,167.875,166.83,167.785,1565755
2025-08-22 20:00:00+00:00,AMD,167.79,167.94,167.58,167.94,2788418
2025-08-22 21:00:00+00:00,AMD,167.97,168.28,167.91,168.2,16539
2025-08-22 22:00:00+00:00,AMD,168.18,168.4,168.13,168.4,11803
2025-08-22 23:00:00+00:00,AMD,168.41,168.47,168.31,168.36,9140
2025-08-25 08:00:00+00:00,AMD,167.2,167.32,166.75,166.83,24375
2025-08-25 09:00:00+00:00,AMD,166.82,167.01,166.32,166.81,25792
2025-08-25 10:00:00+00:00,AMD,166.83,166.83,166.06,166.06,19942
2025-08-25 11:00:00+00:00,AMD,166.16,166.62,165.9,166.58,37585
2025-08-25 12:00:00+00:00,AMD,166.59,166.6,165.26,165.55,61171
2025-08-25 13:00:00+00:00,AMD,165.54,165.76,161.73,163.33,2420650
2025-08-25 14:00:00+00:00,AMD,163.335,164.62,163.01,164.295,1338176
2025-08-25 15:00:00+00:00,AMD,164.29,164.855,163.86,164.03,784455
2025-08-25 16:00:00+00:00,AMD,164.03,164.345,163.74,163.755,456579
2025-08-25 17:00:00+00:00,AMD,163.75,164.12,163.24,163.36,567694
2025-08-25 18:00:00+00:00,AMD,163.36,164.05,163.26,163.685,420357
2025-08-25 19:00:00+00:00,AMD,163.67,164.11,163.15,163.35,1186571
2025-08-25 20:00:00+00:00,AMD,163.34,163.78,162.97,163.23,1343395
2025-08-25 21:00:00+00:00,AMD,163.2,163.4,163.13,163.4,10004
2025-08-25 22:00:00+00:00,AMD,163.4,163.54,163.27,163.32,10009
2025-08-25 23:00:00+00:00,AMD,163.4,163.45,163.06,163.06,5520
2025-08-26 08:00:00+00:00,AMD,162.77,162.87,162.32,162.51,7379
2025-08-26 09:00:00+00:00,AMD,162.53,162.72,162.13,162.37,9303
2025-08-26 10:00:00+00:00,AMD,162.36,168.43,162.36,168.08,324572
2025-08-26 11:00:00+00:00,AMD,168.06,168.06,166.7,167.35,136474
2025-08-26 12:00:00+00:00,AMD,167.31,168.13,167.05,167.92,109568
2025-08-26 13:00:00+00:00,AMD,167.91,169.77,164.93,166.31,2807337
2025-08-26 14:00:00+00:00,AMD,166.305,167.59,165.53,166.58,1616788
2025-08-26 15:00:00+00:00,AMD,166.58,166.99,165.11,165.43,951470
2025-08-26 16:00:00+00:00,AMD,165.45,166.405,165.36,166.27,607271
2025-08-26 17:00:00+00:00,AMD,166.27,166.88,165.77,166.26,491566
2025-08-26 18:00:00+00:00,AMD,166.25,166.57,166.07,166.25,312961
2025-08-26 19:00:00+00:00,AMD,166.24,166.8,165.98,166.62,1403375
2025-08-26 20:00:00+00:00,AMD,166.62,166.75,166.33,166.55,2549625
2025-08-26 21:00:00+00:00,AMD,166.55,166.59,166.33,166.49,8494
2025-08-26 22:00:00+00:00,AMD,166.51,166.92,166.46,166.85,14690
2025-08-26 23:00:00+00:00,AMD,166.83,166.88,166.7,166.88,11088
2025-08-27 08:00:00+00:00,AMD,166.85,167.13,166.63,166.72,11388
2025-08-27 09:00:00+00:00,AMD,166.71,166.95,166.64,166.7,2052
2025-08-27 10:00:00+00:00,AMD,166.75,168.14,166.7,167.87,54218
2025-08-27 11:00:00+00:00,AMD,167.85,167.88,167.05,167.11,37518
2025-08-27 12:00:00+00:00,AMD,167.06,167.33,166.59,166.6,35347
2025-08-27 13:00:00+00:00,AMD,166.63,167.0,164.65,165.81,1350415
2025-08-27 14:00:00+00:00,AMD,165.8,166.38,165.46,166.25,793016
2025-08-27 15:00:00+00:00,AMD,166.25,166.85,165.87,166.675,630053
2025-08-27 16:00:00+00:00,AMD,166.67,167.6,165.75,167.485,635027
2025-08-27 17:00:00+00:00,AMD,167.485,167.67,166.8,166.825,453373
2025-08-27 18:00:00+00:00,AMD,166.82,167.06,166.52,166.74,341364
2025-08-27 19:00:00+00:00,AMD,166.75,167.4,165.99,167.1,1206189
2025-08-27 20:00:00+00:00,AMD,167.08,167.27,162.5,164.66,1530016
2025-08-27 21:00:00+00:00,AMD,164.71,165.68,164.35,165.01,101088
2025-08-27 22:00:00+00:00,AMD,165.02,165.05,164.29,164.91,18143
2025-08-27 23:00:00+00:00,AMD,164.87,164.94,164.6,164.6,14799
2025-08-28 08:00:00+00:00,AMD,166.18,166.84,166.11,166.17,45620
2025-08-28 09:00:00+00:00,AMD,166.19,166.59,166.08,166.2,15425
2025-08-28 10:00:00+00:00,AMD,166.21,166.45,166.15,166.35,5669
2025-08-28 11:00:00+00:00,AMD,166.22,166.71,166.0,166.6,29059
2025-08-28 12:00:00+00:00,AMD,166.64,168.53,166.55,168.41,97389
2025-08-28 13:00:00+00:00,AMD,168.44,170.99,166.91,167.45,2577300
2025-08-28 14:00:00+00:00,AMD,167.47,168.71,167.16,168.1,1521466
2025-08-28 15:00:00+00:00,AMD,168.09,168.31,166.78,167.38,1005027
2025-08-28 16:00:00+00:00,AMD,167.38,167.81,166.99,167.2,372107
2025-08-28 17:00:00+00:00,AMD,167.19,168.34,167.02,168.17,368604
2025-08-28 18:00:00+00:00,AMD,168.16,168.65,168.14,168.56,361836
2025-08-28 19:00:00+00:00,AMD,168.57,169.08,168.44,168.54,969357
2025-08-28 20:00:00+00:00,AMD,168.52,168.6,168.05,168.28,2076879
2025-08-28 21:00:00+00:00,AMD,168.27,168.27,167.74,167.89,9689
2025-08-28 22:00:00+00:00,AMD,167.95,167.99,167.87,167.95,6447
2025-08-28 23:00:00+00:00,AMD,167.96,168.2,167.92,168.01,13397
2025-08-29 08:00:00+00:00,AMD,167.89,167.89,166.2,166.27,24646
2025-08-29 09:00:00+00:00,AMD,166.47,166.81,165.87,166.4,27392
2025-08-29 10:00:00+00:00,AMD,166.56,166.8,166.0,166.24,14622
2025-08-29 11:00:00+00:00,AMD,166.24,166.51,166.2,166.25,40829
2025-08-29 12:00:00+00:00,AMD,166.25,167.2,166.14,167.0,39948
2025-08-29 13:00:00+00:00,AMD,166.97,168.58,163.8,163.83,1739241
2025-08-29 14:00:00+00:00,AMD,163.84,164.47,161.91,162.76,1677287
2025-08-29 15:00:00+00:00,AMD,162.75,163.81,162.62,162.925,597197
2025-08-29 16:00:00+00:00,AMD,162.9,163.79,162.89,163.16,377255
2025-08-29 17:00:00+00:00,AMD,163.14,163.295,162.22,162.99,444908
2025-08-29 18:00:00+00:00,AMD,162.98,163.14,162.52,163.13,323591
2025-08-29 19:00:00+00:00,AMD,163.11,163.47,162.12,162.69,1661423
2025-08-29 20:00:00+00:00,AMD,162.69,162.85,162.36,162.46,2934118
2025-08-29 21:00:00+00:00,AMD,162.48,162.5,162.27,162.34,16211
2025-08-29 22:00:00+00:00,AMD,162.34,162.39,162.28,162.33,4709
2025-08-29 23:00:00+00:00,AMD,162.33,162.38,162.29,162.36,8527
2025-09-02 08:00:00+00:00,AMD,160.69,161.95,159.34,159.84,72364
2025-09-02 09:00:00+00:00,AMD,159.84,160.68,159.74,160.1,25928
2025-09-02 10:00:00+00:00,AMD,160.12,160.34,159.6,159.91,27139
2025-09-02 11:00:00+00:00,AMD,159.97,160.41,158.92,159.47,104530
2025-09-02 12:00:00+00:00,AMD,159.5,159.5,156.94,157.63,151724
2025-09-02 13:00:00+00:00,AMD,157.6,161.95,156.65,161.36,2398566
2025-09-02 14:00:00+00:00,AMD,161.35,161.915,159.86,160.54,1524099
2025-09-02 15:00:00+00:00,AMD,160.55,160.93,159.15,159.52,1012662
2025-09-02 16:00:00+00:00,AMD,159.51,160.2,159.06,160.1,619302
2025-09-02 17:00:00+00:00,AMD,160.12,160.74,159.74,160.05,414524
2025-09-02 18:00:00+00:00,AMD,160.04,161.06,159.99,160.82,468578
2025-09-02 19:00:00+00:00,AMD,160.83,162.39,160.775,162.35,1358920
2025-09-02 20:00:00+00:00,AMD,162.35,162.97,162.0,162.28,1547024
2025-09-02 21:00:00+00:00,AMD,162.28,162.58,162.14,162.58,9649
2025-09-02 22:00:00+00:00,AMD,162.49,162.5,162.21,162.29,6428
2025-09-02 23:00:00+00:00,AMD,162.29,162.29,162.12,162.14,6675
2025-09-03 08:00:00+00:00,AMD,162.24,163.45,162.0,163.15,24134
2025-09-03 09:00:00+00:00,AMD,163.18,163.5,162.92,163.38,12882
2025-09-03 10:00:00+00:00,AMD,163.37,163.46,162.5,162.76,15581
2025-09-03 11:00:00+00:00,AMD,162.76,163.05,162.16,162.73,38306
2025-09-03 12:00:00+00:00,AMD,162.82,163.2,162.52,162.81,17163
2025-09-03 13:00:00+00:00,AMD,162.85,163.32,160.56,162.67,1227689
2025-09-03 14:00:00+00:00,AMD,162.645,163.67,162.15,163.07,823982
2025-09-03 15:00:00+00:00,AMD,163.09,163.27,160.74,161.56,996837
2025-09-03 16:00:00+00:00,AMD,161.55,162.23,161.33,161.72,399766
2025-09-03 17:00:00+00:00,AMD,161.71,161.93,160.99,161.44,313356
2025-09-03 18:00:00+00:00,AMD,161.45,161.45,160.63,161.09,316697
2025-09-03 19:00:00+00:00,AMD,161.09,162.17,160.72,162.12,1003140
2025-09-03 20:00:00+00:00,AMD,162.13,162.19,161.71,161.73,1530248
2025-09-03 21:00:00+00:00,AMD,161.72,161.98,161.7,161.98,7429
2025-09-03 22:00:00+00:00,AMD,161.98,161.98,161.6,161.68,4247
2025-09-03 23:00:00+00:00,AMD,161.65,161.79,161.6,161.6,1547
2025-09-04 08:00:00+00:00,AMD,162.0,162.54,161.96,162.48,9644
2025-09-04 09:00:00+00:00,AMD,162.51,162.85,162.4,162.85,8702
2025-09-04 10:00:00+00:00,AMD,162.88,163.04,162.5,162.5,12307
2025-09-04 11:00:00+00:00,AMD,162.49,162.51,158.5,160.17,131588
2025-09-04 12:00:00+00:00,AMD,160.1,160.45,159.55,160.05,85124
2025-09-04 13:00:00+00:00,AMD,160.05,160.37,157.79,159.31,1639279
2025-09-04 14:00:00+00:00,AMD,159.38,160.35,158.81,160.12,1144113
2025-09-04 15:00:00+00:00,AMD,160.13,160.69,159.65,159.89,496771
2025-09-04 16:00:00+00:00,AMD,159.9,160.88,159.71,160.36,332008
2025-09-04 17:00:00+00:00,AMD,160.4,161.345,160.31,161.065,353235
2025-09-04 18:00:00+00:00,AMD,161.06,161.39,160.625,161.11,400724
2025-09-04 19:00:00+00:00,AMD,161.11,162.045,161.03,161.785,1307058
2025-09-04 20:00:00+00:00,AMD,161.79,161.88,161.29,161.54,2303218
2025-09-04 21:00:00+00:00,AMD,161.59,162.05,160.88,161.65,31856
2025-09-04 22:00:00+00:00,AMD,161.65,161.82,161.3,161.54,7089
2025-09-04 23:00:00+00:00,AMD,161.54,161.6,161.35,161.42,6150
2025-09-05 08:00:00+00:00,AMD,161.69,162.08,161.5,162.0,20330
2025-09-05 09:00:00+00:00,AMD,162.0,162.01,161.62,161.62,8153
2025-09-05 10:00:00+00:00,AMD,161.67,161.7,160.81,160.99,26424
2025-09-05 11:00:00+00:00,AMD,160.99,161.32,159.9,159.95,47622
2025-09-05 12:00:00+00:00,AMD,159.95,160.04,157.7,158.12,341544
2025-09-05 13:00:00+00:00,AMD,158.12,158.55,152.93,153.535,4691067
2025-09-05 14:00:00+00:00,AMD,153.535,153.535,150.3,150.87,3786211
2025-09-05 15:00:00+00:00,AMD,150.87,153.14,150.18,152.965,1975235
2025-09-05 16:00:00+00:00,AMD,152.96,153.37,151.93,153.06,1058765
2025-09-05 17:00:00+00:00,AMD,153.07,153.2,150.8,151.36,1112467
2025-09-05 18:00:00+00:00,AMD,151.38,152.61,151.21,151.85,859646
2025-09-05 19:00:00+00:00,AMD,151.84,153.16,150.62,151.125,3107580
2025-09-05 20:00:00+00:00,AMD,151.14,151.14,150.58,150.83,2427911
2025-09-05 21:00:00+00:00,AMD,150.8,150.85,150.55,150.58,26388
2025-09-05 22:00:00+00:00,AMD,150.58,150.6,150.23,150.27,32593
2025-09-05 23:00:00+00:00,AMD,150.27,150.27,150.01,150.04,45627
2025-09-08 08:00:00+00:00,AMD,151.28,151.66,150.98,151.5,31658
2025-09-08 09:00:00+00:00,AMD,151.48,151.72,151.29,151.68,13321
2025-09-08 10:00:00+00:00,AMD,151.68,151.74,151.4,151.4,13035
2025-09-08 11:00:00+00:00,AMD,151.39,151.43,150.5,151.11,44469
2025-09-08 12:00:00+00:00,AMD,151.14,151.59,151.11,151.35,40523
2025-09-08 13:00:00+00:00,AMD,151.33,152.55,149.22,150.0,2713349
2025-09-08 14:00:00+00:00,AMD,150.01,152.63,149.55,151.59,1864406
2025-09-08 15:00:00+00:00,AMD,151.58,152.325,151.33,151.35,702784
2025-09-08 16:00:00+00:00,AMD,151.36,151.4,150.65,150.9,537566
2025-09-08 17:00:00+00:00,AMD,150.9,151.11,150.4,151.08,508981
2025-09-08 18:00:00+00:00,AMD,151.08,151.61,151.08,151.36,442207
2025-09-08 19:00:00+00:00,AMD,151.38,151.81,151.08,151.39,995216
2025-09-08 20:00:00+00:00,AMD,151.39,151.42,151.01,151.1,1727874
2025-09-08 21:00:00+00:00,AMD,151.1,151.25,151.0,151.08,14891
2025-09-08 22:00:00+00:00,AMD,151.1,151.1,150.7,150.8,17459
2025-09-08 23:00:00+00:00,AMD,150.79,151.0,150.75,150.98,17982
2025-09-09 08:00:00+00:00,AMD,151.83,151.92,151.52,151.58,19203
2025-09-09 09:00:00+00:00,AMD,151.6,152.25,151.52,152.11,16441
2025-09-09 10:00:00+00:00,AMD,152.04,152.19,151.83,151.89,18342
2025-09-09 11:00:00+00:00,AMD,151.92,151.95,151.15,151.65,20960
2025-09-09 12:00:00+00:00,AMD,151.66,151.99,151.5,151.8,24544
2025-09-09 13:00:00+00:00,AMD,151.8,154.36,151.5,152.9,2072286
2025-09-09 14:00:00+00:00,AMD,152.9,154.11,152.06,153.85,1436158
2025-09-09 15:00:00+00:00,AMD,153.84,154.24,153.01,153.31,659374
2025-09-09 16:00:00+00:00,AMD,153.31,154.58,153.18,153.77,625747
2025-09-09 17:00:00+00:00,AMD,153.77,154.77,153.76,154.57,586041
2025-09-09 18:00:00+00:00,AMD,154.58,155.66,154.57,155.37,697081
2025-09-09 19:00:00+00:00,AMD,155.37,155.9,154.92,155.83,1426866
2025-09-09 20:00:00+00:00,AMD,155.82,159.9,155.69,158.74,2089498
2025-09-09 21:00:00+00:00,AMD,158.77,159.8,158.77,159.67,93686
2025-09-09 22:00:00+00:00,AMD,159.65,159.89,159.05,159.06,41158
2025-09-09 23:00:00+00:00,AMD,159.04,159.6,158.25,159.56,38822
2025-09-10 08:00:00+00:00,AMD,160.39,161.5,159.89,161.22,87590
2025-09-10 09:00:00+00:00,AMD,161.27,161.44,160.73,160.99,31703
2025-09-10 10:00:00+00:00,AMD,161.06,161.76,160.8,161.4,63729
2025-09-10 11:00:00+00:00,AMD,161.36,162.36,161.18,162.33,102072
2025-09-10 12:00:00+00:00,AMD,162.33,163.15,161.95,162.75,207892
2025-09-10 13:00:00+00:00,AMD,162.68,164.52,158.93,159.15,3319847
2025-09-10 14:00:00+00:00,AMD,159.13,161.85,159.05,161.72,1753662
2025-09-10 15:00:00+00:00,AMD,161.73,162.3,160.87,161.56,1000147
2025-09-10 16:00:00+00:00,AMD,161.56,161.655,160.19,160.37,663844
2025-09-10 17:00:00+00:00,AMD,160.36,161.38,160.06,160.24,695895
2025-09-10 18:00:00+00:00,AMD,160.2,160.36,158.43,158.73,914962
2025-09-10 19:00:00+00:00,AMD,158.74,159.82,158.0,159.54,1346095
2025-09-10 20:00:00+00:00,AMD,159.54,159.6,158.03,158.35,2331620
2025-09-10 21:00:00+00:00,AMD,158.34,158.49,158.01,158.47,15848
2025-09-10 22:00:00+00:00,AMD,158.41,159.1,158.35,158.85,18432
2025-09-10 23:00:00+00:00,AMD,158.77,158.92,158.63,158.85,25062
2025-09-11 08:00:00+00:00,AMD,159.62,159.7,157.76,158.46,52084
2025-09-11 09:00:00+00:00,AMD,158.55,158.97,157.02,157.69,55733
2025-09-11 10:00:00+00:00,AMD,157.88,158.0,157.29,157.32,45760
2025-09-11 11:00:00+00:00,AMD,157.48,158.17,157.34,157.75,68312
2025-09-11 12:00:00+00:00,AMD,157.89,158.8,156.84,158.09,135189
2025-09-11 13:00:00+00:00,AMD,158.15,160.2,156.74,156.96,1949461
2025-09-11 14:00:00+00:00,AMD,156.99,157.28,155.26,155.56,2049503
2025-09-11 15:00:00+00:00,AMD,155.555,156.25,155.06,155.14,1172758
2025-09-11 16:00:00+00:00,AMD,155.13,156.29,154.99,156.06,995373
2025-09-11 17:00:00+00:00,AMD,156.07,156.45,155.57,156.21,567172
2025-09-11 18:00:00+00:00,AMD,156.22,156.28,155.405,155.82,568622
2025-09-11 19:00:00+00:00,AMD,155.81,156.445,155.595,155.6,1339642
2025-09-11 20:00:00+00:00,AMD,155.61,155.77,155.11,155.73,1997289
2025-09-11 21:00:00+00:00,AMD,155.75,155.99,155.5,155.91,14945
2025-09-11 22:00:00+00:00,AMD,155.9,156.05,155.6,155.9,12139
2025-09-11 23:00:00+00:00,AMD,155.92,156.15,155.83,155.95,13157
2025-09-12 08:00:00+00:00,AMD,156.31,156.48,155.79,156.14,17118
2025-09-12 09:00:00+00:00,AMD,156.13,156.3,155.98,156.15,7915
2025-09-12 10:00:00+00:00,AMD,156.15,156.45,156.09,156.4,10152
2025-09-12 11:00:00+00:00,AMD,156.34,156.85,156.2,156.79,32479
2025-09-12 12:00:00+00:00,AMD,156.76,156.82,156.43,156.69,27427
2025-09-12 13:00:00+00:00,AMD,156.67,157.7,154.93,155.36,1407536
2025-09-12 14:00:00+00:00,AMD,155.35,157.82,155.11,157.66,1420164
2025-09-12 15:00:00+00:00,AMD,157.67,158.26,157.11,157.975,1461141
2025-09-12 16:00:00+00:00,AMD,157.96,160.41,157.83,159.53,1580065
2025-09-12 17:00:00+00:00,AMD,159.53,159.89,158.69,159.07,658047
2025-09-12 18:00:00+00:00,AMD,159.08,159.1,158.18,158.8,761272
2025-09-12 19:00:00+00:00,AMD,158.805,158.97,157.88,158.47,1491145
2025-09-12 20:00:00+00:00,AMD,158.47,158.75,158.31,158.4,1974270
2025-09-12 21:00:00+00:00,AMD,158.37,158.5,158.3,158.41,4235
2025-09-12 22:00:00+00:00,AMD,158.42,158.5,158.37,158.38,3649
2025-09-12 23:00:00+00:00,AMD,158.38,158.38,158.0,158.0,5785
2025-09-15 08:00:00+00:00,AMD,159.69,159.84,157.46,159.13,78150
2025-09-15 09:00:00+00:00,AMD,159.17,159.17,158.41,158.84,32812
2025-09-15 10:00:00+00:00,AMD,158.83,159.17,158.68,158.85,31406
2025-09-15 11:00:00+00:00,AMD,158.98,160.51,158.92,160.25,80601
2025-09-15 12:00:00+00:00,AMD,160.25,161.27,160.2,160.81,83181
2025-09-15 13:00:00+00:00,AMD,160.8,160.99,158.45,159.28,1260047
2025-09-15 14:00:00+00:00,AMD,159.31,160.1,157.61,159.395,1538803
2025-09-15 15:00:00+00:00,AMD,159.37,161.1,159.32,160.18,904581
2025-09-15 16:00:00+00:00,AMD,160.19,160.34,159.46,160.27,486467
2025-09-15 17:00:00+00:00,AMD,160.27,160.65,159.58,160.33,349833
2025-09-15 18:00:00+00:00,AMD,160.35,161.09,160.27,161.0,494805
2025-09-15 19:00:00+00:00,AMD,161.0,161.32,160.48,161.18,1313202
2025-09-15 20:00:00+00:00,AMD,161.17,161.25,160.82,160.97,1825086
2025-09-15 21:00:00+00:00,AMD,160.88,160.96,160.74,160.93,6070
2025-09-15 22:00:00+00:00,AMD,160.87,160.93,160.81,160.82,4540
2025-09-15 23:00:00+00:00,AMD,160.84,161.05,160.83,161.01,10029
2025-09-16 08:00:00+00:00,AMD,161.37,162.38,161.35,161.99,26511
2025-09-16 09:00:00+00:00,AMD,161.96,162.4,161.81,161.88,18728
2025-09-16 10:00:00+00:00,AMD,161.89,162.1,161.7,161.98,21842
2025-09-16 11:00:00+00:00,AMD,161.92,161.95,161.65,161.86,15414
2025-09-16 12:00:00+00:00,AMD,161.81,161.9,161.46,161.6,23707
2025-09-16 13:00:00+00:00,AMD,161.71,161.94,159.53,160.27,1462053
2025-09-16 14:00:00+00:00,AMD,160.24,161.6,159.89,160.17,920890
2025-09-16 15:00:00+00:00,AMD,160.19,160.31,159.45,159.5,444786
2025-09-16 16:00:00+00:00,AMD,159.5,160.52,159.22,160.27,391914
2025-09-16 17:00:00+00:00,AMD,160.28,160.53,159.93,160.5,292318
2025-09-16 18:00:00+00:00,AMD,160.495,160.94,160.04,160.9,326262
2025-09-16 19:00:00+00:00,AMD,160.91,161.055,160.18,160.44,983689
2025-09-16 20:00:00+00:00,AMD,160.44,160.46,160.22,160.26,2428684
2025-09-16 21:00:00+00:00,AMD,160.26,160.34,160.2,160.21,6809
2025-09-16 22:00:00+00:00,AMD,160.26,160.44,160.2,160.42,3495
2025-09-16 23:00:00+00:00,AMD,160.4,160.45,160.26,160.28,4900
2025-09-17 08:00:00+00:00,AMD,160.2,160.4,158.65,159.27,37685
2025-09-17 09:00:00+00:00,AMD,159.27,159.5,158.5,158.68,22282
2025-09-17 10:00:00+00:00,AMD,158.62,158.86,157.6,157.87,49122
2025-09-17 11:00:00+00:00,AMD,157.98,158.03,157.35,157.85,59645
2025-09-17 12:00:00+00:00,AMD,157.85,158.75,157.65,158.6,61116
2025-09-17 13:00:00+00:00,AMD,158.6,161.62,158.07,160.5,1637771
2025-09-17 14:00:00+00:00,AMD,160.55,160.925,158.54,158.89,1041208
2025-09-17 15:00:00+00:00,AMD,158.9,160.14,158.75,158.92,561438
2025-09-17 16:00:00+00:00,AMD,158.91,159.14,158.18,158.31,468849
2025-09-17 17:00:00+00:00,AMD,158.32,159.11,157.85,158.85,538201
2025-09-17 18:00:00+00:00,AMD,158.8,159.97,155.78,157.77,1675430
2025-09-17 19:00:00+00:00,AMD,157.71,160.0,157.64,159.09,1681412
2025-09-17 20:00:00+00:00,AMD,159.09,159.75,158.83,158.99,1958644
2025-09-17 21:00:00+00:00,AMD,158.99,159.2,158.95,159.15,8457
2025-09-17 22:00:00+00:00,AMD,159.15,160.0,159.15,159.99,11319
2025-09-17 23:00:00+00:00,AMD,159.99,160.08,159.9,160.0,18530
2025-09-18 08:00:00+00:00,AMD,160.47,161.86,160.27,161.4,39012
2025-09-18 09:00:00+00:00,AMD,161.4,162.19,161.3,161.88,32606
2025-09-18 10:00:00+00:00,AMD,161.89,162.18,161.7,161.93,20032
2025-09-18 11:00:00+00:00,AMD,161.89,162.3,149.57,151.45,2268783
2025-09-18 12:00:00+00:00,AMD,151.45,153.01,151.08,151.67,1050395
2025-09-18 13:00:00+00:00,AMD,151.63,154.04,149.85,153.89,5030233
2025-09-18 14:00:00+00:00,AMD,153.88,154.95,153.11,154.27,2588496
2025-09-18 15:00:00+00:00,AMD,154.28,155.47,153.96,155.08,1578589
2025-09-18 16:00:00+00:00,AMD,155.08,155.38,154.22,154.84,742993
2025-09-18 17:00:00+00:00,AMD,154.845,156.3,154.81,156.19,1018698
2025-09-18 18:00:00+00:00,AMD,156.17,158.62,156.0,157.28,1589162
2025-09-18 19:00:00+00:00,AMD,157.3,158.64,157.12,157.87,2026216
2025-09-18 20:00:00+00:00,AMD,157.86,157.92,157.28,157.61,3173698
2025-09-18 21:00:00+00:00,AMD,157.62,157.66,156.96,157.05,14593
2025-09-18 22:00:00+00:00,AMD,157.02,157.46,157.01,157.43,23377
2025-09-18 23:00:00+00:00,AMD,157.46,157.73,157.43,157.6,9242
2025-09-19 08:00:00+00:00,AMD,156.5,156.94,155.81,155.89,46086
2025-09-19 09:00:00+00:00,AMD,155.88,156.05,155.25,155.7,32330
2025-09-19 10:00:00+00:00,AMD,155.73,156.63,155.55,156.28,30306
2025-09-19 11:00:00+00:00,AMD,156.33,156.51,155.96,156.28,30722
2025-09-19 12:00:00+00:00,AMD,156.29,157.36,156.21,157.17,104162
2025-09-19 13:00:00+00:00,AMD,157.17,158.55,156.17,158.06,3306095
2025-09-19 14:00:00+00:00,AMD,158.07,159.84,157.68,158.13,1823843
2025-09-19 15:00:00+00:00,AMD,158.13,158.33,155.9,157.31,1297098
2025-09-19 16:00:00+00:00,AMD,157.3,157.64,156.79,156.995,495547
2025-09-19 17:00:00+00:00,AMD,156.98,157.2,156.515,156.68,418596
2025-09-19 18:00:00+00:00,AMD,156.67,156.805,156.33,156.75,373925
2025-09-19 19:00:00+00:00,AMD,156.75,157.57,156.34,157.4,1660393
2025-09-19 20:00:00+00:00,AMD,157.39,157.45,157.11,157.35,10321623
2025-09-19 21:00:00+00:00,AMD,157.35,157.4,156.94,157.02,25596
2025-09-19 22:00:00+00:00,AMD,157.04,157.2,157.01,157.1,5863
2025-09-19 23:00:00+00:00,AMD,157.1,157.18,157.0,157.0,6009
2025-09-22 08:00:00+00:00,AMD,157.01,160.02,155.4,155.56,45570
2025-09-22 09:00:00+00:00,AMD,155.57,156.15,155.34,155.89,33589
2025-09-22 10:00:00+00:00,AMD,155.86,156.2,155.73,155.8,10277
2025-09-22 11:00:00+00:00,AMD,155.9,156.88,155.87,156.78,24752
2025-09-22 12:00:00+00:00,AMD,156.78,157.57,156.6,157.56,47445
2025-09-22 13:00:00+00:00,AMD,157.5,161.39,157.22,160.96,2279969
2025-09-22 14:00:00+00:00,AMD,160.97,161.775,160.33,161.65,1515502
2025-09-22 15:00:00+00:00,AMD,161.64,162.08,161.03,161.51,959528
2025-09-22 16:00:00+00:00,AMD,161.5,162.68,159.6,161.96,2346301
2025-09-22 17:00:00+00:00,AMD,161.965,162.15,160.58,160.78,661562
2025-09-22 18:00:00+00:00,AMD,160.78,160.81,160.07,160.29,479406
2025-09-22 19:00:00+00:00,AMD,160.29,160.39,159.7,159.72,1154795
2025-09-22 20:00:00+00:00,AMD,159.71,160.0,159.5,159.82,2884540
2025-09-22 21:00:00+00:00,AMD,159.85,159.99,159.82,159.9,3724
2025-09-22 22:00:00+00:00,AMD,159.89,159.95,159.75,159.76,5160
2025-09-22 23:00:00+00:00,AMD,159.81,159.84,159.69,159.71,6890
2025-09-23 08:00:00+00:00,AMD,160.13,161.38,160.13,160.87,32564
2025-09-23 09:00:00+00:00,AMD,160.9,160.92,160.56,160.65,8809
2025-09-23 10:00:00+00:00,AMD,160.69,160.8,160.29,160.5,12952
2025-09-23 11:00:00+00:00,AMD,160.41,160.49,160.05,160.21,38829
2025-09-23 12:00:00+00:00,AMD,160.19,161.14,159.87,160.95,51410
2025-09-23 13:00:00+00:00,AMD,160.93,162.63,159.82,160.57,1416955
2025-09-23 14:00:00+00:00,AMD,160.58,162.37,160.39,161.66,1210990
2025-09-23 15:00:00+00:00,AMD,161.685,162.33,161.54,162.22,685412
2025-09-23 16:00:00+00:00,AMD,162.23,163.39,161.49,162.41,886758
2025-09-23 17:00:00+00:00,AMD,162.42,162.72,159.21,160.75,1326052
2025-09-23 18:00:00+00:00,AMD,160.76,160.97,159.93,160.21,555717
2025-09-23 19:00:00+00:00,AMD,160.2,160.93,159.62,160.93,1125603
2025-09-23 20:00:00+00:00,AMD,160.93,161.5,160.73,161.14,1498123
2025-09-23 21:00:00+00:00,AMD,161.14,161.99,161.14,161.64,41050
2025-09-23 22:00:00+00:00,AMD,161.7,161.76,161.34,161.35,7955
2025-09-23 23:00:00+00:00,AMD,161.32,161.5,161.17,161.3,5557
2025-09-24 08:00:00+00:00,AMD,161.56,162.34,161.23,162.0,22133
2025-09-24 09:00:00+00:00,AMD,162.0,162.2,161.85,161.85,8462
2025-09-24 10:00:00+00:00,AMD,161.93,162.22,161.51,162.12,11353
2025-09-24 11:00:00+00:00,AMD,162.06,162.18,161.51,161.86,21956
2025-09-24 12:00:00+00:00,AMD,161.91,162.5,161.91,162.1,39364
2025-09-24 13:00:00+00:00,AMD,162.09,165.1,161.23,161.93,2132553
2025-09-24 14:00:00+00:00,AMD,161.94,161.98,160.33,161.0,1283527
2025-09-24 15:00:00+00:00,AMD,161.02,161.88,159.78,159.95,804983
2025-09-24 16:00:00+00:00,AMD,159.94,160.58,158.44,160.53,847318
2025-09-24 17:00:00+00:00,AMD,160.525,161.85,160.5,161.51,660540
2025-09-24 18:00:00+00:00,AMD,161.51,161.96,161.14,161.68,590838
2025-09-24 19:00:00+00:00,AMD,161.67,161.73,160.36,160.87,1359702
2025-09-24 20:00:00+00:00,AMD,160.88,160.88,160.53,160.65,1435645
2025-09-24 21:00:00+00:00,AMD,160.69,160.93,160.63,160.79,3637
2025-09-24 22:00:00+00:00,AMD,160.73,160.84,160.6,160.76,4857
2025-09-24 23:00:00+00:00,AMD,160.76,160.79,160.59,160.61,7235
2025-09-25 08:00:00+00:00,AMD,160.67,160.67,159.58,159.7,20759
2025-09-25 09:00:00+00:00,AMD,159.7,159.95,159.3,159.61,15025
2025-09-25 10:00:00+00:00,AMD,159.5,159.68,159.01,159.42,19110
2025-09-25 11:00:00+00:00,AMD,159.42,159.52,158.26,158.39,43893
2025-09-25 12:00:00+00:00,AMD,158.35,158.71,157.6,157.7,69416
2025-09-25 13:00:00+00:00,AMD,157.74,157.74,154.78,156.55,1784519
2025-09-25 14:00:00+00:00,AMD,156.52,158.88,156.39,158.6,1153894
2025-09-25 15:00:00+00:00,AMD,158.6,160.45,157.91,160.1,862016
2025-09-25 16:00:00+00:00,AMD,160.09,161.19,159.56,160.95,732113
2025-09-25 17:00:00+00:00,AMD,160.91,161.42,159.33,159.44,613044
2025-09-25 18:00:00+00:00,AMD,159.41,161.35,158.63,161.01,641826
2025-09-25 19:00:00+00:00,AMD,161.0,161.63,160.49,161.3,1026465
2025-09-25 20:00:00+00:00,AMD,161.3,161.35,160.8,160.82,1625192
2025-09-25 21:00:00+00:00,AMD,160.76,160.97,160.7,160.8,8635
2025-09-25 22:00:00+00:00,AMD,160.87,160.98,160.71,160.71,8324
2025-09-25 23:00:00+00:00,AMD,160.74,160.75,160.37,160.37,8580
2025-09-26 08:00:00+00:00,AMD,160.6,160.6,158.94,159.0,29758
2025-09-26 09:00:00+00:00,AMD,159.0,159.59,158.61,159.59,13691
2025-09-26 10:00:00+00:00,AMD,159.48,159.85,158.79,159.15,22076
2025-09-26 11:00:00+00:00,AMD,159.2,160.59,159.17,160.44,40546
2025-09-26 12:00:00+00:00,AMD,160.4,161.94,160.4,161.29,66641
2025-09-26 13:00:00+00:00,AMD,161.23,162.1,159.98,160.435,984523
2025-09-26 14:00:00+00:00,AMD,160.46,160.81,157.94,158.27,1167568
2025-09-26 15:00:00+00:00,AMD,158.23,158.31,157.06,157.57,885985
2025-09-26 16:00:00+00:00,AMD,157.55,158.89,157.32,158.79,532322
2025-09-26 17:00:00+00:00,AMD,158.8,159.19,158.19,158.56,473477
2025-09-26 18:00:00+00:00,AMD,158.565,159.51,158.4,159.45,524754
2025-09-26 19:00:00+00:00,AMD,159.46,159.62,158.83,159.45,1103763
2025-09-26 20:00:00+00:00,AMD,159.43,159.51,159.17,159.23,1613394
2025-09-26 21:00:00+00:00,AMD,159.19,159.25,159.05,159.05,5894
2025-09-26 22:00:00+00:00,AMD,159.05,159.13,159.05,159.06,2195
2025-09-26 23:00:00+00:00,AMD,159.09,159.09,159.0,159.0,1771
2025-09-29 08:00:00+00:00,AMD,160.2,160.67,160.19,160.64,16796
2025-09-29 09:00:00+00:00,AMD,160.65,160.8,160.2,160.34,12942
2025-09-29 10:00:00+00:00,AMD,160.34,160.57,160.12,160.31,7896
2025-09-29 11:00:00+00:00,AMD,160.3,160.52,160.02,160.36,18737
2025-09-29 12:00:00+00:00,AMD,160.37,160.62,160.25,160.5,19269
2025-09-29 13:00:00+00:00,AMD,160.48,163.3,159.91,162.83,1780863
2025-09-29 14:00:00+00:00,AMD,162.86,164.04,162.03,163.7,1320852
2025-09-29 15:00:00+00:00,AMD,163.67,164.28,162.26,162.57,1070420
2025-09-29 16:00:00+00:00,AMD,162.57,162.63,161.11,161.9,708482
2025-09-29 17:00:00+00:00,AMD,161.905,163.31,161.59,162.92,470338
2025-09-29 18:00:00+00:00,AMD,162.915,163.14,162.15,162.3,502629
2025-09-29 19:00:00+00:00,AMD,162.29,162.33,161.02,161.34,1031736
2025-09-29 20:00:00+00:00,AMD,161.36,161.4,161.15,161.18,1736543
2025-09-29 21:00:00+00:00,AMD,161.21,161.37,161.03,161.14,9148
2025-09-29 22:00:00+00:00,AMD,161.15,161.2,161.01,161.1,4228
2025-09-29 23:00:00+00:00,AMD,161.12,161.15,161.0,161.12,5581
2025-09-30 08:00:00+00:00,AMD,161.13,161.15,160.24,160.68,34599
2025-09-30 09:00:00+00:00,AMD,160.66,161.01,160.43,160.9,5870
2025-09-30 10:00:00+00:00,AMD,160.87,161.38,160.87,161.3,8284
2025-09-30 11:00:00+00:00,AMD,161.26,161.33,160.88,160.91,6448
2025-09-30 12:00:00+00:00,AMD,160.95,161.25,160.35,161.1,35036
2025-09-30 13:00:00+00:00,AMD,161.1,161.24,159.34,160.54,1163660
2025-09-30 14:00:00+00:00,AMD,160.58,162.26,159.935,161.82,1158729
2025-09-30 15:00:00+00:00,AMD,161.8,162.05,160.43,161.48,524463
2025-09-30 16:00:00+00:00,AMD,161.47,161.67,160.735,160.735,365448
2025-09-30 17:00:00+00:00,AMD,160.735,160.735,159.61,160.22,546106
2025-09-30 18:00:00+00:00,AMD,160.21,161.07,160.18,160.74,316767
2025-09-30 19:00:00+00:00,AMD,160.75,161.9,160.22,161.77,1166058
2025-09-30 20:00:00+00:00,AMD,161.79,161.79,161.19,161.3,1866089
2025-09-30 21:00:00+00:00,AMD,161.3,161.3,160.97,161.05,10916
2025-09-30 22:00:00+00:00,AMD,161.06,161.2,161.0,161.0,5360
2025-09-30 23:00:00+00:00,AMD,161.04,161.18,160.95,161.07,5004
2025-10-01 08:00:00+00:00,AMD,159.41,160.23,159.06,160.06,19225
2025-10-01 09:00:00+00:00,AMD,160.01,160.69,159.73,160.26,12407
2025-10-01 10:00:00+00:00,AMD,160.35,160.45,160.03,160.23,8512
2025-10-01 11:00:00+00:00,AMD,160.23,162.27,160.23,161.36,73512
2025-10-01 12:00:00+00:00,AMD,161.37,161.42,160.54,160.95,41623
2025-10-01 13:00:00+00:00,AMD,160.95,163.14,160.49,162.37,1269815
2025-10-01 14:00:00+00:00,AMD,162.3,163.87,162.06,162.32,1587322
2025-10-01 15:00:00+00:00,AMD,162.335,162.86,161.685,162.43,643794
2025-10-01 16:00:00+00:00,AMD,162.43,162.68,161.56,161.96,462983
2025-10-01 17:00:00+00:00,AMD,161.955,163.3,161.52,162.79,661005
2025-10-01 18:00:00+00:00,AMD,162.77,163.1,161.71,162.28,1207192
2025-10-01 19:00:00+00:00,AMD,162.28,164.18,161.63,164.03,1819620
2025-10-01 20:00:00+00:00,AMD,164.03,164.99,163.78,164.59,2463693
2025-10-01 21:00:00+00:00,AMD,164.55,164.55,164.08,164.28,19117
2025-10-01 22:00:00+00:00,AMD,164.25,164.35,164.14,164.29,7281
2025-10-01 23:00:00+00:00,AMD,164.28,164.35,164.11,164.11,14740
2025-10-02 08:00:00+00:00,AMD,165.25,166.8,165.11,166.79,44627
2025-10-02 09:00:00+00:00,AMD,166.8,167.85,166.66,167.25,64893
2025-10-02 10:00:00+00:00,AMD,167.22,168.82,167.22,168.59,64480
2025-10-02 11:00:00+00:00,AMD,168.55,169.98,168.16,169.46,137463
2025-10-02 12:00:00+00:00,AMD,169.47,169.55,169.0,169.49,78924
2025-10-02 13:00:00+00:00,AMD,169.5,170.26,166.14,168.66,3228354
2025-10-02 14:00:00+00:00,AMD,168.64,169.39,167.44,168.13,1965051
2025-10-02 15:00:00+00:00,AMD,168.13,170.47,167.975,170.44,1749468
2025-10-02 16:00:00+00:00,AMD,170.42,171.06,169.81,170.58,1555996
2025-10-02 17:00:00+00:00,AMD,170.57,170.94,170.05,170.14,596643
2025-10-02 18:00:00+00:00,AMD,170.13,170.43,169.3,169.71,731547
2025-10-02 19:00:00+00:00,AMD,169.7,170.78,169.53,169.73,1244999
2025-10-02 20:00:00+00:00,AMD,169.73,170.14,169.53,169.83,2324814
2025-10-02 21:00:00+00:00,AMD,169.91,170.12,169.76,169.76,19461
2025-10-02 22:00:00+00:00,AMD,169.79,169.89,169.59,169.86,7721
2025-10-02 23:00:00+00:00,AMD,169.82,170.43,169.78,170.19,23345
2025-10-03 08:00:00+00:00,AMD,170.0,171.5,167.2,171.47,29457
2025-10-03 09:00:00+00:00,AMD,171.47,171.52,170.99,171.39,19839
2025-10-03 10:00:00+00:00,AMD,171.41,171.6,171.02,171.02,24071
2025-10-03 11:00:00+00:00,AMD,171.08,171.16,170.09,170.28,55447
2025-10-03 12:00:00+00:00,AMD,170.29,170.8,169.99,170.15,47103
2025-10-03 13:00:00+00:00,AMD,170.18,171.0,168.85,169.01,1374792
2025-10-03 14:00:00+00:00,AMD,169.06,169.5,167.35,168.27,1956431
2025-10-03 15:00:00+00:00,AMD,168.25,168.72,167.5,168.67,665618
2025-10-03 16:00:00+00:00,AMD,168.67,168.95,167.2,167.215,541552
2025-10-03 17:00:00+00:00,AMD,167.22,167.22,163.33,164.31,1612499
2025-10-03 18:00:00+00:00,AMD,164.3,164.95,163.14,164.52,802840
2025-10-03 19:00:00+00:00,AMD,164.51,165.13,164.365,164.64,1452787
2025-10-03 20:00:00+00:00,AMD,164.64,164.67,164.12,164.19,2324072
2025-10-03 21:00:00+00:00,AMD,164.19,164.33,163.9,164.3,30998
2025-10-03 22:00:00+00:00,AMD,164.3,164.42,164.29,164.35,7324
2025-10-03 23:00:00+00:00,AMD,164.32,164.39,164.29,164.36,8840
2025-10-06 08:00:00+00:00,AMD,165.22,166.53,165.22,166.2,23705
2025-10-06 09:00:00+00:00,AMD,166.23,166.5,166.12,166.3,14422
2025-10-06 10:00:00+00:00,AMD,166.28,208.11,166.2,205.84,1138315
2025-10-06 11:00:00+00:00,AMD,205.84,211.2,196.61,208.36,4166395
2025-10-06 12:00:00+00:00,AMD,208.36,225.36,207.97,223.59,7003347
2025-10-06 13:00:00+00:00,AMD,223.54,227.8,205.7,208.12,18015407
2025-10-06 14:00:00+00:00,AMD,208.02,213.59,206.3,211.66,8213752
2025-10-06 15:00:00+00:00,AMD,211.66,213.44,207.81,212.66,3894447
2025-10-06 16:00:00+00:00,AMD,212.71,213.14,208.49,208.63,2310388
2025-10-06 17:00:00+00:00,AMD,208.6,210.73,207.34,208.11,2347220
2025-10-06 18:00:00+00:00,AMD,208.09,208.2,205.28,206.02,2306841
2025-10-06 19:00:00+00:00,AMD,206.01,206.5,203.02,203.64,4005328
2025-10-06 20:00:00+00:00,AMD,203.63,207.77,203.01,206.5,6085077
2025-10-06 21:00:00+00:00,AMD,206.5,207.46,206.15,207.27,131241
2025-10-06 22:00:00+00:00,AMD,207.27,207.65,206.0,206.1,111758
2025-10-06 23:00:00+00:00,AMD,206.03,207.42,206.03,206.97,76404
2025-10-07 08:00:00+00:00,AMD,207.84,209.44,207.12,209.03,200997
2025-10-07 09:00:00+00:00,AMD,209.04,212.02,208.57,211.9,349464
2025-10-07 10:00:00+00:00,AMD,211.9,212.5,210.54,211.45,246083
2025-10-07 11:00:00+00:00,AMD,211.4,212.3,210.52,212.27,286152
2025-10-07 12:00:00+00:00,AMD,212.3,214.7,211.01,213.85,433146
2025-10-07 13:00:00+00:00,AMD,213.82,218.9,212.4,214.3,7872899
2025-10-07 14:00:00+00:00,AMD,214.34,216.17,212.34,213.51,4236398
2025-10-07 15:00:00+00:00,AMD,213.54,214.05,209.29,211.52,3145889
2025-10-07 16:00:00+00:00,AMD,211.52,214.175,211.14,211.24,1873824
2025-10-07 17:00:00+00:00,AMD,211.24,211.72,209.87,210.035,1392023
2025-10-07 18:00:00+00:00,AMD,210.04,211.43,209.63,210.55,1053401
2025-10-07 19:00:00+00:00,AMD,210.55,213.26,210.27,211.51,2233848
2025-10-07 20:00:00+00:00,AMD,211.51,212.06,211.25,211.75,2463694
2025-10-07 21:00:00+00:00,AMD,211.69,211.95,211.2,211.2,25354
2025-10-07 22:00:00+00:00,AMD,211.34,211.49,211.12,211.36,17693
2025-10-07 23:00:00+00:00,AMD,211.36,211.36,210.03,210.55,37760
2025-10-08 08:00:00+00:00,AMD,212.26,215.95,211.88,214.55,148482
2025-10-08 09:00:00+00:00,AMD,214.58,215.99,214.58,215.08,132747
2025-10-08 10:00:00+00:00,AMD,215.08,215.4,214.2,214.73,25607
2025-10-08 11:00:00+00:00,AMD,214.74,214.81,213.33,213.49,91763
2025-10-08 12:00:00+00:00,AMD,213.44,213.5,212.24,213.05,139070
2025-10-08 13:00:00+00:00,AMD,213.1,223.64,210.68,221.27,5067688
2025-10-08 14:00:00+00:00,AMD,221.27,223.5,219.22,223.415,4121929
2025-10-08 15:00:00+00:00,AMD,223.43,224.99,222.73,223.27,2466921
2025-10-08 16:00:00+00:00,AMD,223.28,226.67,222.68,226.395,1955289
2025-10-08 17:00:00+00:00,AMD,226.39,233.22,225.73,233.08,4699158
2025-10-08 18:00:00+00:00,AMD,233.0,234.83,229.88,230.3,3689861
2025-10-08 19:00:00+00:00,AMD,230.28,235.87,230.17,235.4,4225857
2025-10-08 20:00:00+00:00,AMD,235.47,238.39,234.78,237.95,4013211
2025-10-08 21:00:00+00:00,AMD,237.95,239.65,237.4,239.24,193027
2025-10-08 22:00:00+00:00,AMD,239.33,239.76,237.7,239.47,174836
2025-10-08 23:00:00+00:00,AMD,239.42,241.39,239.42,240.9,259922
2025-10-09 08:00:00+00:00,AMD,239.14,242.05,233.69,235.51,265617
2025-10-09 09:00:00+00:00,AMD,235.6,238.0,235.2,237.85,112133
2025-10-09 10:00:00+00:00,AMD,237.88,239.48,237.22,237.84,118680
2025-10-09 11:00:00+00:00,AMD,237.83,239.3,237.65,237.76,227611
2025-10-09 12:00:00+00:00,AMD,237.78,238.7,237.42,238.16,206368
2025-10-09 13:00:00+00:00,AMD,238.19,240.1,233.89,237.97,5645051
2025-10-09 14:00:00+00:00,AMD,237.93,238.37,232.73,234.3,3396920
2025-10-09 15:00:00+00:00,AMD,234.36,235.92,232.18,233.83,2544339
2025-10-09 16:00:00+00:00,AMD,233.89,234.07,231.12,231.27,1310806
2025-10-09 17:00:00+00:00,AMD,231.29,232.74,229.55,231.58,1634820
2025-10-09 18:00:00+00:00,AMD,231.6,233.01,230.79,231.41,1025982
2025-10-09 19:00:00+00:00,AMD,231.42,233.25,230.68,232.9,1815807
2025-10-09 20:00:00+00:00,AMD,232.88,234.01,232.88,233.64,1928555
2025-10-09 21:00:00+00:00,AMD,233.61,233.72,233.11,233.11,19410
2025-10-09 22:00:00+00:00,AMD,233.07,233.99,233.06,233.8,35720
2025-10-09 23:00:00+00:00,AMD,233.8,234.42,233.63,234.0,41080
2025-10-10 08:00:00+00:00,AMD,233.87,234.5,233.0,234.47,65112
2025-10-10 09:00:00+00:00,AMD,234.48,234.5,230.31,230.54,114842
2025-10-10 10:00:00+00:00,AMD,230.59,231.94,230.54,231.84,33569
2025-10-10 11:00:00+00:00,AMD,231.87,232.5,231.05,232.39,74778
2025-10-10 12:00:00+00:00,AMD,232.34,233.63,232.12,232.81,96884
2025-10-10 13:00:00+00:00,AMD,232.84,234.22,227.43,229.29,2696642
2025-10-10 14:00:00+00:00,AMD,229.25,229.78,222.65,223.62,3086092
2025-10-10 15:00:00+00:00,AMD,223.55,223.66,213.22,219.81,6170144
2025-10-10 16:00:00+00:00,AMD,219.83,220.72,217.64,218.48,1825201
2025-10-10 17:00:00+00:00,AMD,218.44,221.2,217.22,219.88,1353391
2025-10-10 18:00:00+00:00,AMD,219.91,220.805,218.24,218.88,1088848
2025-10-10 19:00:00+00:00,AMD,218.865,220.04,214.5,214.64,4072254
2025-10-10 20:00:00+00:00,AMD,214.63,215.5,211.26,211.47,6625155
2025-10-10 21:00:00+00:00,AMD,211.48,211.88,207.27,209.5,339842
2025-10-10 22:00:00+00:00,AMD,209.55,215.3,209.5,214.2,203571
2025-10-10 23:00:00+00:00,AMD,214.21,215.32,213.33,215.18,66981
2025-10-13 08:00:00+00:00,AMD,222.76,224.46,221.63,224.08,253606
2025-10-13 09:00:00+00:00,AMD,224.03,224.42,223.44,223.55,87517
2025-10-13 10:00:00+00:00,AMD,223.55,223.95,222.96,223.58,78311
2025-10-13 11:00:00+00:00,AMD,223.5,223.61,221.34,222.59,182901
2025-10-13 12:00:00+00:00,AMD,222.52,223.7,222.2,222.89,155711
2025-10-13 13:00:00+00:00,AMD,222.85,224.18,215.16,223.05,3461852
2025-10-13 14:00:00+00:00,AMD,223.04,223.19,216.94,217.39,2262450
2025-10-13 15:00:00+00:00,AMD,217.44,219.78,217.0,219.38,1032569
2025-10-13 16:00:00+00:00,AMD,219.39,219.73,218.22,219.0,830556
2025-10-13 17:00:00+00:00,AMD,219.0,219.21,216.22,216.86,1046973
2025-10-13 18:00:00+00:00,AMD,216.89,217.23,215.24,215.69,849034
2025-10-13 19:00:00+00:00,AMD,215.69,216.67,214.9,216.395,1877260
2025-10-13 20:00:00+00:00,AMD,216.38,217.35,216.19,216.81,3927760
2025-10-13 21:00:00+00:00,AMD,216.76,216.89,216.7,216.77,11383
2025-10-13 22:00:00+00:00,AMD,216.76,216.89,216.51,216.88,20138
2025-10-13 23:00:00+00:00,AMD,216.88,216.9,216.58,216.65,18225
2025-10-14 08:00:00+00:00,AMD,212.15,212.32,208.62,211.58,84769
2025-10-14 09:00:00+00:00,AMD,211.6,217.08,210.17,214.26,171453
2025-10-14 10:00:00+00:00,AMD,214.01,214.17,211.69,213.0,99426
2025-10-14 11:00:00+00:00,AMD,213.13,213.88,212.0,213.3,113061
2025-10-14 12:00:00+00:00,AMD,213.11,223.85,212.77,220.25,1415277
2025-10-14 13:00:00+00:00,AMD,220.3,221.39,215.91,219.52,2572688
2025-10-14 14:00:00+00:00,AMD,219.5,222.11,216.9,218.81,2112094
2025-10-14 15:00:00+00:00,AMD,218.81,222.67,218.15,221.62,1561078
2025-10-14 16:00:00+00:00,AMD,221.65,224.98,220.95,223.945,1246698
2025-10-14 17:00:00+00:00,AMD,223.945,224.83,222.68,223.66,778336
2025-10-14 18:00:00+00:00,AMD,223.67,224.18,222.45,222.64,611129
2025-10-14 19:00:00+00:00,AMD,222.62,223.42,217.82,218.02,1901781
2025-10-14 20:00:00+00:00,AMD,218.02,219.5,217.69,219.26,1946444
2025-10-14 21:00:00+00:00,AMD,219.3,219.4,218.98,219.0,12444
2025-10-14 22:00:00+00:00,AMD,219.0,219.35,218.67,219.14,24566
2025-10-14 23:00:00+00:00,AMD,219.14,219.2,218.75,218.95,15801
2025-10-15 08:00:00+00:00,AMD,222.17,223.82,222.11,223.8,63241
2025-10-15 09:00:00+00:00,AMD,223.8,225.8,223.17,223.3,103487
2025-10-15 10:00:00+00:00,AMD,223.3,225.13,223.09,224.42,66141
2025-10-15 11:00:00+00:00,AMD,224.36,224.42,223.04,223.52,61934
2025-10-15 12:00:00+00:00,AMD,223.49,224.46,223.2,223.7,70919
2025-10-15 13:00:00+00:00,AMD,223.67,232.19,220.79,230.675,3381639
2025-10-15 14:00:00+00:00,AMD,230.675,237.12,228.93,236.85,4601594
2025-10-15 15:00:00+00:00,AMD,236.82,238.9,232.8,235.07,3856188
2025-10-15 16:00:00+00:00,AMD,235.1,236.24,233.83,234.39,1350469
2025-10-15 17:00:00+00:00,AMD,234.37,236.15,230.33,235.825,2099764
2025-10-15 18:00:00+00:00,AMD,235.8,238.47,234.57,238.11,1509544
2025-10-15 19:00:00+00:00,AMD,238.07,239.24,236.91,238.61,3001110
2025-10-15 20:00:00+00:00,AMD,238.6,240.6,238.05,239.25,3639319
2025-10-15 21:00:00+00:00,AMD,239.25,239.69,238.6,238.63,44749
2025-10-15 22:00:00+00:00,AMD,238.76,239.3,238.62,238.95,24129
2025-10-15 23:00:00+00:00,AMD,238.95,239.0,238.0,238.08,57970
2025-10-16 08:00:00+00:00,AMD,241.24,241.95,240.2,240.96,116840
2025-10-16 09:00:00+00:00,AMD,241.1,241.27,239.57,240.17,56374
2025-10-16 10:00:00+00:00,AMD,240.17,240.74,239.49,239.8,38766
2025-10-16 11:00:00+00:00,AMD,239.78,239.92,238.05,239.52,135609
2025-10-16 12:00:00+00:00,AMD,239.5,239.78,237.22,237.44,178020
2025-10-16 13:00:00+00:00,AMD,237.43,240.47,235.03,237.51,2777303
2025-10-16 14:00:00+00:00,AMD,237.585,241.21,236.42,237.8,2242230
2025-10-16 15:00:00+00:00,AMD,237.84,239.33,236.17,237.0,1062165
2025-10-16 16:00:00+00:00,AMD,236.95,239.09,234.01,239.0,1172632
2025-10-16 17:00:00+00:00,AMD,239.02,240.4,237.08,237.65,940311
2025-10-16 18:00:00+00:00,AMD,237.56,237.94,234.02,237.38,1222232
2025-10-16 19:00:00+00:00,AMD,237.435,237.49,233.91,234.58,1448492
2025-10-16 20:00:00+00:00,AMD,234.58,234.79,233.02,233.28,2395856
2025-10-16 21:00:00+00:00,AMD,233.26,233.29,232.79,233.22,24204
2025-10-16 22:00:00+00:00,AMD,233.2,234.09,232.75,232.8,26302
2025-10-16 23:00:00+00:00,AMD,232.79,232.9,231.84,231.92,59598
2025-10-17 08:00:00+00:00,AMD,226.8,229.39,223.5,227.7,186427
2025-10-17 09:00:00+00:00,AMD,227.58,229.5,227.06,227.81,82517
2025-10-17 10:00:00+00:00,AMD,227.87,229.5,227.32,228.5,102767
2025-10-17 11:00:00+00:00,AMD,228.5,232.74,228.3,232.7,191995
2025-10-17 12:00:00+00:00,AMD,232.59,235.68,232.48,233.63,191003
2025-10-17 13:00:00+00:00,AMD,233.7,234.56,228.52,231.99,2366936
2025-10-17 14:00:00+00:00,AMD,231.99,235.38,231.22,231.53,1776959
2025-10-17 15:00:00+00:00,AMD,231.55,232.89,227.92,230.84,1631435
2025-10-17 16:00:00+00:00,AMD,230.92,233.73,230.71,232.475,936114
2025-10-17 17:00:00+00:00,AMD,232.49,232.8,230.325,231.37,643480
2025-10-17 18:00:00+00:00,AMD,231.39,232.68,231.25,232.52,566462
2025-10-17 19:00:00+00:00,AMD,232.52,235.01,232.5,233.15,1344894
2025-10-17 20:00:00+00:00,AMD,233.13,233.42,232.6,233.12,1721740
2025-10-17 21:00:00+00:00,AMD,233.22,233.32,232.8,233.24,10464
2025-10-17 22:00:00+00:00,AMD,233.24,233.36,233.11,233.18,5900
2025-10-17 23:00:00+00:00,AMD,233.19,233.5,233.15,233.5,7459
2025-10-20 08:00:00+00:00,AMD,237.02,237.8,236.7,236.81,55515
2025-10-20 09:00:00+00:00,AMD,236.79,237.5,236.59,237.1,44434
2025-10-20 10:00:00+00:00,AMD,237.22,238.05,236.43,236.43,51838
2025-10-20 11:00:00+00:00,AMD,236.43,237.8,236.32,237.0,74211
2025-10-20 12:00:00+00:00,AMD,236.99,237.91,236.84,237.9,57868
2025-10-20 13:00:00+00:00,AMD,237.91,239.27,234.41,239.235,2182234
2025-10-20 14:00:00+00:00,AMD,239.27,242.85,238.38,241.995,2917700
2025-10-20 15:00:00+00:00,AMD,242.02,242.6,240.09,241.07,1127412
2025-10-20 16:00:00+00:00,AMD,241.1,242.87,240.96,242.0,801743
2025-10-20 17:00:00+00:00,AMD,242.0,242.735,241.7,242.36,587614
2025-10-20 18:00:00+00:00,AMD,242.35,242.6,240.36,241.97,693275
2025-10-20 19:00:00+00:00,AMD,241.99,242.05,240.38,240.53,1479390
2025-10-20 20:00:00+00:00,AMD,240.52,240.98,240.33,240.59,2777881
2025-10-20 21:00:00+00:00,AMD,240.57,240.74,240.29,240.62,17402
2025-10-20 22:00:00+00:00,AMD,240.61,240.7,240.45,240.66,6759
2025-10-20 23:00:00+00:00,AMD,240.65,240.98,240.62,240.89,14228
2025-10-21 08:00:00+00:00,AMD,240.6,240.82,238.4,238.93,53002
2025-10-21 09:00:00+00:00,AMD,238.86,239.98,238.73,239.63,27299
2025-10-21 10:00:00+00:00,AMD,239.67,242.5,239.18,240.38,52996
2025-10-21 11:00:00+00:00,AMD,240.38,240.75,239.75,240.55,50943
2025-10-21 12:00:00+00:00,AMD,240.49,241.75,240.35,240.45,79443
2025-10-21 13:00:00+00:00,AMD,240.45,242.25,237.7,237.95,1604498
2025-10-21 14:00:00+00:00,AMD,237.965,238.3,234.02,236.73,1894081
2025-10-21 15:00:00+00:00,AMD,236.75,239.09,236.03,238.75,893282
2025-10-21 16:00:00+00:00,AMD,238.73,240.89,238.6,239.27,976480
2025-10-21 17:00:00+00:00,AMD,239.25,240.35,238.38,239.49,565560
2025-10-21 18:00:00+00:00,AMD,239.53,239.55,238.3,239.09,461041
2025-10-21 19:00:00+00:00,AMD,239.09,239.44,237.93,238.02,1163847
2025-10-21 20:00:00+00:00,AMD,238.03,238.18,236.8,237.12,1804477
2025-10-21 21:00:00+00:00,AMD,237.12,237.95,237.1,237.56,15367
2025-10-21 22:00:00+00:00,AMD,237.74,237.75,237.22,237.36,7614
2025-10-21 23:00:00+00:00,AMD,237.39,237.39,237.01,237.05,5673
2025-10-22 08:00:00+00:00,AMD,237.36,237.8,236.76,236.88,10080
2025-10-22 09:00:00+00:00,AMD,236.88,237.0,235.91,236.96,15726
2025-10-22 10:00:00+00:00,AMD,236.9,238.75,236.75,238.24,21333
2025-10-22 11:00:00+00:00,AMD,238.1,238.28,236.54,236.54,39122
2025-10-22 12:00:00+00:00,AMD,236.65,237.5,236.65,237.28,17510
2025-10-22 13:00:00+00:00,AMD,237.25,239.22,235.71,238.76,887314
2025-10-22 14:00:00+00:00,AMD,238.89,240.13,229.41,232.75,2588364
2025-10-22 15:00:00+00:00,AMD,232.75,233.28,227.63,229.95,1470465
2025-10-22 16:00:00+00:00,AMD,229.96,230.55,226.68,228.77,1020677
2025-10-22 17:00:00+00:00,AMD,228.75,228.93,224.88,226.12,1243384
2025-10-22 18:00:00+00:00,AMD,226.13,228.39,225.6,228.3,1091954
2025-10-22 19:00:00+00:00,AMD,228.295,230.3,227.94,230.245,1477808
2025-10-22 20:00:00+00:00,AMD,230.27,231.03,229.1,229.7,2763835
2025-10-22 21:00:00+00:00,AMD,229.55,229.69,228.6,228.8,10599
2025-10-22 22:00:00+00:00,AMD,228.85,230.0,228.85,229.85,4592
2025-10-22 23:00:00+00:00,AMD,229.8,230.21,229.33,229.33,4322
2025-10-23 08:00:00+00:00,AMD,231.04,232.34,230.69,231.17,30159
2025-10-23 09:00:00+00:00,AMD,231.17,231.24,229.8,230.93,18094
2025-10-23 10:00:00+00:00,AMD,230.95,230.95,229.9,230.27,8065
2025-10-23 11:00:00+00:00,AMD,230.1,230.3,229.0,229.22,18431
2025-10-23 12:00:00+00:00,AMD,229.21,229.3,228.0,229.07,39651
2025-10-23 13:00:00+00:00,AMD,229.2,234.44,227.3,233.68,1466862
2025-10-23 14:00:00+00:00,AMD,233.7,234.5,231.99,233.42,1199183
2025-10-23 15:00:00+00:00,AMD,233.41,233.84,232.16,233.52,539674
2025-10-23 16:00:00+00:00,AMD,233.43,234.5,233.03,233.66,493679
2025-10-23 17:00:00+00:00,AMD,233.66,235.74,232.33,235.21,1070649
2025-10-23 18:00:00+00:00,AMD,235.24,235.8,234.36,235.66,570392
2025-10-23 19:00:00+00:00,AMD,235.655,235.91,232.98,234.99,1771799
2025-10-23 20:00:00+00:00,AMD,235.03,238.8,234.59,238.1,2629786
2025-10-23 21:00:00+00:00,AMD,238.13,238.7,237.1,238.5,44886
2025-10-23 22:00:00+00:00,AMD,238.5,238.7,237.87,238.21,12402
2025-10-23 23:00:00+00:00,AMD,238.09,238.67,238.07,238.35,22639
2025-10-24 08:00:00+00:00,AMD,238.67,239.02,238.09,238.31,18700
2025-10-24 09:00:00+00:00,AMD,238.33,239.54,238.33,238.95,19931
2025-10-24 10:00:00+00:00,AMD,238.95,241.99,238.75,240.81,56358
2025-10-24 11:00:00+00:00,AMD,240.6,240.89,239.5,240.35,78641
2025-10-24 12:00:00+00:00,AMD,240.39,244.0,240.35,242.71,202439
2025-10-24 13:00:00+00:00,AMD,242.75,251.13,241.94,250.33,4543846
2025-10-24 14:00:00+00:00,AMD,250.34,253.07,248.15,251.72,3476276
2025-10-24 15:00:00+00:00,AMD,251.75,251.87,249.34,250.075,1514259
2025-10-24 16:00:00+00:00,AMD,250.12,251.61,249.43,251.49,1024696
2025-10-24 17:00:00+00:00,AMD,251.46,252.04,250.6,251.03,937560
2025-10-24 18:00:00+00:00,AMD,251.0,251.67,249.87,249.99,943257
2025-10-24 19:00:00+00:00,AMD,249.99,253.39,249.82,252.905,2634865
2025-10-24 20:00:00+00:00,AMD,252.9,253.87,252.41,253.41,2561749
2025-10-24 21:00:00+00:00,AMD,253.38,253.85,253.28,253.61,20148
2025-10-24 22:00:00+00:00,AMD,253.58,253.72,253.54,253.65,14996
2025-10-24 23:00:00+00:00,AMD,253.66,254.28,253.6,254.28,32456
2025-10-27 08:00:00+00:00,AMD,260.69,261.51,258.1,258.95,181583
2025-10-27 09:00:00+00:00,AMD,258.86,259.76,258.25,259.7,82401
2025-10-27 10:00:00+00:00,AMD,259.7,259.7,258.39,258.52,57217
2025-10-27 11:00:00+00:00,AMD,258.63,258.84,256.82,258.06,159580
2025-10-27 12:00:00+00:00,AMD,258.06,259.52,258.06,259.19,196491
2025-10-27 13:00:00+00:00,AMD,259.15,259.41,253.38,255.02,2535637
2025-10-27 14:00:00+00:00,AMD,254.98,254.99,249.82,252.6,2430892
2025-10-27 15:00:00+00:00,AMD,252.615,258.47,252.61,254.54,2735827
2025-10-27 16:00:00+00:00,AMD,254.5,255.67,253.82,255.61,630034
2025-10-27 17:00:00+00:00,AMD,255.6,256.66,254.78,255.79,524726
2025-10-27 18:00:00+00:00,AMD,255.76,256.56,255.3,256.4,472549
2025-10-27 19:00:00+00:00,AMD,256.44,260.43,255.8,259.76,1998926
2025-10-27 20:00:00+00:00,AMD,259.67,260.27,259.25,259.39,3159904
2025-10-27 21:00:00+00:00,AMD,259.39,259.43,259.02,259.24,22809
2025-10-27 22:00:00+00:00,AMD,259.25,259.48,259.07,259.46,13321
2025-10-27 23:00:00+00:00,AMD,259.4,259.45,259.2,259.35,17818
2025-10-28 08:00:00+00:00,AMD,258.54,258.54,256.5,257.89,55902
2025-10-28 09:00:00+00:00,AMD,257.96,258.28,257.4,257.6,14076
2025-10-28 10:00:00+00:00,AMD,257.67,258.01,256.82,257.49,25816
2025-10-28 11:00:00+00:00,AMD,257.52,258.7,257.34,258.0,64348
2025-10-28 12:00:00+00:00,AMD,258.0,258.88,257.79,258.2,72655
2025-10-28 13:00:00+00:00,AMD,258.2,261.57,257.91,260.98,1863275
2025-10-28 14:00:00+00:00,AMD,261.04,264.58,259.8,260.08,2278024
2025-10-28 15:00:00+00:00,AMD,260.03,261.14,259.35,260.55,1037253
2025-10-28 16:00:00+00:00,AMD,260.51,263.75,260.41,261.75,1406561
2025-10-28 17:00:00+00:00,AMD,261.75,262.87,260.0,260.54,622134
2025-10-28 18:00:00+00:00,AMD,260.51,260.62,258.87,260.06,808041
2025-10-28 19:00:00+00:00,AMD,260.05,260.55,257.95,257.97,1542345
2025-10-28 20:00:00+00:00,AMD,257.97,259.38,257.8,259.17,1642129
2025-10-28 21:00:00+00:00,AMD,259.16,259.53,259.01,259.4,21271
2025-10-28 22:00:00+00:00,AMD,259.39,259.78,259.38,259.4,19556
2025-10-28 23:00:00+00:00,AMD,259.4,259.5,259.3,259.32,33641
2025-10-29 08:00:00+00:00,AMD,262.47,272.0,262.05,262.95,70546
2025-10-29 09:00:00+00:00,AMD,262.79,262.82,261.71,262.12,39113
2025-10-29 10:00:00+00:00,AMD,262.24,263.4,261.5,262.91,33335
2025-10-29 11:00:00+00:00,AMD,262.91,263.42,262.64,263.1,44445
2025-10-29 12:00:00+00:00,AMD,263.04,263.35,262.01,262.03,49588
2025-10-29 13:00:00+00:00,AMD,262.08,267.05,262.0,265.4,2144825
2025-10-29 14:00:00+00:00,AMD,265.46,265.84,262.18,262.74,1296229
2025-10-29 15:00:00+00:00,AMD,262.76,263.49,258.65,259.33,1127930
2025-10-29 16:00:00+00:00,AMD,259.27,261.45,257.42,261.03,868817
2025-10-29 17:00:00+00:00,AMD,261.05,262.56,260.24,262.0,467612
2025-10-29 18:00:00+00:00,AMD,262.0,262.68,258.0,261.82,1149763
2025-10-29 19:00:00+00:00,AMD,261.84,265.58,260.65,264.34,1992889
2025-10-29 20:00:00+00:00,AMD,264.33,264.34,262.15,263.38,2052784
2025-10-29 21:00:00+00:00,AMD,263.34,263.41,262.11,262.2,20230
2025-10-29 22:00:00+00:00,AMD,262.35,262.99,262.15,262.8,24834
2025-10-29 23:00:00+00:00,AMD,262.81,262.96,262.51,262.91,10429
2025-10-30 08:00:00+00:00,AMD,263.82,263.85,262.47,262.72,18424
2025-10-30 09:00:00+00:00,AMD,262.72,263.27,261.21,262.18,17578
2025-10-30 10:00:00+00:00,AMD,262.0,262.43,261.38,262.27,12967
2025-10-30 11:00:00+00:00,AMD,262.49,263.49,262.4,263.15,26964
2025-10-30 12:00:00+00:00,AMD,263.05,263.11,258.2,258.65,123925
2025-10-30 13:00:00+00:00,AMD,258.74,263.07,257.57,262.49,1467882
2025-10-30 14:00:00+00:00,AMD,262.55,263.88,254.61,256.29,1562710
2025-10-30 15:00:00+00:00,AMD,256.36,259.26,256.0,258.9,825246
2025-10-30 16:00:00+00:00,AMD,258.89,262.47,258.34,261.3,772984
2025-10-30 17:00:00+00:00,AMD,261.295,261.53,259.07,260.69,530901
2025-10-30 18:00:00+00:00,AMD,260.68,261.15,259.6,260.46,402436
2025-10-30 19:00:00+00:00,AMD,260.49,260.56,254.75,254.82,2378100
2025-10-30 20:00:00+00:00,AMD,254.82,257.75,254.7,257.57,3463959
2025-10-30 21:00:00+00:00,AMD,257.58,258.74,257.05,257.97,41311
2025-10-30 22:00:00+00:00,AMD,257.95,258.5,257.1,258.2,26889
2025-10-30 23:00:00+00:00,AMD,258.2,258.2,257.35,258.06,11892
2025-10-31 08:00:00+00:00,AMD,258.44,260.43,257.8,260.01,35198
2025-10-31 09:00:00+00:00,AMD,260.11,260.45,259.2,259.32,17051
2025-10-31 10:00:00+00:00,AMD,259.36,259.46,258.32,259.04,13356
2025-10-31 11:00:00+00:00,AMD,258.58,259.9,258.52,259.85,20905
2025-10-31 12:00:00+00:00,AMD,259.79,260.72,259.46,259.53,48651
2025-10-31 13:00:00+00:00,AMD,259.64,261.21,257.54,260.59,1159796
2025-10-31 14:00:00+00:00,AMD,260.64,262.12,259.0,260.9,1010505
2025-10-31 15:00:00+00:00,AMD,260.93,261.74,257.23,257.52,738377
2025-10-31 16:00:00+00:00,AMD,257.51,257.99,254.77,255.09,839169
2025-10-31 17:00:00+00:00,AMD,255.09,256.56,253.42,255.6,551934
2025-10-31 18:00:00+00:00,AMD,255.59,256.56,255.42,256.25,357878
2025-10-31 19:00:00+00:00,AMD,256.22,258.28,255.98,256.06,1260598
2025-10-31 20:00:00+00:00,AMD,256.07,257.11,255.76,256.9,2395053
2025-10-31 21:00:00+00:00,AMD,256.99,257.02,256.61,256.73,13927
2025-10-31 22:00:00+00:00,AMD,256.75,256.85,256.71,256.73,4794
2025-10-31 23:00:00+00:00,AMD,256.77,256.85,256.72,256.85,5967
2025-11-03 09:00:00+00:00,AMD,257.71,259.47,257.58,258.9,34038
2025-11-03 10:00:00+00:00,AMD,258.68,259.35,258.51,258.88,19012
2025-11-03 11:00:00+00:00,AMD,259.05,259.97,258.8,258.82,34105
2025-11-03 12:00:00+00:00,AMD,258.82,260.1,258.81,259.55,53247
2025-11-03 13:00:00+00:00,AMD,259.4,259.6,258.88,259.09,63086
2025-11-03 14:00:00+00:00,AMD,259.09,260.91,253.95,254.35,1903024
2025-11-03 15:00:00+00:00,AMD,254.42,257.31,253.89,256.75,1312247
2025-11-03 16:00:00+00:00,AMD,256.8,257.65,255.99,257.31,717633
2025-11-03 17:00:00+00:00,AMD,257.35,258.33,256.53,257.8,510455
2025-11-03 18:00:00+00:00,AMD,257.79,259.34,257.64,257.68,568617
2025-11-03 19:00:00+00:00,AMD,257.69,258.28,256.76,258.015,564911
2025-11-03 20:00:00+00:00,AMD,258.02,260.44,257.35,259.65,1474214
2025-11-03 21:00:00+00:00,AMD,259.64,260.55,259.5,260.04,1934250
2025-11-03 22:00:00+00:00,AMD,260.08,260.57,260.04,260.2,20543
2025-11-03 23:00:00+00:00,AMD,260.16,260.2,258.79,259.03,20399
2025-11-04 09:00:00+00:00,AMD,255.55,255.55,252.3,252.55,67728
2025-11-04 10:00:00+00:00,AMD,252.55,254.57,252.3,253.77,36122
2025-11-04 11:00:00+00:00,AMD,253.87,254.41,253.27,253.46,34853
2025-11-04 12:00:00+00:00,AMD,253.48,253.97,252.4,252.75,90889
2025-11-04 13:00:00+00:00,AMD,252.75,253.05,250.35,250.97,150631
2025-11-04 14:00:00+00:00,AMD,250.9,256.02,247.4,255.66,2146946
2025-11-04 15:00:00+00:00,AMD,255.695,257.37,253.9,255.82,1126180
2025-11-04 16:00:00+00:00,AMD,255.77,256.81,254.33,254.97,924864
2025-11-04 17:00:00+00:00,AMD,254.98,255.04,253.05,253.32,679827
2025-11-04 18:00:00+00:00,AMD,253.3,253.85,251.71,252.91,587575
2025-11-04 19:00:00+00:00,AMD,252.9,254.21,251.34,251.69,987858
2025-11-04 20:00:00+00:00,AMD,251.71,252.83,250.09,250.11,2172103
2025-11-04 21:00:00+00:00,AMD,250.2,255.5,239.98,246.71,5157756
2025-11-04 22:00:00+00:00,AMD,246.71,248.4,241.6,242.26,545451
2025-11-04 23:00:00+00:00,AMD,242.44,243.25,240.26,240.78,221377
2025-11-05 09:00:00+00:00,AMD,239.46,243.5,237.7,240.79,137238
2025-11-05 10:00:00+00:00,AMD,240.79,240.97,237.1,237.8,100329
2025-11-05 11:00:00+00:00,AMD,237.7,238.83,235.51,237.43,161395
2025-11-05 12:00:00+00:00,AMD,237.56,244.0,236.55,243.25,360313
2025-11-05 13:00:00+00:00,AMD,243.22,245.97,241.23,245.01,361154
2025-11-05 14:00:00+00:00,AMD,245.01,251.98,243.0,251.6,3809586
2025-11-05 15:00:00+00:00,AMD,251.43,252.45,247.01,251.4,2533065
2025-11-05 16:00:00+00:00,AMD,251.42,254.49,248.85,252.0,1429872
2025-11-05 17:00:00+00:00,AMD,252.0,256.8,251.48,256.71,1218128
2025-11-05 18:00:00+00:00,AMD,256.7,259.65,255.93,258.67,1387597
2025-11-05 19:00:00+00:00,AMD,258.66,259.23,257.29,258.28,837212
2025-11-05 20:00:00+00:00,AMD,258.285,258.54,255.7,255.96,1886884
2025-11-05 21:00:00+00:00,AMD,255.81,256.42,254.89,255.45,4826805
2025-11-05 22:00:00+00:00,AMD,255.4,256.33,255.37,255.9,9966
2025-11-05 23:00:00+00:00,AMD,256.0,256.63,255.41,256.63,11836
2025-11-06 09:00:00+00:00,AMD,255.47,255.87,254.59,255.29,20752
2025-11-06 10:00:00+00:00,AMD,255.23,257.42,255.19,256.46,34044
2025-11-06 11:00:00+00:00,AMD,256.46,257.0,255.59,255.63,13343
2025-11-06 12:00:00+00:00,AMD,255.62,256.52,255.47,255.78,33300
2025-11-06 13:00:00+00:00,AMD,255.85,256.17,254.9,254.9,40790
2025-11-06 14:00:00+00:00,AMD,254.91,255.11,244.07,244.24,2441614
2025-11-06 15:00:00+00:00,AMD,244.21,244.5,235.75,236.36,3772109
2025-11-06 16:00:00+00:00,AMD,236.36,239.71,235.81,237.39,1850357
2025-11-06 17:00:00+00:00,AMD,237.48,241.18,236.31,240.48,1067830
2025-11-06 18:00:00+00:00,AMD,240.48,242.97,239.0,240.76,949004
2025-11-06 19:00:00+00:00,AMD,240.74,243.41,240.35,241.65,913187
2025-11-06 20:00:00+00:00,AMD,241.61,242.04,237.15,237.62,1657341
2025-11-06 21:00:00+00:00,AMD,237.62,238.93,237.6,238.75,4285452
2025-11-06 22:00:00+00:00,AMD,238.72,238.97,237.5,238.01,20725
2025-11-06 23:00:00+00:00,AMD,238.05,238.75,237.33,238.5,15505
2025-11-07 09:00:00+00:00,AMD,240.08,240.08,238.0,238.11,34994
2025-11-07 10:00:00+00:00,AMD,238.01,238.58,236.69,237.06,49068
2025-11-07 11:00:00+00:00,AMD,237.06,237.06,233.04,235.56,114008
2025-11-07 12:00:00+00:00,AMD,235.94,236.12,231.15,232.23,147962
2025-11-07 13:00:00+00:00,AMD,232.2,233.04,230.76,231.46,153550
2025-11-07 14:00:00+00:00,AMD,231.35,234.76,227.62,232.45,2825728
2025-11-07 15:00:00+00:00,AMD,232.44,233.46,226.55,227.88,2086977
2025-11-07 16:00:00+00:00,AMD,227.91,228.74,224.73,225.82,1408565
2025-11-07 17:00:00+00:00,AMD,225.78,228.89,225.59,228.36,824290
2025-11-07 18:00:00+00:00,AMD,228.37,229.92,227.12,228.55,813953
2025-11-07 19:00:00+00:00,AMD,228.54,232.27,228.05,232.02,848970
2025-11-07 20:00:00+00:00,AMD,231.96,233.64,230.24,233.56,1817925
2025-11-07 21:00:00+00:00,AMD,233.56,235.05,233.24,234.75,2498579
2025-11-07 22:00:00+00:00,AMD,234.75,235.25,234.7,235.14,20019
2025-11-07 23:00:00+00:00,AMD,235.31,236.2,235.0,236.18,16008
2025-11-10 09:00:00+00:00,AMD,241.64,242.85,240.98,242.18,49841
2025-11-10 10:00:00+00:00,AMD,242.18,242.43,241.66,241.98,36172
2025-11-10 11:00:00+00:00,AMD,241.98,242.31,241.26,241.77,40227
2025-11-10 12:00:00+00:00,AMD,241.62,242.04,241.0,241.56,54753
2025-11-10 13:00:00+00:00,AMD,241.58,242.0,240.56,241.43,60209
2025-11-10 14:00:00+00:00,AMD,241.43,246.6,240.49,245.74,2457922
2025-11-10 15:00:00+00:00,AMD,245.78,248.9,244.62,244.65,1294268
2025-11-10 16:00:00+00:00,AMD,244.67,245.17,242.25,242.79,763627
2025-11-10 17:00:00+00:00,AMD,242.79,245.44,242.44,244.96,496291
2025-11-10 18:00:00+00:00,AMD,244.95,246.9,244.83,245.62,515188
2025-11-10 19:00:00+00:00,AMD,245.57,246.04,244.85,245.44,352959
2025-11-10 20:00:00+00:00,AMD,245.43,245.835,243.96,243.98,1397115
2025-11-10 21:00:00+00:00,AMD,243.97,243.98,242.84,243.65,2982471
2025-11-10 22:00:00+00:00,AMD,243.57,243.94,243.45,243.89,8069
2025-11-10 23:00:00+00:00,AMD,243.89,244.9,243.59,244.9,17282
2025-11-11 09:00:00+00:00,AMD,244.29,244.6,242.5,242.62,19020
2025-11-11 10:00:00+00:00,AMD,242.68,243.67,242.34,243.0,14104
2025-11-11 11:00:00+00:00,AMD,243.3,243.82,242.97,243.47,9986
2025-11-11 12:00:00+00:00,AMD,243.47,243.8,241.62,241.95,40490
2025-11-11 13:00:00+00:00,AMD,241.95,242.63,241.8,241.87,26845
2025-11-11 14:00:00+00:00,AMD,241.99,246.15,241.26,243.97,1387165
2025-11-11 15:00:00+00:00,AMD,243.96,244.01,237.59,239.995,1554222
2025-11-11 16:00:00+00:00,AMD,240.01,240.6,238.06,238.86,734354
2025-11-11 17:00:00+00:00,AMD,238.825,239.77,237.61,238.57,571474
2025-11-11 18:00:00+00:00,AMD,238.55,248.46,234.68,244.96,4068995
2025-11-11 19:00:00+00:00,AMD,244.94,245.02,238.77,239.9,1583837
2025-11-11 20:00:00+00:00,AMD,239.93,240.88,237.04,237.55,1485309
2025-11-11 21:00:00+00:00,AMD,237.58,249.5,237.4,245.9,3087414
2025-11-11 22:00:00+00:00,AMD,245.91,248.59,245.42,247.99,177004
2025-11-11 23:00:00+00:00,AMD,247.96,249.98,245.91,248.65,192823
2025-11-12 09:00:00+00:00,AMD,251.14,251.52,249.02,250.09,87243
2025-11-12 10:00:00+00:00,AMD,250.09,250.4,248.08,250.16,91081
2025-11-12 11:00:00+00:00,AMD,250.16,250.5,248.79,249.1,62017
2025-11-12 12:00:00+00:00,AMD,249.3,252.22,248.5,251.1,152221
2025-11-12 13:00:00+00:00,AMD,251.15,254.05,251.0,252.3,374136
2025-11-12 14:00:00+00:00,AMD,252.21,258.67,250.21,251.72,5752831
2025-11-12 15:00:00+00:00,AMD,251.68,263.51,251.6,258.88,7270702
2025-11-12 16:00:00+00:00,AMD,258.97,262.17,256.33,260.435,2470117
2025-11-12 17:00:00+00:00,AMD,260.39,260.75,253.91,255.13,1820589
2025-11-12 18:00:00+00:00,AMD,255.17,257.83,254.58,254.95,1568437
2025-11-12 19:00:00+00:00,AMD,254.93,255.96,253.37,255.27,1074083
2025-11-12 20:00:00+00:00,AMD,255.25,259.42,254.82,258.89,2619610
2025-11-12 21:00:00+00:00,AMD,258.915,259.25,258.3,258.88,3434104
2025-11-12 22:00:00+00:00,AMD,258.89,259.53,258.8,259.42,25095
2025-11-12 23:00:00+00:00,AMD,259.29,259.29,256.09,257.09,73478
2025-11-13 09:00:00+00:00,AMD,258.44,258.44,255.55,256.33,46122
2025-11-13 10:00:00+00:00,AMD,256.4,257.46,256.23,257.0,10475
2025-11-13 11:00:00+00:00,AMD,256.91,257.37,256.02,256.61,11823
2025-11-13 12:00:00+00:00,AMD,256.71,256.75,255.08,255.52,104974
2025-11-13 13:00:00+00:00,AMD,255.52,255.98,253.23,253.35,127139
2025-11-13 14:00:00+00:00,AMD,253.33,255.11,249.06,254.79,2557066
2025-11-13 15:00:00+00:00,AMD,254.9,259.61,253.27,256.05,2039935
2025-11-13 16:00:00+00:00,AMD,256.01,256.95,252.65,253.67,1045053
2025-11-13 17:00:00+00:00,AMD,253.67,254.56,251.12,252.43,811627
2025-11-13 18:00:00+00:00,AMD,252.49,253.16,246.06,247.99,1243190
2025-11-13 19:00:00+00:00,AMD,248.0,250.17,246.77,248.12,796237
2025-11-13 20:00:00+00:00,AMD,248.06,249.62,246.35,247.99,1573976
2025-11-13 21:00:00+00:00,AMD,247.98,249.32,247.33,247.55,3292183
2025-11-13 22:00:00+00:00,AMD,247.51,247.91,247.15,247.65,14954
2025-11-13 23:00:00+00:00,AMD,247.61,249.15,247.61,248.2,24010
2025-11-14 09:00:00+00:00,AMD,245.18,245.44,243.42,244.68,34405
2025-11-14 10:00:00+00:00,AMD,244.74,246.54,244.53,245.73,21642
2025-11-14 11:00:00+00:00,AMD,245.55,245.55,241.3,242.36,60854
2025-11-14 12:00:00+00:00,AMD,242.6,242.9,238.28,239.25,152027
2025-11-14 13:00:00+00:00,AMD,239.2,240.88,238.65,240.0,124313
2025-11-14 14:00:00+00:00,AMD,240.14,247.4,235.09,246.99,2478283
2025-11-14 15:00:00+00:00,AMD,247.05,249.55,243.79,249.07,1611340
2025-11-14 16:00:00+00:00,AMD,249.08,252.32,247.15,251.42,1026962
2025-11-14 17:00:00+00:00,AMD,251.43,253.43,250.86,252.24,789707
2025-11-14 18:00:00+00:00,AMD,252.13,252.21,247.83,248.9,520694
2025-11-14 19:00:00+00:00,AMD,248.87,249.94,247.4,249.41,456944
2025-11-14 20:00:00+00:00,AMD,249.39,249.99,245.36,246.77,1128412
2025-11-14 21:00:00+00:00,AMD,246.77,247.75,246.67,247.26,1616000
2025-11-14 22:00:00+00:00,AMD,247.3,247.48,247.04,247.39,7658
2025-11-14 23:00:00+00:00,AMD,247.47,247.88,247.24,247.84,4177
2025-11-17 09:00:00+00:00,AMD,248.99,249.9,248.46,249.0,12693
2025-11-17 10:00:00+00:00,AMD,248.85,248.85,246.82,247.6,22121
2025-11-17 11:00:00+00:00,AMD,247.66,249.0,247.25,248.47,21489
2025-11-17 12:00:00+00:00,AMD,248.72,248.87,246.02,246.46,42317
2025-11-17 13:00:00+00:00,AMD,246.32,246.72,243.88,245.12,59184
2025-11-17 14:00:00+00:00,AMD,245.14,248.75,241.3,247.93,1327967
2025-11-17 15:00:00+00:00,AMD,248.0,248.36,243.95,245.23,1292541
2025-11-17 16:00:00+00:00,AMD,245.25,245.59,241.67,245.26,705079
2025-11-17 17:00:00+00:00,AMD,245.23,245.305,241.74,241.88,407840
2025-11-17 18:00:00+00:00,AMD,241.89,243.38,240.15,240.48,616222
2025-11-17 19:00:00+00:00,AMD,240.46,240.85,237.62,237.945,597093
2025-11-17 20:00:00+00:00,AMD,237.91,240.65,237.17,240.58,1360891
2025-11-17 21:00:00+00:00,AMD,240.58,241.55,240.32,241.12,2183181
2025-11-17 22:00:00+00:00,AMD,241.1,241.1,240.28,240.34,6457
2025-11-17 23:00:00+00:00,AMD,240.36,241.0,239.9,239.96,14935
2025-11-18 09:00:00+00:00,AMD,239.11,239.9,237.91,239.36,12759
2025-11-18 10:00:00+00:00,AMD,239.1,239.45,238.57,239.14,7494
2025-11-18 11:00:00+00:00,AMD,239.02,239.6,238.27,239.28,12558
2025-11-18 12:00:00+00:00,AMD,239.14,239.15,236.74,237.27,43200
2025-11-18 13:00:00+00:00,AMD,237.41,237.81,235.81,235.85,42474
2025-11-18 14:00:00+00:00,AMD,235.82,238.0,226.8,226.92,2149201
2025-11-18 15:00:00+00:00,AMD,226.88,229.89,224.71,227.21,2115411
2025-11-18 16:00:00+00:00,AMD,227.22,232.7,225.94,231.36,1268781
2025-11-18 17:00:00+00:00,AMD,231.4,234.59,230.15,234.11,748783
2025-11-18 18:00:00+00:00,AMD,234.17,234.73,231.95,232.36,700849
2025-11-18 19:00:00+00:00,AMD,232.42,233.54,231.09,233.0,475616
2025-11-18 20:00:00+00:00,AMD,232.95,233.42,230.14,230.22,1094235
2025-11-18 21:00:00+00:00,AMD,230.21,230.29,228.3,228.89,2572061
2025-11-18 22:00:00+00:00,AMD,228.85,228.88,228.53,228.83,14256
2025-11-18 23:00:00+00:00,AMD,228.78,229.99,228.78,229.12,13115
2025-11-19 09:00:00+00:00,AMD,229.0,230.17,228.5,229.8,23894
2025-11-19 10:00:00+00:00,AMD,229.87,230.35,229.22,230.27,26291
2025-11-19 11:00:00+00:00,AMD,230.29,230.85,229.38,230.15,56952
2025-11-19 12:00:00+00:00,AMD,230.11,232.4,229.35,231.64,80001
2025-11-19 13:00:00+00:00,AMD,231.67,231.83,230.42,230.62,48451
2025-11-19 14:00:00+00:00,AMD,230.6,231.58,227.56,231.38,931461
2025-11-19 15:00:00+00:00,AMD,231.41,235.27,230.23,231.13,1212726
2025-11-19 16:00:00+00:00,AMD,231.08,231.59,226.15,227.61,893118
2025-11-19 17:00:00+00:00,AMD,227.58,227.63,221.72,222.81,1260423
2025-11-19 18:00:00+00:00,AMD,222.8,223.05,220.5,221.93,986362
2025-11-19 19:00:00+00:00,AMD,221.96,222.23,219.73,221.06,1025985
2025-11-19 20:00:00+00:00,AMD,221.0,224.53,220.07,223.54,1900695
2025-11-19 21:00:00+00:00,AMD,223.53,233.01,222.4,232.19,3243123
2025-11-19 22:00:00+00:00,AMD,232.25,235.5,228.56,230.44,326789
2025-11-19 23:00:00+00:00,AMD,230.67,232.93,230.3,232.8,77371
2025-11-20 09:00:00+00:00,AMD,236.56,237.02,232.47,233.0,85176
2025-11-20 10:00:00+00:00,AMD,233.05,233.83,231.47,233.74,39121
2025-11-20 11:00:00+00:00,AMD,233.78,233.79,232.14,233.65,30307
2025-11-20 12:00:00+00:00,AMD,233.67,234.2,232.96,233.72,45180
2025-11-20 13:00:00+00:00,AMD,233.81,234.23,230.05,231.25,176370
2025-11-20 14:00:00+00:00,AMD,231.24,234.28,229.07,229.61,1918639
2025-11-20 15:00:00+00:00,AMD,229.65,230.85,225.71,225.91,1307230
2025-11-20 16:00:00+00:00,AMD,225.95,225.98,214.02,214.89,2276896
2025-11-20 17:00:00+00:00,AMD,214.89,216.96,209.4,211.54,2435700
2025-11-20 18:00:00+00:00,AMD,211.51,214.73,208.7,210.08,1477621
2025-11-20 19:00:00+00:00,AMD,210.08,212.14,208.92,212.03,1001932
2025-11-20 20:00:00+00:00,AMD,212.02,212.1,204.52,206.04,2612391
2025-11-20 21:00:00+00:00,AMD,206.06,206.1,203.77,204.47,4047094
2025-11-20 22:00:00+00:00,AMD,204.41,204.53,202.88,204.11,72293
2025-11-20 23:00:00+00:00,AMD,204.1,206.0,203.85,205.75,79031
2025-11-21 09:00:00+00:00,AMD,206.76,207.57,201.2,201.3,107602
2025-11-21 10:00:00+00:00,AMD,201.25,204.62,199.11,204.27,196716
2025-11-21 11:00:00+00:00,AMD,204.27,205.32,202.12,203.35,53923
2025-11-21 12:00:00+00:00,AMD,203.39,207.65,201.88,206.77,132615
2025-11-21 13:00:00+00:00,AMD,206.69,209.15,205.88,208.05,179189
2025-11-21 14:00:00+00:00,AMD,207.9,208.97,200.19,201.98,2660233
2025-11-21 15:00:00+00:00,AMD,202.01,203.13,195.02,197.1,2835269
2025-11-21 16:00:00+00:00,AMD,197.01,204.17,195.49,204.13,2070228
2025-11-21 17:00:00+00:00,AMD,204.17,205.9,202.14,203.55,1192502
2025-11-21 18:00:00+00:00,AMD,203.61,207.31,200.85,205.49,1348239
2025-11-21 19:00:00+00:00,AMD,205.47,207.54,204.78,205.76,1277946
2025-11-21 20:00:00+00:00,AMD,205.73,206.55,203.37,203.76,2137965
2025-11-21 21:00:00+00:00,AMD,203.76,204.39,203.16,204.11,4249400
2025-11-21 22:00:00+00:00,AMD,204.08,204.14,203.61,203.71,13471
2025-11-21 23:00:00+00:00,AMD,203.78,204.74,203.74,204.37,6421
2025-11-24 09:00:00+00:00,AMD,205.76,206.48,203.54,204.92,64473
2025-11-24 10:00:00+00:00,AMD,204.89,205.0,203.74,204.35,14795
2025-11-24 11:00:00+00:00,AMD,204.5,204.8,203.29,204.7,15562
2025-11-24 12:00:00+00:00,AMD,204.6,206.0,204.45,206.0,29103
2025-11-24 13:00:00+00:00,AMD,206.0,206.99,205.65,205.88,98739
2025-11-24 14:00:00+00:00,AMD,205.9,212.92,205.35,211.7,1857702
2025-11-24 15:00:00+00:00,AMD,211.71,213.68,210.5,211.49,1088876
2025-11-24 16:00:00+00:00,AMD,211.52,214.5,211.43,213.55,926814
2025-11-24 17:00:00+00:00,AMD,213.53,215.79,213.33,215.3,591721
2025-11-24 18:00:00+00:00,AMD,215.31,215.89,214.86,215.29,418549
2025-11-24 19:00:00+00:00,AMD,215.27,216.37,214.4,214.85,527911
2025-11-24 20:00:00+00:00,AMD,214.85,217.01,214.84,214.93,1534907
2025-11-24 21:00:00+00:00,AMD,214.94,216.2,214.92,216.2,7686625
2025-11-24 22:00:00+00:00,AMD,216.25,216.72,213.28,213.89,55047
2025-11-24 23:00:00+00:00,AMD,213.89,213.89,210.1,212.3,127961
2025-11-25 09:00:00+00:00,AMD,210.62,211.21,206.98,207.83,102491
2025-11-25 10:00:00+00:00,AMD,207.8,208.87,206.33,207.04,75058
2025-11-25 11:00:00+00:00,AMD,207.04,208.35,206.45,207.13,62670
2025-11-25 12:00:00+00:00,AMD,207.19,207.8,205.04,205.61,126115
2025-11-25 13:00:00+00:00,AMD,205.59,205.59,198.75,200.94,560849
2025-11-25 14:00:00+00:00,AMD,200.93,203.3,194.31,198.51,3590849
2025-11-25 15:00:00+00:00,AMD,198.44,199.83,194.84,199.19,2211374
2025-11-25 16:00:00+00:00,AMD,199.18,200.24,197.63,198.53,1007085
2025-11-25 17:00:00+00:00,AMD,198.5,202.3,198.47,199.46,971199
2025-11-25 18:00:00+00:00,AMD,199.485,201.25,198.86,200.32,858711
2025-11-25 19:00:00+00:00,AMD,200.34,201.03,198.91,200.58,539006
2025-11-25 20:00:00+00:00,AMD,200.59,206.58,200.48,206.13,2348245
2025-11-25 21:00:00+00:00,AMD,206.11,206.2,204.22,204.38,2396603
2025-11-25 22:00:00+00:00,AMD,204.35,204.95,203.6,204.59,36749
2025-11-25 23:00:00+00:00,AMD,204.51,204.62,204.05,204.24,18175
2025-11-26 09:00:00+00:00,AMD,204.84,204.94,201.07,202.03,70490
2025-11-26 10:00:00+00:00,AMD,202.02,204.0,201.53,203.54,32744
2025-11-26 11:00:00+00:00,AMD,203.6,204.71,203.25,204.18,36409
2025-11-26 12:00:00+00:00,AMD,204.16,204.86,202.46,204.22,68898
2025-11-26 13:00:00+00:00,AMD,204.16,212.47,204.15,211.04,316816
2025-11-26 14:00:00+00:00,AMD,211.02,212.81,207.0,208.21,2113437
2025-11-26 15:00:00+00:00,AMD,208.11,212.77,207.41,212.13,1299834
2025-11-26 16:00:00+00:00,AMD,212.13,214.36,211.86,212.94,1291288
2025-11-26 17:00:00+00:00,AMD,212.98,213.76,211.81,213.4,552707
2025-11-26 18:00:00+00:00,AMD,213.42,213.96,212.34,213.62,634961
2025-11-26 19:00:00+00:00,AMD,213.59,215.09,213.28,215.07,640698
2025-11-26 20:00:00+00:00,AMD,215.04,215.59,213.93,214.11,1276050
2025-11-26 21:00:00+00:00,AMD,214.12,214.35,213.19,213.48,2658884
2025-11-26 22:00:00+00:00,AMD,213.54,214.0,213.04,213.85,8364
2025-11-26 23:00:00+00:00,AMD,213.83,214.05,213.42,213.43,5158
2025-11-28 09:00:00+00:00,AMD,215.1,215.42,214.5,214.92,17344
2025-11-28 10:00:00+00:00,AMD,214.83,215.79,214.21,215.79,18083
2025-11-28 11:00:00+00:00,AMD,215.8,217.69,215.73,217.3,21246
2025-11-28 12:00:00+00:00,AMD,217.21,217.53,216.75,217.1,51195
2025-11-28 13:00:00+00:00,AMD,217.1,217.26,215.9,216.01,43732
2025-11-28 14:00:00+00:00,AMD,215.95,218.28,214.02,216.53,1303318
2025-11-28 15:00:00+00:00,AMD,216.53,217.68,215.7,216.37,815360
2025-11-28 16:00:00+00:00,AMD,216.37,217.22,215.56,216.98,569663
2025-11-28 17:00:00+00:00,AMD,216.97,217.63,215.99,217.43,1070397
2025-11-28 18:00:00+00:00,AMD,217.53,217.8,217.04,217.35,1559367
2025-11-28 19:00:00+00:00,AMD,217.4,217.49,217.1,217.43,8557
2025-11-28 20:00:00+00:00,AMD,217.43,217.79,217.43,217.76,11316
2025-11-28 21:00:00+00:00,AMD,217.78,217.97,217.58,217.86,8480
2025-12-01 09:00:00+00:00,AMD,215.98,216.12,215.0,215.6,13864
2025-12-01 10:00:00+00:00,AMD,215.42,215.9,215.4,215.51,8410
2025-12-01 11:00:00+00:00,AMD,215.5,215.66,214.05,214.05,16916
2025-12-01 12:00:00+00:00,AMD,214.34,214.95,212.58,212.78,75458
2025-12-01 13:00:00+00:00,AMD,212.88,213.79,212.8,213.56,50950
2025-12-01 14:00:00+00:00,AMD,213.6,219.93,213.2,219.49,1309664
2025-12-01 15:00:00+00:00,AMD,219.47,219.9,216.2,218.12,819513
2025-12-01 16:00:00+00:00,AMD,218.13,219.25,216.64,218.63,456392
2025-12-01 17:00:00+00:00,AMD,218.67,220.16,218.06,219.15,327493
2025-12-01 18:00:00+00:00,AMD,219.15,220.95,219.07,220.68,278283
2025-12-01 19:00:00+00:00,AMD,220.67,220.78,218.88,219.24,277877
2025-12-01 20:00:00+00:00,AMD,219.18,220.42,219.12,219.76,741986
2025-12-01 21:00:00+00:00,AMD,219.76,219.86,219.36,219.6,2215071
2025-12-01 22:00:00+00:00,AMD,219.63,219.8,219.45,219.7,3627
2025-12-01 23:00:00+00:00,AMD,219.7,219.9,219.4,219.5,7082
2025-12-02 09:00:00+00:00,AMD,219.36,220.25,219.17,219.89,13921
2025-12-02 10:00:00+00:00,AMD,219.92,221.11,219.66,220.93,16321
2025-12-02 11:00:00+00:00,AMD,220.8,221.85,220.67,221.6,31026
2025-12-02 12:00:00+00:00,AMD,221.6,222.06,221.09,221.69,28417
2025-12-02 13:00:00+00:00,AMD,221.73,223.29,221.5,223.17,72250
2025-12-02 14:00:00+00:00,AMD,223.2,225.98,219.79,224.4,1477384
2025-12-02 15:00:00+00:00,AMD,224.36,225.58,221.52,222.3,864359
2025-12-02 16:00:00+00:00,AMD,222.3,222.32,216.12,217.64,1852664
2025-12-02 17:00:00+00:00,AMD,217.59,218.64,216.76,216.76,531161
2025-12-02 18:00:00+00:00,AMD,216.75,217.64,214.4,215.16,635253
2025-12-02 19:00:00+00:00,AMD,215.16,216.06,214.66,215.65,457334
2025-12-02 20:00:00+00:00,AMD,215.72,216.2,214.61,215.18,1069098
2025-12-02 21:00:00+00:00,AMD,215.17,216.01,214.79,215.99,2988351
2025-12-02 22:00:00+00:00,AMD,215.9,216.27,215.62,215.79,12116
2025-12-02 23:00:00+00:00,AMD,215.8,216.0,215.75,215.98,6299
2025-12-03 09:00:00+00:00,AMD,216.62,216.73,215.8,216.48,9378
2025-12-03 10:00:00+00:00,AMD,216.52,216.99,216.38,216.72,7129
2025-12-03 11:00:00+00:00,AMD,216.71,216.98,216.24,216.52,7736
2025-12-03 12:00:00+00:00,AMD,216.52,217.5,216.3,216.88,21322
2025-12-03 13:00:00+00:00,AMD,216.9,218.92,216.69,218.23,45683
2025-12-03 14:00:00+00:00,AMD,218.15,218.15,211.78,214.81,1103793
2025-12-03 15:00:00+00:00,AMD,214.82,218.2,214.6,217.29,874957
2025-12-03 16:00:00+00:00,AMD,217.29,217.69,214.14,214.63,565997
2025-12-03 17:00:00+00:00,AMD,214.63,216.3,214.44,215.84,269443
2025-12-03 18:00:00+00:00,AMD,215.86,217.16,215.63,215.83,237795
2025-12-03 19:00:00+00:00,AMD,215.81,217.13,215.78,216.69,301853
2025-12-03 20:00:00+00:00,AMD,216.72,217.92,216.35,217.59,799574
2025-12-03 21:00:00+00:00,AMD,217.55,217.63,216.9,216.97,1929652
2025-12-03 22:00:00+00:00,AMD,216.98,217.24,216.78,216.9,7982
2025-12-03 23:00:00+00:00,AMD,216.81,217.14,216.8,216.98,5165
2025-12-04 09:00:00+00:00,AMD,216.97,217.85,216.62,217.8,5704
2025-12-04 10:00:00+00:00,AMD,217.79,217.91,217.27,217.49,3592
2025-12-04 11:00:00+00:00,AMD,217.3,217.48,217.0,217.36,3904
2025-12-04 12:00:00+00:00,AMD,217.25,217.32,217.0,217.23,5413
2025-12-04 13:00:00+00:00,AMD,217.23,217.23,215.94,216.6,29574
2025-12-04 14:00:00+00:00,AMD,216.69,218.48,214.58,215.32,844615
2025-12-04 15:00:00+00:00,AMD,215.32,218.1,215.02,216.61,646488
2025-12-04 16:00:00+00:00,AMD,216.61,219.11,215.65,218.95,549651
2025-12-04 17:00:00+00:00,AMD,218.94,219.05,216.94,217.15,359163
2025-12-04 18:00:00+00:00,AMD,217.16,217.17,215.7,215.89,370718
2025-12-04 19:00:00+00:00,AMD,215.87,216.53,214.15,215.65,484622
2025-12-04 20:00:00+00:00,AMD,215.63,216.11,214.28,215.99,903406
2025-12-04 21:00:00+00:00,AMD,215.975,216.2,215.72,216.08,1427945
2025-12-04 22:00:00+00:00,AMD,216.08,216.21,215.75,216.06,6825
2025-12-04 23:00:00+00:00,AMD,216.09,216.37,215.85,215.97,3639
2025-12-05 09:00:00+00:00,AMD,218.01,218.69,217.44,217.66,21024
2025-12-05 10:00:00+00:00,AMD,217.61,217.99,217.41,217.64,9927
2025-12-05 11:00:00+00:00,AMD,217.61,217.82,217.51,217.61,4409
2025-12-05 12:00:00+00:00,AMD,217.56,217.74,217.18,217.53,14090
2025-12-05 13:00:00+00:00,AMD,217.5,217.56,215.78,216.4,53622
2025-12-05 14:00:00+00:00,AMD,216.4,221.94,216.3,219.78,1218282
2025-12-05 15:00:00+00:00,AMD,219.81,223.64,218.12,218.45,1251918
2025-12-05 16:00:00+00:00,AMD,218.39,218.83,216.24,217.87,814845
2025-12-05 17:00:00+00:00,AMD,217.86,219.03,217.66,218.89,376572
2025-12-05 18:00:00+00:00,AMD,218.87,219.54,218.51,218.86,299039
2025-12-05 19:00:00+00:00,AMD,218.91,218.93,217.43,218.34,314590
2025-12-05 20:00:00+00:00,AMD,218.33,218.37,217.0,217.91,907378
2025-12-05 21:00:00+00:00,AMD,217.97,218.19,217.62,217.9,1483831
2025-12-05 22:00:00+00:00,AMD,217.91,218.08,217.86,217.88,7866
2025-12-05 23:00:00+00:00,AMD,218.05,218.05,217.85,217.9,3449
2025-12-08 09:00:00+00:00,AMD,218.61,219.27,218.53,219.12,21050
2025-12-08 10:00:00+00:00,AMD,219.0,219.65,218.92,219.55,7974
2025-12-08 11:00:00+00:00,AMD,219.69,219.73,219.31,219.49,7745
2025-12-08 12:00:00+00:00,AMD,219.4,219.65,219.1,219.31,8050
2025-12-08 13:00:00+00:00,AMD,219.32,219.94,218.99,219.15,43119
2025-12-08 14:00:00+00:00,AMD,219.22,223.05,218.6,220.93,981625
2025-12-08 15:00:00+00:00,AMD,220.94,221.85,218.54,219.52,587765
2025-12-08 16:00:00+00:00,AMD,219.55,220.59,218.38,219.58,448723
2025-12-08 17:00:00+00:00,AMD,219.55,222.08,218.6,220.85,527383
2025-12-08 18:00:00+00:00,AMD,220.88,223.7,219.38,219.85,856716
2025-12-08 19:00:00+00:00,AMD,219.83,220.79,219.35,219.85,296659
2025-12-08 20:00:00+00:00,AMD,219.88,221.21,219.68,221.05,726109
2025-12-08 21:00:00+00:00,AMD,221.11,225.96,220.74,224.06,2354872
2025-12-08 22:00:00+00:00,AMD,224.02,225.99,224.0,225.62,84975
2025-12-08 23:00:00+00:00,AMD,225.62,225.75,225.0,225.34,37386
2025-12-09 09:00:00+00:00,AMD,224.82,224.89,223.02,223.5,26684
2025-12-09 10:00:00+00:00,AMD,223.5,224.36,221.61,221.97,46570
2025-12-09 11:00:00+00:00,AMD,221.78,222.5,221.13,222.4,42233
2025-12-09 12:00:00+00:00,AMD,222.46,222.74,222.18,222.65,30559
2025-12-09 13:00:00+00:00,AMD,222.55,222.8,221.5,221.68,35823
2025-12-09 14:00:00+00:00,AMD,221.69,222.15,217.92,219.37,1092760
2025-12-09 15:00:00+00:00,AMD,219.4,224.84,219.26,222.69,1165566
2025-12-09 16:00:00+00:00,AMD,222.65,223.23,220.82,222.07,513653
2025-12-09 17:00:00+00:00,AMD,222.06,223.18,221.79,223.11,316275
2025-12-09 18:00:00+00:00,AMD,223.15,223.15,220.65,221.29,295056
2025-12-09 19:00:00+00:00,AMD,221.3,221.36,220.73,221.04,228635
2025-12-09 20:00:00+00:00,AMD,221.03,221.96,220.76,221.54,702306
2025-12-09 21:00:00+00:00,AMD,221.55,221.7,221.15,221.15,1240294
2025-12-09 22:00:00+00:00,AMD,221.23,221.39,221.16,221.22,4231
2025-12-09 23:00:00+00:00,AMD,221.22,221.31,221.08,221.14,3099
2025-12-10 09:00:00+00:00,AMD,221.82,222.15,221.64,222.0,5123
2025-12-10 10:00:00+00:00,AMD,221.9,222.68,220.59,221.5,11876
2025-12-10 11:00:00+00:00,AMD,221.45,222.66,221.4,222.38,13803
2025-12-10 12:00:00+00:00,AMD,222.32,222.5,221.69,222.31,11170
2025-12-10 13:00:00+00:00,AMD,222.28,222.9,222.13,222.48,23799
2025-12-10 14:00:00+00:00,AMD,222.55,222.6,219.3,220.48,722835
2025-12-10 15:00:00+00:00,AMD,220.42,220.62,218.68,219.685,566921
2025-12-10 16:00:00+00:00,AMD,219.71,220.7,218.99,220.66,348211
2025-12-10 17:00:00+00:00,AMD,220.63,220.82,219.62,220.14,287470
2025-12-10 18:00:00+00:00,AMD,220.14,220.17,218.86,219.18,285834
2025-12-10 19:00:00+00:00,AMD,219.22,222.52,219.1,222.24,1038388
2025-12-10 20:00:00+00:00,AMD,222.24,222.61,221.2,221.42,1195732
2025-12-10 21:00:00+00:00,AMD,221.42,221.45,219.0,221.06,1858625
2025-12-10 22:00:00+00:00,AMD,221.0,221.1,219.31,219.9,21335
2025-12-10 23:00:00+00:00,AMD,219.98,220.34,219.15,219.34,10143
2025-12-11 09:00:00+00:00,AMD,217.36,218.57,217.36,218.2,10309
2025-12-11 10:00:00+00:00,AMD,218.2,218.26,217.07,217.57,7441
2025-12-11 11:00:00+00:00,AMD,217.56,217.84,217.0,217.65,17756
2025-12-11 12:00:00+00:00,AMD,217.75,219.15,217.62,219.06,27950
2025-12-11 13:00:00+00:00,AMD,219.09,219.09,217.67,218.05,19819
2025-12-11 14:00:00+00:00,AMD,218.07,218.37,210.81,210.98,1292288
2025-12-11 15:00:00+00:00,AMD,210.86,214.94,210.2,213.47,956611
2025-12-11 16:00:00+00:00,AMD,213.4,215.69,212.73,214.65,519955
2025-12-11 17:00:00+00:00,AMD,214.62,216.79,214.36,216.105,425609
2025-12-11 18:00:00+00:00,AMD,216.105,219.04,215.99,218.75,590309
2025-12-11 19:00:00+00:00,AMD,218.765,221.2,218.765,220.31,553541
2025-12-11 20:00:00+00:00,AMD,220.32,221.5,219.77,221.44,964211
2025-12-11 21:00:00+00:00,AMD,221.44,222.99,220.1,220.69,1425924
2025-12-11 22:00:00+00:00,AMD,220.86,220.86,217.78,218.87,62286
2025-12-11 23:00:00+00:00,AMD,219.09,219.77,218.66,219.08,15546
2025-12-12 09:00:00+00:00,AMD,219.95,219.95,217.97,218.29,11362
2025-12-12 10:00:00+00:00,AMD,218.23,219.2,218.2,218.81,10023
2025-12-12 11:00:00+00:00,AMD,218.87,218.99,217.95,218.77,12287
2025-12-12 12:00:00+00:00,AMD,218.48,220.77,217.31,218.42,81001
2025-12-12 13:00:00+00:00,AMD,219.0,219.68,218.53,219.32,33673
2025-12-12 14:00:00+00:00,AMD,219.37,222.5,217.95,219.22,806429
2025-12-12 15:00:00+00:00,AMD,219.21,219.29,212.555,212.71,1257435
2025-12-12 16:00:00+00:00,AMD,212.705,213.73,209.06,210.56,1226848
2025-12-12 17:00:00+00:00,AMD,210.54,213.87,210.3,213.09,649763
2025-12-12 18:00:00+00:00,AMD,213.12,215.04,212.36,212.47,553357
2025-12-12 19:00:00+00:00,AMD,212.47,212.82,210.8,211.95,589731
2025-12-12 20:00:00+00:00,AMD,211.96,212.37,209.82,210.8,1335220
2025-12-12 21:00:00+00:00,AMD,210.85,211.16,210.41,210.5,3772426
2025-12-12 22:00:00+00:00,AMD,210.49,210.65,210.3,210.32,6487
2025-12-12 23:00:00+00:00,AMD,210.31,210.35,209.8,210.0,5024
2025-12-15 09:00:00+00:00,AMD,210.73,212.0,210.58,211.79,8653
2025-12-15 10:00:00+00:00,AMD,211.79,211.99,211.52,211.79,8145
2025-12-15 11:00:00+00:00,AMD,211.8,212.65,211.74,212.2,13061
2025-12-15 12:00:00+00:00,AMD,212.25,212.89,211.94,212.84,16639
2025-12-15 13:00:00+00:00,AMD,212.81,213.03,212.23,212.4,17759
2025-12-15 14:00:00+00:00,AMD,212.4,215.29,211.8,212.61,1103371
2025-12-15 15:00:00+00:00,AMD,212.56,213.13,209.08,211.43,972117
2025-12-15 16:00:00+00:00,AMD,211.48,213.16,210.67,211.72,450986
2025-12-15 17:00:00+00:00,AMD,211.68,212.35,210.6,210.98,291792
2025-12-15 18:00:00+00:00,AMD,210.95,211.98,210.0,211.62,290296
2025-12-15 19:00:00+00:00,AMD,211.61,212.22,209.66,210.135,375690
2025-12-15 20:00:00+00:00,AMD,210.12,210.12,206.57,207.58,1300237
2025-12-15 21:00:00+00:00,AMD,207.61,207.64,207.15,207.49,2231220
2025-12-15 22:00:00+00:00,AMD,207.47,207.5,207.11,207.21,3618
2025-12-15 23:00:00+00:00,AMD,207.23,207.5,206.3,206.51,8333
2025-12-16 09:00:00+00:00,AMD,205.45,206.63,205.08,205.34,16027
2025-12-16 10:00:00+00:00,AMD,205.29,206.64,205.29,205.92,8086
2025-12-16 11:00:00+00:00,AMD,205.84,206.72,205.8,206.62,3612
2025-12-16 12:00:00+00:00,AMD,206.62,207.5,206.5,206.9,16841
2025-12-16 13:00:00+00:00,AMD,206.88,208.2,206.0,206.98,72830
2025-12-16 14:00:00+00:00,AMD,207.02,209.25,205.81,208.72,754412
2025-12-16 15:00:00+00:00,AMD,208.72,209.25,205.11,208.19,726340
2025-12-16 16:00:00+00:00,AMD,208.175,208.5,206.075,207.82,374136
2025-12-16 17:00:00+00:00,AMD,207.77,208.21,206.86,207.09,284706
2025-12-16 18:00:00+00:00,AMD,207.09,209.24,206.6,208.7,393682
2025-12-16 19:00:00+00:00,AMD,208.67,208.82,207.46,208.01,325281
2025-12-16 20:00:00+00:00,AMD,207.98,210.21,207.91,209.04,851488
2025-12-16 21:00:00+00:00,AMD,209.03,209.17,208.2,208.5,2063465
2025-12-16 22:00:00+00:00,AMD,208.47,208.8,208.47,208.78,1235
2025-12-16 23:00:00+00:00,AMD,208.77,209.0,208.21,208.23,7360
2025-12-17 09:00:00+00:00,AMD,209.13,209.85,208.86,209.85,8626
2025-12-17 10:00:00+00:00,AMD,209.78,210.09,209.5,209.67,4366
2025-12-17 11:00:00+00:00,AMD,209.66,213.43,209.51,211.33,28677
2025-12-17 12:00:00+00:00,AMD,211.34,211.99,210.75,211.74,30248
2025-12-17 13:00:00+00:00,AMD,211.68,211.73,208.88,210.5,56776
2025-12-17 14:00:00+00:00,AMD,210.53,211.5,205.98,208.02,912175
2025-12-17 15:00:00+00:00,AMD,208.04,208.13,201.17,201.52,1263763
2025-12-17 16:00:00+00:00,AMD,201.5,202.13,199.42,201.09,1047203
2025-12-17 17:00:00+00:00,AMD,201.09,201.67,200.25,200.61,455210
2025-12-17 18:00:00+00:00,AMD,200.65,201.51,198.62,199.045,556100
2025-12-17 19:00:00+00:00,AMD,199.02,199.54,198.03,198.77,550845
2025-12-17 20:00:00+00:00,AMD,198.76,198.94,197.53,198.12,1229482
2025-12-17 21:00:00+00:00,AMD,198.13,199.66,197.63,197.84,3269112
2025-12-17 22:00:00+00:00,AMD,197.94,198.56,197.72,198.45,36071
2025-12-17 23:00:00+00:00,AMD,198.44,198.44,197.58,197.58,16749
2025-12-18 09:00:00+00:00,AMD,200.16,200.85,199.61,200.73,16651
2025-12-18 10:00:00+00:00,AMD,200.73,200.8,200.47,200.7,6918
2025-12-18 11:00:00+00:00,AMD,200.8,201.01,200.31,200.64,9183
2025-12-18 12:00:00+00:00,AMD,200.61,201.73,200.38,201.25,36671
2025-12-18 13:00:00+00:00,AMD,201.3,204.49,201.01,203.45,95092
2025-12-18 14:00:00+00:00,AMD,203.45,206.13,203.01,205.3,1188988
2025-12-18 15:00:00+00:00,AMD,205.36,206.36,203.25,203.85,863686
2025-12-18 16:00:00+00:00,AMD,203.86,204.3,202.51,203.67,511353
2025-12-18 17:00:00+00:00,AMD,203.66,203.66,200.52,203.04,555189
2025-12-18 18:00:00+00:00,AMD,203.0,203.06,202.17,202.66,347783
2025-12-18 19:00:00+00:00,AMD,202.64,202.93,200.71,201.13,351924
2025-12-18 20:00:00+00:00,AMD,201.13,202.87,200.8,201.01,880210
2025-12-18 21:00:00+00:00,AMD,201.06,201.6,200.02,200.25,3021453
2025-12-18 22:00:00+00:00,AMD,200.27,202.3,200.27,202.15,19086
2025-12-18 23:00:00+00:00,AMD,202.2,202.25,201.59,202.2,8292
2025-12-19 09:00:00+00:00,AMD,203.62,204.39,203.61,204.19,9751
2025-12-19 10:00:00+00:00,AMD,204.16,204.38,203.85,203.98,6383
2025-12-19 11:00:00+00:00,AMD,203.84,204.27,203.33,203.51,12832
2025-12-19 12:00:00+00:00,AMD,203.52,203.79,202.45,202.53,16937
2025-12-19 13:00:00+00:00,AMD,202.59,203.44,202.55,203.06,16086
2025-12-19 14:00:00+00:00,AMD,203.02,211.705,202.6,211.705,3271618
2025-12-19 15:00:00+00:00,AMD,211.7,212.37,209.52,210.42,1029034
2025-12-19 16:00:00+00:00,AMD,210.37,212.11,209.94,211.4,525234
2025-12-19 17:00:00+00:00,AMD,211.42,213.64,211.42,213.01,460197
2025-12-19 18:00:00+00:00,AMD,213.0,214.05,212.94,213.78,485077
2025-12-19 19:00:00+00:00,AMD,213.795,215.16,213.56,214.5,522151
2025-12-19 20:00:00+00:00,AMD,214.53,215.08,213.35,213.51,1440295
2025-12-19 21:00:00+00:00,AMD,213.515,214.46,213.37,214.34,11681912
2025-12-19 22:00:00+00:00,AMD,214.3,214.44,214.13,214.35,2898
2025-12-19 23:00:00+00:00,AMD,214.3,214.74,214.3,214.65,5441
2025-12-22 09:00:00+00:00,AMD,215.67,216.35,215.31,216.22,10547
2025-12-22 10:00:00+00:00,AMD,216.15,216.6,216.04,216.21,7724
2025-12-22 11:00:00+00:00,AMD,216.16,216.62,216.16,216.49,6168
2025-12-22 12:00:00+00:00,AMD,216.49,217.54,216.45,217.36,58130
2025-12-22 13:00:00+00:00,AMD,217.41,218.17,217.25,218.08,40617
2025-12-22 14:00:00+00:00,AMD,218.08,220.4,214.25,214.72,1493826
2025-12-22 15:00:00+00:00,AMD,214.7,214.85,213.31,214.0,848005
2025-12-22 16:00:00+00:00,AMD,213.99,215.13,213.36,214.69,406765
2025-12-22 17:00:00+00:00,AMD,214.72,215.03,214.05,214.77,216744
2025-12-22 18:00:00+00:00,AMD,214.77,214.92,214.02,214.53,284379
2025-12-22 19:00:00+00:00,AMD,214.52,214.7,213.96,214.33,256081
2025-12-22 20:00:00+00:00,AMD,214.34,215.0,214.18,214.95,729195
2025-12-22 21:00:00+00:00,AMD,214.91,215.27,214.78,215.0,1526295
2025-12-22 22:00:00+00:00,AMD,215.0,215.15,214.97,215.07,2047
2025-12-22 23:00:00+00:00,AMD,215.1,215.18,215.06,215.15,3397
2025-12-23 09:00:00+00:00,AMD,214.93,215.41,214.6,214.99,5510
2025-12-23 10:00:00+00:00,AMD,214.98,215.11,214.41,214.6,6786
2025-12-23 11:00:00+00:00,AMD,214.59,214.65,214.1,214.2,7890
2025-12-23 12:00:00+00:00,AMD,214.29,214.48,213.61,214.45,14944
2025-12-23 13:00:00+00:00,AMD,214.45,214.47,212.7,212.91,24684
2025-12-23 14:00:00+00:00,AMD,212.98,216.26,212.29,213.07,721074
2025-12-23 15:00:00+00:00,AMD,213.04,214.95,212.32,214.44,505417
2025-12-23 16:00:00+00:00,AMD,214.43,215.97,214.39,215.79,349042
2025-12-23 17:00:00+00:00,AMD,215.78,216.08,214.54,214.58,250147
2025-12-23 18:00:00+00:00,AMD,214.56,214.98,214.13,214.645,195638
2025-12-23 19:00:00+00:00,AMD,214.68,215.1,214.45,214.78,186513
2025-12-23 20:00:00+00:00,AMD,214.76,214.95,213.97,214.89,763040
2025-12-23 21:00:00+00:00,AMD,214.87,214.9,214.58,214.68,2990681
2025-12-23 22:00:00+00:00,AMD,214.72,214.85,214.68,214.72,1422
2025-12-23 23:00:00+00:00,AMD,214.76,214.85,214.76,214.85,1143
2025-12-24 09:00:00+00:00,AMD,214.9,215.05,214.73,214.9,1332
2025-12-24 10:00:00+00:00,AMD,214.89,215.11,214.84,215.1,1477
2025-12-24 11:00:00+00:00,AMD,215.03,215.34,214.9,215.31,3866
2025-12-24 12:00:00+00:00,AMD,215.36,215.78,215.1,215.48,8648
2025-12-24 13:00:00+00:00,AMD,215.45,215.68,215.25,215.64,8809
2025-12-24 14:00:00+00:00,AMD,215.67,216.54,214.43,215.27,496347
2025-12-24 15:00:00+00:00,AMD,215.3,215.7,213.96,214.89,308391
2025-12-24 16:00:00+00:00,AMD,214.86,215.42,214.7,215.04,168233
2025-12-24 17:00:00+00:00,AMD,215.01,215.58,214.71,215.11,364330
2025-12-24 18:00:00+00:00,AMD,215.04,215.09,214.81,214.81,384700
2025-12-24 19:00:00+00:00,AMD,214.82,214.93,214.8,214.82,1082
2025-12-24 20:00:00+00:00,AMD,214.89,215.0,214.75,214.8,3087
2025-12-24 21:00:00+00:00,AMD,214.81,214.99,214.63,214.63,3280
2025-12-26 09:00:00+00:00,AMD,215.14,215.81,215.14,215.81,2881
2025-12-26 10:00:00+00:00,AMD,215.83,215.89,215.4,215.59,1666
2025-12-26 11:00:00+00:00,AMD,215.64,216.09,215.31,216.09,7813
2025-12-26 12:00:00+00:00,AMD,215.92,216.15,215.58,215.95,9703
2025-12-26 13:00:00+00:00,AMD,215.9,216.22,215.75,215.9,12348
2025-12-26 14:00:00+00:00,AMD,215.94,216.42,213.03,213.31,586166
2025-12-26 15:00:00+00:00,AMD,213.3,216.82,213.04,215.46,624252
2025-12-26 16:00:00+00:00,AMD,215.44,216.02,215.13,215.5,224195
2025-12-26 17:00:00+00:00,AMD,215.51,215.76,215.11,215.24,191159
2025-12-26 18:00:00+00:00,AMD,215.24,215.58,214.78,215.22,182154
2025-12-26 19:00:00+00:00,AMD,215.24,215.38,214.61,214.83,199625
2025-12-26 20:00:00+00:00,AMD,214.82,215.21,214.425,214.9,606702
2025-12-26 21:00:00+00:00,AMD,214.9,215.17,214.59,215.0,850977
2025-12-26 22:00:00+00:00,AMD,214.96,215.07,214.82,214.99,11444
2025-12-26 23:00:00+00:00,AMD,214.99,215.05,214.99,215.03,513
2025-12-29 09:00:00+00:00,AMD,213.27,213.68,212.65,212.92,9843
2025-12-29 10:00:00+00:00,AMD,212.99,213.08,212.8,212.85,4939
2025-12-29 11:00:00+00:00,AMD,212.79,213.01,212.55,213.01,7071
2025-12-29 12:00:00+00:00,AMD,213.02,213.21,212.84,212.91,8548
2025-12-29 13:00:00+00:00,AMD,212.98,213.2,211.6,212.01,26731
2025-12-29 14:00:00+00:00,AMD,212.09,215.39,209.21,212.0,1221317
2025-12-29 15:00:00+00:00,AMD,212.0,214.38,211.21,213.39,562706
2025-12-29 16:00:00+00:00,AMD,213.4,214.75,212.75,214.14,295788
2025-12-29 17:00:00+00:00,AMD,214.15,214.67,213.33,214.5,230294
2025-12-29 18:00:00+00:00,AMD,214.48,214.83,213.87,214.67,236735
2025-12-29 19:00:00+00:00,AMD,214.69,216.04,214.55,215.78,415529
2025-12-29 20:00:00+00:00,AMD,215.75,215.885,215.13,215.65,599609
2025-12-29 21:00:00+00:00,AMD,215.64,215.82,215.38,215.69,1367192
2025-12-29 22:00:00+00:00,AMD,215.75,215.78,215.5,215.55,3991
2025-12-29 23:00:00+00:00,AMD,215.54,215.6,215.33,215.33,4935
2025-12-30 09:00:00+00:00,AMD,215.41,215.75,215.29,215.68,1862
2025-12-30 10:00:00+00:00,AMD,215.7,215.88,215.53,215.78,2422
2025-12-30 11:00:00+00:00,AMD,215.77,215.99,215.64,215.94,2495
2025-12-30 12:00:00+00:00,AMD,215.93,216.4,215.93,216.29,11960
2025-12-30 13:00:00+00:00,AMD,216.25,216.4,215.76,216.0,9505
2025-12-30 14:00:00+00:00,AMD,216.04,216.61,214.7,215.16,637284
2025-12-30 15:00:00+00:00,AMD,215.18,215.9,214.46,215.75,502852
2025-12-30 16:00:00+00:00,AMD,215.74,216.82,215.01,215.15,479306
2025-12-30 17:00:00+00:00,AMD,215.15,215.31,214.84,215.17,291397
2025-12-30 18:00:00+00:00,AMD,215.17,215.43,214.94,215.06,241700
2025-12-30 19:00:00+00:00,AMD,215.05,215.2,214.48,214.55,248376
2025-12-30 20:00:00+00:00,AMD,214.54,215.61,214.33,215.32,837116
2025-12-30 21:00:00+00:00,AMD,215.34,215.48,214.69,215.12,1082840
2025-12-30 22:00:00+00:00,AMD,215.11,215.13,214.83,214.83,1610
2025-12-30 23:00:00+00:00,AMD,214.9,215.03,214.82,214.92,935
2025-12-31 09:00:00+00:00,AMD,213.65,214.28,213.65,213.75,3464
2025-12-31 10:00:00+00:00,AMD,213.62,214.04,213.62,213.72,2247
2025-12-31 11:00:00+00:00,AMD,213.72,214.07,213.65,214.0,835
2025-12-31 12:00:00+00:00,AMD,214.09,214.52,214.0,214.15,6615
2025-12-31 13:00:00+00:00,AMD,214.18,215.86,214.04,215.68,23764
2025-12-31 14:00:00+00:00,AMD,215.65,217.64,214.55,215.65,757925
2025-12-31 15:00:00+00:00,AMD,215.66,217.02,215.06,215.2,325176
2025-12-31 16:00:00+00:00,AMD,215.21,216.67,215.2,216.195,250895
2025-12-31 17:00:00+00:00,AMD,216.18,216.57,215.48,215.81,226418
2025-12-31 18:00:00+00:00,AMD,215.81,217.04,215.63,216.61,224917
2025-12-31 19:00:00+00:00,AMD,216.64,216.94,214.73,215.17,290053
2025-12-31 20:00:00+00:00,AMD,215.15,215.31,214.06,214.18,651361
2025-12-31 21:00:00+00:00,AMD,214.14,215.0,213.94,214.12,1556854
2025-12-31 22:00:00+00:00,AMD,214.19,214.2,213.95,213.98,7736
2025-12-31 23:00:00+00:00,AMD,213.99,214.0,213.98,214.0,1396
2026-01-02 09:00:00+00:00,AMD,217.24,218.32,217.06,217.89,9717
2026-01-02 10:00:00+00:00,AMD,217.89,217.99,217.41,217.79,5829
2026-01-02 11:00:00+00:00,AMD,217.8,218.01,217.6,217.75,5285
2026-01-02 12:00:00+00:00,AMD,217.57,218.0,217.4,217.65,26375
2026-01-02 13:00:00+00:00,AMD,217.62,218.3,217.6,218.05,30005
2026-01-02 14:00:00+00:00,AMD,218.0,226.52,217.75,225.89,2056707
2026-01-02 15:00:00+00:00,AMD,225.89,227.12,220.55,220.64,1298420
2026-01-02 16:00:00+00:00,AMD,220.7,222.59,219.2,221.16,660509
2026-01-02 17:00:00+00:00,AMD,221.12,221.78,219.57,219.85,437869
2026-01-02 18:00:00+00:00,AMD,219.82,221.78,219.8,221.6,396890
2026-01-02 19:00:00+00:00,AMD,221.6,223.49,221.4,222.94,675702
2026-01-02 20:00:00+00:00,AMD,222.94,225.36,222.87,223.46,1437316
2026-01-02 21:00:00+00:00,AMD,223.43,223.76,223.38,223.75,4079179
2026-01-02 22:00:00+00:00,AMD,223.72,223.92,223.64,223.78,6484
2026-01-02 23:00:00+00:00,AMD,223.71,223.86,223.7,223.86,1314
2026-01-05 09:00:00+00:00,AMD,228.03,229.5,227.52,229.28,24788
2026-01-05 10:00:00+00:00,AMD,229.25,230.29,229.17,230.11,19395
2026-01-05 11:00:00+00:00,AMD,230.19,230.44,229.64,229.85,31936
2026-01-05 12:00:00+00:00,AMD,229.81,230.4,229.45,230.14,77509
2026-01-05 13:00:00+00:00,AMD,230.14,230.22,229.2,229.7,29484
2026-01-05 14:00:00+00:00,AMD,229.79,234.05,224.89,225.31,1621174
2026-01-05 15:00:00+00:00,AMD,225.37,225.93,223.88,225.22,905534
2026-01-05 16:00:00+00:00,AMD,225.22,225.52,223.08,223.24,673551
2026-01-05 17:00:00+00:00,AMD,223.2,223.52,221.72,222.21,504986
2026-01-05 18:00:00+00:00,AMD,222.23,222.41,220.55,221.92,331892
2026-01-05 19:00:00+00:00,AMD,221.97,221.97,220.64,220.93,271195
2026-01-05 20:00:00+00:00,AMD,220.92,221.67,220.48,221.06,796913
2026-01-05 21:00:00+00:00,AMD,221.06,221.73,220.69,221.4,2937408
2026-01-05 22:00:00+00:00,AMD,221.45,222.35,221.37,221.7,15293
2026-01-05 23:00:00+00:00,AMD,221.69,221.99,221.36,221.43,10139
2026-01-06 09:00:00+00:00,AMD,222.14,222.24,221.24,222.0,13747
2026-01-06 10:00:00+00:00,AMD,222.0,222.65,221.89,222.57,7589
2026-01-06 11:00:00+00:00,AMD,222.64,222.66,222.25,222.48,6195
2026-01-06 12:00:00+00:00,AMD,222.52,222.94,222.4,222.81,18865
2026-01-06 13:00:00+00:00,AMD,222.75,223.04,222.4,222.83,26737
2026-01-06 14:00:00+00:00,AMD,222.83,223.8,216.07,218.12,1345742
2026-01-06 15:00:00+00:00,AMD,218.16,219.24,211.93,212.17,1792606
2026-01-06 16:00:00+00:00,AMD,212.15,213.94,211.37,212.815,1156200
2026-01-06 17:00:00+00:00,AMD,212.78,213.26,211.26,212.17,810683
2026-01-06 18:00:00+00:00,AMD,212.17,214.5,211.97,214.19,518978
2026-01-06 19:00:00+00:00,AMD,214.18,214.18,212.42,213.68,458454
2026-01-06 20:00:00+00:00,AMD,213.68,214.85,213.2,214.23,1188471
2026-01-06 21:00:00+00:00,AMD,214.22,214.4,213.61,214.18,2376887
2026-01-06 22:00:00+00:00,AMD,214.16,214.29,214.05,214.24,8233
2026-01-06 23:00:00+00:00,AMD,214.2,214.33,213.91,214.15,11146
2026-01-07 09:00:00+00:00,AMD,213.69,213.93,213.42,213.72,11820
2026-01-07 10:00:00+00:00,AMD,213.64,213.71,212.69,212.88,13594
2026-01-07 11:00:00+00:00,AMD,212.9,213.18,212.28,213.12,8430
2026-01-07 12:00:00+00:00,AMD,213.23,213.33,212.55,212.8,24261
2026-01-07 13:00:00+00:00,AMD,212.81,213.47,212.01,213.34,104115
2026-01-07 14:00:00+00:00,AMD,213.22,213.88,207.17,209.05,1772626
2026-01-07 15:00:00+00:00,AMD,209.1,211.16,208.12,210.41,1050287
2026-01-07 16:00:00+00:00,AMD,210.43,210.75,208.98,210.67,482019
2026-01-07 17:00:00+00:00,AMD,210.645,211.18,209.88,210.11,387284
2026-01-07 18:00:00+00:00,AMD,210.09,210.36,209.26,209.37,319539
2026-01-07 19:00:00+00:00,AMD,209.36,210.2,208.82,209.77,356238
2026-01-07 20:00:00+00:00,AMD,209.79,210.24,209.21,210.02,894757
2026-01-07 21:00:00+00:00,AMD,210.02,210.02,209.31,209.54,1529477
2026-01-07 22:00:00+00:00,AMD,209.51,209.54,209.4,209.43,2900
2026-01-07 23:00:00+00:00,AMD,209.49,209.5,209.15,209.28,8457
2026-01-08 09:00:00+00:00,AMD,210.03,210.2,209.11,209.37,7138
2026-01-08 10:00:00+00:00,AMD,209.17,209.37,209.0,209.29,2425
2026-01-08 11:00:00+00:00,AMD,209.3,210.21,208.95,210.09,15110
2026-01-08 12:00:00+00:00,AMD,210.09,210.75,209.65,210.63,17081
2026-01-08 13:00:00+00:00,AMD,210.58,211.51,210.26,210.93,46646
2026-01-08 14:00:00+00:00,AMD,210.89,211.42,206.15,206.18,1060699
2026-01-08 15:00:00+00:00,AMD,206.2,207.8,204.82,205.59,1213161
2026-01-08 16:00:00+00:00,AMD,205.6,205.6,203.87,204.46,660558
2026-01-08 17:00:00+00:00,AMD,204.44,205.03,204.21,204.65,323730
2026-01-08 18:00:00+00:00,AMD,204.58,204.75,203.98,204.1,272181
2026-01-08 19:00:00+00:00,AMD,204.08,204.44,203.33,204.025,403997
2026-01-08 20:00:00+00:00,AMD,204.0,204.94,203.79,204.7,800066
2026-01-08 21:00:00+00:00,AMD,204.7,205.07,204.49,204.81,1781107
2026-01-08 22:00:00+00:00,AMD,204.85,204.96,204.59,204.78,7786
2026-01-08 23:00:00+00:00,AMD,204.78,204.86,204.52,204.52,5484
2026-01-09 09:00:00+00:00,AMD,204.8,205.35,204.56,205.34,14112
2026-01-09 10:00:00+00:00,AMD,205.36,205.89,205.3,205.42,17435
2026-01-09 11:00:00+00:00,AMD,205.4,206.16,205.27,205.42,12855
2026-01-09 12:00:00+00:00,AMD,205.42,205.7,204.96,205.4,13749
2026-01-09 13:00:00+00:00,AMD,205.34,206.29,205.11,206.19,40793
2026-01-09 14:00:00+00:00,AMD,206.2,206.8,204.66,205.24,946206
2026-01-09 15:00:00+00:00,AMD,205.3,206.625,203.06,206.21,840335
2026-01-09 16:00:00+00:00,AMD,206.2,207.29,206.05,206.785,471517
2026-01-09 17:00:00+00:00,AMD,206.77,207.05,205.63,205.82,263799
2026-01-09 18:00:00+00:00,AMD,205.84,205.84,204.69,205.18,350674
2026-01-09 19:00:00+00:00,AMD,205.17,205.17,204.29,204.53,396583
2026-01-09 20:00:00+00:00,AMD,204.52,204.85,203.09,203.16,1100720
2026-01-09 21:00:00+00:00,AMD,203.15,203.3,202.88,203.29,2223447
2026-01-09 22:00:00+00:00,AMD,203.32,203.44,203.25,203.44,10289
2026-01-09 23:00:00+00:00,AMD,203.43,203.54,203.31,203.4,5998
2026-01-12 09:00:00+00:00,AMD,200.63,201.21,200.32,200.83,48047
2026-01-12 10:00:00+00:00,AMD,200.8,200.94,200.4,200.44,13974
2026-01-12 11:00:00+00:00,AMD,200.45,200.9,200.43,200.9,5779
2026-01-12 12:00:00+00:00,AMD,200.94,201.38,200.67,200.93,30576
2026-01-12 13:00:00+00:00,AMD,201.05,203.01,200.7,201.67,46241
2026-01-12 14:00:00+00:00,AMD,201.62,207.3,199.81,206.36,1308729
2026-01-12 15:00:00+00:00,AMD,206.4,209.17,205.91,207.56,922805
2026-01-12 16:00:00+00:00,AMD,207.56,208.68,207.27,208.28,585178
2026-01-12 17:00:00+00:00,AMD,208.31,209.88,208.18,209.34,498651
2026-01-12 18:00:00+00:00,AMD,209.34,209.54,208.29,208.57,255529
2026-01-12 19:00:00+00:00,AMD,208.575,209.21,207.82,208.96,390577
2026-01-12 20:00:00+00:00,AMD,208.93,209.08,207.64,207.67,688851
2026-01-12 21:00:00+00:00,AMD,207.69,207.93,207.4,207.55,1885975
2026-01-12 22:00:00+00:00,AMD,207.64,207.87,207.55,207.82,7742
2026-01-12 23:00:00+00:00,AMD,207.8,207.8,207.26,207.26,5308
2026-01-13 09:00:00+00:00,AMD,210.28,211.3,210.28,210.9,28433
2026-01-13 10:00:00+00:00,AMD,210.8,211.01,210.5,210.7,9627
2026-01-13 11:00:00+00:00,AMD,210.67,211.8,210.67,211.59,31339
2026-01-13 12:00:00+00:00,AMD,211.57,213.2,211.2,212.55,114977
2026-01-13 13:00:00+00:00,AMD,212.55,216.08,212.45,215.37,280526
2026-01-13 14:00:00+00:00,AMD,215.36,222.22,214.6,221.36,3695889
2026-01-13 15:00:00+00:00,AMD,221.31,221.92,216.97,219.23,1909560
2026-01-13 16:00:00+00:00,AMD,219.24,222.59,217.85,222.24,1194468
2026-01-13 17:00:00+00:00,AMD,222.25,223.11,219.58,220.12,1064110
2026-01-13 18:00:00+00:00,AMD,220.06,221.46,219.7,220.63,683157
2026-01-13 19:00:00+00:00,AMD,220.65,222.38,220.55,222.17,721109
2026-01-13 20:00:00+00:00,AMD,222.18,222.99,220.73,221.02,1721034
2026-01-13 21:00:00+00:00,AMD,221.02,221.35,220.92,221.2,2470962
2026-01-13 22:00:00+00:00,AMD,221.22,221.32,221.1,221.2,8223
2026-01-13 23:00:00+00:00,AMD,221.2,221.33,220.87,221.13,26348
2026-01-14 09:00:00+00:00,AMD,220.25,220.96,219.7,219.72,16076
2026-01-14 10:00:00+00:00,AMD,219.79,219.8,217.77,218.22,23655
2026-01-14 11:00:00+00:00,AMD,218.22,218.77,217.62,218.33,14032
2026-01-14 12:00:00+00:00,AMD,218.36,218.93,217.22,218.9,37180
2026-01-14 13:00:00+00:00,AMD,218.85,219.01,217.37,217.7,56515
2026-01-14 14:00:00+00:00,AMD,217.75,218.39,215.15,216.41,1266857
2026-01-14 15:00:00+00:00,AMD,216.46,223.91,215.6,219.99,1821328
2026-01-14 16:00:00+00:00,AMD,219.99,224.08,219.77,221.935,1046118
2026-01-14 17:00:00+00:00,AMD,221.88,222.37,220.04,220.44,394615
2026-01-14 18:00:00+00:00,AMD,220.4,222.72,220.35,222.31,353292
2026-01-14 19:00:00+00:00,AMD,222.24,222.69,220.48,221.01,415976
2026-01-14 20:00:00+00:00,AMD,221.02,223.67,219.87,223.53,1240471
2026-01-14 21:00:00+00:00,AMD,223.6,223.85,222.85,223.2,1868940
2026-01-14 22:00:00+00:00,AMD,223.19,223.29,222.87,223.25,7708
2026-01-14 23:00:00+00:00,AMD,223.18,223.45,223.02,223.17,9487
2026-01-15 09:00:00+00:00,AMD,225.24,227.98,225.24,226.88,49549
2026-01-15 10:00:00+00:00,AMD,226.95,228.4,226.92,228.12,36092
2026-01-15 11:00:00+00:00,AMD,228.08,229.01,228.07,228.41,31803
2026-01-15 12:00:00+00:00,AMD,228.27,228.3,227.24,228.27,38401
2026-01-15 13:00:00+00:00,AMD,228.23,231.3,227.7,229.67,135979
2026-01-15 14:00:00+00:00,AMD,229.69,236.58,227.36,235.75,3294401
2026-01-15 15:00:00+00:00,AMD,235.69,238.09,235.06,236.95,2036387
2026-01-15 16:00:00+00:00,AMD,236.91,238.03,235.95,236.65,928607
2026-01-15 17:00:00+00:00,AMD,236.61,237.8,235.47,236.99,913852
2026-01-15 18:00:00+00:00,AMD,236.93,238.35,235.45,235.89,763148
2026-01-15 19:00:00+00:00,AMD,235.87,235.875,232.4,232.7,814248
2026-01-15 20:00:00+00:00,AMD,232.68,232.74,227.22,227.91,1994345
2026-01-15 21:00:00+00:00,AMD,227.94,229.15,227.75,228.6,2612337
2026-01-15 22:00:00+00:00,AMD,228.59,229.72,228.58,229.55,23242
2026-01-15 23:00:00+00:00,AMD,229.52,231.17,229.04,230.8,30562
2026-01-16 09:00:00+00:00,AMD,232.62,234.93,232.58,234.0,29696
2026-01-16 10:00:00+00:00,AMD,234.24,235.74,234.03,235.18,25740
2026-01-16 11:00:00+00:00,AMD,235.19,235.59,234.21,234.26,27820
2026-01-16 12:00:00+00:00,AMD,234.25,234.42,232.89,233.25,34955
2026-01-16 13:00:00+00:00,AMD,233.25,233.66,232.63,233.58,40435
2026-01-16 14:00:00+00:00,AMD,233.57,234.6,228.86,231.29,2522039
2026-01-16 15:00:00+00:00,AMD,231.24,233.64,230.41,232.98,1292519
2026-01-16 16:00:00+00:00,AMD,232.98,233.88,231.66,232.25,629228
2026-01-16 17:00:00+00:00,AMD,232.21,234.46,231.29,232.39,749658
2026-01-16 18:00:00+00:00,AMD,232.42,232.89,230.58,230.93,431655
2026-01-16 19:00:00+00:00,AMD,230.91,232.435,230.69,232.1,508275
2026-01-16 20:00:00+00:00,AMD,232.08,232.98,231.47,231.81,1237521
2026-01-16 21:00:00+00:00,AMD,231.835,232.0,231.31,231.67,3176238
2026-01-16 22:00:00+00:00,AMD,231.7,231.96,231.67,231.91,6144
2026-01-16 23:00:00+00:00,AMD,231.91,232.0,231.64,231.83,8474
2026-01-20 09:00:00+00:00,AMD,225.1,225.1,221.53,222.93,132511
2026-01-20 10:00:00+00:00,AMD,222.9,226.3,222.49,225.38,45773
2026-01-20 11:00:00+00:00,AMD,225.48,226.61,225.48,226.2,32671
2026-01-20 12:00:00+00:00,AMD,226.34,228.06,226.0,227.38,75136
2026-01-20 13:00:00+00:00,AMD,227.36,227.61,226.0,226.59,68116
2026-01-20 14:00:00+00:00,AMD,226.53,233.88,225.44,233.17,1994678
2026-01-20 15:00:00+00:00,AMD,233.12,239.48,232.67,238.4,1665503
2026-01-20 16:00:00+00:00,AMD,238.38,239.49,237.46,238.8,797915
2026-01-20 17:00:00+00:00,AMD,238.77,238.77,234.61,235.06,524875
2026-01-20 18:00:00+00:00,AMD,235.02,235.69,231.32,231.92,430130
2026-01-20 19:00:00+00:00,AMD,231.935,232.41,230.82,231.65,412288
2026-01-20 20:00:00+00:00,AMD,231.66,232.65,231.02,231.94,1024986
2026-01-20 21:00:00+00:00,AMD,231.94,232.93,231.64,232.44,2127150
2026-01-20 22:00:00+00:00,AMD,232.48,232.55,232.32,232.51,10333
2026-01-20 23:00:00+00:00,AMD,232.51,232.85,232.01,232.25,8610
2026-01-21 09:00:00+00:00,AMD,234.98,235.76,233.99,234.0,14513
2026-01-21 10:00:00+00:00,AMD,234.0,234.99,233.6,234.25,8760
2026-01-21 11:00:00+00:00,AMD,234.25,235.45,233.0,233.05,20693
2026-01-21 12:00:00+00:00,AMD,233.27,234.01,232.52,234.0,32746
2026-01-21 13:00:00+00:00,AMD,233.95,235.7,233.95,234.86,41095
2026-01-21 14:00:00+00:00,AMD,234.86,245.54,234.65,245.53,2670150
2026-01-21 15:00:00+00:00,AMD,245.51,252.9,244.93,250.52,2982425
2026-01-21 16:00:00+00:00,AMD,250.48,252.6,248.23,248.43,1150216
2026-01-21 17:00:00+00:00,AMD,248.4,248.64,244.25,247.42,1113237
2026-01-21 18:00:00+00:00,AMD,247.42,247.7,244.37,245.27,498089
2026-01-21 19:00:00+00:00,AMD,245.26,251.44,244.23,251.25,1002094
2026-01-21 20:00:00+00:00,AMD,251.3,251.54,248.4,249.665,1519278
2026-01-21 21:00:00+00:00,AMD,249.66,251.28,249.64,251.17,2972446
2026-01-21 22:00:00+00:00,AMD,251.15,252.0,251.06,251.97,26707
2026-01-21 23:00:00+00:00,AMD,251.97,253.3,251.92,252.72,53642
2026-01-22 09:00:00+00:00,AMD,255.0,255.87,254.33,255.4,29934
2026-01-22 10:00:00+00:00,AMD,255.49,255.71,254.99,255.35,27993
2026-01-22 11:00:00+00:00,AMD,255.3,256.4,254.55,254.55,57224
2026-01-22 12:00:00+00:00,AMD,254.63,254.95,252.93,253.95,61053
2026-01-22 13:00:00+00:00,AMD,253.97,254.94,251.8,253.2,117185
2026-01-22 14:00:00+00:00,AMD,253.2,253.24,246.7,250.77,2141045
2026-01-22 15:00:00+00:00,AMD,250.84,252.95,248.57,251.41,1102690
2026-01-22 16:00:00+00:00,AMD,251.37,256.08,251.34,254.53,993734
2026-01-22 17:00:00+00:00,AMD,254.48,255.49,253.95,254.24,556321
2026-01-22 18:00:00+00:00,AMD,254.25,255.04,252.41,252.76,594933
2026-01-22 19:00:00+00:00,AMD,252.79,254.78,252.73,254.12,456128
2026-01-22 20:00:00+00:00,AMD,254.115,254.46,252.7,253.73,1018121
2026-01-22 21:00:00+00:00,AMD,253.7,253.79,251.32,251.92,2871837
2026-01-22 22:00:00+00:00,AMD,251.9,252.29,250.02,250.67,68591
2026-01-22 23:00:00+00:00,AMD,250.67,251.18,249.05,250.68,68365
2026-01-23 09:00:00+00:00,AMD,252.71,253.83,252.02,252.63,39825
2026-01-23 10:00:00+00:00,AMD,252.65,258.27,252.63,256.83,57436
2026-01-23 11:00:00+00:00,AMD,256.92,262.35,256.71,260.93,165319
2026-01-23 12:00:00+00:00,AMD,260.93,262.49,260.65,260.76,126466
2026-01-23 13:00:00+00:00,AMD,260.69,261.3,259.41,260.3,140401
2026-01-23 14:00:00+00:00,AMD,260.35,266.95,258.08,263.72,3653482
2026-01-23 15:00:00+00:00,AMD,263.75,265.9,261.03,261.46,1582253
2026-01-23 16:00:00+00:00,AMD,261.47,262.21,259.63,259.72,814040
2026-01-23 17:00:00+00:00,AMD,259.66,260.03,256.66,256.84,773319
2026-01-23 18:00:00+00:00,AMD,256.8,259.19,256.25,256.5,870826
2026-01-23 19:00:00+00:00,AMD,256.51,259.75,256.26,259.72,653489
2026-01-23 20:00:00+00:00,AMD,259.74,259.85,257.92,259.64,1200027
2026-01-23 21:00:00+00:00,AMD,259.59,259.8,258.99,259.31,1670444
2026-01-23 22:00:00+00:00,AMD,259.33,259.51,259.09,259.09,6951
2026-01-23 23:00:00+00:00,AMD,259.1,259.28,259.07,259.18,7954
2026-01-26 09:00:00+00:00,AMD,259.09,259.11,256.16,257.0,26033
2026-01-26 10:00:00+00:00,AMD,257.16,257.75,257.04,257.33,5322
2026-01-26 11:00:00+00:00,AMD,257.32,257.36,256.8,257.11,7715
2026-01-26 12:00:00+00:00,AMD,257.18,258.3,257.06,257.59,34967
2026-01-26 13:00:00+00:00,AMD,257.55,257.8,253.25,256.36,97821
2026-01-26 14:00:00+00:00,AMD,256.32,258.21,251.89,254.13,1419377
2026-01-26 15:00:00+00:00,AMD,254.17,254.17,250.3,253.82,988402
2026-01-26 16:00:00+00:00,AMD,253.77,254.15,251.98,252.81,467088
2026-01-26 17:00:00+00:00,AMD,252.8,253.92,252.71,253.43,287113
2026-01-26 18:00:00+00:00,AMD,253.38,254.2,252.36,253.12,350233
2026-01-26 19:00:00+00:00,AMD,253.1,253.41,251.44,251.65,297403
2026-01-26 20:00:00+00:00,AMD,251.64,251.77,250.71,251.32,818101
2026-01-26 21:00:00+00:00,AMD,251.32,251.44,250.46,250.72,2540030
2026-01-26 22:00:00+00:00,AMD,250.73,250.92,250.39,250.73,10031
2026-01-26 23:00:00+00:00,AMD,250.69,251.0,250.54,250.94,6188
2026-01-27 09:00:00+00:00,AMD,253.7,254.29,253.54,254.04,12634
2026-01-27 10:00:00+00:00,AMD,254.08,254.72,254.05,254.68,12785
2026-01-27 11:00:00+00:00,AMD,254.6,254.92,253.25,253.5,21112
2026-01-27 12:00:00+00:00,AMD,253.38,253.72,252.86,252.86,25936
2026-01-27 13:00:00+00:00,AMD,253.0,253.25,251.53,252.03,50942
2026-01-27 14:00:00+00:00,AMD,252.17,253.43,247.96,252.94,1345256
2026-01-27 15:00:00+00:00,AMD,252.885,255.55,251.99,253.49,947954
2026-01-27 16:00:00+00:00,AMD,253.5,253.83,251.85,252.61,381536
2026-01-27 17:00:00+00:00,AMD,252.5,253.04,251.58,251.98,359632
2026-01-27 18:00:00+00:00,AMD,252.0,252.11,250.02,250.05,361799
2026-01-27 19:00:00+00:00,AMD,250.03,251.61,249.86,250.31,473321
2026-01-27 20:00:00+00:00,AMD,250.28,252.13,250.05,252.02,909989
2026-01-27 21:00:00+00:00,AMD,251.99,252.75,251.9,252.61,1690557
2026-01-27 22:00:00+00:00,AMD,252.6,252.6,252.2,252.5,8302
2026-01-27 23:00:00+00:00,AMD,252.44,253.31,252.44,252.58,16997
2026-01-28 09:00:00+00:00,AMD,255.61,257.16,255.29,256.91,28436
2026-01-28 10:00:00+00:00,AMD,256.91,258.7,256.91,258.1,31047
2026-01-28 11:00:00+00:00,AMD,258.07,258.11,257.19,257.68,10569
2026-01-28 12:00:00+00:00,AMD,257.64,257.77,256.83,257.01,35727
2026-01-28 13:00:00+00:00,AMD,257.01,257.2,255.61,255.91,46639
2026-01-28 14:00:00+00:00,AMD,255.93,257.41,253.08,255.12,1082458
2026-01-28 15:00:00+00:00,AMD,255.1,255.8,252.04,252.39,722797
2026-01-28 16:00:00+00:00,AMD,252.48,253.58,252.03,252.68,455836
2026-01-28 17:00:00+00:00,AMD,252.67,252.73,251.11,251.32,354336
2026-01-28 18:00:00+00:00,AMD,251.28,252.25,251.14,251.73,335415
2026-01-28 19:00:00+00:00,AMD,251.73,253.34,250.22,251.06,698565
2026-01-28 20:00:00+00:00,AMD,251.02,253.26,250.94,252.74,994393
2026-01-28 21:00:00+00:00,AMD,252.74,255.28,252.0,255.01,1753676
2026-01-28 22:00:00+00:00,AMD,255.01,256.85,255.0,255.63,51854
2026-01-28 23:00:00+00:00,AMD,255.63,256.65,252.98,253.71,40325
2026-01-29 09:00:00+00:00,AMD,251.5,255.06,251.5,254.4,19770
2026-01-29 10:00:00+00:00,AMD,254.3,255.69,254.23,255.0,15416
2026-01-29 11:00:00+00:00,AMD,255.17,255.5,254.5,254.5,12797
2026-01-29 12:00:00+00:00,AMD,254.5,254.8,253.28,253.35,14783
2026-01-29 13:00:00+00:00,AMD,253.39,254.11,252.78,253.95,19452
2026-01-29 14:00:00+00:00,AMD,253.95,260.51,252.46,252.77,1493031
2026-01-29 15:00:00+00:00,AMD,252.83,252.92,242.07,242.86,1360645
2026-01-29 16:00:00+00:00,AMD,242.84,245.55,240.91,244.88,850222
2026-01-29 17:00:00+00:00,AMD,244.88,249.65,244.88,247.62,769978
2026-01-29 18:00:00+00:00,AMD,247.68,248.94,247.0,247.62,412902
2026-01-29 19:00:00+00:00,AMD,247.57,249.25,247.45,248.27,398828
2026-01-29 20:00:00+00:00,AMD,248.29,252.24,248.0,252.09,1173029
2026-01-29 21:00:00+00:00,AMD,252.065,252.27,250.69,251.33,2000617
2026-01-29 22:00:00+00:00,AMD,251.18,251.48,250.37,250.64,12529
2026-01-29 23:00:00+00:00,AMD,250.64,251.2,249.35,250.21,14535
2026-01-30 09:00:00+00:00,AMD,246.64,246.67,243.62,244.51,35520
2026-01-30 10:00:00+00:00,AMD,244.5,246.0,244.36,245.61,14302
2026-01-30 11:00:00+00:00,AMD,245.61,247.82,245.6,247.7,21011
2026-01-30 12:00:00+00:00,AMD,247.7,248.83,247.23,247.45,23269
2026-01-30 13:00:00+00:00,AMD,247.51,248.35,246.36,247.14,30508
2026-01-30 14:00:00+00:00,AMD,246.89,247.4,235.5,241.47,2132377
2026-01-30 15:00:00+00:00,AMD,241.48,244.68,240.96,242.1,987502
2026-01-30 16:00:00+00:00,AMD,242.06,242.85,239.89,240.49,617399
2026-01-30 17:00:00+00:00,AMD,240.51,241.35,239.29,239.61,518800
2026-01-30 18:00:00+00:00,AMD,239.58,239.98,237.16,239.24,694199
2026-01-30 19:00:00+00:00,AMD,239.27,240.42,237.8,238.0,542421
2026-01-30 20:00:00+00:00,AMD,238.05,238.24,234.54,236.88,1807318
2026-01-30 21:00:00+00:00,AMD,236.87,237.98,236.66,236.98,3877222
2026-01-30 22:00:00+00:00,AMD,236.95,237.46,236.43,236.75,23984
2026-01-30 23:00:00+00:00,AMD,236.75,237.2,236.69,236.83,8058
2026-02-02 09:00:00+00:00,AMD,231.69,232.17,229.65,231.85,24471
2026-02-02 10:00:00+00:00,AMD,231.91,232.21,229.87,230.38,18658
2026-02-02 11:00:00+00:00,AMD,230.33,232.41,230.16,231.88,25116
2026-02-02 12:00:00+00:00,AMD,231.59,234.8,231.59,233.36,52660
2026-02-02 13:00:00+00:00,AMD,233.42,235.8,232.91,235.7,58868
2026-02-02 14:00:00+00:00,AMD,235.54,245.77,234.77,244.65,1874433
2026-02-02 15:00:00+00:00,AMD,244.56,249.97,244.49,246.92,1577395
2026-02-02 16:00:00+00:00,AMD,246.88,248.35,246.07,248.08,569880
2026-02-02 17:00:00+00:00,AMD,248.02,249.08,247.73,248.41,547469
2026-02-02 18:00:00+00:00,AMD,248.41,249.65,247.17,249.63,439152
2026-02-02 19:00:00+00:00,AMD,249.63,249.97,246.19,246.26,596602
2026-02-02 20:00:00+00:00,AMD,246.23,247.36,245.19,246.28,1200623
2026-02-02 21:00:00+00:00,AMD,246.24,253.2,246.05,251.59,2158972
2026-02-02 22:00:00+00:00,AMD,251.6,251.77,248.16,249.71,74567
2026-02-02 23:00:00+00:00,AMD,249.73,250.93,249.02,250.4,28907
2026-02-03 09:00:00+00:00,AMD,252.0,252.51,251.41,251.74,47550
2026-02-03 10:00:00+00:00,AMD,251.83,252.01,250.5,251.17,13148
2026-02-03 11:00:00+00:00,AMD,251.17,251.36,250.0,250.69,19461
2026-02-03 12:00:00+00:00,AMD,250.75,252.0,250.05,251.35,69888
2026-02-03 13:00:00+00:00,AMD,251.34,252.19,250.76,250.76,62014
2026-02-03 14:00:00+00:00,AMD,250.84,252.64,243.0,243.29,1698787
2026-02-03 15:00:00+00:00,AMD,243.31,246.0,241.75,245.78,1193993
2026-02-03 16:00:00+00:00,AMD,245.7,245.88,243.77,244.21,542988
2026-02-03 17:00:00+00:00,AMD,244.25,244.33,240.09,240.37,719189
2026-02-03 18:00:00+00:00,AMD,240.38,241.41,237.5,237.5,707368
2026-02-03 19:00:00+00:00,AMD,237.47,242.11,237.05,241.89,1274109
2026-02-03 20:00:00+00:00,AMD,241.88,245.215,241.42,242.18,2468860
2026-02-03 21:00:00+00:00,AMD,242.18,249.53,225.02,228.89,4924675
2026-02-03 22:00:00+00:00,AMD,228.99,230.21,222.58,222.78,812477
2026-02-03 23:00:00+00:00,AMD,222.78,223.47,220.8,222.32,277056
2026-02-04 09:00:00+00:00,AMD,225.84,226.44,222.55,223.5,97537
2026-02-04 10:00:00+00:00,AMD,223.42,225.8,223.42,223.69,121598
2026-02-04 11:00:00+00:00,AMD,223.59,224.24,220.1,221.18,261157
2026-02-04 12:00:00+00:00,AMD,221.29,221.61,218.29,220.0,252974
2026-02-04 13:00:00+00:00,AMD,220.0,220.5,216.63,218.6,368746
2026-02-04 14:00:00+00:00,AMD,218.45,219.85,207.02,207.36,6876915
2026-02-04 15:00:00+00:00,AMD,207.35,209.67,205.21,205.86,4100686
2026-02-04 16:00:00+00:00,AMD,205.86,206.36,200.76,202.97,3307781
2026-02-04 17:00:00+00:00,AMD,202.93,203.33,199.15,201.91,2775300
2026-02-04 18:00:00+00:00,AMD,201.94,203.32,199.74,200.71,2205103
2026-02-04 19:00:00+00:00,AMD,200.71,204.25,199.88,204.0,2082828
2026-02-04 20:00:00+00:00,AMD,203.99,204.25,200.03,200.47,3374056
2026-02-04 21:00:00+00:00,AMD,200.19,204.78,200.19,204.41,5079586
2026-02-04 22:00:00+00:00,AMD,204.38,204.9,203.02,203.8,88605
2026-02-04 23:00:00+00:00,AMD,203.81,204.88,203.74,204.26,47435
2026-02-05 09:00:00+00:00,AMD,204.22,205.08,203.2,204.54,41116
2026-02-05 10:00:00+00:00,AMD,204.54,205.08,203.6,203.83,29309
2026-02-05 11:00:00+00:00,AMD,203.72,204.37,202.4,203.5,35556
2026-02-05 12:00:00+00:00,AMD,203.56,204.0,196.72,198.47,291555
2026-02-05 13:00:00+00:00,AMD,198.4,201.33,198.38,200.44,227568
2026-02-05 14:00:00+00:00,AMD,200.34,204.04,196.71,198.69,2898575
2026-02-05 15:00:00+00:00,AMD,198.71,199.05,191.55,192.78,2759380
2026-02-05 16:00:00+00:00,AMD,192.68,196.77,191.07,195.85,1544409
2026-02-05 17:00:00+00:00,AMD,195.83,195.9,193.04,193.95,924780
2026-02-05 18:00:00+00:00,AMD,193.93,194.91,191.12,191.32,1040107
2026-02-05 19:00:00+00:00,AMD,191.3,193.22,190.72,191.54,923702
2026-02-05 20:00:00+00:00,AMD,191.55,193.59,190.79,192.49,1942834
2026-02-05 21:00:00+00:00,AMD,192.49,193.22,187.0,187.21,2502638
2026-02-05 22:00:00+00:00,AMD,187.23,188.86,187.0,188.2,89543
2026-02-05 23:00:00+00:00,AMD,188.4,189.48,187.42,187.71,43811
2026-02-06 09:00:00+00:00,AMD,193.34,199.89,192.66,199.89,212036
2026-02-06 10:00:00+00:00,AMD,199.72,201.75,198.56,200.47,165308
2026-02-06 11:00:00+00:00,AMD,200.45,201.0,199.04,199.11,77541
2026-02-06 12:00:00+00:00,AMD,199.05,199.05,196.26,197.1,120168
2026-02-06 13:00:00+00:00,AMD,197.15,199.14,196.2,198.4,111762
2026-02-06 14:00:00+00:00,AMD,198.4,206.46,196.43,202.82,2907296
2026-02-06 15:00:00+00:00,AMD,202.91,206.8,201.88,205.85,1908184
2026-02-06 16:00:00+00:00,AMD,205.97,208.42,205.47,207.23,1164199
2026-02-06 17:00:00+00:00,AMD,207.28,209.04,206.68,208.15,854554
2026-02-06 18:00:00+00:00,AMD,208.17,208.48,207.16,207.58,503565
2026-02-06 19:00:00+00:00,AMD,207.55,207.63,206.18,206.27,591022
2026-02-06 20:00:00+00:00,AMD,206.29,209.26,206.02,208.27,1730422
2026-02-06 21:00:00+00:00,AMD,208.25,208.44,207.2,207.69,3563766
2026-02-06 22:00:00+00:00,AMD,207.68,208.41,207.45,208.39,30530
2026-02-06 23:00:00+00:00,AMD,208.3,208.68,208.21,208.55,9942
2026-02-09 09:00:00+00:00,AMD,208.64,209.72,206.99,207.31,29394
2026-02-09 10:00:00+00:00,AMD,207.25,207.8,204.12,206.29,53507
2026-02-09 11:00:00+00:00,AMD,206.05,206.7,205.66,206.46,26371
2026-02-09 12:00:00+00:00,AMD,206.63,207.4,205.83,207.0,45094
2026-02-09 13:00:00+00:00,AMD,207.0,209.85,206.91,208.39,112489
2026-02-09 14:00:00+00:00,AMD,208.46,213.92,204.15,213.27,2148871
2026-02-09 15:00:00+00:00,AMD,213.25,215.88,212.1,215.38,1302545
2026-02-09 16:00:00+00:00,AMD,215.4,216.76,214.81,215.93,861848
2026-02-09 17:00:00+00:00,AMD,215.93,216.78,215.26,215.62,742452
2026-02-09 18:00:00+00:00,AMD,215.625,216.89,214.32,216.6,680749
2026-02-09 19:00:00+00:00,AMD,216.62,217.58,216.5,216.86,573951
2026-02-09 20:00:00+00:00,AMD,216.83,216.83,215.6,215.8,1393771
2026-02-09 21:00:00+00:00,AMD,215.8,216.18,215.42,215.42,2535908
2026-02-09 22:00:00+00:00,AMD,215.44,215.64,215.33,215.48,6748
2026-02-09 23:00:00+00:00,AMD,215.43,215.8,215.21,215.22,11486
2026-02-10 09:00:00+00:00,AMD,215.96,217.5,215.96,216.55,12833
2026-02-10 10:00:00+00:00,AMD,216.6,216.87,216.2,216.4,8155
2026-02-10 11:00:00+00:00,AMD,216.39,216.92,216.03,216.8,9237
2026-02-10 12:00:00+00:00,AMD,216.8,218.08,216.77,216.8,49318
2026-02-10 13:00:00+00:00,AMD,216.77,217.38,216.15,216.93,35130
2026-02-10 14:00:00+00:00,AMD,216.99,219.36,214.25,215.76,1495324
2026-02-10 15:00:00+00:00,AMD,215.67,217.18,214.9,216.75,712390
2026-02-10 16:00:00+00:00,AMD,216.74,217.77,216.05,216.22,638796
2026-02-10 17:00:00+00:00,AMD,216.2,216.36,215.15,215.98,315338
2026-02-10 18:00:00+00:00,AMD,215.99,216.12,214.13,215.4,451619
2026-02-10 19:00:00+00:00,AMD,215.45,215.63,214.75,215.15,270436
2026-02-10 20:00:00+00:00,AMD,215.1,215.14,213.16,213.6,939689
2026-02-10 21:00:00+00:00,AMD,213.57,213.88,213.07,213.88,2148746
2026-02-10 22:00:00+00:00,AMD,213.89,213.89,213.33,213.33,6843
2026-02-10 23:00:00+00:00,AMD,213.35,213.95,213.35,213.79,10359
2026-02-11 09:00:00+00:00,AMD,213.71,214.49,213.13,213.18,8662
2026-02-11 10:00:00+00:00,AMD,213.18,213.18,212.1,212.76,12578
2026-02-11 11:00:00+00:00,AMD,212.76,214.31,212.76,214.0,21011
2026-02-11 12:00:00+00:00,AMD,213.99,214.25,212.91,213.6,14964
2026-02-11 13:00:00+00:00,AMD,213.78,216.76,213.6,216.29,60676
2026-02-11 14:00:00+00:00,AMD,216.21,219.63,214.44,215.6,1221307
2026-02-11 15:00:00+00:00,AMD,215.66,215.91,209.23,214.32,1233396
2026-02-11 16:00:00+00:00,AMD,214.35,214.77,211.14,211.33,594746
2026-02-11 17:00:00+00:00,AMD,211.3,212.49,209.77,211.3,577532
2026-02-11 18:00:00+00:00,AMD,211.3,211.63,210.17,211.13,408955
2026-02-11 19:00:00+00:00,AMD,211.11,214.21,210.9,212.91,512603
2026-02-11 20:00:00+00:00,AMD,212.84,214.21,212.5,213.5,1124499
2026-02-11 21:00:00+00:00,AMD,213.5,213.59,213.0,213.25,2150538
2026-02-11 22:00:00+00:00,AMD,213.3,213.74,213.3,213.5,14494
2026-02-11 23:00:00+00:00,AMD,213.5,213.62,212.11,212.18,12123
2026-02-12 09:00:00+00:00,AMD,214.37,215.48,214.37,214.92,15453
2026-02-12 10:00:00+00:00,AMD,214.96,215.15,214.8,215.0,8695
2026-02-12 11:00:00+00:00,AMD,214.84,215.5,214.76,215.23,9298
2026-02-12 12:00:00+00:00,AMD,215.08,215.93,214.78,215.5,30861
2026-02-12 13:00:00+00:00,AMD,215.5,216.45,215.22,216.13,34060
2026-02-12 14:00:00+00:00,AMD,216.04,218.4,211.69,212.35,1199809
2026-02-12 15:00:00+00:00,AMD,212.3,214.57,210.08,210.13,668204
2026-02-12 16:00:00+00:00,AMD,210.16,210.84,205.87,207.89,953679
2026-02-12 17:00:00+00:00,AMD,207.83,209.27,206.8,207.49,388826
2026-02-12 18:00:00+00:00,AMD,207.45,208.51,206.72,207.235,401927
2026-02-12 19:00:00+00:00,AMD,207.28,207.94,206.19,206.45,412006
2026-02-12 20:00:00+00:00,AMD,206.52,207.22,205.165,205.91,1119468
2026-02-12 21:00:00+00:00,AMD,205.95,207.36,205.94,207.16,3128633
2026-02-12 22:00:00+00:00,AMD,207.13,207.35,206.8,207.0,10805
2026-02-12 23:00:00+00:00,AMD,207.0,207.79,206.51,207.54,34180
2026-02-13 09:00:00+00:00,AMD,206.38,208.55,205.81,207.87,34152
2026-02-13 10:00:00+00:00,AMD,208.07,208.74,207.44,207.64,16360
2026-02-13 11:00:00+00:00,AMD,207.65,207.65,205.55,207.03,31906
2026-02-13 12:00:00+00:00,AMD,206.95,208.14,206.36,207.0,29176
2026-02-13 13:00:00+00:00,AMD,207.16,209.17,206.1,207.49,83361
2026-02-13 14:00:00+00:00,AMD,207.5,210.03,203.81,206.39,1537679
2026-02-13 15:00:00+00:00,AMD,206.52,209.23,204.05,205.78,1028051
2026-02-13 16:00:00+00:00,AMD,205.81,208.07,205.33,207.39,494203
2026-02-13 17:00:00+00:00,AMD,207.36,209.18,207.07,208.7,356862
2026-02-13 18:00:00+00:00,AMD,208.74,209.49,207.99,208.5,354548
2026-02-13 19:00:00+00:00,AMD,208.48,208.58,206.66,206.9,322793
2026-02-13 20:00:00+00:00,AMD,206.88,207.88,206.53,207.335,837313
2026-02-13 21:00:00+00:00,AMD,207.35,207.8,207.04,207.04,1369110
2026-02-13 22:00:00+00:00,AMD,207.13,207.29,207.03,207.26,7078
2026-02-13 23:00:00+00:00,AMD,207.26,207.26,207.05,207.09,2835
2026-02-17 09:00:00+00:00,AMD,204.51,204.89,203.26,204.35,17868
2026-02-17 10:00:00+00:00,AMD,204.12,204.42,203.22,203.36,12790
2026-02-17 11:00:00+00:00,AMD,203.35,203.97,202.84,203.57,17786
2026-02-17 12:00:00+00:00,AMD,203.8,204.64,203.23,203.31,34998
2026-02-17 13:00:00+00:00,AMD,203.3,204.0,202.04,203.0,138150
2026-02-17 14:00:00+00:00,AMD,203.08,205.3,196.15,196.23,1448981
2026-02-17 15:00:00+00:00,AMD,196.21,200.08,194.83,200.08,1550479
2026-02-17 16:00:00+00:00,AMD,200.1,203.55,200.02,203.12,743832
2026-02-17 17:00:00+00:00,AMD,203.07,203.19,201.26,202.51,543102
2026-02-17 18:00:00+00:00,AMD,202.57,204.33,201.84,203.94,324333
2026-02-17 19:00:00+00:00,AMD,203.95,204.96,203.61,203.73,325458
2026-02-17 20:00:00+00:00,AMD,203.73,204.27,202.0,203.06,852305
2026-02-17 21:00:00+00:00,AMD,203.1,203.23,193.88,195.65,2823321
2026-02-17 22:00:00+00:00,AMD,195.69,197.77,195.69,197.5,87575
2026-02-17 23:00:00+00:00,AMD,197.67,197.83,196.79,197.7,34358
2026-02-18 09:00:00+00:00,AMD,200.49,201.41,199.99,200.67,20420
2026-02-18 10:00:00+00:00,AMD,200.75,200.77,200.1,200.13,7652
2026-02-18 11:00:00+00:00,AMD,200.2,200.3,198.99,199.2,27722
2026-02-18 12:00:00+00:00,AMD,199.25,200.41,198.51,198.8,45012
2026-02-18 13:00:00+00:00,AMD,198.82,199.32,197.95,198.17,48771
2026-02-18 14:00:00+00:00,AMD,198.11,199.75,195.11,198.21,1919900
2026-02-18 15:00:00+00:00,AMD,198.18,202.29,197.6,201.73,1498336
2026-02-18 16:00:00+00:00,AMD,201.74,202.88,201.3,201.76,696107
2026-02-18 17:00:00+00:00,AMD,201.795,203.09,201.75,202.65,416073
2026-02-18 18:00:00+00:00,AMD,202.63,203.2,200.99,201.54,404487
2026-02-18 19:00:00+00:00,AMD,201.54,201.69,197.6,197.89,616019
2026-02-18 20:00:00+00:00,AMD,197.89,200.42,197.37,200.11,1557691
2026-02-18 21:00:00+00:00,AMD,200.09,200.46,199.48,199.71,1761421
2026-02-18 22:00:00+00:00,AMD,199.69,200.11,199.54,200.03,7160
2026-02-18 23:00:00+00:00,AMD,200.01,200.41,199.98,200.08,11036
2026-02-19 09:00:00+00:00,AMD,200.65,200.91,198.97,199.45,8381
2026-02-19 10:00:00+00:00,AMD,199.42,199.5,198.4,199.03,8211
2026-02-19 11:00:00+00:00,AMD,199.0,199.8,198.94,199.61,4597
2026-02-19 12:00:00+00:00,AMD,199.6,200.91,199.06,200.71,22169
2026-02-19 13:00:00+00:00,AMD,200.57,201.11,200.0,200.37,42862
2026-02-19 14:00:00+00:00,AMD,200.44,202.89,198.3,201.95,818075
2026-02-19 15:00:00+00:00,AMD,202.0,204.1,201.03,202.26,685414
2026-02-19 16:00:00+00:00,AMD,202.275,202.88,200.9,201.74,575136
2026-02-19 17:00:00+00:00,AMD,201.77,201.955,199.88,200.16,409612
2026-02-19 18:00:00+00:00,AMD,200.12,201.79,200.05,201.54,298530
2026-02-19 19:00:00+00:00,AMD,201.53,203.04,201.0,202.38,478506
2026-02-19 20:00:00+00:00,AMD,202.36,203.47,201.9,203.34,756650
2026-02-19 21:00:00+00:00,AMD,203.33,203.59,202.78,202.85,1694370
2026-02-19 22:00:00+00:00,AMD,202.89,202.99,202.74,202.77,5155
2026-02-19 23:00:00+00:00,AMD,202.77,203.22,202.7,203.12,6633
2026-02-20 09:00:00+00:00,AMD,203.55,204.58,203.55,203.96,16478
2026-02-20 10:00:00+00:00,AMD,203.99,204.09,203.6,203.6,15673
2026-02-20 11:00:00+00:00,AMD,203.54,203.67,202.7,202.88,6033
2026-02-20 12:00:00+00:00,AMD,202.9,202.97,201.7,202.4,27981
2026-02-20 13:00:00+00:00,AMD,202.25,202.67,200.71,201.43,33730
2026-02-20 14:00:00+00:00,AMD,201.35,203.5,199.2,200.35,1397311
2026-02-20 15:00:00+00:00,AMD,200.32,204.53,200.29,204.48,1141429
2026-02-20 16:00:00+00:00,AMD,204.49,204.86,201.77,202.27,666880
2026-02-20 17:00:00+00:00,AMD,202.27,202.42,198.56,199.57,962423
2026-02-20 18:00:00+00:00,AMD,199.56,201.85,198.65,201.35,765753
2026-02-20 19:00:00+00:00,AMD,201.34,201.49,199.16,199.27,535778
2026-02-20 20:00:00+00:00,AMD,199.23,200.2,199.21,200.14,1078620
2026-02-20 21:00:00+00:00,AMD,200.13,200.15,199.9,199.97,1527164
2026-02-20 22:00:00+00:00,AMD,199.91,200.01,199.84,199.88,15128
2026-02-20 23:00:00+00:00,AMD,199.95,199.95,199.81,199.89,3054
2026-02-23 09:00:00+00:00,AMD,198.1,199.1,197.93,198.61,12126
2026-02-23 10:00:00+00:00,AMD,198.7,198.89,197.3,197.75,14847
2026-02-23 11:00:00+00:00,AMD,197.77,197.81,196.8,197.32,17531
2026-02-23 12:00:00+00:00,AMD,197.38,197.59,197.0,197.57,30648
2026-02-23 13:00:00+00:00,AMD,197.56,198.22,197.36,197.76,38024
2026-02-23 14:00:00+00:00,AMD,197.81,199.35,194.2,198.0,1312249
2026-02-23 15:00:00+00:00,AMD,198.0,198.98,195.39,195.53,753815
2026-02-23 16:00:00+00:00,AMD,195.56,197.09,194.9,195.85,633596
2026-02-23 17:00:00+00:00,AMD,195.89,196.96,194.67,195.61,373212
2026-02-23 18:00:00+00:00,AMD,195.64,196.83,194.91,194.98,383286
2026-02-23 19:00:00+00:00,AMD,195.02,195.83,194.8,194.95,415391
2026-02-23 20:00:00+00:00,AMD,194.92,196.77,194.52,196.6,1253326
2026-02-23 21:00:00+00:00,AMD,196.6,196.8,196.39,196.62,1769987
2026-02-23 22:00:00+00:00,AMD,196.55,196.7,196.41,196.46,2838
2026-02-23 23:00:00+00:00,AMD,196.43,196.71,196.04,196.11,13080
2026-02-24 09:00:00+00:00,AMD,196.78,197.46,196.59,197.4,4814
2026-02-24 10:00:00+00:00,AMD,197.41,197.81,197.24,197.5,6700
2026-02-24 11:00:00+00:00,AMD,197.5,197.65,197.24,197.4,3762
2026-02-24 12:00:00+00:00,AMD,197.28,227.03,197.27,215.81,2477459
2026-02-24 13:00:00+00:00,AMD,215.8,217.3,213.65,216.8,850340
2026-02-24 14:00:00+00:00,AMD,216.85,216.9,206.51,211.39,4503769
2026-02-24 15:00:00+00:00,AMD,211.3,212.75,208.92,209.93,2388123
2026-02-24 16:00:00+00:00,AMD,209.93,212.97,209.66,212.85,1411252
2026-02-24 17:00:00+00:00,AMD,212.87,216.37,212.61,216.1,1689442
2026-02-24 18:00:00+00:00,AMD,216.05,216.71,214.17,215.31,1297188
2026-02-24 19:00:00+00:00,AMD,215.32,215.64,213.38,214.81,882887
2026-02-24 20:00:00+00:00,AMD,214.81,215.02,212.39,213.81,2016562
2026-02-24 21:00:00+00:00,AMD,213.78,214.32,213.55,213.76,2833279
2026-02-24 22:00:00+00:00,AMD,213.78,214.3,213.67,214.14,20033
2026-02-24 23:00:00+00:00,AMD,214.05,214.86,213.82,214.77,38039
2026-02-25 09:00:00+00:00,AMD,214.91,215.08,214.3,215.08,15573
2026-02-25 10:00:00+00:00,AMD,215.1,215.32,214.9,215.09,19840
2026-02-25 11:00:00+00:00,AMD,215.18,215.73,214.61,215.26,16866
2026-02-25 12:00:00+00:00,AMD,215.2,215.74,215.0,215.39,53017
2026-02-25 13:00:00+00:00,AMD,215.35,215.45,214.85,215.09,51708
2026-02-25 14:00:00+00:00,AMD,215.14,216.7,210.34,212.195,2138936
2026-02-25 15:00:00+00:00,AMD,212.19,214.04,210.78,211.4,1143065
2026-02-25 16:00:00+00:00,AMD,211.39,214.0,210.95,211.96,1356800
2026-02-25 17:00:00+00:00,AMD,211.94,213.05,211.72,212.55,628615
2026-02-25 18:00:00+00:00,AMD,212.56,213.73,211.96,212.62,645017
2026-02-25 19:00:00+00:00,AMD,212.6,213.16,211.15,211.24,674644
2026-02-25 20:00:00+00:00,AMD,211.22,211.87,210.5,210.85,1514929
2026-02-25 21:00:00+00:00,AMD,210.86,212.75,208.93,209.69,2024448
2026-02-25 22:00:00+00:00,AMD,209.61,210.32,206.26,206.78,211868
2026-02-25 23:00:00+00:00,AMD,206.79,209.4,206.76,208.16,85635
2026-02-26 09:00:00+00:00,AMD,209.5,209.6,209.02,209.3,17684
2026-02-26 10:00:00+00:00,AMD,209.37,209.42,208.8,209.33,12219
2026-02-26 11:00:00+00:00,AMD,209.34,209.59,208.77,208.77,19393
2026-02-26 12:00:00+00:00,AMD,208.66,209.0,207.94,208.07,40942
2026-02-26 13:00:00+00:00,AMD,208.05,208.4,206.98,208.09,68825
2026-02-26 14:00:00+00:00,AMD,208.13,209.77,204.26,205.85,1603620
2026-02-26 15:00:00+00:00,AMD,205.83,207.84,201.86,202.52,1500131
2026-02-26 16:00:00+00:00,AMD,202.52,203.93,201.9,202.21,847550
2026-02-26 17:00:00+00:00,AMD,202.21,203.3,201.62,202.0,631647
2026-02-26 18:00:00+00:00,AMD,202.0,203.82,201.47,203.09,576509
2026-02-26 19:00:00+00:00,AMD,203.1,204.02,202.94,203.41,442234
2026-02-26 20:00:00+00:00,AMD,203.39,203.9,202.44,203.7,1088216
2026-02-26 21:00:00+00:00,AMD,203.69,203.91,203.13,203.53,2745437
2026-02-26 22:00:00+00:00,AMD,203.65,203.94,202.73,203.31,18108
2026-02-26 23:00:00+00:00,AMD,203.22,203.36,202.27,202.69,21823
2026-02-27 09:00:00+00:00,AMD,204.0,204.94,203.37,203.7,6690
2026-02-27 10:00:00+00:00,AMD,203.62,203.75,202.7,202.83,7286
2026-02-27 11:00:00+00:00,AMD,202.86,202.99,201.9,202.28,12006
2026-02-27 12:00:00+00:00,AMD,202.28,202.35,201.0,201.43,31494
2026-02-27 13:00:00+00:00,AMD,201.41,201.9,200.1,200.9,123353
2026-02-27 14:00:00+00:00,AMD,200.94,201.12,198.01,199.83,1214815
2026-02-27 15:00:00+00:00,AMD,199.86,201.88,199.58,200.73,943322
2026-02-27 16:00:00+00:00,AMD,200.7,201.13,199.37,199.98,544215
2026-02-27 17:00:00+00:00,AMD,199.96,200.91,198.85,199.36,558511
2026-02-27 18:00:00+00:00,AMD,199.38,199.5,197.74,197.93,598673
2026-02-27 19:00:00+00:00,AMD,197.89,198.93,197.76,198.79,580137
2026-02-27 20:00:00+00:00,AMD,198.77,200.62,198.61,200.19,1294434
2026-02-27 21:00:00+00:00,AMD,200.19,200.27,199.33,199.55,3874850
2026-02-27 22:00:00+00:00,AMD,199.53,199.8,199.34,199.56,12582
2026-02-27 23:00:00+00:00,AMD,199.5,199.55,199.24,199.33,8387
2026-03-02 09:00:00+00:00,AMD,192.62,195.0,192.37,193.86,42535
2026-03-02 10:00:00+00:00,AMD,193.84,194.74,193.58,193.74,18819
2026-03-02 11:00:00+00:00,AMD,193.73,195.64,193.73,194.85,29899
2026-03-02 12:00:00+00:00,AMD,194.8,195.39,193.94,194.2,43203
2026-03-02 13:00:00+00:00,AMD,194.23,196.22,194.13,194.7,82349
2026-03-02 14:00:00+00:00,AMD,194.7,195.39,190.0,193.55,2023139
2026-03-02 15:00:00+00:00,AMD,193.5,196.08,192.75,194.61,944990
2026-03-02 16:00:00+00:00,AMD,194.63,197.3,194.1,196.99,581270
2026-03-02 17:00:00+00:00,AMD,196.93,198.07,196.3,197.29,445284
2026-03-02 18:00:00+00:00,AMD,197.33,197.45,196.31,196.48,282602
2026-03-02 19:00:00+00:00,AMD,196.52,198.37,196.07,198.08,405559
2026-03-02 20:00:00+00:00,AMD,198.08,198.73,196.53,198.58,978596
2026-03-02 21:00:00+00:00,AMD,198.595,198.72,197.18,198.3,1673788
2026-03-02 22:00:00+00:00,AMD,198.14,198.22,197.91,198.19,4318
2026-03-02 23:00:00+00:00,AMD,198.18,198.18,197.2,197.39,6056
2026-03-03 09:00:00+00:00,AMD,191.89,193.01,190.01,190.03,52305
2026-03-03 10:00:00+00:00,AMD,190.04,190.66,189.52,190.25,87733
2026-03-03 11:00:00+00:00,AMD,190.08,190.86,189.74,190.72,39083
2026-03-03 12:00:00+00:00,AMD,190.8,192.6,190.59,192.21,54065
2026-03-03 13:00:00+00:00,AMD,192.26,192.26,190.58,190.99,76826
2026-03-03 14:00:00+00:00,AMD,190.97,193.64,190.02,190.35,1360386
2026-03-03 15:00:00+00:00,AMD,190.3,191.29,188.23,189.26,1362660
2026-03-03 16:00:00+00:00,AMD,189.25,191.69,189.18,190.96,837134
2026-03-03 17:00:00+00:00,AMD,190.95,192.06,190.1,190.93,469511
2026-03-03 18:00:00+00:00,AMD,191.0,192.41,190.94,191.96,388315
2026-03-03 19:00:00+00:00,AMD,191.98,192.56,190.82,191.67,608316
2026-03-03 20:00:00+00:00,AMD,191.69,192.22,190.51,190.97,1403980
2026-03-03 21:00:00+00:00,AMD,191.0,191.03,190.4,190.47,2702423
2026-03-03 22:00:00+00:00,AMD,190.45,190.8,190.33,190.56,7413
2026-03-03 23:00:00+00:00,AMD,190.57,190.7,190.01,190.29,15265
2026-03-04 09:00:00+00:00,AMD,189.91,192.89,189.65,192.6,39652
2026-03-04 10:00:00+00:00,AMD,192.64,194.28,192.34,193.5,49405
2026-03-04 11:00:00+00:00,AMD,193.5,194.64,193.03,193.03,24389
2026-03-04 12:00:00+00:00,AMD,193.06,193.55,192.0,193.1,33370
2026-03-04 13:00:00+00:00,AMD,193.1,194.19,193.0,193.67,53946
2026-03-04 14:00:00+00:00,AMD,193.64,195.34,189.85,195.16,1386462
2026-03-04 15:00:00+00:00,AMD,195.16,198.53,195.16,198.21,1325436
2026-03-04 16:00:00+00:00,AMD,198.21,198.96,196.57,198.91,769184
2026-03-04 17:00:00+00:00,AMD,198.95,201.37,198.86,201.12,974581
2026-03-04 18:00:00+00:00,AMD,201.12,202.43,200.44,201.86,787334
2026-03-04 19:00:00+00:00,AMD,201.88,202.41,201.06,201.98,631501
2026-03-04 20:00:00+00:00,AMD,201.97,202.27,200.85,202.01,1563887
2026-03-04 21:00:00+00:00,AMD,202.01,202.37,201.63,202.13,3490229
2026-03-04 22:00:00+00:00,AMD,202.18,202.92,201.57,201.64,37560
2026-03-04 23:00:00+00:00,AMD,201.6,201.64,200.7,201.19,26787
2026-03-05 09:00:00+00:00,AMD,199.74,201.98,199.5,200.45,22289
2026-03-05 10:00:00+00:00,AMD,200.38,200.82,200.1,200.33,12379
2026-03-05 11:00:00+00:00,AMD,200.41,200.8,200.01,200.11,6626
2026-03-05 12:00:00+00:00,AMD,200.28,200.58,199.45,199.82,37958
2026-03-05 13:00:00+00:00,AMD,199.85,199.86,197.85,198.22,58209
2026-03-05 14:00:00+00:00,AMD,198.19,203.77,197.0,201.72,1264253
2026-03-05 15:00:00+00:00,AMD,201.74,203.09,199.5,202.41,884291
2026-03-05 16:00:00+00:00,AMD,202.385,202.55,200.78,201.45,398048
2026-03-05 17:00:00+00:00,AMD,201.51,202.75,194.89,195.44,959474
2026-03-05 18:00:00+00:00,AMD,195.395,197.12,195.35,196.92,528735
2026-03-05 19:00:00+00:00,AMD,196.9,197.27,195.0,196.42,681399
2026-03-05 20:00:00+00:00,AMD,196.41,199.58,195.75,199.44,1263594
2026-03-05 21:00:00+00:00,AMD,199.44,199.5,198.48,198.48,2188342
2026-03-05 22:00:00+00:00,AMD,198.53,198.87,198.48,198.81,17306
2026-03-05 23:00:00+00:00,AMD,198.71,199.46,198.7,199.35,10908
2026-03-06 09:00:00+00:00,AMD,200.11,200.11,197.57,197.79,29813
2026-03-06 10:00:00+00:00,AMD,197.79,198.55,197.7,198.11,53693
2026-03-06 11:00:00+00:00,AMD,197.85,199.15,196.85,197.3,23710
2026-03-06 12:00:00+00:00,AMD,197.31,197.88,196.94,197.42,25094
2026-03-06 13:00:00+00:00,AMD,197.59,198.15,194.86,195.16,91384
2026-03-06 14:00:00+00:00,AMD,195.19,198.08,194.68,196.715,903826
2026-03-06 15:00:00+00:00,AMD,196.78,199.2,196.78,198.85,563262
2026-03-06 16:00:00+00:00,AMD,198.83,200.16,197.72,199.91,447548
2026-03-06 17:00:00+00:00,AMD,199.91,200.23,197.21,197.36,305774
2026-03-06 18:00:00+00:00,AMD,197.36,199.16,196.58,196.645,366471
2026-03-06 19:00:00+00:00,AMD,196.7,196.95,195.75,196.13,409001
2026-03-06 20:00:00+00:00,AMD,196.11,196.58,191.27,192.45,2027399
2026-03-06 21:00:00+00:00,AMD,192.44,192.75,192.1,192.53,2995340
2026-03-06 22:00:00+00:00,AMD,192.56,192.56,192.24,192.51,17246
2026-03-06 23:00:00+00:00,AMD,192.52,193.1,192.5,192.81,19036
2026-03-09 08:00:00+00:00,AMD,188.69,189.74,187.61,189.48,27195
2026-03-09 09:00:00+00:00,AMD,189.64,191.46,188.9,190.4,27333
2026-03-09 10:00:00+00:00,AMD,190.41,190.54,189.64,189.93,18055
2026-03-09 11:00:00+00:00,AMD,190.09,190.3,189.2,189.27,27977
2026-03-09 12:00:00+00:00,AMD,189.3,190.18,188.52,189.4,37206
2026-03-09 13:00:00+00:00,AMD,189.34,192.38,189.01,190.7,1108255
2026-03-09 14:00:00+00:00,AMD,190.62,194.07,190.34,193.44,881029
2026-03-09 15:00:00+00:00,AMD,193.48,196.43,193.46,196.08,827173
2026-03-09 16:00:00+00:00,AMD,196.07,197.9,195.94,197.15,536461
2026-03-09 17:00:00+00:00,AMD,197.15,197.19,195.68,196.47,351117
2026-03-09 18:00:00+00:00,AMD,196.44,198.24,196.33,197.23,387954
2026-03-09 19:00:00+00:00,AMD,197.26,202.97,197.11,202.74,1871352
2026-03-09 20:00:00+00:00,AMD,202.745,202.8,201.6,202.2,2964646
2026-03-09 21:00:00+00:00,AMD,202.11,202.16,201.66,201.88,8719
2026-03-09 22:00:00+00:00,AMD,201.93,201.94,200.65,201.29,25615
2026-03-09 23:00:00+00:00,AMD,201.26,201.35,200.51,200.64,10082
2026-03-10 08:00:00+00:00,AMD,202.4,204.95,202.15,203.85,46035
2026-03-10 09:00:00+00:00,AMD,203.85,204.79,203.81,204.15,8867
2026-03-10 10:00:00+00:00,AMD,204.15,204.15,203.06,203.19,13677
2026-03-10 11:00:00+00:00,AMD,203.19,203.6,201.91,202.0,28086
2026-03-10 12:00:00+00:00,AMD,202.11,202.2,200.83,201.79,45415
2026-03-10 13:00:00+00:00,AMD,201.87,206.58,201.51,204.22,1148557
2026-03-10 14:00:00+00:00,AMD,204.24,205.075,202.19,204.88,673714
2026-03-10 15:00:00+00:00,AMD,204.85,206.4,204.19,204.71,674853
2026-03-10 16:00:00+00:00,AMD,204.7,205.14,203.24,205.01,508857
2026-03-10 17:00:00+00:00,AMD,205.01,206.12,204.67,205.68,467648
2026-03-10 18:00:00+00:00,AMD,205.7,205.95,203.2,203.63,511959
2026-03-10 19:00:00+00:00,AMD,203.64,204.71,202.32,203.24,901565
2026-03-10 20:00:00+00:00,AMD,203.23,204.01,202.81,204.0,2603380
2026-03-10 21:00:00+00:00,AMD,203.99,204.11,203.85,203.94,8197
2026-03-10 22:00:00+00:00,AMD,203.85,203.85,203.3,203.3,13740
2026-03-10 23:00:00+00:00,AMD,203.32,203.88,203.31,203.67,4264
2026-03-11 08:00:00+00:00,AMD,203.75,204.74,203.2,203.59,7267
2026-03-11 09:00:00+00:00,AMD,203.44,203.74,202.6,202.61,9519
2026-03-11 10:00:00+00:00,AMD,202.63,204.19,202.42,203.85,14339
2026-03-11 11:00:00+00:00,AMD,203.93,204.45,203.4,203.8,15589
2026-03-11 12:00:00+00:00,AMD,203.8,204.88,202.9,203.5,33816
2026-03-11 13:00:00+00:00,AMD,203.75,209.2,203.5,207.3,1141131
2026-03-11 14:00:00+00:00,AMD,207.3,208.415,205.59,206.11,660520
2026-03-11 15:00:00+00:00,AMD,206.08,206.6,204.72,205.14,549073
2026-03-11 16:00:00+00:00,AMD,205.09,205.47,204.3,205.12,320273
2026-03-11 17:00:00+00:00,AMD,205.09,205.61,203.64,204.86,323232
2026-03-11 18:00:00+00:00,AMD,204.84,205.08,203.71,204.77,435340
2026-03-11 19:00:00+00:00,AMD,204.79,205.2,203.72,204.75,809519
2026-03-11 20:00:00+00:00,AMD,204.72,204.84,204.25,204.25,1220540
2026-03-11 21:00:00+00:00,AMD,204.4,204.68,204.28,204.65,1775
2026-03-11 22:00:00+00:00,AMD,204.55,204.55,203.25,203.56,21778
2026-03-11 23:00:00+00:00,AMD,203.56,203.6,201.5,202.39,38671
2026-03-12 08:00:00+00:00,AMD,203.38,203.88,202.6,203.25,8926
2026-03-12 09:00:00+00:00,AMD,203.12,203.58,202.66,203.58,4359
2026-03-12 10:00:00+00:00,AMD,203.51,203.68,203.2,203.34,3077
2026-03-12 11:00:00+00:00,AMD,203.34,203.89,203.2,203.33,12178
2026-03-12 12:00:00+00:00,AMD,203.4,203.43,202.5,203.04,17776
2026-03-12 13:00:00+00:00,AMD,203.04,203.62,198.08,198.67,985019
2026-03-12 14:00:00+00:00,AMD,198.69,200.31,197.35,197.5,916232
2026-03-12 15:00:00+00:00,AMD,197.47,199.06,196.68,198.22,782607
2026-03-12 16:00:00+00:00,AMD,198.24,200.0,198.11,198.9,431171
2026-03-12 17:00:00+00:00,AMD,198.87,199.63,197.72,198.25,312541
2026-03-12 18:00:00+00:00,AMD,198.25,198.7,197.66,197.7,298824
2026-03-12 19:00:00+00:00,AMD,197.675,198.6,197.09,197.82,1070022
2026-03-12 20:00:00+00:00,AMD,197.755,198.1,197.6,197.85,2419528
2026-03-12 21:00:00+00:00,AMD,197.94,197.94,197.65,197.65,5476
2026-03-12 22:00:00+00:00,AMD,197.76,198.25,197.45,197.94,15535
2026-03-12 23:00:00+00:00,AMD,197.94,198.32,197.4,197.49,9907
2026-03-13 08:00:00+00:00,AMD,196.94,197.41,195.99,197.27,22100
2026-03-13 09:00:00+00:00,AMD,197.27,198.09,197.27,198.0,8722
2026-03-13 10:00:00+00:00,AMD,197.94,198.97,197.9,198.68,10874
2026-03-13 11:00:00+00:00,AMD,198.78,199.44,198.67,199.32,18516
2026-03-13 12:00:00+00:00,AMD,199.38,200.22,199.12,199.75,35736
2026-03-13 13:00:00+00:00,AMD,199.85,199.85,196.44,198.25,921356
2026-03-13 14:00:00+00:00,AMD,198.25,198.77,195.06,195.43,836680
2026-03-13 15:00:00+00:00,AMD,195.44,196.37,193.48,193.73,746167
2026-03-13 16:00:00+00:00,AMD,193.72,194.46,193.25,193.66,539958
2026-03-13 17:00:00+00:00,AMD,193.64,194.37,192.98,193.05,424805
2026-03-13 18:00:00+00:00,AMD,193.07,193.83,192.86,193.53,505023
2026-03-13 19:00:00+00:00,AMD,193.52,193.54,192.27,193.45,1190282
2026-03-13 20:00:00+00:00,AMD,193.45,193.46,192.7,192.7,1412161
2026-03-13 21:00:00+00:00,AMD,192.72,192.92,192.6,192.76,6200
2026-03-13 22:00:00+00:00,AMD,192.81,193.36,192.8,193.19,4649
2026-03-13 23:00:00+00:00,AMD,193.19,193.21,192.81,192.88,7916
2026-03-16 08:00:00+00:00,AMD,194.93,195.54,193.87,194.58,33172
2026-03-16 09:00:00+00:00,AMD,194.84,194.89,193.56,193.75,27275
2026-03-16 10:00:00+00:00,AMD,193.62,194.7,193.6,194.6,18369
2026-03-16 11:00:00+00:00,AMD,194.5,195.25,194.15,195.04,36993
2026-03-16 12:00:00+00:00,AMD,195.14,195.95,195.1,195.25,45224
2026-03-16 13:00:00+00:00,AMD,195.29,198.4,194.61,197.3,1113938
2026-03-16 14:00:00+00:00,AMD,197.32,198.44,196.69,198.44,823285
2026-03-16 15:00:00+00:00,AMD,198.45,200.18,197.75,199.49,760581
2026-03-16 16:00:00+00:00,AMD,199.495,199.84,198.06,198.52,427318
2026-03-16 17:00:00+00:00,AMD,198.55,199.12,198.12,198.86,352095
2026-03-16 18:00:00+00:00,AMD,198.86,199.4,197.41,197.77,495893
2026-03-16 19:00:00+00:00,AMD,197.77,199.16,195.73,196.56,1330594
2026-03-16 20:00:00+00:00,AMD,196.56,196.94,196.37,196.7,1921272
2026-03-16 21:00:00+00:00,AMD,196.7,197.2,196.59,197.1,9288
2026-03-16 22:00:00+00:00,AMD,197.09,197.09,196.65,196.65,11397
2026-03-16 23:00:00+00:00,AMD,196.65,196.91,196.62,196.85,4178
2026-03-17 08:00:00+00:00,AMD,196.03,196.4,195.51,195.8,6401
2026-03-17 09:00:00+00:00,AMD,195.88,196.35,195.58,196.15,4722
2026-03-17 10:00:00+00:00,AMD,196.2,196.48,196.0,196.24,6242
2026-03-17 11:00:00+00:00,AMD,196.34,196.73,196.05,196.54,19772
2026-03-17 12:00:00+00:00,AMD,196.59,198.17,196.52,198.04,39522
2026-03-17 13:00:00+00:00,AMD,198.03,199.22,195.4,198.84,993834
2026-03-17 14:00:00+00:00,AMD,198.87,199.18,197.03,198.22,524061
2026-03-17 15:00:00+00:00,AMD,198.24,198.54,195.26,196.3,453618
2026-03-17 16:00:00+00:00,AMD,196.28,196.74,195.4,196.27,530018
2026-03-17 17:00:00+00:00,AMD,196.26,196.52,195.49,196.28,239641
2026-03-17 18:00:00+00:00,AMD,196.29,197.09,196.18,196.4,236624
2026-03-17 19:00:00+00:00,AMD,196.41,196.73,196.0,196.31,630367
2026-03-17 20:00:00+00:00,AMD,196.3,196.31,196.0,196.03,1035972
2026-03-17 21:00:00+00:00,AMD,196.03,196.18,195.97,196.12,6417
2026-03-17 22:00:00+00:00,AMD,196.14,196.18,195.98,196.16,15036
2026-03-17 23:00:00+00:00,AMD,196.16,196.2,196.01,196.09,6999
2026-03-18 08:00:00+00:00,AMD,197.87,198.88,197.87,198.55,11568
2026-03-18 09:00:00+00:00,AMD,198.55,199.52,198.55,199.22,14886
2026-03-18 10:00:00+00:00,AMD,199.31,199.35,198.61,198.79,10440
2026-03-18 11:00:00+00:00,AMD,198.99,199.0,198.01,198.13,23979
2026-03-18 12:00:00+00:00,AMD,198.07,198.24,195.37,195.39,79573
2026-03-18 13:00:00+00:00,AMD,195.5,199.77,195.06,199.65,961312
2026-03-18 14:00:00+00:00,AMD,199.62,200.73,198.13,199.26,884933
2026-03-18 15:00:00+00:00,AMD,199.27,200.74,198.41,200.34,676224
2026-03-18 16:00:00+00:00,AMD,200.34,200.355,199.49,199.6,391569
2026-03-18 17:00:00+00:00,AMD,199.63,202.19,199.14,201.98,519041
2026-03-18 18:00:00+00:00,AMD,201.99,202.86,199.52,199.69,807139
2026-03-18 19:00:00+00:00,AMD,199.71,200.85,199.11,199.44,1027136
2026-03-18 20:00:00+00:00,AMD,199.44,199.76,198.02,198.81,1856456
2026-03-18 21:00:00+00:00,AMD,198.88,200.0,198.8,199.48,33865
2026-03-18 22:00:00+00:00,AMD,199.4,199.47,198.5,198.88,16223
2026-03-18 23:00:00+00:00,AMD,198.79,199.59,198.79,199.35,7503
2026-03-19 08:00:00+00:00,AMD,198.3,198.6,197.48,197.6,22485
2026-03-19 09:00:00+00:00,AMD,197.8,198.66,197.0,198.3,16699
2026-03-19 10:00:00+00:00,AMD,198.2,198.46,197.53,197.81,9629
2026-03-19 11:00:00+00:00,AMD,197.97,198.49,197.23,197.63,18693
2026-03-19 12:00:00+00:00,AMD,197.53,197.75,196.01,196.22,37406
2026-03-19 13:00:00+00:00,AMD,196.19,196.88,192.84,196.44,1352587
2026-03-19 14:00:00+00:00,AMD,196.44,199.1,196.2,198.74,749926
2026-03-19 15:00:00+00:00,AMD,198.72,200.4,198.21,199.84,527063
2026-03-19 16:00:00+00:00,AMD,199.84,201.43,199.65,200.53,547047
2026-03-19 17:00:00+00:00,AMD,200.5,201.35,199.24,201.24,312772
2026-03-19 18:00:00+00:00,AMD,201.22,203.33,201.19,203.18,701738
2026-03-19 19:00:00+00:00,AMD,203.19,205.88,203.09,205.23,1725500
2026-03-19 20:00:00+00:00,AMD,205.23,205.62,204.71,204.71,1686581
2026-03-19 21:00:00+00:00,AMD,204.82,205.14,204.8,204.96,7845
2026-03-19 22:00:00+00:00,AMD,204.98,205.12,204.42,204.58,15619
2026-03-19 23:00:00+00:00,AMD,204.6,204.98,204.16,204.98,11729
2026-03-20 08:00:00+00:00,AMD,204.07,204.6,203.5,204.06,6342
2026-03-20 09:00:00+00:00,AMD,204.06,204.2,202.12,202.28,9101
2026-03-20 10:00:00+00:00,AMD,202.25,203.2,200.79,202.99,21750
2026-03-20 11:00:00+00:00,AMD,202.99,203.85,202.85,203.57,15948
2026-03-20 12:00:00+00:00,AMD,203.6,205.0,203.36,204.6,30043
2026-03-20 13:00:00+00:00,AMD,204.6,206.3,201.96,202.0,1922219
2026-03-20 14:00:00+00:00,AMD,202.03,202.42,199.68,201.44,799238
2026-03-20 15:00:00+00:00,AMD,201.42,202.6,200.7,202.35,342279
2026-03-20 16:00:00+00:00,AMD,202.35,202.92,200.91,201.22,211843
2026-03-20 17:00:00+00:00,AMD,201.26,201.68,198.92,199.84,393160
2026-03-20 18:00:00+00:00,AMD,199.885,200.11,198.31,198.75,416144
2026-03-20 19:00:00+00:00,AMD,198.76,201.49,198.27,201.49,1488070
2026-03-20 20:00:00+00:00,AMD,201.49,202.5,200.92,202.18,5876244
2026-03-20 21:00:00+00:00,AMD,202.1,203.08,201.2,202.92,37547
2026-03-20 22:00:00+00:00,AMD,202.92,203.47,202.3,202.54,21045
2026-03-20 23:00:00+00:00,AMD,202.56,202.84,202.45,202.48,7490
2026-03-23 08:00:00+00:00,AMD,197.5,198.0,196.6,197.86,27301
2026-03-23 09:00:00+00:00,AMD,197.54,197.95,196.69,196.93,39748
2026-03-23 10:00:00+00:00,AMD,197.16,197.99,196.66,197.4,24970
2026-03-23 11:00:00+00:00,AMD,197.79,207.27,197.73,202.6,230494
2026-03-23 12:00:00+00:00,AMD,202.51,206.45,201.97,206.45,108913
2026-03-23 13:00:00+00:00,AMD,206.44,209.11,204.5,208.2,1628993
2026-03-23 14:00:00+00:00,AMD,208.21,208.36,205.73,206.86,1262385
2026-03-23 15:00:00+00:00,AMD,206.94,208.25,201.78,202.0,914384
2026-03-23 16:00:00+00:00,AMD,201.95,204.37,201.71,203.49,629524
2026-03-23 17:00:00+00:00,AMD,203.53,204.74,202.95,204.72,420288
2026-03-23 18:00:00+00:00,AMD,204.74,205.9,204.32,204.97,457361
2026-03-23 19:00:00+00:00,AMD,204.94,204.97,202.62,202.62,1092421
2026-03-23 20:00:00+00:00,AMD,202.62,203.18,202.07,203.0,2045542
2026-03-23 21:00:00+00:00,AMD,203.01,203.36,203.0,203.09,3416
2026-03-23 22:00:00+00:00,AMD,203.01,203.48,202.67,203.44,13823
2026-03-23 23:00:00+00:00,AMD,203.3,203.44,202.86,203.13,7730
2026-03-24 08:00:00+00:00,AMD,203.68,204.31,202.2,202.5,7287
2026-03-24 09:00:00+00:00,AMD,202.87,203.49,201.67,203.4,6117
2026-03-24 10:00:00+00:00,AMD,203.07,203.5,202.88,203.14,7645
2026-03-24 11:00:00+00:00,AMD,203.01,203.35,201.8,202.6,13261
2026-03-24 12:00:00+00:00,AMD,202.76,202.91,201.11,201.48,17843
2026-03-24 13:00:00+00:00,AMD,201.4,204.92,200.45,202.5,701712
2026-03-24 14:00:00+00:00,AMD,202.46,203.48,200.18,201.97,657652
2026-03-24 15:00:00+00:00,AMD,201.98,205.12,201.97,203.5,559218
2026-03-24 16:00:00+00:00,AMD,203.53,203.88,201.53,201.66,421541
2026-03-24 17:00:00+00:00,AMD,201.66,203.88,200.13,203.66,468863
2026-03-24 18:00:00+00:00,AMD,203.64,206.18,203.12,205.39,541051
2026-03-24 19:00:00+00:00,AMD,205.43,206.42,204.61,205.385,974551
2026-03-24 20:00:00+00:00,AMD,205.4,208.14,205.06,206.61,1474616
2026-03-24 21:00:00+00:00,AMD,206.45,207.0,205.86,206.68,27914
2026-03-24 22:00:00+00:00,AMD,206.68,207.24,206.12,206.68,14382
2026-03-24 23:00:00+00:00,AMD,206.7,207.05,206.53,206.9,8927
2026-03-25 08:00:00+00:00,AMD,207.57,209.32,207.01,208.61,25191
2026-03-25 09:00:00+00:00,AMD,208.54,210.48,208.36,209.63,27742
2026-03-25 10:00:00+00:00,AMD,209.63,210.01,208.8,209.43,19299
2026-03-25 11:00:00+00:00,AMD,209.31,210.8,209.03,210.04,46956
2026-03-25 12:00:00+00:00,AMD,210.1,211.5,209.87,210.96,138168
2026-03-25 13:00:00+00:00,AMD,210.61,218.66,210.34,215.47,2644968
2026-03-25 14:00:00+00:00,AMD,215.46,219.96,214.5,219.38,2174033
2026-03-25 15:00:00+00:00,AMD,219.39,219.93,217.2,217.99,1492552
2026-03-25 16:00:00+00:00,AMD,218.0,218.71,216.655,218.2,909705
2026-03-25 17:00:00+00:00,AMD,218.19,220.57,217.45,219.92,1121509
2026-03-25 18:00:00+00:00,AMD,219.93,221.33,219.55,220.29,1055733
2026-03-25 19:00:00+00:00,AMD,220.28,221.2,219.55,220.32,1867621
2026-03-25 20:00:00+00:00,AMD,220.33,220.99,220.15,220.19,2643757
2026-03-25 21:00:00+00:00,AMD,220.18,220.25,219.5,219.6,13664
2026-03-25 22:00:00+00:00,AMD,219.57,219.81,219.12,219.35,14666
2026-03-25 23:00:00+00:00,AMD,219.36,220.0,219.06,219.87,31676
2026-03-26 08:00:00+00:00,AMD,218.9,218.9,216.4,217.0,50689
2026-03-26 09:00:00+00:00,AMD,216.85,217.29,215.73,216.64,32039
2026-03-26 10:00:00+00:00,AMD,216.5,217.16,216.38,216.6,19120
2026-03-26 11:00:00+00:00,AMD,216.74,217.5,216.0,216.08,37596
2026-03-26 12:00:00+00:00,AMD,216.15,216.59,215.49,216.3,64103
2026-03-26 13:00:00+00:00,AMD,216.25,221.0,214.66,215.18,1632683
2026-03-26 14:00:00+00:00,AMD,215.2,216.16,207.3,207.85,2267851
2026-03-26 15:00:00+00:00,AMD,207.84,209.29,206.43,208.66,1428977
2026-03-26 16:00:00+00:00,AMD,208.67,209.19,205.44,206.47,1132352
2026-03-26 17:00:00+00:00,AMD,206.46,206.65,204.71,205.0,855736
2026-03-26 18:00:00+00:00,AMD,205.0,206.02,204.7,205.72,723679
2026-03-26 19:00:00+00:00,AMD,205.71,205.76,203.44,203.83,2001856
2026-03-26 20:00:00+00:00,AMD,203.83,205.66,203.05,204.55,3451158
2026-03-26 21:00:00+00:00,AMD,204.65,205.43,204.61,204.97,18828
2026-03-26 22:00:00+00:00,AMD,204.9,205.39,204.9,205.29,9571
2026-03-26 23:00:00+00:00,AMD,205.29,205.39,205.02,205.31,11059
2026-03-27 08:00:00+00:00,AMD,205.75,206.02,203.1,203.68,27850
2026-03-27 09:00:00+00:00,AMD,203.5,204.41,202.02,202.86,28357
2026-03-27 10:00:00+00:00,AMD,202.87,203.34,201.1,201.67,26796
2026-03-27 11:00:00+00:00,AMD,201.56,202.6,200.8,202.16,29685
2026-03-27 12:00:00+00:00,AMD,202.18,202.4,201.02,201.2,37078
2026-03-27 13:00:00+00:00,AMD,201.19,203.26,198.14,198.4,1103756
2026-03-27 14:00:00+00:00,AMD,198.39,200.64,197.69,199.05,1075972
2026-03-27 15:00:00+00:00,AMD,199.07,201.99,198.68,201.57,682762
2026-03-27 16:00:00+00:00,AMD,201.61,202.02,200.4,201.72,451565
2026-03-27 17:00:00+00:00,AMD,201.73,203.26,201.16,201.55,704383
2026-03-27 18:00:00+00:00,AMD,201.55,202.04,200.69,201.68,477324
2026-03-27 19:00:00+00:00,AMD,201.7,202.29,200.82,201.98,1218235
2026-03-27 20:00:00+00:00,AMD,201.97,202.77,200.63,201.17,1924116
2026-03-27 21:00:00+00:00,AMD,201.18,201.31,200.88,200.88,8866
2026-03-27 22:00:00+00:00,AMD,200.88,201.25,200.34,200.46,12453
2026-03-27 23:00:00+00:00,AMD,200.39,200.45,199.82,199.85,11737
2026-03-30 08:00:00+00:00,AMD,203.06,205.0,202.91,204.95,19842
2026-03-30 09:00:00+00:00,AMD,204.91,205.0,203.17,203.52,11503
2026-03-30 10:00:00+00:00,AMD,203.4,203.84,203.12,203.53,8607
2026-03-30 11:00:00+00:00,AMD,203.47,205.51,203.01,204.63,53000
2026-03-30 12:00:00+00:00,AMD,204.76,206.05,204.3,205.56,41227
2026-03-30 13:00:00+00:00,AMD,205.62,208.42,201.88,202.42,1390312
2026-03-30 14:00:00+00:00,AMD,202.43,205.53,199.16,201.275,1267026
2026-03-30 15:00:00+00:00,AMD,201.27,202.48,198.85,199.32,969510
2026-03-30 16:00:00+00:00,AMD,199.325,199.4,197.07,197.31,823869
2026-03-30 17:00:00+00:00,AMD,197.35,197.65,195.77,196.61,1002030
2026-03-30 18:00:00+00:00,AMD,196.64,196.95,195.0,195.22,822111
2026-03-30 19:00:00+00:00,AMD,195.2,196.47,192.87,196.05,2200650
2026-03-30 20:00:00+00:00,AMD,196.05,196.55,195.0,195.7,3069696
2026-03-30 21:00:00+00:00,AMD,195.72,195.81,195.55,195.7,10259
2026-03-30 22:00:00+00:00,AMD,195.72,196.1,195.13,195.22,10712
2026-03-30 23:00:00+00:00,AMD,195.22,195.22,193.8,193.8,15047
2026-03-31 08:00:00+00:00,AMD,198.43,199.26,197.87,198.17,18911
2026-03-31 09:00:00+00:00,AMD,198.21,198.58,197.54,197.77,9190
2026-03-31 10:00:00+00:00,AMD,197.75,198.04,196.9,197.25,6164
2026-03-31 11:00:00+00:00,AMD,197.41,198.5,196.75,198.39,34670
2026-03-31 12:00:00+00:00,AMD,198.4,200.05,198.4,199.11,53451
2026-03-31 13:00:00+00:00,AMD,199.21,200.88,196.88,200.86,970147
2026-03-31 14:00:00+00:00,AMD,200.87,201.92,198.18,199.18,1165262
2026-03-31 15:00:00+00:00,AMD,199.18,200.68,196.65,196.69,894257
2026-03-31 16:00:00+00:00,AMD,196.68,202.36,196.42,201.72,1422835
2026-03-31 17:00:00+00:00,AMD,201.7,203.31,201.18,201.495,843354
2026-03-31 18:00:00+00:00,AMD,201.52,203.71,201.45,203.42,609805
2026-03-31 19:00:00+00:00,AMD,203.44,204.0,202.95,203.34,1603290
2026-03-31 20:00:00+00:00,AMD,203.43,203.49,202.55,202.88,4776891
2026-03-31 21:00:00+00:00,AMD,202.86,202.99,202.66,202.9,7409
2026-03-31 22:00:00+00:00,AMD,202.89,203.84,202.83,203.4,25116
2026-03-31 23:00:00+00:00,AMD,203.4,204.96,203.2,204.9,16043
2026-04-01 08:00:00+00:00,AMD,205.87,206.03,204.21,205.65,23386
2026-04-01 09:00:00+00:00,AMD,205.63,205.66,204.3,205.06,15116
2026-04-01 10:00:00+00:00,AMD,205.13,206.4,205.01,206.27,14792
2026-04-01 11:00:00+00:00,AMD,206.03,207.97,205.9,207.9,50722
2026-04-01 12:00:00+00:00,AMD,207.85,209.0,206.2,206.38,90654
2026-04-01 13:00:00+00:00,AMD,206.45,210.58,205.84,209.56,1486887
2026-04-01 14:00:00+00:00,AMD,209.57,212.06,208.42,211.92,1508884
2026-04-01 15:00:00+00:00,AMD,211.92,213.42,211.45,213.16,1086381
2026-04-01 16:00:00+00:00,AMD,213.17,213.71,212.76,213.02,701468
2026-04-01 17:00:00+00:00,AMD,213.02,213.83,211.41,211.41,779793
2026-04-01 18:00:00+00:00,AMD,211.43,211.54,208.76,209.88,798074
2026-04-01 19:00:00+00:00,AMD,209.88,212.08,209.83,210.19,1382150
2026-04-01 20:00:00+00:00,AMD,210.21,210.22,209.65,209.76,2377503
2026-04-01 21:00:00+00:00,AMD,209.83,210.19,209.77,210.0,4155
2026-04-01 22:00:00+00:00,AMD,209.86,210.45,209.8,210.05,10984
2026-04-01 23:00:00+00:00,AMD,210.13,210.4,210.01,210.36,5996
2026-04-02 08:00:00+00:00,AMD,205.37,206.32,204.5,205.6,26803
2026-04-02 09:00:00+00:00,AMD,205.72,205.9,204.61,205.06,27477
2026-04-02 10:00:00+00:00,AMD,205.2,205.25,203.74,204.57,28095
2026-04-02 11:00:00+00:00,AMD,204.4,205.11,203.51,203.76,49255
2026-04-02 12:00:00+00:00,AMD,203.68,204.31,203.2,203.81,31205
2026-04-02 13:00:00+00:00,AMD,203.97,206.85,200.62,206.57,1281478
2026-04-02 14:00:00+00:00,AMD,206.61,213.62,205.52,213.38,1444073
2026-04-02 15:00:00+00:00,AMD,213.36,214.89,212.03,214.135,1069014
2026-04-02 16:00:00+00:00,AMD,214.14,214.59,212.37,213.745,537740
2026-04-02 17:00:00+00:00,AMD,213.72,215.61,213.32,215.12,526393
2026-04-02 18:00:00+00:00,AMD,215.14,216.15,214.85,215.945,563248
2026-04-02 19:00:00+00:00,AMD,215.95,217.78,215.83,217.56,1629619
2026-04-02 20:00:00+00:00,AMD,217.56,217.68,217.28,217.3,2128444
2026-04-02 21:00:00+00:00,AMD,217.38,217.49,217.16,217.3,49552
2026-04-02 22:00:00+00:00,AMD,217.31,217.5,217.08,217.08,12168
2026-04-02 23:00:00+00:00,AMD,217.07,217.29,217.0,217.22,9178
2026-04-06 08:00:00+00:00,AMD,218.03,220.25,218.01,219.3,36680
2026-04-06 09:00:00+00:00,AMD,219.46,220.39,219.46,219.6,21465
2026-04-06 10:00:00+00:00,AMD,219.71,220.06,218.73,218.9,16680
2026-04-06 11:00:00+00:00,AMD,218.84,219.1,218.22,218.45,58671
2026-04-06 12:00:00+00:00,AMD,218.53,219.24,218.41,218.58,25984
2026-04-06 13:00:00+00:00,AMD,218.49,226.31,218.24,222.94,1914880
2026-04-06 14:00:00+00:00,AMD,222.92,223.37,219.6,220.76,1064921
2026-04-06 15:00:00+00:00,AMD,220.78,221.29,219.31,220.835,449931
2026-04-06 16:00:00+00:00,AMD,220.85,221.11,219.2,219.34,407920
2026-04-06 17:00:00+00:00,AMD,219.34,220.41,217.75,219.59,553762
2026-04-06 18:00:00+00:00,AMD,219.57,220.52,219.24,220.01,261532
2026-04-06 19:00:00+00:00,AMD,220.06,220.61,219.49,220.19,867550
2026-04-06 20:00:00+00:00,AMD,220.16,220.18,219.77,219.87,2003082
2026-04-06 21:00:00+00:00,AMD,219.89,220.15,219.78,219.78,5559
2026-04-06 22:00:00+00:00,AMD,219.85,219.9,219.01,219.3,9385
2026-04-06 23:00:00+00:00,AMD,219.3,219.3,218.79,219.0,19127
2026-04-07 08:00:00+00:00,AMD,218.12,220.66,218.12,219.68,21572
2026-04-07 09:00:00+00:00,AMD,219.81,220.27,219.32,219.44,6011
2026-04-07 10:00:00+00:00,AMD,219.41,219.73,216.75,217.0,21906
2026-04-07 11:00:00+00:00,AMD,217.06,217.92,216.6,216.93,21962
2026-04-07 12:00:00+00:00,AMD,216.9,217.41,215.57,216.6,44345
2026-04-07 13:00:00+00:00,AMD,216.64,222.08,216.4,217.37,877021
2026-04-07 14:00:00+00:00,AMD,217.3,218.94,215.36,217.5,763035
2026-04-07 15:00:00+00:00,AMD,217.48,218.63,215.91,217.03,478764
2026-04-07 16:00:00+00:00,AMD,217.02,220.0,216.9,219.07,427485
2026-04-07 17:00:00+00:00,AMD,219.04,219.75,218.28,218.86,371711
2026-04-07 18:00:00+00:00,AMD,218.87,219.29,216.8,217.39,368181
2026-04-07 19:00:00+00:00,AMD,217.37,221.64,217.11,221.43,1210721
2026-04-07 20:00:00+00:00,AMD,221.44,221.67,220.45,221.25,1580365
2026-04-07 21:00:00+00:00,AMD,221.1,221.78,221.1,221.66,11855
2026-04-07 22:00:00+00:00,AMD,221.75,228.36,221.74,228.06,217818
2026-04-07 23:00:00+00:00,AMD,228.04,229.62,227.81,229.35,147841
2026-04-08 08:00:00+00:00,AMD,230.41,232.74,230.18,232.6,52087
2026-04-08 09:00:00+00:00,AMD,232.66,233.31,232.0,232.1,19089
2026-04-08 10:00:00+00:00,AMD,232.1,232.4,231.63,231.89,19946
2026-04-08 11:00:00+00:00,AMD,231.7,232.2,230.8,232.0,48934
2026-04-08 12:00:00+00:00,AMD,231.99,233.3,231.6,231.87,59711
2026-04-08 13:00:00+00:00,AMD,231.86,234.0,228.78,228.78,1529536
2026-04-08 14:00:00+00:00,AMD,228.77,230.35,227.09,228.35,892100
2026-04-08 15:00:00+00:00,AMD,228.4,232.61,228.38,231.87,1112172
2026-04-08 16:00:00+00:00,AMD,231.85,233.55,230.98,233.29,561251
2026-04-08 17:00:00+00:00,AMD,233.28,233.56,231.62,232.9,409610
2026-04-08 18:00:00+00:00,AMD,232.93,233.73,229.91,230.045,663957
2026-04-08 19:00:00+00:00,AMD,230.03,231.9,229.58,231.88,1114716
2026-04-08 20:00:00+00:00,AMD,231.88,232.0,230.51,230.64,2829102
2026-04-08 21:00:00+00:00,AMD,230.62,230.86,230.55,230.72,3040
2026-04-08 22:00:00+00:00,AMD,230.73,231.0,230.03,230.22,14464
2026-04-08 23:00:00+00:00,AMD,230.11,230.33,229.57,229.58,11877
2026-04-09 08:00:00+00:00,AMD,229.6,230.1,229.25,229.53,4441
2026-04-09 09:00:00+00:00,AMD,229.55,230.34,229.55,230.32,5493
2026-04-09 10:00:00+00:00,AMD,230.37,230.37,229.68,229.68,5587
2026-04-09 11:00:00+00:00,AMD,229.95,230.74,229.62,230.4,18395
2026-04-09 12:00:00+00:00,AMD,230.49,231.17,230.2,230.96,20529
2026-04-09 13:00:00+00:00,AMD,230.94,235.99,230.05,233.63,1325689
2026-04-09 14:00:00+00:00,AMD,233.58,235.53,231.77,235.21,732013
2026-04-09 15:00:00+00:00,AMD,235.2,236.5,233.99,235.99,743327
2026-04-09 16:00:00+00:00,AMD,235.99,236.87,234.03,234.33,428613
2026-04-09 17:00:00+00:00,AMD,234.33,234.85,233.44,233.945,344368
2026-04-09 18:00:00+00:00,AMD,233.95,236.2,233.44,236.05,535457
2026-04-09 19:00:00+00:00,AMD,236.05,237.1,236.02,236.6,829263
2026-04-09 20:00:00+00:00,AMD,236.6,236.64,235.85,236.09,1807099
2026-04-09 21:00:00+00:00,AMD,236.07,236.15,235.82,236.0,3106
2026-04-09 22:00:00+00:00,AMD,236.01,236.46,235.9,235.95,12423
2026-04-09 23:00:00+00:00,AMD,236.05,236.12,235.85,235.85,6090
2026-04-10 08:00:00+00:00,AMD,236.34,236.35,235.56,235.62,7961
2026-04-10 09:00:00+00:00,AMD,235.7,236.5,235.43,236.4,6413
2026-04-10 10:00:00+00:00,AMD,236.41,236.88,236.23,236.84,5159
2026-04-10 11:00:00+00:00,AMD,236.89,237.88,236.89,237.7,22267
2026-04-10 12:00:00+00:00,AMD,237.68,239.03,237.46,238.6,47522
2026-04-10 13:00:00+00:00,AMD,238.55,249.49,238.2,247.32,2524304
2026-04-10 14:00:00+00:00,AMD,247.28,248.69,244.6,248.5,1130323
2026-04-10 15:00:00+00:00,AMD,248.5,249.56,244.84,245.2,898491
2026-04-10 16:00:00+00:00,AMD,245.23,245.66,243.62,245.29,673888
2026-04-10 17:00:00+00:00,AMD,245.3,246.09,244.7,245.83,391499
2026-04-10 18:00:00+00:00,AMD,245.8,246.32,244.92,245.22,372049
2026-04-10 19:00:00+00:00,AMD,245.21,246.15,244.8,245.02,993495
2026-04-10 20:00:00+00:00,AMD,245.02,245.69,244.41,245.69,2064503
2026-04-10 21:00:00+00:00,AMD,245.67,245.67,245.14,245.19,6644
2026-04-10 22:00:00+00:00,AMD,245.19,245.26,244.9,245.0,6870
2026-04-10 23:00:00+00:00,AMD,244.99,245.49,244.93,245.36,7325
2026-04-13 08:00:00+00:00,AMD,241.11,242.31,241.1,241.33,26181
2026-04-13 09:00:00+00:00,AMD,241.46,243.0,241.46,242.63,11611
2026-04-13 10:00:00+00:00,AMD,242.74,242.79,241.81,242.68,10514
2026-04-13 11:00:00+00:00,AMD,242.69,243.28,241.6,241.6,20316
2026-04-13 12:00:00+00:00,AMD,241.6,243.0,241.46,242.45,34472
2026-04-13 13:00:00+00:00,AMD,242.53,246.33,242.05,243.74,1202917
2026-04-13 14:00:00+00:00,AMD,243.67,244.52,242.63,244.35,605882
2026-04-13 15:00:00+00:00,AMD,244.35,245.21,243.41,245.2,480413
2026-04-13 16:00:00+00:00,AMD,245.195,246.1,244.42,246.02,434511
2026-04-13 17:00:00+00:00,AMD,246.04,246.33,245.04,245.09,274482
2026-04-13 18:00:00+00:00,AMD,245.1,247.09,244.85,246.93,368484
2026-04-13 19:00:00+00:00,AMD,246.94,247.3,246.31,246.78,943587
2026-04-13 20:00:00+00:00,AMD,246.83,246.98,246.45,246.75,1583546
2026-04-13 21:00:00+00:00,AMD,246.72,246.85,246.61,246.85,9943
2026-04-13 22:00:00+00:00,AMD,246.85,247.1,246.81,246.98,7232
2026-04-13 23:00:00+00:00,AMD,246.97,247.19,246.7,246.75,6506
2026-04-14 08:00:00+00:00,AMD,248.22,249.5,246.74,249.12,20186
2026-04-14 09:00:00+00:00,AMD,249.23,249.4,248.44,248.6,7706
2026-04-14 10:00:00+00:00,AMD,248.67,248.92,248.15,248.15,5855
2026-04-14 11:00:00+00:00,AMD,248.15,249.59,248.03,249.22,21366
2026-04-14 12:00:00+00:00,AMD,249.28,250.31,249.1,249.77,60418
2026-04-14 13:00:00+00:00,AMD,249.75,252.03,245.69,247.88,1107054
2026-04-14 14:00:00+00:00,AMD,247.87,249.9,246.65,249.49,545334
2026-04-14 15:00:00+00:00,AMD,249.48,252.37,248.14,251.83,613979
2026-04-14 16:00:00+00:00,AMD,251.79,253.12,251.77,252.3,421097
2026-04-14 17:00:00+00:00,AMD,252.32,253.84,252.3,253.63,350540
2026-04-14 18:00:00+00:00,AMD,253.65,254.24,252.78,254.14,437659
2026-04-14 19:00:00+00:00,AMD,254.11,255.45,253.99,255.06,1186815
2026-04-14 20:00:00+00:00,AMD,255.03,255.07,254.24,254.28,1827513
2026-04-14 21:00:00+00:00,AMD,254.28,254.42,252.74,253.5,28715
2026-04-14 22:00:00+00:00,AMD,253.4,253.6,252.81,253.1,14928
2026-04-14 23:00:00+00:00,AMD,253.09,253.77,252.74,253.27,17191
2026-04-15 08:00:00+00:00,AMD,253.18,254.56,252.99,254.24,18438
2026-04-15 09:00:00+00:00,AMD,254.16,254.41,253.42,253.5,7159
2026-04-15 10:00:00+00:00,AMD,253.26,253.88,252.13,253.32,13264
2026-04-15 11:00:00+00:00,AMD,253.29,254.14,252.7,252.93,32168
2026-04-15 12:00:00+00:00,AMD,252.87,253.0,252.12,252.44,22359
2026-04-15 13:00:00+00:00,AMD,252.49,256.53,252.17,255.52,959346
2026-04-15 14:00:00+00:00,AMD,255.59,257.6,254.41,256.61,893421
2026-04-15 15:00:00+00:00,AMD,256.63,257.45,255.73,256.04,550931
2026-04-15 16:00:00+00:00,AMD,256.05,256.67,251.86,253.24,676998
2026-04-15 17:00:00+00:00,AMD,253.25,254.68,253.04,254.17,439911
2026-04-15 18:00:00+00:00,AMD,254.18,255.55,253.7,255.35,380602
2026-04-15 19:00:00+00:00,AMD,255.37,258.18,255.17,258.11,1291103
2026-04-15 20:00:00+00:00,AMD,258.11,258.16,257.3,257.99,1904336
2026-04-15 21:00:00+00:00,AMD,257.94,257.99,257.51,257.62,3842
2026-04-15 22:00:00+00:00,AMD,257.6,258.19,257.6,258.1,19873
2026-04-15 23:00:00+00:00,AMD,258.19,258.37,258.05,258.37,11886
2026-04-16 08:00:00+00:00,AMD,260.83,260.94,259.23,260.5,22718
2026-04-16 09:00:00+00:00,AMD,260.49,260.89,259.55,259.76,9620
2026-04-16 10:00:00+00:00,AMD,259.99,259.99,257.15,258.2,26102
2026-04-16 11:00:00+00:00,AMD,258.27,258.98,257.52,258.42,27562
2026-04-16 12:00:00+00:00,AMD,258.33,258.59,257.27,257.43,24897
2026-04-16 13:00:00+00:00,AMD,257.4,270.12,257.2,263.3,2879095
2026-04-16 14:00:00+00:00,AMD,263.3,272.62,263.2,270.94,1782409
2026-04-16 15:00:00+00:00,AMD,270.925,278.36,270.45,277.89,2013720
2026-04-16 16:00:00+00:00,AMD,277.87,279.33,275.37,277.48,1203291
2026-04-16 17:00:00+00:00,AMD,277.49,277.75,274.26,274.66,786854
2026-04-16 18:00:00+00:00,AMD,274.63,275.14,271.97,273.46,969978
2026-04-16 19:00:00+00:00,AMD,273.46,278.4,273.38,278.26,2030822
2026-04-16 20:00:00+00:00,AMD,278.26,278.44,277.12,277.48,2483334
2026-04-16 21:00:00+00:00,AMD,277.45,277.45,276.57,276.57,26228
2026-04-16 22:00:00+00:00,AMD,276.62,277.2,276.05,276.29,12641
2026-04-16 23:00:00+00:00,AMD,276.3,277.43,276.3,277.31,16830
2026-04-17 08:00:00+00:00,AMD,277.4,277.85,276.3,277.1,24871
2026-04-17 09:00:00+00:00,AMD,277.07,277.65,276.58,277.3,15539
2026-04-17 10:00:00+00:00,AMD,277.2,277.7,276.51,277.04,19945
2026-04-17 11:00:00+00:00,AMD,276.8,277.27,276.25,276.71,46888
2026-04-17 12:00:00+00:00,AMD,276.7,277.5,271.55,276.99,248422
2026-04-17 13:00:00+00:00,AMD,277.0,279.4,274.15,276.64,2365857
2026-04-17 14:00:00+00:00,AMD,276.69,279.515,276.22,277.6,1106528
2026-04-17 15:00:00+00:00,AMD,277.6,278.16,276.11,276.37,609105
2026-04-17 16:00:00+00:00,AMD,276.36,280.04,276.26,279.62,909224
2026-04-17 17:00:00+00:00,AMD,279.61,280.06,277.56,279.33,663521
2026-04-17 18:00:00+00:00,AMD,279.35,279.72,277.12,277.48,400841
2026-04-17 19:00:00+00:00,AMD,277.53,278.67,277.03,278.28,1135814
2026-04-17 20:00:00+00:00,AMD,278.28,278.43,277.74,278.09,2497020
2026-04-17 21:00:00+00:00,AMD,278.09,278.09,277.84,277.85,4954
2026-04-17 22:00:00+00:00,AMD,277.85,277.93,277.53,277.53,5469
2026-04-17 23:00:00+00:00,AMD,277.5,277.56,277.02,277.25,10285
2026-04-20 08:00:00+00:00,AMD,274.55,275.56,273.4,275.41,23503
2026-04-20 09:00:00+00:00,AMD,275.23,275.7,274.99,275.46,5829
2026-04-20 10:00:00+00:00,AMD,275.42,276.89,275.41,276.75,13065
2026-04-20 11:00:00+00:00,AMD,276.56,276.8,275.8,276.22,23673
2026-04-20 12:00:00+00:00,AMD,276.3,279.54,276.25,279.25,56649
2026-04-20 13:00:00+00:00,AMD,279.13,287.63,279.13,279.68,2032618
2026-04-20 14:00:00+00:00,AMD,279.71,279.8,274.06,274.315,1056974
2026-04-20 15:00:00+00:00,AMD,274.4,276.1,272.15,274.61,620657
2026-04-20 16:00:00+00:00,AMD,274.61,275.2,273.22,273.71,372426
2026-04-20 17:00:00+00:00,AMD,273.68,274.27,272.86,274.05,390358
2026-04-20 18:00:00+00:00,AMD,274.08,276.32,273.22,276.13,388675
2026-04-20 19:00:00+00:00,AMD,276.13,276.49,274.15,274.94,824984
2026-04-20 20:00:00+00:00,AMD,274.94,275.39,274.22,274.22,1535823
2026-04-20 21:00:00+00:00,AMD,274.22,274.64,274.22,274.5,4286
2026-04-20 22:00:00+00:00,AMD,274.46,274.99,274.45,274.75,7376
2026-04-20 23:00:00+00:00,AMD,274.79,274.99,274.65,274.82,11880
2026-04-21 08:00:00+00:00,AMD,276.13,276.8,275.68,276.38,10846
2026-04-21 09:00:00+00:00,AMD,276.28,276.46,275.79,276.46,4030
2026-04-21 10:00:00+00:00,AMD,276.35,277.47,276.35,277.03,13575
2026-04-21 11:00:00+00:00,AMD,277.03,277.92,276.08,277.39,69414
2026-04-21 12:00:00+00:00,AMD,277.39,279.83,276.66,277.18,115553
2026-04-21 13:00:00+00:00,AMD,277.3,280.43,276.65,280.26,1425052
2026-04-21 14:00:00+00:00,AMD,280.25,282.035,277.24,277.9,960855
2026-04-21 15:00:00+00:00,AMD,277.93,282.91,276.72,281.52,1038484
2026-04-21 16:00:00+00:00,AMD,281.6,283.96,281.57,282.45,767199
2026-04-21 17:00:00+00:00,AMD,282.45,284.25,281.1,282.78,701642
2026-04-21 18:00:00+00:00,AMD,282.785,285.15,282.77,283.87,850693
2026-04-21 19:00:00+00:00,AMD,283.905,286.19,281.85,284.53,1779867
2026-04-21 20:00:00+00:00,AMD,284.55,287.92,284.03,286.58,1846378
2026-04-21 21:00:00+00:00,AMD,286.56,286.6,285.65,285.9,14791
2026-04-21 22:00:00+00:00,AMD,285.8,286.23,285.73,285.99,9509
2026-04-21 23:00:00+00:00,AMD,285.95,287.91,285.94,287.65,21354
2026-04-22 08:00:00+00:00,AMD,289.99,291.71,289.71,290.84,39378
2026-04-22 09:00:00+00:00,AMD,290.8,291.0,289.5,289.89,21732
2026-04-22 10:00:00+00:00,AMD,289.83,290.28,289.01,289.3,10357
2026-04-22 11:00:00+00:00,AMD,289.29,290.56,289.25,290.56,33312
2026-04-22 12:00:00+00:00,AMD,290.54,292.4,289.8,291.73,136337
2026-04-22 13:00:00+00:00,AMD,291.76,292.79,286.14,288.41,1702473
2026-04-22 14:00:00+00:00,AMD,288.33,296.15,287.34,294.35,1432960
2026-04-22 15:00:00+00:00,AMD,294.37,298.16,293.46,295.97,817541
2026-04-22 16:00:00+00:00,AMD,296.0,298.36,294.65,298.36,624811
2026-04-22 17:00:00+00:00,AMD,298.33,301.0,298.3,300.31,1470526
2026-04-22 18:00:00+00:00,AMD,300.32,302.6,299.07,301.76,860618
2026-04-22 19:00:00+00:00,AMD,301.775,304.12,300.64,303.45,1757039
2026-04-22 20:00:00+00:00,AMD,303.41,304.44,302.38,303.15,2298324
2026-04-22 21:00:00+00:00,AMD,303.2,303.43,302.03,302.35,22383
2026-04-22 22:00:00+00:00,AMD,302.32,302.65,302.02,302.02,14462
2026-04-22 23:00:00+00:00,AMD,302.0,302.73,301.61,302.67,14376
2026-04-23 08:00:00+00:00,AMD,303.01,303.01,299.58,299.8,14099
2026-04-23 09:00:00+00:00,AMD,299.8,300.35,298.32,299.66,28181
2026-04-23 10:00:00+00:00,AMD,299.66,301.21,299.06,300.84,22111
2026-04-23 11:00:00+00:00,AMD,300.99,301.9,300.09,301.62,54713
2026-04-23 12:00:00+00:00,AMD,301.6,302.35,300.97,301.5,77825
2026-04-23 13:00:00+00:00,AMD,301.54,305.42,300.15,302.66,1701520
2026-04-23 14:00:00+00:00,AMD,302.65,306.77,301.23,306.4,1020900
2026-04-23 15:00:00+00:00,AMD,306.45,310.2,306.03,307.685,926982
2026-04-23 16:00:00+00:00,AMD,307.76,309.85,306.19,309.09,475428
2026-04-23 17:00:00+00:00,AMD,309.13,309.46,299.8,304.03,1159684
2026-04-23 18:00:00+00:00,AMD,304.01,306.05,303.03,303.55,532653
2026-04-23 19:00:00+00:00,AMD,303.59,305.48,302.68,305.24,819068
2026-04-23 20:00:00+00:00,AMD,305.22,319.83,304.75,317.79,3011687
2026-04-23 21:00:00+00:00,AMD,317.67,329.5,317.61,329.2,640487
2026-04-23 22:00:00+00:00,AMD,329.1,330.78,326.62,327.31,329858
2026-04-23 23:00:00+00:00,AMD,327.1,329.14,326.02,328.61,132608
2026-04-24 08:00:00+00:00,AMD,327.96,329.76,326.27,327.88,51320
2026-04-24 09:00:00+00:00,AMD,327.95,331.74,327.0,331.6,72364
2026-04-24 10:00:00+00:00,AMD,331.75,340.27,331.0,336.31,359820
2026-04-24 11:00:00+00:00,AMD,336.33,346.5,336.13,341.36,646517
2026-04-24 12:00:00+00:00,AMD,341.36,341.5,335.88,339.51,581413
2026-04-24 13:00:00+00:00,AMD,339.5,347.9,334.51,340.77,5007432
2026-04-24 14:00:00+00:00,AMD,340.68,349.51,339.1,345.95,2520672
2026-04-24 15:00:00+00:00,AMD,345.95,351.645,345.72,351.5,2369068
2026-04-24 16:00:00+00:00,AMD,351.475,352.99,348.2,348.35,1333926
2026-04-24 17:00:00+00:00,AMD,348.33,349.77,346.32,348.86,1000166
2026-04-24 18:00:00+00:00,AMD,348.9,349.41,345.59,345.9,820238
2026-04-24 19:00:00+00:00,AMD,345.95,347.93,344.53,347.76,1887590
2026-04-24 20:00:00+00:00,AMD,347.77,349.36,347.45,348.69,3763500
2026-04-24 21:00:00+00:00,AMD,348.74,348.79,348.41,348.61,20173
2026-04-24 22:00:00+00:00,AMD,348.61,348.65,348.09,348.13,13249
2026-04-24 23:00:00+00:00,AMD,348.1,349.85,348.01,348.84,22482
2026-04-27 08:00:00+00:00,AMD,348.99,351.55,345.2,350.76,77010
2026-04-27 09:00:00+00:00,AMD,350.97,354.12,350.97,352.05,60084
2026-04-27 10:00:00+00:00,AMD,352.35,354.86,350.08,352.68,126584
2026-04-27 11:00:00+00:00,AMD,352.7,354.81,352.45,353.15,202011
2026-04-27 12:00:00+00:00,AMD,353.12,353.12,346.1,346.86,235937
2026-04-27 13:00:00+00:00,AMD,346.86,349.21,328.83,335.86,3080079
2026-04-27 14:00:00+00:00,AMD,335.78,338.0,333.14,335.44,1341572
2026-04-27 15:00:00+00:00,AMD,335.48,336.44,332.0,332.71,862666
2026-04-27 16:00:00+00:00,AMD,332.73,336.3,331.56,334.03,1139840
2026-04-27 17:00:00+00:00,AMD,334.08,337.0,333.06,335.12,487607
2026-04-27 18:00:00+00:00,AMD,335.07,337.8,334.7,337.2,535107
2026-04-27 19:00:00+00:00,AMD,337.09,337.63,334.21,334.59,947905
2026-04-27 20:00:00+00:00,AMD,334.48,335.52,334.36,334.61,3498449
2026-04-27 21:00:00+00:00,AMD,334.65,335.0,334.61,334.7,15051
2026-04-27 22:00:00+00:00,AMD,334.7,335.97,334.7,335.6,21920
2026-04-27 23:00:00+00:00,AMD,335.61,335.81,334.77,335.0,13425
2026-04-28 08:00:00+00:00,AMD,328.75,328.8,324.45,326.45,59264
2026-04-28 09:00:00+00:00,AMD,326.45,326.56,320.29,322.75,70697
2026-04-28 10:00:00+00:00,AMD,322.7,323.36,320.18,321.68,72068
2026-04-28 11:00:00+00:00,AMD,321.73,321.99,313.78,315.8,307154
2026-04-28 12:00:00+00:00,AMD,315.82,318.2,314.55,316.95,345492
2026-04-28 13:00:00+00:00,AMD,316.89,325.5,309.53,322.95,3205209
2026-04-28 14:00:00+00:00,AMD,322.88,327.515,316.22,319.85,1487984
2026-04-28 15:00:00+00:00,AMD,319.84,321.68,317.81,319.9,650424
2026-04-28 16:00:00+00:00,AMD,319.95,322.56,319.12,322.2,402350
2026-04-28 17:00:00+00:00,AMD,322.11,325.12,321.3,324.84,425037
2026-04-28 18:00:00+00:00,AMD,324.84,326.34,324.33,325.75,438089
2026-04-28 19:00:00+00:00,AMD,325.8,326.75,322.62,323.08,970233
2026-04-28 20:00:00+00:00,AMD,323.08,325.67,323.0,323.8,2898330
2026-04-28 21:00:00+00:00,AMD,323.76,324.4,323.32,323.83,10741
2026-04-28 22:00:00+00:00,AMD,323.84,324.68,323.84,324.49,8669
2026-04-28 23:00:00+00:00,AMD,324.53,325.88,324.22,325.85,15619
2026-04-29 08:00:00+00:00,AMD,326.9,326.98,322.94,324.67,56510
2026-04-29 09:00:00+00:00,AMD,324.59,327.19,324.42,326.2,10528
2026-04-29 10:00:00+00:00,AMD,326.23,330.13,325.59,328.77,21259
2026-04-29 11:00:00+00:00,AMD,328.51,332.76,328.37,330.66,78891
2026-04-29 12:00:00+00:00,AMD,330.66,330.66,327.2,327.7,56453
2026-04-29 13:00:00+00:00,AMD,327.8,329.15,318.88,323.14,1288411
2026-04-29 14:00:00+00:00,AMD,323.19,333.39,319.75,332.85,1490523
2026-04-29 15:00:00+00:00,AMD,332.88,333.95,326.84,328.04,823592
2026-04-29 16:00:00+00:00,AMD,328.0,331.15,326.08,330.9,464360
2026-04-29 17:00:00+00:00,AMD,330.92,335.36,330.3,335.19,587665
2026-04-29 18:00:00+00:00,AMD,335.19,338.36,333.3,337.39,900154
2026-04-29 19:00:00+00:00,AMD,337.46,340.17,336.0,337.17,1417928
2026-04-29 20:00:00+00:00,AMD,337.14,339.31,330.15,332.96,2440684
2026-04-29 21:00:00+00:00,AMD,333.0,338.39,332.51,337.5,59705
2026-04-29 22:00:00+00:00,AMD,337.25,349.32,336.0,348.16,200057
2026-04-29 23:00:00+00:00,AMD,348.1,348.28,345.13,347.99,77692
2026-04-30 08:00:00+00:00,AMD,337.35,344.63,337.35,342.57,36018
2026-04-30 09:00:00+00:00,AMD,342.8,345.55,342.29,343.4,32014
2026-04-30 10:00:00+00:00,AMD,343.4,343.56,339.26,339.72,22200
2026-04-30 11:00:00+00:00,AMD,339.96,343.4,338.18,341.8,93534
2026-04-30 12:00:00+00:00,AMD,341.87,344.04,341.24,343.84,74790
2026-04-30 13:00:00+00:00,AMD,343.91,343.91,332.6,342.88,1487113
2026-04-30 14:00:00+00:00,AMD,342.86,345.9,337.66,345.57,1768611
2026-04-30 15:00:00+00:00,AMD,345.64,350.72,345.43,346.75,1204719
2026-04-30 16:00:00+00:00,AMD,346.88,351.0,346.5,349.8,537744
2026-04-30 17:00:00+00:00,AMD,349.845,354.76,349.845,354.26,711860
2026-04-30 18:00:00+00:00,AMD,354.26,354.77,351.04,351.3,627610
2026-04-30 19:00:00+00:00,AMD,351.27,354.95,351.0,354.35,1607087
2026-04-30 20:00:00+00:00,AMD,354.3,354.8,351.98,352.76,2746349
2026-04-30 21:00:00+00:00,AMD,352.73,352.75,351.13,351.92,25645
2026-04-30 22:00:00+00:00,AMD,352.25,352.28,349.85,350.11,20899
2026-04-30 23:00:00+00:00,AMD,350.11,352.29,350.08,351.2,12635
2026-05-01 08:00:00+00:00,AMD,352.82,353.0,350.2,350.6,15339
2026-05-01 09:00:00+00:00,AMD,350.46,351.99,349.87,351.61,8572
2026-05-01 10:00:00+00:00,AMD,351.75,352.48,351.3,351.54,4911
2026-05-01 11:00:00+00:00,AMD,351.54,351.89,350.0,350.5,27750
2026-05-01 12:00:00+00:00,AMD,350.58,350.89,348.53,348.53,52260
2026-05-01 13:00:00+00:00,AMD,348.56,358.23,348.02,356.33,1299323
2026-05-01 14:00:00+00:00,AMD,356.37,357.16,349.36,351.43,862976
2026-05-01 15:00:00+00:00,AMD,351.4,355.34,350.8,355.17,401864
2026-05-01 16:00:00+00:00,AMD,355.145,358.7,354.89,358.4,590169
2026-05-01 17:00:00+00:00,AMD,358.38,362.78,358.16,361.91,687310
2026-05-01 18:00:00+00:00,AMD,361.88,362.28,357.3,357.93,533343
2026-05-01 19:00:00+00:00,AMD,357.87,361.92,357.3,360.55,1196807
2026-05-01 20:00:00+00:00,AMD,360.54,361.08,360.01,360.12,1999932
2026-05-01 21:00:00+00:00,AMD,360.17,361.18,360.05,361.14,10928
2026-05-01 22:00:00+00:00,AMD,361.1,361.5,361.01,361.37,6227
2026-05-01 23:00:00+00:00,AMD,361.4,361.93,361.26,361.85,18845
2026-05-04 08:00:00+00:00,AMD,364.37,364.66,362.95,363.03,24603
2026-05-04 09:00:00+00:00,AMD,363.03,364.51,355.35,355.59,41632
2026-05-04 10:00:00+00:00,AMD,355.11,360.73,353.31,357.13,105516
2026-05-04 11:00:00+00:00,AMD,357.29,359.08,356.98,358.87,96528
2026-05-04 12:00:00+00:00,AMD,358.97,360.3,357.01,357.36,86012
2026-05-04 13:00:00+00:00,AMD,357.01,361.85,346.52,352.22,2148911
2026-05-04 14:00:00+00:00,AMD,352.26,353.28,342.7,346.87,1772186
2026-05-04 15:00:00+00:00,AMD,346.86,347.27,338.72,342.03,1104415
2026-05-04 16:00:00+00:00,AMD,342.015,343.26,338.82,342.3,740493
2026-05-04 17:00:00+00:00,AMD,342.26,344.75,342.13,344.2,534332
2026-05-04 18:00:00+00:00,AMD,344.205,344.84,342.26,342.84,492189
2026-05-04 19:00:00+00:00,AMD,342.83,344.96,341.0,341.53,1203120
2026-05-04 20:00:00+00:00,AMD,341.5,343.06,340.76,342.9,2301758
2026-05-04 21:00:00+00:00,AMD,342.96,344.8,342.87,344.79,37943
2026-05-04 22:00:00+00:00,AMD,344.8,345.3,343.68,344.16,44336
2026-05-04 23:00:00+00:00,AMD,344.15,344.15,343.15,343.15,18211
2026-05-05 08:00:00+00:00,AMD,344.05,348.7,344.05,348.45,78385
2026-05-05 09:00:00+00:00,AMD,348.4,349.01,348.0,348.25,35018
2026-05-05 10:00:00+00:00,AMD,348.25,349.43,347.94,348.23,51113
2026-05-05 11:00:00+00:00,AMD,348.13,348.67,347.02,348.19,80788
2026-05-05 12:00:00+00:00,AMD,348.19,350.1,347.38,349.3,117848
2026-05-05 13:00:00+00:00,AMD,349.32,354.71,346.3,347.79,2082403
2026-05-05 14:00:00+00:00,AMD,347.7,353.0,344.89,350.8,1298807
2026-05-05 15:00:00+00:00,AMD,350.8,356.29,349.99,355.29,906112
2026-05-05 16:00:00+00:00,AMD,355.35,355.53,351.33,354.74,493083
2026-05-05 17:00:00+00:00,AMD,354.68,356.94,353.78,356.38,465732
2026-05-05 18:00:00+00:00,AMD,356.45,359.58,355.82,355.97,741647
2026-05-05 19:00:00+00:00,AMD,355.88,358.0,352.65,355.31,1600229
2026-05-05 20:00:00+00:00,AMD,355.41,380.4,336.56,370.8,5454996
2026-05-05 21:00:00+00:00,AMD,370.82,397.07,369.95,393.72,1643935
2026-05-05 22:00:00+00:00,AMD,393.72,410.86,393.52,408.8,1312094
2026-05-05 23:00:00+00:00,AMD,408.88,414.45,403.0,414.0,622905
2026-05-06 08:00:00+00:00,AMD,413.95,424.32,413.25,423.0,346829
2026-05-06 09:00:00+00:00,AMD,422.75,423.4,416.8,419.68,169095
2026-05-06 10:00:00+00:00,AMD,419.5,428.45,417.0,424.42,298471
2026-05-06 11:00:00+00:00,AMD,424.36,432.4,420.0,421.65,579675
2026-05-06 12:00:00+00:00,AMD,421.5,421.5,405.92,410.69,774217
2026-05-06 13:00:00+00:00,AMD,410.76,430.6,403.37,411.48,7019212
2026-05-06 14:00:00+00:00,AMD,411.66,416.49,402.05,409.62,3261352
2026-05-06 15:00:00+00:00,AMD,409.54,418.78,406.95,414.095,1599912
2026-05-06 16:00:00+00:00,AMD,414.03,415.84,410.47,411.68,805047
2026-05-06 17:00:00+00:00,AMD,411.73,417.06,411.12,416.83,717938
2026-05-06 18:00:00+00:00,AMD,416.83,423.0,416.1,418.345,1252066
2026-05-06 19:00:00+00:00,AMD,418.28,421.97,416.49,421.43,2260152
2026-05-06 20:00:00+00:00,AMD,421.36,424.4,415.34,416.52,4527072
2026-05-06 21:00:00+00:00,AMD,416.39,418.85,411.0,412.3,123064
2026-05-06 22:00:00+00:00,AMD,412.46,415.8,412.46,415.2,76981
2026-05-06 23:00:00+00:00,AMD,415.1,416.9,414.75,415.1,43959
2026-05-07 08:00:00+00:00,AMD,421.95,426.71,419.01,419.63,54612
2026-05-07 09:00:00+00:00,AMD,419.75,419.89,416.2,416.82,44971
2026-05-07 10:00:00+00:00,AMD,416.8,417.64,413.53,416.49,46567
2026-05-07 11:00:00+00:00,AMD,416.66,416.77,413.55,415.25,64548
2026-05-07 12:00:00+00:00,AMD,415.25,415.29,412.5,413.21,84599
2026-05-07 13:00:00+00:00,AMD,413.22,420.19,410.5,415.49,1954786
2026-05-07 14:00:00+00:00,AMD,415.375,421.7,411.87,414.25,1393031
2026-05-07 15:00:00+00:00,AMD,414.2,414.77,406.15,407.26,1247253
2026-05-07 16:00:00+00:00,AMD,407.33,408.38,402.37,406.58,1211190
2026-05-07 17:00:00+00:00,AMD,406.66,407.78,401.08,407.5,824798
2026-05-07 18:00:00+00:00,AMD,407.65,408.89,404.4,406.78,624247
2026-05-07 19:00:00+00:00,AMD,406.77,409.79,405.12,408.31,1134263
2026-05-07 20:00:00+00:00,AMD,408.26,409.89,407.03,407.75,2929498
2026-05-07 21:00:00+00:00,AMD,407.64,407.9,402.3,404.0,35063
2026-05-07 22:00:00+00:00,AMD,404.2,408.44,403.65,406.17,23274
2026-05-07 23:00:00+00:00,AMD,406.2,407.9,406.05,407.64,12690
2026-05-08 08:00:00+00:00,AMD,413.07,416.1,412.65,415.45,39113
2026-05-08 09:00:00+00:00,AMD,415.45,416.67,413.71,414.0,25902
2026-05-08 10:00:00+00:00,AMD,414.0,415.74,413.21,413.49,22932
2026-05-08 11:00:00+00:00,AMD,413.45,416.08,413.0,414.8,56936
2026-05-08 12:00:00+00:00,AMD,414.77,417.9,414.28,416.2,86668
2026-05-08 13:00:00+00:00,AMD,416.33,434.79,415.0,432.66,2273133
2026-05-08 14:00:00+00:00,AMD,432.64,441.19,431.59,435.79,1475740
2026-05-08 15:00:00+00:00,AMD,435.64,444.93,434.11,441.66,1131089
2026-05-08 16:00:00+00:00,AMD,441.7,446.07,439.5,442.47,1160554
2026-05-08 17:00:00+00:00,AMD,442.43,448.48,442.4,444.24,1068516
2026-05-08 18:00:00+00:00,AMD,444.29,448.48,443.31,445.125,868733
2026-05-08 19:00:00+00:00,AMD,445.18,456.24,445.13,455.0,3049659
2026-05-08 20:00:00+00:00,AMD,455.07,456.69,453.76,454.71,4283445
2026-05-08 21:00:00+00:00,AMD,454.72,457.82,454.51,457.1,41413
2026-05-08 22:00:00+00:00,AMD,457.1,463.67,456.9,459.6,91852
2026-05-08 23:00:00+00:00,AMD,459.64,461.34,458.83,461.19,39547
2026-05-11 08:00:00+00:00,AMD,459.6,459.69,450.73,456.81,76031
2026-05-11 09:00:00+00:00,AMD,456.99,467.91,456.99,463.5,99624
2026-05-11 10:00:00+00:00,AMD,463.29,465.0,459.0,460.22,47291
2026-05-11 11:00:00+00:00,AMD,460.37,471.96,460.16,469.8,204399
2026-05-11 12:00:00+00:00,AMD,469.71,471.05,462.1,465.67,194026
2026-05-11 13:00:00+00:00,AMD,465.41,467.69,451.75,454.43,2861201
2026-05-11 14:00:00+00:00,AMD,454.4,462.97,450.89,456.9,1504621
2026-05-11 15:00:00+00:00,AMD,456.88,465.22,456.0,464.97,994627
2026-05-11 16:00:00+00:00,AMD,464.93,466.76,462.91,464.49,630201
2026-05-11 17:00:00+00:00,AMD,464.58,467.89,461.9,466.08,593428
2026-05-11 18:00:00+00:00,AMD,465.98,469.215,463.07,463.55,609988
2026-05-11 19:00:00+00:00,AMD,463.55,466.55,456.34,458.91,1156107
2026-05-11 20:00:00+00:00,AMD,458.945,459.01,457.0,458.12,2841307
2026-05-11 21:00:00+00:00,AMD,458.13,458.24,457.37,458.19,7677
2026-05-11 22:00:00+00:00,AMD,458.2,459.05,458.03,458.55,11554
2026-05-11 23:00:00+00:00,AMD,458.46,458.73,457.35,458.02,8261
2026-05-12 08:00:00+00:00,AMD,448.0,450.95,445.89,450.95,19939
2026-05-12 09:00:00+00:00,AMD,450.96,452.95,448.73,450.11,26126
2026-05-12 10:00:00+00:00,AMD,450.6,451.99,447.5,447.77,13006
2026-05-12 11:00:00+00:00,AMD,448.21,448.73,445.32,447.0,58433
2026-05-12 12:00:00+00:00,AMD,447.12,450.35,444.15,445.98,121490
2026-05-12 13:00:00+00:00,AMD,445.98,458.8,442.5,448.95,1592548
2026-05-12 14:00:00+00:00,AMD,448.95,455.22,442.68,443.24,1370803
2026-05-12 15:00:00+00:00,AMD,443.295,445.0,432.3,432.595,1277094
2026-05-12 16:00:00+00:00,AMD,432.68,436.96,426.1,427.1,861954
2026-05-12 17:00:00+00:00,AMD,427.14,438.62,427.14,436.22,638582
2026-05-12 18:00:00+00:00,AMD,436.2,441.42,435.62,436.79,546937
2026-05-12 19:00:00+00:00,AMD,436.795,448.66,436.72,448.36,1092505
2026-05-12 20:00:00+00:00,AMD,448.36,449.95,446.98,449.32,2403599
2026-05-12 21:00:00+00:00,AMD,449.32,449.9,448.56,449.27,17182
2026-05-12 22:00:00+00:00,AMD,449.48,449.99,448.51,448.6,11590
2026-05-12 23:00:00+00:00,AMD,448.6,448.98,444.27,444.8,40664
2026-05-13 08:00:00+00:00,AMD,455.8,464.3,455.48,460.8,80682
2026-05-13 09:00:00+00:00,AMD,460.85,461.22,457.52,460.27,41185
2026-05-13 10:00:00+00:00,AMD,460.25,460.25,456.37,456.5,21844
2026-05-13 11:00:00+00:00,AMD,456.5,457.85,455.38,457.38,49282
2026-05-13 12:00:00+00:00,AMD,457.33,458.93,450.4,450.76,118673
2026-05-13 13:00:00+00:00,AMD,450.78,459.5,437.14,439.0,1382243
2026-05-13 14:00:00+00:00,AMD,439.21,445.5,432.67,445.12,920716
2026-05-13 15:00:00+00:00,AMD,445.15,448.84,443.86,445.27,601359
2026-05-13 16:00:00+00:00,AMD,445.27,448.98,444.53,448.26,461257
2026-05-13 17:00:00+00:00,AMD,448.35,451.75,447.44,447.56,379124
2026-05-13 18:00:00+00:00,AMD,447.75,451.56,445.2,445.56,311556
2026-05-13 19:00:00+00:00,AMD,445.6,449.6,444.1,445.38,778688
2026-05-13 20:00:00+00:00,AMD,445.37,446.23,444.65,445.95,3608362
2026-05-13 21:00:00+00:00,AMD,445.86,445.89,444.1,444.56,10010
2026-05-13 22:00:00+00:00,AMD,444.35,445.48,443.17,445.2,18425
2026-05-13 23:00:00+00:00,AMD,445.05,446.49,444.5,446.43,16113
2026-05-14 08:00:00+00:00,AMD,444.21,445.12,438.59,440.23,23888
2026-05-14 09:00:00+00:00,AMD,440.62,441.37,437.07,439.19,15093
2026-05-14 10:00:00+00:00,AMD,439.5,440.82,434.77,437.63,33550
2026-05-14 11:00:00+00:00,AMD,437.69,439.5,435.99,438.01,69378
2026-05-14 12:00:00+00:00,AMD,438.01,439.81,434.5,436.0,121714
2026-05-14 13:00:00+00:00,AMD,436.01,450.96,433.81,445.76,1420679
2026-05-14 14:00:00+00:00,AMD,445.55,453.0,442.05,451.03,921444
2026-05-14 15:00:00+00:00,AMD,451.0,453.3,448.63,449.0,549462
2026-05-14 16:00:00+00:00,AMD,448.98,451.4,447.47,449.05,397975
2026-05-14 17:00:00+00:00,AMD,449.15,450.08,442.04,448.51,476021
2026-05-14 18:00:00+00:00,AMD,448.32,448.49,444.31,446.76,383086
2026-05-14 19:00:00+00:00,AMD,446.8,452.05,445.71,449.69,890322
2026-05-14 20:00:00+00:00,AMD,449.62,450.0,446.71,447.55,1571228
2026-05-14 21:00:00+00:00,AMD,447.7,448.5,447.6,448.48,5303
2026-05-14 22:00:00+00:00,AMD,448.39,449.12,448.1,448.25,9830
2026-05-14 23:00:00+00:00,AMD,448.43,449.45,447.5,447.5,10968
2026-05-15 08:00:00+00:00,AMD,438.84,438.84,433.1,435.0,22651
2026-05-15 09:00:00+00:00,AMD,434.8,435.76,431.05,432.71,27236
2026-05-15 10:00:00+00:00,AMD,433.0,437.48,432.36,436.49,50081
2026-05-15 11:00:00+00:00,AMD,436.76,438.2,434.55,434.62,59069
2026-05-15 12:00:00+00:00,AMD,434.66,435.21,431.8,433.93,68277
2026-05-15 13:00:00+00:00,AMD,433.99,437.195,426.26,427.8,1779964
2026-05-15 14:00:00+00:00,AMD,427.57,439.0,426.2,430.8,1030452
2026-05-15 15:00:00+00:00,AMD,430.95,436.4,430.58,432.7,473602
2026-05-15 16:00:00+00:00,AMD,432.77,433.86,430.22,431.2,340001
2026-05-15 17:00:00+00:00,AMD,431.2,434.71,430.83,434.43,302068
2026-05-15 18:00:00+00:00,AMD,434.43,436.0,430.4,432.08,335058
2026-05-15 19:00:00+00:00,AMD,432.115,432.64,423.37,424.0,1824355
2026-05-15 20:00:00+00:00,AMD,423.88,424.99,421.85,423.49,3723367
2026-05-15 21:00:00+00:00,AMD,423.35,423.87,423.0,423.06,13759
2026-05-15 22:00:00+00:00,AMD,423.07,423.46,421.71,421.93,8419
2026-05-15 23:00:00+00:00,AMD,421.96,421.96,419.56,420.19,23909
2026-05-18 08:00:00+00:00,AMD,422.67,429.42,422.12,427.9,30228
2026-05-18 09:00:00+00:00,AMD,427.76,428.03,425.62,426.18,10705
2026-05-18 10:00:00+00:00,AMD,426.16,427.0,421.05,422.54,47895
2026-05-18 11:00:00+00:00,AMD,422.5,427.6,420.0,425.4,45058
2026-05-18 12:00:00+00:00,AMD,425.4,429.2,425.27,428.92,52924
2026-05-18 13:00:00+00:00,AMD,428.88,438.75,422.57,424.365,1346781
2026-05-18 14:00:00+00:00,AMD,424.68,424.75,411.76,416.58,1194623
2026-05-18 15:00:00+00:00,AMD,416.92,423.96,415.34,421.24,594892
2026-05-18 16:00:00+00:00,AMD,421.26,421.6,412.28,418.68,466211
2026-05-18 17:00:00+00:00,AMD,418.6,419.9,414.8,416.49,279100
2026-05-18 18:00:00+00:00,AMD,416.38,416.75,410.65,414.13,359089
2026-05-18 19:00:00+00:00,AMD,414.15,422.0,413.14,421.0,871468
2026-05-18 20:00:00+00:00,AMD,420.97,422.0,419.76,421.08,1655798
2026-05-18 21:00:00+00:00,AMD,421.08,423.5,421.05,423.31,15473
2026-05-18 22:00:00+00:00,AMD,423.48,424.49,423.19,423.87,11299
2026-05-18 23:00:00+00:00,AMD,423.58,423.99,422.02,422.56,2848
2026-05-19 08:00:00+00:00,AMD,419.82,420.79,416.32,417.22,10277
2026-05-19 09:00:00+00:00,AMD,417.2,417.23,412.3,414.41,14815
2026-05-19 10:00:00+00:00,AMD,413.94,415.43,412.6,414.8,19765
2026-05-19 11:00:00+00:00,AMD,414.93,415.98,412.88,412.97,22421
2026-05-19 12:00:00+00:00,AMD,412.8,415.37,412.47,414.75,52596
2026-05-19 13:00:00+00:00,AMD,414.96,428.71,405.0,405.3,1630268
2026-05-19 14:00:00+00:00,AMD,405.32,406.49,393.44,403.46,2296254
2026-05-19 15:00:00+00:00,AMD,403.35,410.75,401.56,407.79,903739
2026-05-19 16:00:00+00:00,AMD,407.86,420.2,407.8,419.44,798165
2026-05-19 17:00:00+00:00,AMD,419.5,425.0,419.08,422.77,624790
2026-05-19 18:00:00+00:00,AMD,422.8,423.7,415.18,415.7,548940
2026-05-19 19:00:00+00:00,AMD,415.7,420.75,411.71,414.12,1123489
2026-05-19 20:00:00+00:00,AMD,414.23,415.5,413.77,414.25,2749763
2026-05-19 21:00:00+00:00,AMD,414.27,416.94,414.22,416.82,14981
2026-05-19 22:00:00+00:00,AMD,416.97,417.75,414.51,415.03,18267
2026-05-19 23:00:00+00:00,AMD,415.48,417.49,415.24,417.28,36335
2026-05-20 08:00:00+00:00,AMD,419.2,423.48,419.06,421.36,29757
2026-05-20 09:00:00+00:00,AMD,421.0,422.71,421.0,422.0,16450
2026-05-20 10:00:00+00:00,AMD,422.47,424.5,422.4,422.4,17347
2026-05-20 11:00:00+00:00,AMD,422.3,424.42,421.2,422.23,29458
2026-05-20 12:00:00+00:00,AMD,422.04,426.2,421.62,424.14,50077
2026-05-20 13:00:00+00:00,AMD,424.06,436.68,424.0,434.34,1536524
2026-05-20 14:00:00+00:00,AMD,434.36,446.3,434.35,444.815,1448294
2026-05-20 15:00:00+00:00,AMD,444.64,448.7,443.01,448.55,686886
2026-05-20 16:00:00+00:00,AMD,448.58,448.73,441.58,444.475,609012
2026-05-20 17:00:00+00:00,AMD,444.5,446.58,443.5,444.9,332683
2026-05-20 18:00:00+00:00,AMD,444.9,446.23,443.68,444.38,323867
2026-05-20 19:00:00+00:00,AMD,444.38,449.36,443.41,447.58,1232906
2026-05-20 20:00:00+00:00,AMD,447.58,449.0,440.53,443.64,3560798
2026-05-20 21:00:00+00:00,AMD,443.8,446.5,441.51,441.72,52758
2026-05-20 22:00:00+00:00,AMD,441.7,442.03,435.12,439.4,159553
2026-05-20 23:00:00+00:00,AMD,439.4,440.02,437.64,439.6,34795
2026-05-21 08:00:00+00:00,AMD,445.6,449.31,444.23,445.0,37723
2026-05-21 09:00:00+00:00,AMD,445.52,446.7,443.08,443.2,21491
2026-05-21 10:00:00+00:00,AMD,444.2,444.6,440.7,442.16,97359
2026-05-21 11:00:00+00:00,AMD,442.16,443.22,437.08,439.54,81734
2026-05-21 12:00:00+00:00,AMD,439.74,440.0,433.5,434.5,66327
2026-05-21 13:00:00+00:00,AMD,434.58,448.0,434.5,441.08,1293404
2026-05-21 14:00:00+00:00,AMD,441.11,442.55,431.65,435.58,1201790
2026-05-21 15:00:00+00:00,AMD,435.67,442.79,434.03,441.13,533463
2026-05-21 16:00:00+00:00,AMD,441.32,444.21,439.65,441.03,432620
2026-05-21 17:00:00+00:00,AMD,441.21,446.99,440.8,444.99,503565
2026-05-21 18:00:00+00:00,AMD,444.87,446.78,441.8,443.84,338951
2026-05-21 19:00:00+00:00,AMD,443.85,451.14,443.29,449.54,1015374
2026-05-21 20:00:00+00:00,AMD,449.51,449.71,448.27,448.83,1714248
2026-05-21 21:00:00+00:00,AMD,448.75,448.9,448.0,448.41,8890
2026-05-21 22:00:00+00:00,AMD,448.4,451.88,448.4,451.53,21306
2026-05-21 23:00:00+00:00,AMD,451.4,452.55,450.81,452.5,15831
2026-05-22 08:00:00+00:00,AMD,454.49,464.46,454.49,460.68,54539
2026-05-22 09:00:00+00:00,AMD,460.62,461.71,458.06,458.5,50450
2026-05-22 10:00:00+00:00,AMD,458.59,458.59,455.7,457.0,31426
2026-05-22 11:00:00+00:00,AMD,457.0,459.9,456.11,459.28,37502
2026-05-22 12:00:00+00:00,AMD,459.35,463.55,458.23,462.65,115375
2026-05-22 13:00:00+00:00,AMD,462.65,481.5,461.19,466.23,2198654
2026-05-22 14:00:00+00:00,AMD,466.305,470.21,461.75,467.345,1099749
2026-05-22 15:00:00+00:00,AMD,467.48,473.99,467.24,471.07,713125
2026-05-22 16:00:00+00:00,AMD,471.15,471.23,466.01,470.09,386518
2026-05-22 17:00:00+00:00,AMD,470.2,473.55,468.19,472.34,439623
2026-05-22 18:00:00+00:00,AMD,472.37,474.85,469.25,470.23,506574
2026-05-22 19:00:00+00:00,AMD,470.22,470.66,466.1,467.51,1029954
2026-05-22 20:00:00+00:00,AMD,467.36,467.97,466.21,466.62,1821294
2026-05-22 21:00:00+00:00,AMD,466.6,466.95,465.22,465.38,11388
2026-05-22 22:00:00+00:00,AMD,465.38,465.48,463.72,464.0,11376
2026-05-22 23:00:00+00:00,AMD,464.02,464.3,462.2,462.9,12822
2026-05-26 08:00:00+00:00,AMD,475.9,478.2,475.78,478.11,18971
2026-05-26 09:00:00+00:00,AMD,478.22,480.23,477.78,479.58,23888
2026-05-26 10:00:00+00:00,AMD,479.52,484.29,479.45,481.03,46068
2026-05-26 11:00:00+00:00,AMD,480.75,482.26,479.91,481.53,66158
2026-05-26 12:00:00+00:00,AMD,481.66,483.5,481.38,483.21,89178
2026-05-26 13:00:00+00:00,AMD,483.33,494.87,480.15,493.88,1951428
2026-05-26 14:00:00+00:00,AMD,493.86,496.88,488.28,490.74,1041289
2026-05-26 15:00:00+00:00,AMD,490.74,492.5,485.5,488.36,614533
2026-05-26 16:00:00+00:00,AMD,488.71,497.59,487.84,496.56,664367
2026-05-26 17:00:00+00:00,AMD,496.55,498.0,495.18,496.48,444983
2026-05-26 18:00:00+00:00,AMD,496.51,500.46,495.5,499.0,625579
2026-05-26 19:00:00+00:00,AMD,499.02,506.95,498.98,503.61,1498051
2026-05-26 20:00:00+00:00,AMD,503.62,505.75,503.62,504.21,3543592
2026-05-26 21:00:00+00:00,AMD,504.24,504.73,504.16,504.62,9141
2026-05-26 22:00:00+00:00,AMD,504.61,505.15,503.51,504.7,20048
2026-05-26 23:00:00+00:00,AMD,504.97,509.76,504.72,508.01,35542
2026-05-27 08:00:00+00:00,AMD,505.03,513.0,504.23,509.63,42289
2026-05-27 09:00:00+00:00,AMD,509.71,512.0,508.28,511.7,23011
2026-05-27 10:00:00+00:00,AMD,511.45,512.78,508.67,509.44,20675
2026-05-27 11:00:00+00:00,AMD,509.49,516.56,509.2,515.75,85306
2026-05-27 12:00:00+00:00,AMD,515.4,516.19,506.9,507.12,144523
2026-05-27 13:00:00+00:00,AMD,507.08,510.4,490.66,502.04,1872101
2026-05-27 14:00:00+00:00,AMD,501.9,502.53,486.67,492.09,920236
2026-05-27 15:00:00+00:00,AMD,492.19,493.68,487.8,491.7,422455
2026-05-27 16:00:00+00:00,AMD,491.84,497.31,491.23,493.17,416842
2026-05-27 17:00:00+00:00,AMD,493.31,495.35,489.45,494.7,221299
2026-05-27 18:00:00+00:00,AMD,494.86,498.88,493.78,496.845,232036
2026-05-27 19:00:00+00:00,AMD,496.84,497.73,494.68,495.59,568320
2026-05-27 20:00:00+00:00,AMD,495.72,497.5,493.97,496.0,1641355
2026-05-27 21:00:00+00:00,AMD,496.02,496.29,492.85,493.95,17765
2026-05-27 22:00:00+00:00,AMD,494.0,494.9,492.02,492.88,9098
2026-05-27 23:00:00+00:00,AMD,493.0,493.57,490.0,490.0,20267
2026-05-28 08:00:00+00:00,AMD,490.49,492.59,488.92,489.8,13222
2026-05-28 09:00:00+00:00,AMD,489.8,490.61,486.85,489.5,9682
2026-05-28 10:00:00+00:00,AMD,489.13,489.24,485.51,486.92,6920
2026-05-28 11:00:00+00:00,AMD,486.93,489.4,485.11,488.72,16428
2026-05-28 12:00:00+00:00,AMD,488.9,497.96,488.35,496.76,59895
2026-05-28 13:00:00+00:00,AMD,496.76,507.9,493.86,496.83,981421
2026-05-28 14:00:00+00:00,AMD,496.89,512.5,493.58,511.66,1045845
2026-05-28 15:00:00+00:00,AMD,511.6,527.055,511.27,517.74,1114146
2026-05-28 16:00:00+00:00,AMD,517.94,522.5,516.71,522.35,552756
2026-05-28 17:00:00+00:00,AMD,522.35,522.5,516.63,517.82,311530
2026-05-28 18:00:00+00:00,AMD,517.86,520.41,516.96,518.86,276249
2026-05-28 19:00:00+00:00,AMD,519.06,520.72,516.59,518.14,663898
2026-05-28 20:00:00+00:00,AMD,518.1,520.05,517.77,519.7,2082020
2026-05-28 21:00:00+00:00,AMD,519.54,522.06,519.4,520.94,23556
2026-05-28 22:00:00+00:00,AMD,521.0,522.7,520.02,520.45,16743
2026-05-28 23:00:00+00:00,AMD,520.5,522.04,520.5,521.71,13845
2026-05-29 08:00:00+00:00,AMD,521.46,523.95,516.78,522.8,20651
2026-05-29 09:00:00+00:00,AMD,522.51,525.43,522.39,523.02,19654
2026-05-29 10:00:00+00:00,AMD,523.02,523.23,521.11,522.64,12242
2026-05-29 11:00:00+00:00,AMD,522.45,525.3,519.99,521.4,61580
2026-05-29 12:00:00+00:00,AMD,521.29,521.29,518.42,519.73,33084
2026-05-29 13:00:00+00:00,AMD,519.72,522.48,515.55,521.19,892179
2026-05-29 14:00:00+00:00,AMD,521.15,522.0,507.57,514.53,930866
2026-05-29 15:00:00+00:00,AMD,514.385,514.88,510.42,510.84,322848
2026-05-29 16:00:00+00:00,AMD,510.86,513.6,507.8,509.05,316989
2026-05-29 17:00:00+00:00,AMD,509.0,509.18,503.44,503.68,484535
2026-05-29 18:00:00+00:00,AMD,503.75,507.78,503.5,505.03,314219
2026-05-29 19:00:00+00:00,AMD,504.98,516.81,504.14,516.37,1884402
2026-05-29 20:00:00+00:00,AMD,516.13,516.48,513.77,515.16,5585751
2026-05-29 21:00:00+00:00,AMD,515.1,515.31,514.8,514.9,7176
2026-05-29 22:00:00+00:00,AMD,514.9,514.97,514.22,514.22,5463
2026-05-29 23:00:00+00:00,AMD,514.28,515.15,514.22,515.14,7265
2026-06-01 08:00:00+00:00,AMD,509.98,511.87,495.61,500.43,66429
2026-06-01 09:00:00+00:00,AMD,500.0,500.76,490.01,493.75,57671
2026-06-01 10:00:00+00:00,AMD,493.94,497.0,487.9,497.0,90939
2026-06-01 11:00:00+00:00,AMD,497.0,498.6,492.86,497.7,133838
2026-06-01 12:00:00+00:00,AMD,497.56,499.84,493.92,496.8,122945
2026-06-01 13:00:00+00:00,AMD,496.78,504.86,486.82,488.0,2187403
2026-06-01 14:00:00+00:00,AMD,488.31,509.89,486.8,509.13,1295776
2026-06-01 15:00:00+00:00,AMD,509.1,517.5,507.7,510.06,802398
2026-06-01 16:00:00+00:00,AMD,510.2,512.37,506.085,509.34,452360
2026-06-01 17:00:00+00:00,AMD,509.38,513.96,506.51,513.4,420465
2026-06-01 18:00:00+00:00,AMD,513.46,515.85,511.01,512.31,261042
2026-06-01 19:00:00+00:00,AMD,512.45,513.805,508.96,510.02,676936
2026-06-01 20:00:00+00:00,AMD,510.115,510.5,508.13,509.52,1787745
2026-06-01 21:00:00+00:00,AMD,509.24,511.98,508.41,509.25,9079
2026-06-01 22:00:00+00:00,AMD,509.25,509.25,505.45,506.5,22756
2026-06-01 23:00:00+00:00,AMD,506.26,507.01,505.97,506.76,7392
2026-06-02 08:00:00+00:00,AMD,503.63,506.3,502.0,504.14,14758
2026-06-02 09:00:00+00:00,AMD,503.95,507.63,503.15,507.36,12196
2026-06-02 10:00:00+00:00,AMD,507.01,507.16,501.62,502.04,14236
2026-06-02 11:00:00+00:00,AMD,502.0,505.68,501.22,503.7,22299
2026-06-02 12:00:00+00:00,AMD,503.75,506.02,503.02,503.9,21066
2026-06-02 13:00:00+00:00,AMD,503.99,519.95,501.46,519.0,1113380
2026-06-02 14:00:00+00:00,AMD,519.55,519.94,503.66,508.44,730546
2026-06-02 15:00:00+00:00,AMD,508.26,517.78,506.8,516.76,512928
2026-06-02 16:00:00+00:00,AMD,516.78,518.48,512.44,514.69,299580
2026-06-02 17:00:00+00:00,AMD,514.63,515.35,511.21,514.805,214784
2026-06-02 18:00:00+00:00,AMD,514.75,517.48,512.86,514.97,267808
2026-06-02 19:00:00+00:00,AMD,515.1,522.49,514.82,521.3,1174153
2026-06-02 20:00:00+00:00,AMD,521.24,522.55,519.64,520.25,3030347
2026-06-02 21:00:00+00:00,AMD,520.21,520.8,518.36,519.0,7833
2026-06-02 22:00:00+00:00,AMD,519.18,519.94,517.08,517.27,13154
2026-06-02 23:00:00+00:00,AMD,517.1,519.18,513.44,518.95,16241
2026-06-03 08:00:00+00:00,AMD,517.68,518.0,515.26,515.8,8788
2026-06-03 09:00:00+00:00,AMD,515.8,546.1,515.18,541.19,120369
2026-06-03 10:00:00+00:00,AMD,541.07,542.38,534.13,534.13,59781
2026-06-03 11:00:00+00:00,AMD,534.11,537.97,531.9,536.69,91567
2026-06-03 12:00:00+00:00,AMD,536.68,541.34,533.9,535.4,101270
2026-06-03 13:00:00+00:00,AMD,535.45,544.05,524.3,530.04,1895502
2026-06-03 14:00:00+00:00,AMD,530.03,539.56,528.63,530.63,850128
2026-06-03 15:00:00+00:00,AMD,530.55,539.63,528.85,532.65,622864
2026-06-03 16:00:00+00:00,AMD,532.68,535.39,529.99,535.3,314643
2026-06-03 17:00:00+00:00,AMD,535.31,541.8,531.29,541.3,374939
2026-06-03 18:00:00+00:00,AMD,541.3,546.45,538.4,541.51,482354
2026-06-03 19:00:00+00:00,AMD,541.65,544.46,536.37,542.36,982227
2026-06-03 20:00:00+00:00,AMD,542.37,542.6,532.8,534.85,1952888
2026-06-03 21:00:00+00:00,AMD,534.75,536.34,527.29,532.75,62900
2026-06-03 22:00:00+00:00,AMD,532.9,534.99,527.6,530.52,32075
2026-06-03 23:00:00+00:00,AMD,531.25,531.52,525.05,525.05,34462
2026-06-04 08:00:00+00:00,AMD,531.19,533.1,522.76,523.86,38839
2026-06-04 09:00:00+00:00,AMD,523.0,523.5,515.65,523.06,43384
2026-06-04 10:00:00+00:00,AMD,523.01,523.45,519.0,521.15,28097
2026-06-04 11:00:00+00:00,AMD,521.49,522.68,515.7,519.99,66912
2026-06-04 12:00:00+00:00,AMD,520.0,523.89,518.36,522.71,86166
2026-06-04 13:00:00+00:00,AMD,522.54,522.9,503.22,503.36,1562574
2026-06-04 14:00:00+00:00,AMD,503.45,521.39,499.82,520.73,1195581
2026-06-04 15:00:00+00:00,AMD,520.57,526.31,519.19,521.855,582156
2026-06-04 16:00:00+00:00,AMD,521.83,524.83,519.62,523.67,347161
2026-06-04 17:00:00+00:00,AMD,523.77,528.65,522.8,528.19,309488
2026-06-04 18:00:00+00:00,AMD,528.095,532.19,525.675,526.52,413616
2026-06-04 19:00:00+00:00,AMD,526.56,531.0,522.49,523.44,882377
2026-06-04 20:00:00+00:00,AMD,523.44,524.0,517.82,518.22,2104658
2026-06-04 21:00:00+00:00,AMD,518.21,518.73,518.0,518.6,7506
2026-06-04 22:00:00+00:00,AMD,518.34,518.65,516.0,517.48,18260
2026-06-04 23:00:00+00:00,AMD,517.37,517.55,513.45,514.15,17088
2026-06-05 08:00:00+00:00,AMD,510.28,511.4,504.36,508.5,23874
2026-06-05 09:00:00+00:00,AMD,508.85,513.0,508.01,510.18,16344
2026-06-05 10:00:00+00:00,AMD,510.0,512.0,508.94,510.52,10673
2026-06-05 11:00:00+00:00,AMD,510.21,510.49,506.66,506.75,24367
2026-06-05 12:00:00+00:00,AMD,506.75,508.26,504.15,505.73,67095
2026-06-05 13:00:00+00:00,AMD,505.6,506.46,485.25,485.34,1743085
2026-06-05 14:00:00+00:00,AMD,485.38,496.88,484.34,492.76,1324277
2026-06-05 15:00:00+00:00,AMD,492.85,493.0,482.99,485.87,817386
2026-06-05 16:00:00+00:00,AMD,485.68,485.75,470.72,476.58,1130985
2026-06-05 17:00:00+00:00,AMD,476.55,478.5,471.82,477.63,686304
2026-06-05 18:00:00+00:00,AMD,477.7,478.3,463.95,470.6,894209
2026-06-05 19:00:00+00:00,AMD,470.61,476.21,464.81,467.06,2174788
2026-06-05 20:00:00+00:00,AMD,467.06,467.62,462.37,464.7,5673799
2026-06-05 21:00:00+00:00,AMD,464.7,469.74,464.7,466.99,46514
2026-06-05 22:00:00+00:00,AMD,466.9,468.7,464.4,466.0,22820
2026-06-05 23:00:00+00:00,AMD,465.58,465.58,457.06,458.63,31261
2026-06-08 08:00:00+00:00,AMD,475.18,481.08,473.02,475.03,40035
2026-06-08 09:00:00+00:00,AMD,475.51,477.98,474.1,475.5,19526
2026-06-08 10:00:00+00:00,AMD,475.48,477.72,473.09,475.92,16776
2026-06-08 11:00:00+00:00,AMD,475.29,480.86,474.18,479.37,61024
2026-06-08 12:00:00+00:00,AMD,479.36,486.3,479.18,484.69,105845
2026-06-08 13:00:00+00:00,AMD,484.73,490.1,478.03,478.24,1319491
2026-06-08 14:00:00+00:00,AMD,478.23,491.48,477.77,489.78,717676
2026-06-08 15:00:00+00:00,AMD,489.79,494.25,487.96,489.6,515693
2026-06-08 16:00:00+00:00,AMD,489.62,493.34,487.4,490.93,330441
2026-06-08 17:00:00+00:00,AMD,490.88,492.1,486.44,490.7,265129
2026-06-08 18:00:00+00:00,AMD,490.85,494.94,490.52,491.64,253919
2026-06-08 19:00:00+00:00,AMD,491.49,491.94,486.15,490.01,759104
2026-06-08 20:00:00+00:00,AMD,490.02,491.99,488.61,491.42,3391105
2026-06-08 21:00:00+00:00,AMD,491.41,492.0,491.4,491.5,10025
2026-06-08 22:00:00+00:00,AMD,491.5,491.7,487.07,489.79,16851
2026-06-08 23:00:00+00:00,AMD,489.7,490.94,488.73,489.5,6352
2026-06-09 08:00:00+00:00,AMD,495.62,499.0,494.32,497.87,14887
2026-06-09 09:00:00+00:00,AMD,497.88,499.59,497.61,498.6,7578
2026-06-09 10:00:00+00:00,AMD,499.1,499.74,495.71,497.95,10784
2026-06-09 11:00:00+00:00,AMD,497.36,504.21,497.24,502.04,58633
2026-06-09 12:00:00+00:00,AMD,502.1,502.4,498.89,501.9,39615
2026-06-09 13:00:00+00:00,AMD,501.65,505.0,487.69,489.3,996844
2026-06-09 14:00:00+00:00,AMD,489.01,494.815,473.74,479.82,1060056
2026-06-09 15:00:00+00:00,AMD,479.79,482.25,459.03,459.6,1048927
2026-06-09 16:00:00+00:00,AMD,459.59,462.22,437.16,446.775,1471920
2026-06-09 17:00:00+00:00,AMD,446.92,464.26,445.84,460.81,866987
2026-06-09 18:00:00+00:00,AMD,460.96,469.2,458.08,468.46,498780
2026-06-09 19:00:00+00:00,AMD,468.39,475.68,460.6,475.5,1249847
2026-06-09 20:00:00+00:00,AMD,475.5,481.11,474.06,475.0,2683720
2026-06-09 21:00:00+00:00,AMD,474.8,474.98,470.06,471.4,16425
2026-06-09 22:00:00+00:00,AMD,471.89,473.0,467.21,468.02,19592
2026-06-09 23:00:00+00:00,AMD,468.63,471.75,468.08,470.96,16071
2026-06-10 08:00:00+00:00,AMD,467.0,468.03,458.0,458.35,20306
2026-06-10 09:00:00+00:00,AMD,458.5,462.0,456.1,460.5,23110
2026-06-10 10:00:00+00:00,AMD,460.25,462.5,457.0,462.4,15715
2026-06-10 11:00:00+00:00,AMD,462.0,463.19,456.18,457.25,43739
2026-06-10 12:00:00+00:00,AMD,457.0,473.34,456.3,465.0,106013
2026-06-10 13:00:00+00:00,AMD,465.47,477.44,464.24,467.32,1008257
2026-06-10 14:00:00+00:00,AMD,467.39,476.36,461.86,464.1,659788
2026-06-10 15:00:00+00:00,AMD,464.12,466.44,451.43,460.96,861094
2026-06-10 16:00:00+00:00,AMD,460.95,462.0,453.0,454.78,331581
2026-06-10 17:00:00+00:00,AMD,454.41,459.1,451.6,458.32,336690
2026-06-10 18:00:00+00:00,AMD,458.295,459.61,450.82,452.23,366137
2026-06-10 19:00:00+00:00,AMD,452.24,455.88,448.37,452.2,1054960
2026-06-10 20:00:00+00:00,AMD,451.77,452.4,445.79,447.4,3141399
2026-06-10 21:00:00+00:00,AMD,447.5,448.05,446.2,446.85,10808
2026-06-10 22:00:00+00:00,AMD,447.0,447.02,442.16,442.45,21959
2026-06-10 23:00:00+00:00,AMD,442.52,444.3,437.3,440.99,22496
2026-06-11 08:00:00+00:00,AMD,457.99,466.08,457.99,464.31,37938
2026-06-11 09:00:00+00:00,AMD,464.26,464.77,459.46,461.21,8050
2026-06-11 10:00:00+00:00,AMD,461.22,464.38,460.44,462.2,27554
2026-06-11 11:00:00+00:00,AMD,462.2,464.01,460.5,463.7,23967
2026-06-11 12:00:00+00:00,AMD,463.67,464.5,453.7,461.3,57527
2026-06-11 13:00:00+00:00,AMD,461.05,479.13,459.53,476.59,944369
2026-06-11 14:00:00+00:00,AMD,476.99,480.09,463.58,465.155,943057
2026-06-11 15:00:00+00:00,AMD,465.22,469.81,461.57,465.865,511389
2026-06-11 16:00:00+00:00,AMD,465.7,468.9,462.05,462.13,332283
2026-06-11 17:00:00+00:00,AMD,462.03,478.2,458.07,475.44,647934
2026-06-11 18:00:00+00:00,AMD,475.47,481.83,471.61,481.56,469767
2026-06-11 19:00:00+00:00,AMD,481.57,490.46,479.84,488.21,1537251
2026-06-11 20:00:00+00:00,AMD,488.24,489.14,485.55,485.91,4719898
2026-06-11 21:00:00+00:00,AMD,486.0,487.7,484.18,487.15,9447
2026-06-11 22:00:00+00:00,AMD,487.02,490.45,486.88,489.01,13339
2026-06-11 23:00:00+00:00,AMD,489.01,491.98,487.36,491.98,10517
2026-06-12 08:00:00+00:00,AMD,484.29,488.7,483.37,483.37,22956
2026-06-12 09:00:00+00:00,AMD,483.52,499.59,483.52,498.39,79463
2026-06-12 10:00:00+00:00,AMD,498.5,501.0,495.15,496.95,30023
2026-06-12 11:00:00+00:00,AMD,496.1,502.49,496.1,498.7,53399
2026-06-12 12:00:00+00:00,AMD,498.52,498.97,490.57,493.01,53361
2026-06-12 13:00:00+00:00,AMD,492.32,513.27,491.79,509.44,1625559
2026-06-12 14:00:00+00:00,AMD,509.41,517.77,506.85,513.1,1122988
2026-06-12 15:00:00+00:00,AMD,513.23,516.5,504.99,506.0,566185
2026-06-12 16:00:00+00:00,AMD,506.09,514.55,504.93,513.98,513835
2026-06-12 17:00:00+00:00,AMD,514.0,521.75,513.78,519.55,560119
2026-06-12 18:00:00+00:00,AMD,519.59,519.77,512.23,513.76,407008
2026-06-12 19:00:00+00:00,AMD,513.76,516.66,510.29,511.25,915581
2026-06-12 20:00:00+00:00,AMD,511.02,512.59,511.0,512.0,1961757
2026-06-12 21:00:00+00:00,AMD,512.0,513.83,511.95,513.2,7374
2026-06-12 22:00:00+00:00,AMD,513.09,513.8,512.4,513.68,4717
2026-06-12 23:00:00+00:00,AMD,513.7,515.87,513.7,515.0,7187
2026-06-15 08:00:00+00:00,AMD,537.74,537.75,534.0,536.15,29827
2026-06-15 09:00:00+00:00,AMD,536.21,536.55,532.29,533.1,19757
2026-06-15 10:00:00+00:00,AMD,533.0,534.01,532.5,533.84,9126
2026-06-15 11:00:00+00:00,AMD,533.84,535.86,532.76,535.4,36857
2026-06-15 12:00:00+00:00,AMD,535.35,536.01,530.12,533.89,66766
2026-06-15 13:00:00+00:00,AMD,533.89,558.34,530.4,548.735,1906126
2026-06-15 14:00:00+00:00,AMD,548.68,554.86,545.67,549.19,988763
2026-06-15 15:00:00+00:00,AMD,549.24,552.59,546.06,547.18,508011
2026-06-15 16:00:00+00:00,AMD,547.29,551.77,546.02,549.58,500475
2026-06-15 17:00:00+00:00,AMD,549.61,550.92,547.1,549.19,278776
2026-06-15 18:00:00+00:00,AMD,549.15,549.86,546.28,546.53,338620
2026-06-15 19:00:00+00:00,AMD,546.52,549.15,543.53,547.41,1013270
2026-06-15 20:00:00+00:00,AMD,546.98,548.6,546.58,546.75,3732355
2026-06-15 21:00:00+00:00,AMD,546.9,547.66,546.67,546.68,10725
2026-06-15 22:00:00+00:00,AMD,546.67,546.95,543.73,545.12,9096
2026-06-15 23:00:00+00:00,AMD,545.32,546.25,544.54,546.22,9541
2026-06-16 08:00:00+00:00,AMD,545.31,550.45,544.09,550.29,21307
2026-06-16 09:00:00+00:00,AMD,550.22,550.45,546.59,546.8,9831
2026-06-16 10:00:00+00:00,AMD,546.99,549.86,546.95,549.1,9976
2026-06-16 11:00:00+00:00,AMD,549.43,554.48,549.15,550.8,39962
2026-06-16 12:00:00+00:00,AMD,550.9,551.1,540.88,540.98,79895
2026-06-16 13:00:00+00:00,AMD,541.03,548.81,538.42,539.88,829138
2026-06-16 14:00:00+00:00,AMD,539.99,541.57,521.11,522.84,948906
2026-06-16 15:00:00+00:00,AMD,522.88,529.37,515.55,520.23,673484
2026-06-16 16:00:00+00:00,AMD,520.225,525.16,517.35,522.15,358614
2026-06-16 17:00:00+00:00,AMD,522.01,522.95,517.6,520.86,271770
2026-06-16 18:00:00+00:00,AMD,520.67,521.6,515.1,516.13,341236
2026-06-16 19:00:00+00:00,AMD,516.19,519.91,507.25,507.29,1473637
2026-06-16 20:00:00+00:00,AMD,507.3,508.52,504.33,506.96,3905411
2026-06-16 21:00:00+00:00,AMD,506.86,511.87,506.86,510.89,14104
2026-06-16 22:00:00+00:00,AMD,510.89,513.81,510.6,513.7,10998
2026-06-16 23:00:00+00:00,AMD,513.66,513.78,510.3,510.85,4745
2026-06-17 08:00:00+00:00,AMD,523.14,526.94,521.53,523.0,31003
2026-06-17 09:00:00+00:00,AMD,523.11,523.99,520.11,520.29,8743
2026-06-17 10:00:00+00:00,AMD,520.49,522.53,519.06,520.97,9778
2026-06-17 11:00:00+00:00,AMD,520.5,521.75,517.68,518.9,32260
2026-06-17 12:00:00+00:00,AMD,519.0,522.3,519.0,520.7,24408
2026-06-17 13:00:00+00:00,AMD,520.88,530.0,507.31,508.57,926931
2026-06-17 14:00:00+00:00,AMD,508.43,524.04,507.87,519.54,682432
2026-06-17 15:00:00+00:00,AMD,519.57,524.67,519.2,524.1,359387
2026-06-17 16:00:00+00:00,AMD,524.19,525.23,521.0,521.8,233375
2026-06-17 17:00:00+00:00,AMD,521.95,525.4,520.2,524.24,224592
2026-06-17 18:00:00+00:00,AMD,523.9,532.5,511.3,522.36,723912
2026-06-17 19:00:00+00:00,AMD,522.4,525.69,511.0,512.52,1032394
2026-06-17 20:00:00+00:00,AMD,512.16,518.67,510.95,518.39,2624588
2026-06-17 21:00:00+00:00,AMD,518.19,519.33,518.01,518.71,10297
2026-06-17 22:00:00+00:00,AMD,518.55,523.32,517.0,522.15,18405
2026-06-17 23:00:00+00:00,AMD,522.02,523.32,521.34,521.99,9449
2026-06-18 08:00:00+00:00,AMD,526.77,528.99,524.99,526.1,13951
2026-06-18 09:00:00+00:00,AMD,526.55,528.93,526.0,528.64,10136
2026-06-18 10:00:00+00:00,AMD,528.75,529.0,526.8,527.33,6851
2026-06-18 11:00:00+00:00,AMD,527.47,531.5,527.4,531.0,34269
2026-06-18 12:00:00+00:00,AMD,530.75,533.93,530.18,533.31,26047
2026-06-18 13:00:00+00:00,AMD,533.51,536.0,527.0,530.35,2214795
2026-06-18 14:00:00+00:00,AMD,530.29,536.83,528.11,533.57,660771
2026-06-18 15:00:00+00:00,AMD,533.55,539.61,526.38,535.07,896230
2026-06-18 16:00:00+00:00,AMD,535.075,536.66,532.59,534.13,277892
2026-06-18 17:00:00+00:00,AMD,534.22,535.65,532.5,534.22,197572
2026-06-18 18:00:00+00:00,AMD,534.29,534.8,529.21,531.25,265795
2026-06-18 19:00:00+00:00,AMD,531.3,539.69,530.07,536.44,1172129
2026-06-18 20:00:00+00:00,AMD,536.42,537.6,536.0,537.08,10595703
2026-06-18 21:00:00+00:00,AMD,537.2,539.2,537.15,539.2,7720
2026-06-18 22:00:00+00:00,AMD,539.21,539.35,535.7,535.8,11404
2026-06-18 23:00:00+00:00,AMD,535.8,537.0,535.77,536.71,5371
2026-06-22 08:00:00+00:00,AMD,538.14,539.44,535.8,538.21,12192
2026-06-22 09:00:00+00:00,AMD,538.21,539.74,538.0,539.1,4573
2026-06-22 10:00:00+00:00,AMD,539.09,539.9,537.71,538.23,9865
2026-06-22 11:00:00+00:00,AMD,538.48,541.85,537.94,539.66,31132
2026-06-22 12:00:00+00:00,AMD,539.74,543.78,539.69,542.35,23448
2026-06-22 13:00:00+00:00,AMD,542.5,562.51,535.77,557.45,1295314
2026-06-22 14:00:00+00:00,AMD,557.78,558.5,540.66,545.5,789754
2026-06-22 15:00:00+00:00,AMD,545.5,548.9,537.3,537.77,525316
2026-06-22 16:00:00+00:00,AMD,537.77,545.1,536.84,544.0,321200
2026-06-22 17:00:00+00:00,AMD,543.97,547.07,541.61,545.69,154784
2026-06-22 18:00:00+00:00,AMD,545.65,547.68,544.12,545.4,193169
2026-06-22 19:00:00+00:00,AMD,545.44,552.08,544.0,551.67,890791
2026-06-22 20:00:00+00:00,AMD,551.4,552.88,549.0,549.5,3274784
2026-06-22 21:00:00+00:00,AMD,549.26,550.0,549.15,549.51,4760
2026-06-22 22:00:00+00:00,AMD,549.21,550.28,546.1,546.62,8890
2026-06-22 23:00:00+00:00,AMD,546.6,547.44,545.47,546.77,6072
2026-06-23 08:00:00+00:00,AMD,524.79,524.79,515.01,518.7,75978
2026-06-23 09:00:00+00:00,AMD,519.74,524.2,518.0,519.0,38078
2026-06-23 10:00:00+00:00,AMD,518.89,519.88,514.0,518.7,27125
2026-06-23 11:00:00+00:00,AMD,518.66,519.8,515.6,519.4,64589
2026-06-23 12:00:00+00:00,AMD,519.2,520.85,510.0,510.2,105100
2026-06-23 13:00:00+00:00,AMD,510.5,524.99,506.0,523.71,1225657
2026-06-23 14:00:00+00:00,AMD,523.61,526.57,518.6,522.25,717973
2026-06-23 15:00:00+00:00,AMD,522.32,524.17,516.55,522.18,578548
2026-06-23 16:00:00+00:00,AMD,522.255,528.46,520.14,522.105,416472
2026-06-23 17:00:00+00:00,AMD,522.15,525.2,518.63,518.78,369011
2026-06-23 18:00:00+00:00,AMD,518.99,521.18,513.56,515.77,511862
2026-06-23 19:00:00+00:00,AMD,515.77,521.5,515.11,520.02,1301167
2026-06-23 20:00:00+00:00,AMD,520.05,523.0,518.01,521.58,4610986
2026-06-23 21:00:00+00:00,AMD,521.53,522.36,521.2,521.9,4227
2026-06-23 22:00:00+00:00,AMD,521.9,522.7,517.06,518.84,13499
2026-06-23 23:00:00+00:00,AMD,518.84,522.99,517.01,522.25,20821
2026-06-24 08:00:00+00:00,AMD,527.0,532.0,526.5,528.17,13418
2026-06-24 09:00:00+00:00,AMD,528.37,528.75,526.06,527.58,9389
2026-06-24 10:00:00+00:00,AMD,527.39,528.75,526.0,526.48,5637
2026-06-24 11:00:00+00:00,AMD,526.67,528.1,523.52,527.1,35792
2026-06-24 12:00:00+00:00,AMD,527.0,528.3,523.47,523.69,24163
2026-06-24 13:00:00+00:00,AMD,523.7,524.76,509.76,521.495,925540
2026-06-24 14:00:00+00:00,AMD,521.67,524.96,511.72,520.04,681254
2026-06-24 15:00:00+00:00,AMD,520.23,522.47,514.59,520.63,402749
2026-06-24 16:00:00+00:00,AMD,520.37,522.35,515.06,516.24,324531
2026-06-24 17:00:00+00:00,AMD,516.11,517.73,507.25,508.97,511249
2026-06-24 18:00:00+00:00,AMD,509.21,515.86,505.41,506.53,404811
2026-06-24 19:00:00+00:00,AMD,506.55,520.12,503.5,519.36,967139
2026-06-24 20:00:00+00:00,AMD,519.79,539.78,517.98,537.87,4450096
2026-06-24 21:00:00+00:00,AMD,537.78,538.85,534.8,538.23,32138
2026-06-24 22:00:00+00:00,AMD,538.5,539.52,537.03,537.38,12874
2026-06-24 23:00:00+00:00,AMD,537.4,539.27,537.05,538.8,11210
2026-06-25 08:00:00+00:00,AMD,538.44,540.62,537.41,537.5,13935
2026-06-25 09:00:00+00:00,AMD,537.9,539.5,537.6,538.74,4327
2026-06-25 10:00:00+00:00,AMD,538.59,539.98,538.12,538.78,6091
2026-06-25 11:00:00+00:00,AMD,538.8,543.11,538.65,539.06,40528
2026-06-25 12:00:00+00:00,AMD,539.4,545.65,538.8,544.39,41406
2026-06-25 13:00:00+00:00,AMD,544.21,550.88,507.0,507.87,1449520
2026-06-25 14:00:00+00:00,AMD,507.98,523.5,507.97,519.22,854478
2026-06-25 15:00:00+00:00,AMD,519.4,523.56,514.1,519.085,438289
2026-06-25 16:00:00+00:00,AMD,519.05,531.44,518.6,523.61,488317
2026-06-25 17:00:00+00:00,AMD,523.6,530.0,523.07,529.58,278501
2026-06-25 18:00:00+00:00,AMD,529.44,529.99,521.92,525.275,304831
2026-06-25 19:00:00+00:00,AMD,525.4,532.82,521.18,532.7,1080386
2026-06-25 20:00:00+00:00,AMD,532.81,538.01,530.5,531.0,2580973
2026-06-25 21:00:00+00:00,AMD,531.58,531.84,528.51,529.9,4662
2026-06-25 22:00:00+00:00,AMD,529.9,530.94,526.96,528.58,5232
2026-06-25 23:00:00+00:00,AMD,528.65,535.92,527.69,529.45,19191
2026-06-26 08:00:00+00:00,AMD,519.86,519.94,514.5,515.0,12411
2026-06-26 09:00:00+00:00,AMD,514.3,514.99,511.25,513.23,17084
2026-06-26 10:00:00+00:00,AMD,513.09,513.68,511.1,512.87,9597
2026-06-26 11:00:00+00:00,AMD,513.0,514.8,510.87,512.32,30498
2026-06-26 12:00:00+00:00,AMD,512.08,515.2,508.13,509.0,55341
2026-06-26 13:00:00+00:00,AMD,509.0,520.93,502.7,516.89,1251419
2026-06-26 14:00:00+00:00,AMD,517.085,525.13,515.51,516.5,757434
2026-06-26 15:00:00+00:00,AMD,516.53,521.6,510.9,519.68,698991
2026-06-26 16:00:00+00:00,AMD,519.82,522.32,516.0,519.46,465366
2026-06-26 17:00:00+00:00,AMD,519.57,524.71,518.36,519.265,373507
2026-06-26 18:00:00+00:00,AMD,519.4,520.7,515.89,517.72,427994
2026-06-26 19:00:00+00:00,AMD,517.75,524.71,513.36,519.74,2088542
2026-06-26 20:00:00+00:00,AMD,519.68,524.0,517.06,517.8,15843520
2026-06-26 21:00:00+00:00,AMD,517.65,518.22,516.75,517.65,10068
2026-06-26 22:00:00+00:00,AMD,517.65,518.9,517.56,518.8,4445
2026-06-26 23:00:00+00:00,AMD,518.68,519.86,518.2,518.69,5214
2026-06-29 08:00:00+00:00,AMD,530.2,533.4,528.44,530.84,19426
2026-06-29 09:00:00+00:00,AMD,531.0,531.5,528.3,529.01,14898
2026-06-29 10:00:00+00:00,AMD,529.5,530.5,528.28,530.44,7298
2026-06-29 11:00:00+00:00,AMD,529.06,530.07,526.85,527.14,15401
2026-06-29 12:00:00+00:00,AMD,527.05,529.19,526.01,527.35,23904
2026-06-29 13:00:00+00:00,AMD,527.56,535.31,511.91,513.0,907387
2026-06-29 14:00:00+00:00,AMD,512.9,515.525,495.43,514.38,1221854
2026-06-29 15:00:00+00:00,AMD,514.56,525.5,512.5,524.17,598114
2026-06-29 16:00:00+00:00,AMD,524.23,532.88,523.63,531.81,443544
2026-06-29 17:00:00+00:00,AMD,531.62,542.16,531.59,540.08,583054
2026-06-29 18:00:00+00:00,AMD,540.18,541.6,536.99,537.5,339186
2026-06-29 19:00:00+00:00,AMD,537.66,540.3,535.11,539.25,1114139
2026-06-29 20:00:00+00:00,AMD,539.24,541.0,537.14,537.2,2205497
2026-06-29 21:00:00+00:00,AMD,537.28,538.62,537.06,538.34,2809
2026-06-29 22:00:00+00:00,AMD,538.12,538.98,537.26,537.9,4598
2026-06-29 23:00:00+00:00,AMD,538.1,540.28,537.89,540.28,8012
2026-06-30 08:00:00+00:00,AMD,540.34,541.5,536.46,538.49,8709
2026-06-30 09:00:00+00:00,AMD,538.0,539.64,536.61,539.09,4296
2026-06-30 10:00:00+00:00,AMD,539.0,540.31,538.36,540.31,3910
2026-06-30 11:00:00+00:00,AMD,539.98,544.52,539.98,543.17,27770
2026-06-30 12:00:00+00:00,AMD,543.12,543.46,538.8,539.09,23507
2026-06-30 13:00:00+00:00,AMD,538.99,564.76,538.75,557.23,1184233
2026-06-30 14:00:00+00:00,AMD,556.99,560.25,552.33,556.89,736802
2026-06-30 15:00:00+00:00,AMD,557.0,578.94,556.83,577.74,984628
2026-06-30 16:00:00+00:00,AMD,577.76,581.39,575.12,579.75,620762
2026-06-30 17:00:00+00:00,AMD,579.85,582.6,577.83,579.97,419539
2026-06-30 18:00:00+00:00,AMD,580.15,584.0,578.1,581.47,493096
2026-06-30 19:00:00+00:00,AMD,581.45,584.71,580.07,580.16,1746891
2026-06-30 20:00:00+00:00,AMD,580.23,581.0,577.75,579.36,4827777
2026-06-30 21:00:00+00:00,AMD,579.23,579.3,577.0,577.31,13760
2026-06-30 22:00:00+00:00,AMD,577.3,577.99,576.65,577.47,10657
2026-06-30 23:00:00+00:00,AMD,577.5,579.47,577.4,579.47,7488
