ts_event,rtype,publisher_id,instrument_id,open,high,low,close,volume,symbol
2024-07-01T11:00:00.000000000Z,34,2,5158,35.67,35.67,35.67,35.67,1,ENB
2024-07-01T12:00:00.000000000Z,34,2,16192,37.94,37.94,37.94,37.94,5,TRP
2024-07-01T13:00:00.000000000Z,34,2,16192,37.915,38.16,37.915,38.11,9011,TRP
2024-07-01T13:00:00.000000000Z,34,2,5158,35.65,35.91,35.65,35.84,26047,ENB
2024-07-01T14:00:00.000000000Z,34,2,5158,35.84,35.87,35.53,35.58,68457,ENB
2024-07-01T14:00:00.000000000Z,34,2,16192,38.12,38.14,37.755,37.76,17818,TRP
2024-07-01T15:00:00.000000000Z,34,2,5158,35.57,35.62,35.47,35.535,46381,ENB
2024-07-01T15:00:00.000000000Z,34,2,16192,37.75,37.84,37.68,37.755,16292,TRP
2024-07-01T16:00:00.000000000Z,34,2,16192,37.75,37.79,37.69,37.775,15209,TRP
2024-07-01T16:00:00.000000000Z,34,2,5158,35.535,35.535,35.38,35.395,17982,ENB
2024-07-01T17:00:00.000000000Z,34,2,16192,37.78,37.91,37.77,37.87,25207,TRP
2024-07-01T17:00:00.000000000Z,34,2,5158,35.39,35.46,35.375,35.43,46409,ENB
2024-07-01T18:00:00.000000000Z,34,2,5158,35.435,35.46,35.28,35.32,47428,ENB
2024-07-01T18:00:00.000000000Z,34,2,16192,37.87,37.9,37.69,37.7,29996,TRP
2024-07-01T19:00:00.000000000Z,34,2,5158,35.32,35.325,35.26,35.26,80060,ENB
2024-07-01T19:00:00.000000000Z,34,2,16192,37.7,37.71,37.525,37.565,54495,TRP
2024-07-01T20:00:00.000000000Z,34,2,5158,35.25,35.25,35.25,35.25,80,ENB
2024-07-01T23:00:00.000000000Z,34,2,5158,35.35,35.43,35.35,35.43,2,ENB
2024-07-02T10:00:00.000000000Z,34,2,16192,37.56,37.56,37.56,37.56,5,TRP
2024-07-02T11:00:00.000000000Z,34,2,16192,37.5,37.5,37.5,37.5,10,TRP
2024-07-02T11:00:00.000000000Z,34,2,5158,35.4,35.4,35.4,35.4,10,ENB
2024-07-02T12:00:00.000000000Z,34,2,5158,35.4,35.46,35.4,35.44,324,ENB
2024-07-02T13:00:00.000000000Z,34,2,16192,37.62,38.165,37.56,38.12,17657,TRP
2024-07-02T13:00:00.000000000Z,34,2,5158,35.52,35.86,35.4,35.845,29931,ENB
2024-07-02T14:00:00.000000000Z,34,2,5158,35.86,35.86,35.62,35.695,54179,ENB
2024-07-02T14:00:00.000000000Z,34,2,16192,38.125,38.125,37.83,37.85,45441,TRP
2024-07-02T15:00:00.000000000Z,34,2,16192,37.85,37.85,37.54,37.74,41390,TRP
2024-07-02T15:00:00.000000000Z,34,2,5158,35.69,35.69,35.535,35.64,36090,ENB
2024-07-02T16:00:00.000000000Z,34,2,5158,35.66,35.69,35.6,35.64,24944,ENB
2024-07-02T16:00:00.000000000Z,34,2,16192,37.735,37.76,37.575,37.63,36989,TRP
2024-07-02T17:00:00.000000000Z,34,2,16192,37.635,37.725,37.61,37.71,25056,TRP
2024-07-02T17:00:00.000000000Z,34,2,5158,35.64,35.64,35.51,35.525,30074,ENB
2024-07-02T18:00:00.000000000Z,34,2,16192,37.71,37.725,37.605,37.625,45507,TRP
2024-07-02T18:00:00.000000000Z,34,2,5158,35.52,35.605,35.49,35.575,30041,ENB
2024-07-02T19:00:00.000000000Z,34,2,16192,37.625,37.77,37.585,37.745,130111,TRP
2024-07-02T19:00:00.000000000Z,34,2,5158,35.575,35.82,35.565,35.805,132749,ENB
2024-07-02T20:00:00.000000000Z,34,2,5158,35.78,35.78,35.78,35.78,2,ENB
2024-07-02T21:00:00.000000000Z,34,2,5158,35.83,35.83,35.83,35.83,2,ENB
2024-07-02T23:00:00.000000000Z,34,2,5158,35.84,35.84,35.84,35.84,24,ENB
2024-07-03T13:00:00.000000000Z,34,2,5158,35.92,36.18,35.9,36.12,19707,ENB
2024-07-03T13:00:00.000000000Z,34,2,16192,38.01,38.39,37.9,38.39,14086,TRP
2024-07-03T14:00:00.000000000Z,34,2,16192,38.49,38.59,38.32,38.33,34387,TRP
2024-07-03T14:00:00.000000000Z,34,2,5158,36.13,36.24,36.04,36.05,48597,ENB
2024-07-03T15:00:00.000000000Z,34,2,16192,38.34,38.355,38.19,38.19,22893,TRP
2024-07-03T15:00:00.000000000Z,34,2,5158,36.06,36.06,35.97,35.975,52493,ENB
2024-07-03T16:00:00.000000000Z,34,2,16192,38.19,38.19,37.995,38.17,39229,TRP
2024-07-03T16:00:00.000000000Z,34,2,5158,35.95,35.97,35.815,35.885,61937,ENB
2024-07-03T17:00:00.000000000Z,34,2,5158,35.87,35.96,35.87,35.92,706,ENB
2024-07-03T17:00:00.000000000Z,34,2,16192,38.14,38.21,38.13,38.21,401,TRP
2024-07-03T19:00:00.000000000Z,34,2,5158,35.92,35.92,35.81,35.81,1901,ENB
2024-07-03T20:00:00.000000000Z,34,2,5158,35.92,35.92,35.82,35.82,204,ENB
2024-07-05T08:00:00.000000000Z,34,2,5158,36.1,36.11,36.1,36.1,102,ENB
2024-07-05T10:00:00.000000000Z,34,2,5158,36.0,36.0,35.89,35.89,119,ENB
2024-07-05T11:00:00.000000000Z,34,2,5158,35.95,35.95,35.95,35.95,12,ENB
2024-07-05T13:00:00.000000000Z,34,2,5158,35.95,35.95,35.74,35.785,23506,ENB
2024-07-05T13:00:00.000000000Z,34,2,16192,38.31,38.31,38.005,38.05,14714,TRP
2024-07-05T14:00:00.000000000Z,34,2,5158,35.79,35.79,35.66,35.77,27021,ENB
2024-07-05T14:00:00.000000000Z,34,2,16192,38.04,38.075,37.95,38.075,55075,TRP
2024-07-05T15:00:00.000000000Z,34,2,16192,38.075,38.125,37.98,38.005,46164,TRP
2024-07-05T15:00:00.000000000Z,34,2,5158,35.76,35.85,35.705,35.72,12687,ENB
2024-07-05T16:00:00.000000000Z,34,2,5158,35.735,35.735,35.62,35.64,21222,ENB
2024-07-05T16:00:00.000000000Z,34,2,16192,38.005,38.065,37.98,38.015,26506,TRP
2024-07-05T17:00:00.000000000Z,34,2,16192,38.015,38.075,37.95,37.955,41123,TRP
2024-07-05T17:00:00.000000000Z,34,2,5158,35.64,35.665,35.59,35.6,19881,ENB
2024-07-05T18:00:00.000000000Z,34,2,5158,35.6,35.66,35.535,35.66,17966,ENB
2024-07-05T18:00:00.000000000Z,34,2,16192,37.955,37.955,37.78,37.95,40172,TRP
2024-07-05T19:00:00.000000000Z,34,2,16192,37.945,37.965,37.795,37.86,77480,TRP
2024-07-05T19:00:00.000000000Z,34,2,5158,35.67,35.67,35.545,35.6,72848,ENB
2024-07-05T20:00:00.000000000Z,34,2,5158,35.58,35.85,35.57,35.85,10,ENB
2024-07-05T21:00:00.000000000Z,34,2,5158,35.7,35.7,35.7,35.7,74,ENB
2024-07-08T09:00:00.000000000Z,34,2,5158,35.63,35.63,35.63,35.63,67,ENB
2024-07-08T10:00:00.000000000Z,34,2,5158,35.66,35.66,35.62,35.62,17,ENB
2024-07-08T10:00:00.000000000Z,34,2,16192,37.88,37.88,37.87,37.87,3,TRP
2024-07-08T11:00:00.000000000Z,34,2,16192,37.84,37.84,37.84,37.84,1,TRP
2024-07-08T11:00:00.000000000Z,34,2,5158,35.73,35.73,35.65,35.66,127,ENB
2024-07-08T13:00:00.000000000Z,34,2,16192,37.75,37.81,37.51,37.755,3353,TRP
2024-07-08T13:00:00.000000000Z,34,2,5158,35.7,35.7,35.455,35.59,21177,ENB
2024-07-08T14:00:00.000000000Z,34,2,16192,37.76,37.795,37.51,37.58,16280,TRP
2024-07-08T14:00:00.000000000Z,34,2,5158,35.59,35.625,35.435,35.51,26881,ENB
2024-07-08T15:00:00.000000000Z,34,2,5158,35.51,35.51,35.405,35.435,32938,ENB
2024-07-08T15:00:00.000000000Z,34,2,16192,37.58,37.59,37.47,37.59,9445,TRP
2024-07-08T16:00:00.000000000Z,34,2,16192,37.585,37.655,37.505,37.615,23250,TRP
2024-07-08T16:00:00.000000000Z,34,2,5158,35.43,35.545,35.42,35.515,13687,ENB
2024-07-08T17:00:00.000000000Z,34,2,16192,37.615,37.615,37.55,37.595,7161,TRP
2024-07-08T17:00:00.000000000Z,34,2,5158,35.515,35.515,35.41,35.45,15045,ENB
2024-07-08T18:00:00.000000000Z,34,2,5158,35.465,35.465,35.33,35.35,25587,ENB
2024-07-08T18:00:00.000000000Z,34,2,16192,37.6,37.625,37.525,37.535,17377,TRP
2024-07-08T19:00:00.000000000Z,34,2,5158,35.345,35.42,35.3,35.38,80483,ENB
2024-07-08T19:00:00.000000000Z,34,2,16192,37.54,37.545,37.4,37.51,68448,TRP
2024-07-09T12:00:00.000000000Z,34,2,5158,35.46,35.46,35.46,35.46,10,ENB
2024-07-09T13:00:00.000000000Z,34,2,5158,35.35,35.35,35.1,35.265,17048,ENB
2024-07-09T13:00:00.000000000Z,34,2,16192,37.25,37.395,37.12,37.18,9964,TRP
2024-07-09T14:00:00.000000000Z,34,2,5158,35.275,35.33,35.19,35.295,25642,ENB
2024-07-09T14:00:00.000000000Z,34,2,16192,37.19,37.28,37.09,37.19,17326,TRP
2024-07-09T15:00:00.000000000Z,34,2,16192,37.2,37.33,37.07,37.33,23057,TRP
2024-07-09T15:00:00.000000000Z,34,2,5158,35.3,35.35,35.21,35.335,20243,ENB
2024-07-09T16:00:00.000000000Z,34,2,16192,37.32,37.435,37.32,37.4,21984,TRP
2024-07-09T16:00:00.000000000Z,34,2,5158,35.34,35.365,35.305,35.365,22285,ENB
2024-07-09T17:00:00.000000000Z,34,2,5158,35.37,35.41,35.325,35.37,29388,ENB
2024-07-09T17:00:00.000000000Z,34,2,16192,37.405,37.57,37.405,37.495,8304,TRP
2024-07-09T18:00:00.000000000Z,34,2,16192,37.485,37.49,37.4,37.4,10809,TRP
2024-07-09T18:00:00.000000000Z,34,2,5158,35.365,35.37,35.31,35.315,23670,ENB
2024-07-09T19:00:00.000000000Z,34,2,16192,37.395,37.535,37.37,37.5,40130,TRP
2024-07-09T19:00:00.000000000Z,34,2,5158,35.31,35.405,35.305,35.38,89704,ENB
2024-07-09T22:00:00.000000000Z,34,2,5158,35.45,35.54,35.45,35.54,140,ENB
2024-07-10T11:00:00.000000000Z,34,2,5158,35.3,35.3,35.29,35.3,72,ENB
2024-07-10T12:00:00.000000000Z,34,2,5158,35.3,35.38,35.3,35.38,652,ENB
2024-07-10T13:00:00.000000000Z,34,2,16192,37.54,37.69,37.42,37.64,6457,TRP
2024-07-10T13:00:00.000000000Z,34,2,5158,35.37,35.52,35.34,35.44,29293,ENB
2024-07-10T14:00:00.000000000Z,34,2,5158,35.45,35.58,35.43,35.55,28029,ENB
2024-07-10T14:00:00.000000000Z,34,2,16192,37.65,37.91,37.65,37.86,20051,TRP
2024-07-10T15:00:00.000000000Z,34,2,16192,37.86,38.15,37.86,38.01,19226,TRP
2024-07-10T15:00:00.000000000Z,34,2,5158,35.57,35.635,35.565,35.61,25800,ENB
2024-07-10T16:00:00.000000000Z,34,2,16192,38.0,38.015,37.88,37.995,22465,TRP
2024-07-10T16:00:00.000000000Z,34,2,5158,35.6,35.67,35.54,35.645,28470,ENB
2024-07-10T17:00:00.000000000Z,34,2,16192,37.99,38.11,37.99,38.09,19753,TRP
2024-07-10T17:00:00.000000000Z,34,2,5158,35.645,35.715,35.615,35.68,11488,ENB
2024-07-10T18:00:00.000000000Z,34,2,5158,35.68,35.71,35.65,35.68,10716,ENB
2024-07-10T18:00:00.000000000Z,34,2,16192,38.09,38.25,38.08,38.205,18681,TRP
2024-07-10T19:00:00.000000000Z,34,2,16192,38.205,38.5,38.205,38.475,83973,TRP
2024-07-10T19:00:00.000000000Z,34,2,5158,35.695,35.775,35.695,35.765,57840,ENB
2024-07-10T20:00:00.000000000Z,34,2,5158,35.68,35.78,35.67,35.78,25,ENB
2024-07-10T22:00:00.000000000Z,34,2,5158,35.75,35.75,35.75,35.75,5,ENB
2024-07-10T22:00:00.000000000Z,34,2,16192,38.43,38.43,38.43,38.43,2,TRP
2024-07-10T23:00:00.000000000Z,34,2,5158,35.76,35.76,35.7,35.7,821,ENB
2024-07-11T10:00:00.000000000Z,34,2,5158,35.78,35.78,35.78,35.78,7,ENB
2024-07-11T11:00:00.000000000Z,34,2,5158,35.78,35.78,35.77,35.77,17,ENB
2024-07-11T12:00:00.000000000Z,34,2,5158,35.8,35.9,35.8,35.9,32,ENB
2024-07-11T13:00:00.000000000Z,34,2,16192,38.65,38.92,38.52,38.86,4483,TRP
2024-07-11T13:00:00.000000000Z,34,2,5158,35.81,35.95,35.77,35.9,12917,ENB
2024-07-11T14:00:00.000000000Z,34,2,16192,38.86,39.23,38.85,39.19,27869,TRP
2024-07-11T14:00:00.000000000Z,34,2,5158,35.9,35.96,35.86,35.93,60596,ENB
2024-07-11T15:00:00.000000000Z,34,2,5158,35.935,35.935,35.75,35.78,39151,ENB
2024-07-11T15:00:00.000000000Z,34,2,16192,39.19,39.2,39.06,39.09,18112,TRP
2024-07-11T16:00:00.000000000Z,34,2,16192,39.08,39.08,38.79,38.885,19236,TRP
2024-07-11T16:00:00.000000000Z,34,2,5158,35.78,35.805,35.74,35.805,37687,ENB
2024-07-11T17:00:00.000000000Z,34,2,16192,38.895,39.07,38.84,39.05,13132,TRP
2024-07-11T17:00:00.000000000Z,34,2,5158,35.805,35.865,35.775,35.855,46703,ENB
2024-07-11T18:00:00.000000000Z,34,2,5158,35.86,35.89,35.755,35.775,63160,ENB
2024-07-11T18:00:00.000000000Z,34,2,16192,39.06,39.11,38.94,39.005,14603,TRP
2024-07-11T19:00:00.000000000Z,34,2,16192,39.01,39.055,38.78,38.84,82889,TRP
2024-07-11T19:00:00.000000000Z,34,2,5158,35.775,35.82,35.745,35.795,140300,ENB
2024-07-11T20:00:00.000000000Z,34,2,5158,35.74,35.74,35.59,35.59,7555,ENB
2024-07-11T22:00:00.000000000Z,34,2,5158,35.74,35.79,35.74,35.79,653,ENB
2024-07-11T23:00:00.000000000Z,34,2,5158,35.8,35.83,35.8,35.83,4,ENB
2024-07-12T12:00:00.000000000Z,34,2,16192,38.86,38.86,38.86,38.86,54,TRP
2024-07-12T12:00:00.000000000Z,34,2,5158,35.92,35.99,35.92,35.99,37,ENB
2024-07-12T13:00:00.000000000Z,34,2,16192,39.03,39.12,38.9,38.9,4832,TRP
2024-07-12T13:00:00.000000000Z,34,2,5158,35.98,36.005,35.76,35.76,24058,ENB
2024-07-12T14:00:00.000000000Z,34,2,5158,35.77,36.02,35.76,36.0,27293,ENB
2024-07-12T14:00:00.000000000Z,34,2,16192,38.92,39.19,38.91,38.97,12014,TRP
2024-07-12T15:00:00.000000000Z,34,2,16192,38.97,39.14,38.96,39.01,10947,TRP
2024-07-12T15:00:00.000000000Z,34,2,5158,36.01,36.11,36.01,36.06,17109,ENB
2024-07-12T16:00:00.000000000Z,34,2,5158,36.05,36.095,36.025,36.09,15618,ENB
2024-07-12T16:00:00.000000000Z,34,2,16192,39.0,39.045,38.96,39.04,6172,TRP
2024-07-12T17:00:00.000000000Z,34,2,16192,39.035,39.11,38.995,39.065,10909,TRP
2024-07-12T17:00:00.000000000Z,34,2,5158,36.09,36.19,36.075,36.17,15236,ENB
2024-07-12T18:00:00.000000000Z,34,2,5158,36.17,36.2,36.08,36.085,22348,ENB
2024-07-12T18:00:00.000000000Z,34,2,16192,39.055,39.11,39.025,39.025,8516,TRP
2024-07-12T19:00:00.000000000Z,34,2,5158,36.085,36.115,36.015,36.1,72916,ENB
2024-07-12T19:00:00.000000000Z,34,2,16192,39.02,39.12,38.955,39.02,107718,TRP
2024-07-15T09:00:00.000000000Z,34,2,5158,36.14,36.14,36.14,36.14,2,ENB
2024-07-15T11:00:00.000000000Z,34,2,5158,36.14,36.14,36.14,36.14,62,ENB
2024-07-15T12:00:00.000000000Z,34,2,5158,36.14,36.16,36.14,36.16,14,ENB
2024-07-15T13:00:00.000000000Z,34,2,16192,39.01,39.1,38.91,39.0,8029,TRP
2024-07-15T13:00:00.000000000Z,34,2,5158,36.2,36.24,36.02,36.14,18546,ENB
2024-07-15T14:00:00.000000000Z,34,2,5158,36.13,36.14,35.965,36.01,30888,ENB
2024-07-15T14:00:00.000000000Z,34,2,16192,38.97,39.255,38.965,39.195,35369,TRP
2024-07-15T15:00:00.000000000Z,34,2,16192,39.2,39.31,39.13,39.275,27918,TRP
2024-07-15T15:00:00.000000000Z,34,2,5158,36.01,36.03,35.88,36.01,18051,ENB
2024-07-15T16:00:00.000000000Z,34,2,5158,36.0,36.035,35.94,35.965,16893,ENB
2024-07-15T16:00:00.000000000Z,34,2,16192,39.27,39.335,39.2,39.275,22567,TRP
2024-07-15T17:00:00.000000000Z,34,2,16192,39.27,39.28,39.19,39.265,17680,TRP
2024-07-15T17:00:00.000000000Z,34,2,5158,35.96,35.98,35.91,35.97,23136,ENB
2024-07-15T18:00:00.000000000Z,34,2,5158,35.96,36.08,35.945,36.065,39115,ENB
2024-07-15T18:00:00.000000000Z,34,2,16192,39.255,39.42,39.25,39.39,18458,TRP
2024-07-15T19:00:00.000000000Z,34,2,16192,39.395,39.4,39.15,39.175,147213,TRP
2024-07-15T19:00:00.000000000Z,34,2,5158,36.06,36.07,35.775,35.79,109017,ENB
2024-07-15T20:00:00.000000000Z,34,2,5158,35.77,35.77,35.77,35.77,76,ENB
2024-07-15T21:00:00.000000000Z,34,2,16192,39.14,39.4,39.09,39.4,165,TRP
2024-07-15T21:00:00.000000000Z,34,2,5158,35.98,35.98,35.98,35.98,7,ENB
2024-07-15T22:00:00.000000000Z,34,2,5158,35.98,35.98,35.98,35.98,49,ENB
2024-07-16T10:00:00.000000000Z,34,2,5158,35.85,35.85,35.85,35.85,1,ENB
2024-07-16T11:00:00.000000000Z,34,2,5158,35.85,35.85,35.85,35.85,1,ENB
2024-07-16T12:00:00.000000000Z,34,2,5158,35.74,35.82,35.73,35.82,307,ENB
2024-07-16T12:00:00.000000000Z,34,2,16192,39.26,39.26,39.26,39.26,70,TRP
2024-07-16T13:00:00.000000000Z,34,2,16192,39.39,39.61,39.34,39.6,25757,TRP
2024-07-16T13:00:00.000000000Z,34,2,5158,35.82,35.95,35.7,35.78,17177,ENB
2024-07-16T14:00:00.000000000Z,34,2,16192,39.605,39.735,39.48,39.545,44431,TRP
2024-07-16T14:00:00.000000000Z,34,2,5158,35.78,35.92,35.765,35.89,34768,ENB
2024-07-16T15:00:00.000000000Z,34,2,16192,39.545,39.6,39.46,39.525,56465,TRP
2024-07-16T15:00:00.000000000Z,34,2,5158,35.9,35.985,35.89,35.965,11803,ENB
2024-07-16T16:00:00.000000000Z,34,2,5158,35.97,36.05,35.97,36.025,19869,ENB
2024-07-16T16:00:00.000000000Z,34,2,16192,39.525,39.64,39.465,39.5,39546,TRP
2024-07-16T17:00:00.000000000Z,34,2,16192,39.485,39.66,39.48,39.66,32709,TRP
2024-07-16T17:00:00.000000000Z,34,2,5158,36.025,36.115,35.965,36.08,58742,ENB
2024-07-16T18:00:00.000000000Z,34,2,16192,39.66,39.825,39.59,39.805,71924,TRP
2024-07-16T18:00:00.000000000Z,34,2,5158,36.08,36.095,36.01,36.06,36491,ENB
2024-07-16T19:00:00.000000000Z,34,2,5158,36.06,36.075,35.955,36.01,86609,ENB
2024-07-16T19:00:00.000000000Z,34,2,16192,39.8,39.94,39.73,39.94,79495,TRP
2024-07-16T21:00:00.000000000Z,34,2,5158,36.01,36.01,35.98,35.98,62,ENB
2024-07-16T22:00:00.000000000Z,34,2,5158,35.98,35.98,35.98,35.98,48,ENB
2024-07-16T22:00:00.000000000Z,34,2,16192,39.74,39.74,39.74,39.74,2,TRP
2024-07-17T10:00:00.000000000Z,34,2,5158,35.99,35.99,35.99,35.99,12,ENB
2024-07-17T11:00:00.000000000Z,34,2,5158,35.99,35.99,35.85,35.89,3999,ENB
2024-07-17T12:00:00.000000000Z,34,2,16192,39.66,39.77,39.66,39.77,202,TRP
2024-07-17T12:00:00.000000000Z,34,2,5158,35.99,36.0,35.98,35.98,445,ENB
2024-07-17T13:00:00.000000000Z,34,2,16192,39.66,40.33,39.66,40.27,15732,TRP
2024-07-17T13:00:00.000000000Z,34,2,5158,35.96,36.295,35.95,36.28,34397,ENB
2024-07-17T14:00:00.000000000Z,34,2,16192,40.25,40.42,40.135,40.23,34025,TRP
2024-07-17T14:00:00.000000000Z,34,2,5158,36.275,36.38,36.18,36.19,55685,ENB
2024-07-17T15:00:00.000000000Z,34,2,5158,36.18,36.28,36.155,36.28,24643,ENB
2024-07-17T15:00:00.000000000Z,34,2,16192,40.23,40.445,40.17,40.425,37902,TRP
2024-07-17T16:00:00.000000000Z,34,2,16192,40.42,40.44,40.205,40.31,47495,TRP
2024-07-17T16:00:00.000000000Z,34,2,5158,36.275,36.29,36.155,36.19,55812,ENB
2024-07-17T17:00:00.000000000Z,34,2,5158,36.2,36.21,36.125,36.18,25361,ENB
2024-07-17T17:00:00.000000000Z,34,2,16192,40.31,40.425,40.28,40.36,101187,TRP
2024-07-17T18:00:00.000000000Z,34,2,5158,36.17,36.245,36.13,36.225,41070,ENB
2024-07-17T18:00:00.000000000Z,34,2,16192,40.35,40.435,40.285,40.3,108063,TRP
2024-07-17T19:00:00.000000000Z,34,2,5158,36.23,36.24,36.175,36.24,96531,ENB
2024-07-17T19:00:00.000000000Z,34,2,16192,40.31,40.33,40.03,40.07,178196,TRP
2024-07-17T21:00:00.000000000Z,34,2,5158,36.35,36.35,36.35,36.35,1,ENB
2024-07-18T12:00:00.000000000Z,34,2,5158,36.34,36.34,36.34,36.34,100,ENB
2024-07-18T13:00:00.000000000Z,34,2,5158,36.31,36.44,36.08,36.44,10150,ENB
2024-07-18T13:00:00.000000000Z,34,2,16192,40.06,40.355,39.98,40.34,11979,TRP
2024-07-18T14:00:00.000000000Z,34,2,5158,36.42,36.435,36.275,36.365,36599,ENB
2024-07-18T14:00:00.000000000Z,34,2,16192,40.32,40.32,40.015,40.155,43035,TRP
2024-07-18T15:00:00.000000000Z,34,2,16192,40.15,40.31,40.13,40.22,14100,TRP
2024-07-18T15:00:00.000000000Z,34,2,5158,36.36,36.445,36.36,36.39,32647,ENB
2024-07-18T16:00:00.000000000Z,34,2,5158,36.38,36.395,36.22,36.325,44348,ENB
2024-07-18T16:00:00.000000000Z,34,2,16192,40.21,40.24,40.085,40.18,15204,TRP
2024-07-18T17:00:00.000000000Z,34,2,16192,40.18,40.325,40.18,40.27,18278,TRP
2024-07-18T17:00:00.000000000Z,34,2,5158,36.33,36.38,36.33,36.345,22528,ENB
2024-07-18T18:00:00.000000000Z,34,2,16192,40.26,40.29,40.14,40.22,26964,TRP
2024-07-18T18:00:00.000000000Z,34,2,5158,36.34,36.34,36.17,36.21,49425,ENB
2024-07-18T19:00:00.000000000Z,34,2,16192,40.225,40.34,40.07,40.325,106559,TRP
2024-07-18T19:00:00.000000000Z,34,2,5158,36.21,36.345,36.115,36.27,142192,ENB
2024-07-18T20:00:00.000000000Z,34,2,5158,36.26,36.26,36.11,36.11,124,ENB
2024-07-19T09:00:00.000000000Z,34,2,5158,36.34,36.34,36.34,36.34,6,ENB
2024-07-19T12:00:00.000000000Z,34,2,5158,36.24,36.24,36.24,36.24,2,ENB
2024-07-19T13:00:00.000000000Z,34,2,16192,40.43,40.63,40.14,40.6,20270,TRP
2024-07-19T13:00:00.000000000Z,34,2,5158,36.25,36.275,36.08,36.27,18385,ENB
2024-07-19T14:00:00.000000000Z,34,2,5158,36.275,36.41,36.26,36.285,42659,ENB
2024-07-19T14:00:00.000000000Z,34,2,16192,40.6,40.92,40.58,40.88,41002,TRP
2024-07-19T15:00:00.000000000Z,34,2,16192,40.88,40.92,40.735,40.905,28414,TRP
2024-07-19T15:00:00.000000000Z,34,2,5158,36.29,36.32,36.205,36.32,35600,ENB
2024-07-19T16:00:00.000000000Z,34,2,5158,36.33,36.42,36.31,36.41,56801,ENB
2024-07-19T16:00:00.000000000Z,34,2,16192,40.905,41.035,40.88,41.035,39463,TRP
2024-07-19T17:00:00.000000000Z,34,2,16192,41.02,41.125,40.94,41.095,68796,TRP
2024-07-19T17:00:00.000000000Z,34,2,5158,36.41,36.66,36.375,36.655,67287,ENB
2024-07-19T18:00:00.000000000Z,34,2,5158,36.66,36.69,36.51,36.585,76830,ENB
2024-07-19T18:00:00.000000000Z,34,2,16192,41.09,41.15,41.01,41.065,65637,TRP
2024-07-19T19:00:00.000000000Z,34,2,5158,36.58,36.635,36.52,36.55,160537,ENB
2024-07-19T19:00:00.000000000Z,34,2,16192,41.07,41.135,40.91,41.09,126840,TRP
2024-07-19T20:00:00.000000000Z,34,2,5158,36.63,36.63,36.63,36.63,1,ENB
2024-07-19T21:00:00.000000000Z,34,2,16192,41.1,41.1,41.1,41.1,1,TRP
2024-07-19T22:00:00.000000000Z,34,2,5158,36.67,36.67,36.67,36.67,30,ENB
2024-07-22T12:00:00.000000000Z,34,2,16192,41.1,41.1,41.1,41.1,4,TRP
2024-07-22T13:00:00.000000000Z,34,2,5158,36.62,36.65,36.515,36.515,24276,ENB
2024-07-22T13:00:00.000000000Z,34,2,16192,41.03,41.5,41.01,41.3,12205,TRP
2024-07-22T14:00:00.000000000Z,34,2,5158,36.52,36.62,36.495,36.62,70668,ENB
2024-07-22T14:00:00.000000000Z,34,2,16192,41.28,41.48,41.24,41.48,28044,TRP
2024-07-22T15:00:00.000000000Z,34,2,16192,41.49,41.63,41.44,41.51,18803,TRP
2024-07-22T15:00:00.000000000Z,34,2,5158,36.62,36.765,36.57,36.765,110688,ENB
2024-07-22T16:00:00.000000000Z,34,2,5158,36.765,36.785,36.645,36.715,81105,ENB
2024-07-22T16:00:00.000000000Z,34,2,16192,41.485,41.565,41.465,41.545,20202,TRP
2024-07-22T17:00:00.000000000Z,34,2,16192,41.55,41.685,41.51,41.52,19251,TRP
2024-07-22T17:00:00.000000000Z,34,2,5158,36.715,36.83,36.715,36.775,54175,ENB
2024-07-22T18:00:00.000000000Z,34,2,16192,41.51,41.625,41.47,41.625,24704,TRP
2024-07-22T18:00:00.000000000Z,34,2,5158,36.775,36.79,36.725,36.735,59802,ENB
2024-07-22T19:00:00.000000000Z,34,2,5158,36.735,36.785,36.71,36.735,155174,ENB
2024-07-22T19:00:00.000000000Z,34,2,16192,41.61,41.69,41.495,41.69,97685,TRP
2024-07-22T20:00:00.000000000Z,34,2,5158,36.74,36.74,36.74,36.74,10,ENB
2024-07-22T22:00:00.000000000Z,34,2,16192,41.79,41.79,41.79,41.79,100,TRP
2024-07-23T11:00:00.000000000Z,34,2,5158,36.77,36.77,36.77,36.77,100,ENB
2024-07-23T12:00:00.000000000Z,34,2,5158,36.8,36.8,36.74,36.74,4134,ENB
2024-07-23T13:00:00.000000000Z,34,2,5158,36.71,36.71,36.45,36.59,16421,ENB
2024-07-23T13:00:00.000000000Z,34,2,16192,41.69,41.69,41.23,41.42,8808,TRP
2024-07-23T14:00:00.000000000Z,34,2,5158,36.58,36.735,36.53,36.53,66873,ENB
2024-07-23T14:00:00.000000000Z,34,2,16192,41.42,41.47,41.31,41.33,27831,TRP
2024-07-23T15:00:00.000000000Z,34,2,5158,36.52,36.575,36.46,36.535,34780,ENB
2024-07-23T15:00:00.000000000Z,34,2,16192,41.33,41.36,41.24,41.33,13052,TRP
2024-07-23T16:00:00.000000000Z,34,2,5158,36.545,36.63,36.535,36.565,45923,ENB
2024-07-23T16:00:00.000000000Z,34,2,16192,41.32,41.495,41.32,41.465,11032,TRP
2024-07-23T17:00:00.000000000Z,34,2,16192,41.45,41.47,41.315,41.42,21053,TRP
2024-07-23T17:00:00.000000000Z,34,2,5158,36.565,36.595,36.505,36.565,36532,ENB
2024-07-23T18:00:00.000000000Z,34,2,5158,36.565,36.58,36.505,36.53,46586,ENB
2024-07-23T18:00:00.000000000Z,34,2,16192,41.445,41.45,41.335,41.415,26771,TRP
2024-07-23T19:00:00.000000000Z,34,2,5158,36.53,36.585,36.435,36.465,107730,ENB
2024-07-23T19:00:00.000000000Z,34,2,16192,41.4,41.545,41.39,41.4,125848,TRP
2024-07-23T20:00:00.000000000Z,34,2,5158,36.64,36.65,36.64,36.65,10,ENB
2024-07-23T21:00:00.000000000Z,34,2,5158,36.65,36.73,36.65,36.73,150,ENB
2024-07-23T22:00:00.000000000Z,34,2,5158,36.52,36.52,36.52,36.52,199,ENB
2024-07-24T08:00:00.000000000Z,34,2,5158,36.47,36.47,36.46,36.46,111,ENB
2024-07-24T11:00:00.000000000Z,34,2,5158,36.67,36.67,36.67,36.67,20,ENB
2024-07-24T12:00:00.000000000Z,34,2,5158,36.67,36.67,36.5,36.5,26,ENB
2024-07-24T13:00:00.000000000Z,34,2,5158,36.5,36.69,36.43,36.46,9729,ENB
2024-07-24T13:00:00.000000000Z,34,2,16192,41.21,41.74,41.21,41.47,11785,TRP
2024-07-24T14:00:00.000000000Z,34,2,5158,36.47,36.615,36.365,36.545,21570,ENB
2024-07-24T14:00:00.000000000Z,34,2,16192,41.47,41.74,41.28,41.69,27869,TRP
2024-07-24T15:00:00.000000000Z,34,2,16192,41.69,41.88,41.67,41.74,36728,TRP
2024-07-24T15:00:00.000000000Z,34,2,5158,36.54,36.675,36.5,36.665,21274,ENB
2024-07-24T16:00:00.000000000Z,34,2,5158,36.665,36.79,36.645,36.705,30563,ENB
2024-07-24T16:00:00.000000000Z,34,2,16192,41.74,41.78,41.6,41.685,35606,TRP
2024-07-24T17:00:00.000000000Z,34,2,16192,41.69,41.71,41.5,41.52,27345,TRP
2024-07-24T17:00:00.000000000Z,34,2,5158,36.71,36.775,36.67,36.675,50744,ENB
2024-07-24T18:00:00.000000000Z,34,2,16192,41.51,41.515,41.265,41.325,46592,TRP
2024-07-24T18:00:00.000000000Z,34,2,5158,36.67,36.685,36.565,36.605,51193,ENB
2024-07-24T19:00:00.000000000Z,34,2,5158,36.605,36.655,36.505,36.58,137238,ENB
2024-07-24T19:00:00.000000000Z,34,2,16192,41.32,41.46,41.32,41.4,98908,TRP
2024-07-24T20:00:00.000000000Z,34,2,5158,36.61,36.61,36.61,36.61,12,ENB
2024-07-24T21:00:00.000000000Z,34,2,5158,36.69,36.69,36.55,36.55,75,ENB
2024-07-24T23:00:00.000000000Z,34,2,5158,36.51,36.51,36.51,36.51,10,ENB
2024-07-25T08:00:00.000000000Z,34,2,5158,36.45,36.45,36.45,36.45,7,ENB
2024-07-25T09:00:00.000000000Z,34,2,5158,36.43,36.43,36.4,36.4,13,ENB
2024-07-25T12:00:00.000000000Z,34,2,5158,36.51,36.51,36.5,36.5,147,ENB
2024-07-25T13:00:00.000000000Z,34,2,16192,41.3,41.9,41.29,41.87,16845,TRP
2024-07-25T13:00:00.000000000Z,34,2,5158,36.5,36.655,36.48,36.63,9485,ENB
2024-07-25T14:00:00.000000000Z,34,2,16192,41.85,41.87,41.6,41.65,35003,TRP
2024-07-25T14:00:00.000000000Z,34,2,5158,36.6,36.64,36.43,36.45,50166,ENB
2024-07-25T15:00:00.000000000Z,34,2,16192,41.655,41.965,41.655,41.96,37913,TRP
2024-07-25T15:00:00.000000000Z,34,2,5158,36.46,36.675,36.455,36.675,24997,ENB
2024-07-25T16:00:00.000000000Z,34,2,5158,36.675,36.705,36.63,36.69,24822,ENB
2024-07-25T16:00:00.000000000Z,34,2,16192,41.96,42.035,41.875,41.92,32077,TRP
2024-07-25T17:00:00.000000000Z,34,2,16192,41.92,41.955,41.705,41.73,23041,TRP
2024-07-25T17:00:00.000000000Z,34,2,5158,36.695,36.705,36.49,36.495,26650,ENB
2024-07-25T18:00:00.000000000Z,34,2,5158,36.495,36.52,36.435,36.44,25607,ENB
2024-07-25T18:00:00.000000000Z,34,2,16192,41.74,41.9,41.7,41.705,57942,TRP
2024-07-25T19:00:00.000000000Z,34,2,5158,36.435,36.51,36.33,36.33,135796,ENB
2024-07-25T19:00:00.000000000Z,34,2,16192,41.71,41.76,41.485,41.49,136031,TRP
2024-07-25T22:00:00.000000000Z,34,2,5158,36.36,36.36,36.36,36.36,49,ENB
2024-07-25T23:00:00.000000000Z,34,2,5158,36.35,36.35,36.35,36.35,4,ENB
2024-07-26T11:00:00.000000000Z,34,2,16192,41.51,41.51,41.5,41.5,33,TRP
2024-07-26T11:00:00.000000000Z,34,2,5158,36.53,36.72,36.53,36.59,222,ENB
2024-07-26T12:00:00.000000000Z,34,2,5158,36.46,36.46,36.46,36.46,21,ENB
2024-07-26T13:00:00.000000000Z,34,2,16192,41.49,41.74,41.49,41.61,5285,TRP
2024-07-26T13:00:00.000000000Z,34,2,5158,36.45,36.555,36.45,36.45,15029,ENB
2024-07-26T14:00:00.000000000Z,34,2,16192,41.61,41.67,41.5,41.53,12352,TRP
2024-07-26T14:00:00.000000000Z,34,2,5158,36.44,36.555,36.39,36.45,29613,ENB
2024-07-26T15:00:00.000000000Z,34,2,5158,36.46,36.61,36.39,36.61,27273,ENB
2024-07-26T15:00:00.000000000Z,34,2,16192,41.54,41.78,41.43,41.78,15935,TRP
2024-07-26T16:00:00.000000000Z,34,2,5158,36.605,36.665,36.57,36.665,26912,ENB
2024-07-26T16:00:00.000000000Z,34,2,16192,41.775,41.85,41.75,41.83,28554,TRP
2024-07-26T17:00:00.000000000Z,34,2,16192,41.83,41.86,41.745,41.86,34764,TRP
2024-07-26T17:00:00.000000000Z,34,2,5158,36.66,36.745,36.62,36.74,38119,ENB
2024-07-26T18:00:00.000000000Z,34,2,16192,41.87,41.94,41.75,41.87,30950,TRP
2024-07-26T18:00:00.000000000Z,34,2,5158,36.735,36.78,36.71,36.725,35052,ENB
2024-07-26T19:00:00.000000000Z,34,2,5158,36.725,36.755,36.625,36.665,97355,ENB
2024-07-26T19:00:00.000000000Z,34,2,16192,41.87,41.975,41.765,41.975,88259,TRP
2024-07-26T20:00:00.000000000Z,34,2,5158,36.7,36.7,36.7,36.7,1,ENB
2024-07-26T20:00:00.000000000Z,34,2,16192,41.96,41.96,41.96,41.96,46,TRP
2024-07-26T21:00:00.000000000Z,34,2,5158,36.75,36.75,36.69,36.69,319,ENB
2024-07-26T23:00:00.000000000Z,34,2,5158,36.75,36.75,36.75,36.75,12,ENB
2024-07-29T08:00:00.000000000Z,34,2,5158,36.76,36.76,36.76,36.76,140,ENB
2024-07-29T09:00:00.000000000Z,34,2,5158,36.8,36.8,36.8,36.8,50,ENB
2024-07-29T10:00:00.000000000Z,34,2,5158,36.75,36.8,36.75,36.8,35,ENB
2024-07-29T10:00:00.000000000Z,34,2,16192,42.15,42.15,42.15,42.15,30,TRP
2024-07-29T11:00:00.000000000Z,34,2,5158,36.76,36.81,36.76,36.81,118,ENB
2024-07-29T11:00:00.000000000Z,34,2,16192,42.0,42.0,42.0,42.0,1,TRP
2024-07-29T12:00:00.000000000Z,34,2,5158,36.76,36.76,36.75,36.75,47,ENB
2024-07-29T13:00:00.000000000Z,34,2,16192,42.0,42.26,41.98,42.26,17400,TRP
2024-07-29T13:00:00.000000000Z,34,2,5158,36.76,36.76,36.61,36.7,15716,ENB
2024-07-29T14:00:00.000000000Z,34,2,5158,36.745,36.86,36.655,36.715,91955,ENB
2024-07-29T14:00:00.000000000Z,34,2,16192,42.28,42.31,42.0,42.03,14048,TRP
2024-07-29T15:00:00.000000000Z,34,2,5158,36.71,36.805,36.66,36.79,34887,ENB
2024-07-29T15:00:00.000000000Z,34,2,16192,41.99,42.09,41.92,42.08,19485,TRP
2024-07-29T16:00:00.000000000Z,34,2,16192,42.07,42.08,41.9,41.9,11634,TRP
2024-07-29T16:00:00.000000000Z,34,2,5158,36.785,36.795,36.67,36.68,34894,ENB
2024-07-29T17:00:00.000000000Z,34,2,16192,41.885,41.96,41.77,41.83,11218,TRP
2024-07-29T17:00:00.000000000Z,34,2,5158,36.67,36.675,36.575,36.625,28161,ENB
2024-07-29T18:00:00.000000000Z,34,2,5158,36.62,36.67,36.59,36.625,37641,ENB
2024-07-29T18:00:00.000000000Z,34,2,16192,41.855,42.005,41.82,42.005,18693,TRP
2024-07-29T19:00:00.000000000Z,34,2,16192,42.005,42.04,41.895,41.895,68013,TRP
2024-07-29T19:00:00.000000000Z,34,2,5158,36.625,36.73,36.61,36.695,91165,ENB
2024-07-29T22:00:00.000000000Z,34,2,5158,36.71,36.71,36.7,36.7,66,ENB
2024-07-30T10:00:00.000000000Z,34,2,5158,36.83,36.83,36.83,36.83,300,ENB
2024-07-30T11:00:00.000000000Z,34,2,5158,36.73,36.74,36.73,36.74,203,ENB
2024-07-30T12:00:00.000000000Z,34,2,5158,36.83,36.83,36.83,36.83,9,ENB
2024-07-30T13:00:00.000000000Z,34,2,16192,41.885,41.97,41.79,41.9,7897,TRP
2024-07-30T13:00:00.000000000Z,34,2,5158,36.61,36.89,36.61,36.87,23996,ENB
2024-07-30T14:00:00.000000000Z,34,2,16192,41.89,41.895,41.73,41.815,14789,TRP
2024-07-30T14:00:00.000000000Z,34,2,5158,36.86,37.015,36.765,36.96,65098,ENB
2024-07-30T15:00:00.000000000Z,34,2,5158,36.965,37.055,36.9,37.025,57107,ENB
2024-07-30T15:00:00.000000000Z,34,2,16192,41.825,41.89,41.7,41.755,17017,TRP
2024-07-30T16:00:00.000000000Z,34,2,16192,41.76,41.95,41.7,41.88,27023,TRP
2024-07-30T16:00:00.000000000Z,34,2,5158,37.02,37.18,37.0,37.125,56459,ENB
2024-07-30T17:00:00.000000000Z,34,2,5158,37.12,37.14,37.06,37.11,50854,ENB
2024-07-30T17:00:00.000000000Z,34,2,16192,41.86,41.92,41.76,41.89,11642,TRP
2024-07-30T18:00:00.000000000Z,34,2,5158,37.105,37.205,37.075,37.185,80306,ENB
2024-07-30T18:00:00.000000000Z,34,2,16192,41.895,41.955,41.86,41.88,17717,TRP
2024-07-30T19:00:00.000000000Z,34,2,5158,37.18,37.285,37.175,37.215,147454,ENB
2024-07-30T19:00:00.000000000Z,34,2,16192,41.89,41.965,41.87,41.925,90428,TRP
2024-07-30T20:00:00.000000000Z,34,2,5158,37.16,37.16,37.16,37.16,1,ENB
2024-07-30T22:00:00.000000000Z,34,2,5158,37.28,37.29,37.28,37.29,41,ENB
2024-07-31T08:00:00.000000000Z,34,2,5158,37.1,37.1,37.1,37.1,65,ENB
2024-07-31T10:00:00.000000000Z,34,2,5158,37.3,37.3,37.27,37.27,181,ENB
2024-07-31T11:00:00.000000000Z,34,2,5158,37.42,37.42,37.42,37.42,100,ENB
2024-07-31T11:00:00.000000000Z,34,2,16192,42.01,42.01,42.01,42.01,1,TRP
2024-07-31T12:00:00.000000000Z,34,2,5158,37.46,37.5,37.46,37.5,232,ENB
2024-07-31T13:00:00.000000000Z,34,2,16192,42.055,42.25,42.01,42.22,15076,TRP
2024-07-31T13:00:00.000000000Z,34,2,5158,37.4,37.43,37.26,37.33,41717,ENB
2024-07-31T14:00:00.000000000Z,34,2,5158,37.34,37.44,37.305,37.32,65373,ENB
2024-07-31T14:00:00.000000000Z,34,2,16192,42.22,42.52,42.215,42.41,23392,TRP
2024-07-31T15:00:00.000000000Z,34,2,16192,42.39,42.5,42.37,42.44,18603,TRP
2024-07-31T15:00:00.000000000Z,34,2,5158,37.31,37.42,37.31,37.375,23322,ENB
2024-07-31T16:00:00.000000000Z,34,2,5158,37.365,37.405,37.335,37.335,33177,ENB
2024-07-31T16:00:00.000000000Z,34,2,16192,42.45,42.625,42.43,42.57,48486,TRP
2024-07-31T17:00:00.000000000Z,34,2,16192,42.55,42.58,42.41,42.49,12090,TRP
2024-07-31T17:00:00.000000000Z,34,2,5158,37.33,37.355,37.275,37.345,32588,ENB
2024-07-31T18:00:00.000000000Z,34,2,5158,37.34,37.57,37.285,37.545,75408,ENB
2024-07-31T18:00:00.000000000Z,34,2,16192,42.47,42.72,42.43,42.69,25351,TRP
2024-07-31T19:00:00.000000000Z,34,2,5158,37.55,37.565,37.39,37.42,129109,ENB
2024-07-31T19:00:00.000000000Z,34,2,16192,42.69,42.69,42.37,42.4,98518,TRP
2024-07-31T20:00:00.000000000Z,34,2,5158,37.19,37.19,37.19,37.19,30,ENB
2024-07-31T23:00:00.000000000Z,34,2,5158,37.57,37.57,37.57,37.57,46,ENB
2024-08-01T08:00:00.000000000Z,34,2,5158,37.4,37.4,37.4,37.4,20,ENB
2024-08-01T09:00:00.000000000Z,34,2,5158,37.58,37.58,37.58,37.58,1,ENB
2024-08-01T10:00:00.000000000Z,34,2,16192,42.2,42.2,42.19,42.19,222,TRP
2024-08-01T10:00:00.000000000Z,34,2,5158,37.21,37.42,37.2,37.42,789,ENB
2024-08-01T11:00:00.000000000Z,34,2,5158,37.42,37.42,37.42,37.42,7,ENB
2024-08-01T13:00:00.000000000Z,34,2,5158,37.53,37.635,37.42,37.49,27559,ENB
2024-08-01T13:00:00.000000000Z,34,2,16192,42.4,43.39,42.36,43.025,30403,TRP
2024-08-01T14:00:00.000000000Z,34,2,5158,37.47,37.54,37.255,37.265,56514,ENB
2024-08-01T14:00:00.000000000Z,34,2,16192,43.02,43.08,42.67,42.71,27864,TRP
2024-08-01T15:00:00.000000000Z,34,2,16192,42.69,42.94,42.63,42.93,26568,TRP
2024-08-01T15:00:00.000000000Z,34,2,5158,37.265,37.4,37.21,37.4,53823,ENB
2024-08-01T16:00:00.000000000Z,34,2,5158,37.4,37.475,37.32,37.475,77070,ENB
2024-08-01T16:00:00.000000000Z,34,2,16192,42.92,42.97,42.69,42.94,26529,TRP
2024-08-01T17:00:00.000000000Z,34,2,5158,37.475,37.49,37.395,37.435,70639,ENB
2024-08-01T17:00:00.000000000Z,34,2,16192,42.93,42.985,42.82,42.975,24447,TRP
2024-08-01T18:00:00.000000000Z,34,2,5158,37.435,37.435,37.325,37.395,68814,ENB
2024-08-01T18:00:00.000000000Z,34,2,16192,42.97,43.09,42.89,42.96,23099,TRP
2024-08-01T19:00:00.000000000Z,34,2,16192,42.95,43.22,42.92,43.03,74068,TRP
2024-08-01T19:00:00.000000000Z,34,2,5158,37.39,37.63,37.365,37.595,225256,ENB
2024-08-01T20:00:00.000000000Z,34,2,5158,37.55,37.55,37.55,37.55,12,ENB
2024-08-01T21:00:00.000000000Z,34,2,5158,37.55,37.63,37.55,37.63,42,ENB
2024-08-01T22:00:00.000000000Z,34,2,5158,37.63,37.63,37.63,37.63,74,ENB
2024-08-02T11:00:00.000000000Z,34,2,5158,37.6,37.67,37.55,37.67,64,ENB
2024-08-02T12:00:00.000000000Z,34,2,16192,42.19,42.19,41.77,41.77,144,TRP
2024-08-02T12:00:00.000000000Z,34,2,5158,37.65,37.65,37.38,37.38,371,ENB
2024-08-02T13:00:00.000000000Z,34,2,5158,37.38,37.5,37.12,37.33,52096,ENB
2024-08-02T13:00:00.000000000Z,34,2,16192,42.29,42.98,42.29,42.54,12059,TRP
2024-08-02T14:00:00.000000000Z,34,2,5158,37.32,37.59,37.2,37.22,101562,ENB
2024-08-02T14:00:00.000000000Z,34,2,16192,42.54,42.74,42.315,42.54,80074,TRP
2024-08-02T15:00:00.000000000Z,34,2,5158,37.23,37.575,37.14,37.57,70424,ENB
2024-08-02T15:00:00.000000000Z,34,2,16192,42.54,42.765,42.525,42.765,30099,TRP
2024-08-02T16:00:00.000000000Z,34,2,5158,37.56,37.745,37.46,37.69,66666,ENB
2024-08-02T16:00:00.000000000Z,34,2,16192,42.765,43.08,42.76,43.025,36060,TRP
2024-08-02T17:00:00.000000000Z,34,2,16192,43.03,43.03,42.455,42.46,30837,TRP
2024-08-02T17:00:00.000000000Z,34,2,5158,37.71,37.73,37.63,37.665,79720,ENB
2024-08-02T18:00:00.000000000Z,34,2,16192,42.46,42.6,42.27,42.47,37278,TRP
2024-08-02T18:00:00.000000000Z,34,2,5158,37.66,37.745,37.63,37.72,106582,ENB
2024-08-02T19:00:00.000000000Z,34,2,16192,42.48,42.91,42.48,42.76,135132,TRP
2024-08-02T19:00:00.000000000Z,34,2,5158,37.725,37.99,37.725,37.95,342296,ENB
2024-08-02T20:00:00.000000000Z,34,2,5158,37.98,37.98,37.98,37.98,100,ENB
2024-08-05T08:00:00.000000000Z,34,2,5158,37.0,37.19,36.24,36.24,1498,ENB
2024-08-05T09:00:00.000000000Z,34,2,5158,36.5,37.14,36.5,36.55,1713,ENB
2024-08-05T10:00:00.000000000Z,34,2,5158,37.0,37.05,36.69,36.9,724,ENB
2024-08-05T11:00:00.000000000Z,34,2,16192,42.02,42.02,40.0,41.18,1613,TRP
2024-08-05T11:00:00.000000000Z,34,2,5158,36.92,37.09,36.89,37.08,2207,ENB
2024-08-05T12:00:00.000000000Z,34,2,5158,37.07,37.07,36.75,37.0,2479,ENB
2024-08-05T12:00:00.000000000Z,34,2,16192,41.2,41.2,41.2,41.2,30,TRP
2024-08-05T13:00:00.000000000Z,34,2,16192,41.07,41.6,40.9,41.48,74047,TRP
2024-08-05T13:00:00.000000000Z,34,2,5158,36.94,37.23,36.35,36.82,135349,ENB
2024-08-05T14:00:00.000000000Z,34,2,5158,36.83,37.28,36.82,37.26,89796,ENB
2024-08-05T14:00:00.000000000Z,34,2,16192,41.5,41.855,41.5,41.65,60104,TRP
2024-08-05T15:00:00.000000000Z,34,2,16192,41.62,42.05,41.62,42.05,35349,TRP
2024-08-05T15:00:00.000000000Z,34,2,5158,37.25,37.505,37.2,37.5,88539,ENB
2024-08-05T16:00:00.000000000Z,34,2,5158,37.51,37.63,37.33,37.4,134241,ENB
2024-08-05T16:00:00.000000000Z,34,2,16192,42.05,42.215,42.05,42.11,32468,TRP
2024-08-05T17:00:00.000000000Z,34,2,16192,42.105,42.32,42.085,42.305,60336,TRP
2024-08-05T17:00:00.000000000Z,34,2,5158,37.4,37.525,37.36,37.52,43690,ENB
2024-08-05T18:00:00.000000000Z,34,2,5158,37.525,37.685,37.525,37.61,75187,ENB
2024-08-05T18:00:00.000000000Z,34,2,16192,42.31,42.545,42.265,42.48,71131,TRP
2024-08-05T19:00:00.000000000Z,34,2,16192,42.475,42.56,42.235,42.26,202998,TRP
2024-08-05T19:00:00.000000000Z,34,2,5158,37.61,37.645,37.27,37.3,192324,ENB
2024-08-06T09:00:00.000000000Z,34,2,5158,37.44,37.47,37.44,37.47,50,ENB
2024-08-06T10:00:00.000000000Z,34,2,5158,37.46,37.47,37.46,37.47,123,ENB
2024-08-06T11:00:00.000000000Z,34,2,5158,37.4,37.4,37.38,37.39,2444,ENB
2024-08-06T12:00:00.000000000Z,34,2,16192,42.22,42.22,42.1,42.12,17,TRP
2024-08-06T12:00:00.000000000Z,34,2,5158,37.49,37.49,37.49,37.49,1,ENB
2024-08-06T13:00:00.000000000Z,34,2,16192,42.24,42.77,42.09,42.73,38726,TRP
2024-08-06T13:00:00.000000000Z,34,2,5158,37.45,37.75,37.04,37.72,70276,ENB
2024-08-06T14:00:00.000000000Z,34,2,5158,37.715,38.12,37.69,37.98,164963,ENB
2024-08-06T14:00:00.000000000Z,34,2,16192,42.68,43.14,42.67,43.05,51392,TRP
2024-08-06T15:00:00.000000000Z,34,2,5158,37.97,38.095,37.805,37.905,90774,ENB
2024-08-06T15:00:00.000000000Z,34,2,16192,43.07,43.24,42.97,43.07,52300,TRP
2024-08-06T16:00:00.000000000Z,34,2,5158,37.91,38.055,37.9,38.045,65735,ENB
2024-08-06T16:00:00.000000000Z,34,2,16192,43.09,43.16,42.965,43.0,35520,TRP
2024-08-06T17:00:00.000000000Z,34,2,16192,43.01,43.06,42.9,42.96,61188,TRP
2024-08-06T17:00:00.000000000Z,34,2,5158,38.045,38.18,38.015,38.18,71144,ENB
2024-08-06T18:00:00.000000000Z,34,2,16192,42.99,43.09,42.93,42.945,50419,TRP
2024-08-06T18:00:00.000000000Z,34,2,5158,38.185,38.335,38.17,38.23,69245,ENB
2024-08-06T19:00:00.000000000Z,34,2,16192,42.94,43.295,42.89,42.98,167338,TRP
2024-08-06T19:00:00.000000000Z,34,2,5158,38.24,38.405,38.16,38.29,236866,ENB
2024-08-06T20:00:00.000000000Z,34,2,5158,38.27,38.27,38.27,38.27,100,ENB
2024-08-07T09:00:00.000000000Z,34,2,5158,38.28,38.28,38.28,38.28,44,ENB
2024-08-07T09:00:00.000000000Z,34,2,16192,43.49,43.49,43.49,43.49,1,TRP
2024-08-07T10:00:00.000000000Z,34,2,5158,38.45,38.45,38.44,38.45,2786,ENB
2024-08-07T11:00:00.000000000Z,34,2,5158,38.44,38.45,38.4,38.45,1768,ENB
2024-08-07T12:00:00.000000000Z,34,2,16192,43.03,43.04,42.96,43.04,287,TRP
2024-08-07T12:00:00.000000000Z,34,2,5158,38.44,38.45,38.41,38.41,233,ENB
2024-08-07T13:00:00.000000000Z,34,2,5158,38.44,38.53,38.22,38.53,47825,ENB
2024-08-07T13:00:00.000000000Z,34,2,16192,43.28,43.33,42.96,43.23,34346,TRP
2024-08-07T14:00:00.000000000Z,34,2,5158,38.52,38.76,38.465,38.76,75191,ENB
2024-08-07T14:00:00.000000000Z,34,2,16192,43.22,43.495,43.115,43.47,60010,TRP
2024-08-07T15:00:00.000000000Z,34,2,16192,43.49,43.695,43.43,43.52,32759,TRP
2024-08-07T15:00:00.000000000Z,34,2,5158,38.77,38.825,38.67,38.71,71134,ENB
2024-08-07T16:00:00.000000000Z,34,2,5158,38.72,38.76,38.61,38.625,54086,ENB
2024-08-07T16:00:00.000000000Z,34,2,16192,43.53,43.705,43.53,43.6,62553,TRP
2024-08-07T17:00:00.000000000Z,34,2,5158,38.625,38.765,38.595,38.685,61483,ENB
2024-08-07T17:00:00.000000000Z,34,2,16192,43.6,43.685,43.355,43.38,61703,TRP
2024-08-07T18:00:00.000000000Z,34,2,5158,38.68,38.685,38.425,38.48,108518,ENB
2024-08-07T18:00:00.000000000Z,34,2,16192,43.37,43.37,43.06,43.115,83020,TRP
2024-08-07T19:00:00.000000000Z,34,2,5158,38.48,38.595,38.455,38.455,225331,ENB
2024-08-07T19:00:00.000000000Z,34,2,16192,43.12,43.255,43.07,43.09,92224,TRP
2024-08-07T21:00:00.000000000Z,34,2,5158,38.52,38.52,38.52,38.52,6,ENB
2024-08-08T08:00:00.000000000Z,34,2,16192,42.69,42.69,42.69,42.69,1,TRP
2024-08-08T10:00:00.000000000Z,34,2,5158,38.5,38.51,38.5,38.51,20,ENB
2024-08-08T11:00:00.000000000Z,34,2,5158,38.49,38.49,38.49,38.49,70,ENB
2024-08-08T12:00:00.000000000Z,34,2,5158,38.5,38.51,38.43,38.51,364,ENB
2024-08-08T12:00:00.000000000Z,34,2,16192,43.0,43.0,43.0,43.0,6,TRP
2024-08-08T13:00:00.000000000Z,34,2,5158,38.56,38.71,38.42,38.69,21145,ENB
2024-08-08T13:00:00.000000000Z,34,2,16192,43.11,43.42,43.07,43.405,25355,TRP
2024-08-08T14:00:00.000000000Z,34,2,5158,38.695,38.72,38.61,38.7,41542,ENB
2024-08-08T14:00:00.000000000Z,34,2,16192,43.41,43.59,43.3,43.52,48867,TRP
2024-08-08T15:00:00.000000000Z,34,2,16192,43.51,43.55,43.33,43.495,31788,TRP
2024-08-08T15:00:00.000000000Z,34,2,5158,38.7,38.73,38.62,38.71,33001,ENB
2024-08-08T16:00:00.000000000Z,34,2,5158,38.71,38.81,38.71,38.735,79498,ENB
2024-08-08T16:00:00.000000000Z,34,2,16192,43.5,43.66,43.48,43.56,52929,TRP
2024-08-08T17:00:00.000000000Z,34,2,16192,43.56,43.62,43.52,43.56,28675,TRP
2024-08-08T17:00:00.000000000Z,34,2,5158,38.74,38.76,38.645,38.685,31802,ENB
2024-08-08T18:00:00.000000000Z,34,2,16192,43.56,43.69,43.55,43.59,32407,TRP
2024-08-08T18:00:00.000000000Z,34,2,5158,38.685,38.76,38.685,38.745,50124,ENB
2024-08-08T19:00:00.000000000Z,34,2,16192,43.585,43.64,43.395,43.475,141931,TRP
2024-08-08T19:00:00.000000000Z,34,2,5158,38.74,38.76,38.625,38.73,187032,ENB
2024-08-08T21:00:00.000000000Z,34,2,16192,43.75,43.75,43.75,43.75,45,TRP
2024-08-08T23:00:00.000000000Z,34,2,5158,38.74,38.74,38.74,38.74,1,ENB
2024-08-09T09:00:00.000000000Z,34,2,5158,38.8,38.8,38.8,38.8,1,ENB
2024-08-09T11:00:00.000000000Z,34,2,5158,38.79,38.8,38.79,38.8,24,ENB
2024-08-09T12:00:00.000000000Z,34,2,5158,38.77,38.79,38.76,38.79,455,ENB
2024-08-09T13:00:00.000000000Z,34,2,16192,43.64,43.64,43.235,43.235,9412,TRP
2024-08-09T13:00:00.000000000Z,34,2,5158,38.75,38.8,38.47,38.68,18454,ENB
2024-08-09T14:00:00.000000000Z,34,2,5158,38.67,38.74,38.525,38.73,34521,ENB
2024-08-09T14:00:00.000000000Z,34,2,16192,43.23,43.35,43.105,43.29,25948,TRP
2024-08-09T15:00:00.000000000Z,34,2,16192,43.29,43.56,43.25,43.42,9791,TRP
2024-08-09T15:00:00.000000000Z,34,2,5158,38.735,38.945,38.735,38.84,28383,ENB
2024-08-09T16:00:00.000000000Z,34,2,5158,38.83,38.865,38.74,38.815,67952,ENB
2024-08-09T16:00:00.000000000Z,34,2,16192,43.42,43.545,43.27,43.32,17879,TRP
2024-08-09T17:00:00.000000000Z,34,2,5158,38.81,38.885,38.785,38.785,34112,ENB
2024-08-09T17:00:00.000000000Z,34,2,16192,43.33,43.4,43.25,43.34,24985,TRP
2024-08-09T18:00:00.000000000Z,34,2,5158,38.79,38.935,38.775,38.92,39984,ENB
2024-08-09T18:00:00.000000000Z,34,2,16192,43.33,43.455,43.31,43.41,31491,TRP
2024-08-09T19:00:00.000000000Z,34,2,16192,43.4,43.44,43.27,43.3,65333,TRP
2024-08-09T19:00:00.000000000Z,34,2,5158,38.915,38.945,38.83,38.86,132384,ENB
2024-08-09T20:00:00.000000000Z,34,2,5158,38.88,38.89,38.88,38.89,9,ENB
2024-08-09T21:00:00.000000000Z,34,2,16192,43.24,43.25,43.24,43.25,10,TRP
2024-08-12T10:00:00.000000000Z,34,2,5158,38.85,38.85,38.85,38.85,32,ENB
2024-08-12T12:00:00.000000000Z,34,2,5158,38.87,38.87,38.87,38.87,1,ENB
2024-08-12T13:00:00.000000000Z,34,2,16192,43.47,43.77,43.41,43.59,20870,TRP
2024-08-12T13:00:00.000000000Z,34,2,5158,38.975,39.085,38.87,38.9,9751,ENB
2024-08-12T14:00:00.000000000Z,34,2,5158,38.89,39.19,38.86,39.18,15482,ENB
2024-08-12T14:00:00.000000000Z,34,2,16192,43.59,43.85,43.47,43.82,22067,TRP
2024-08-12T15:00:00.000000000Z,34,2,16192,43.81,43.81,43.53,43.595,12512,TRP
2024-08-12T15:00:00.000000000Z,34,2,5158,39.16,39.16,39.01,39.08,44071,ENB
2024-08-12T16:00:00.000000000Z,34,2,5158,39.075,39.08,38.97,39.02,18214,ENB
2024-08-12T16:00:00.000000000Z,34,2,16192,43.59,43.595,43.48,43.5,7141,TRP
2024-08-12T17:00:00.000000000Z,34,2,16192,43.49,43.545,43.43,43.5,8882,TRP
2024-08-12T17:00:00.000000000Z,34,2,5158,39.01,39.03,38.975,39.015,39518,ENB
2024-08-12T18:00:00.000000000Z,34,2,5158,39.02,39.085,38.995,39.075,28161,ENB
2024-08-12T18:00:00.000000000Z,34,2,16192,43.5,43.6,43.46,43.51,7357,TRP
2024-08-12T19:00:00.000000000Z,34,2,16192,43.505,43.58,43.47,43.49,46656,TRP
2024-08-12T19:00:00.000000000Z,34,2,5158,39.075,39.16,39.015,39.055,164836,ENB
2024-08-13T12:00:00.000000000Z,34,2,5158,39.0,39.03,39.0,39.03,66,ENB
2024-08-13T13:00:00.000000000Z,34,2,5158,39.04,39.17,39.0,39.13,8274,ENB
2024-08-13T13:00:00.000000000Z,34,2,16192,43.78,43.78,43.565,43.695,12404,TRP
2024-08-13T14:00:00.000000000Z,34,2,16192,43.7,43.7,43.49,43.65,17530,TRP
2024-08-13T14:00:00.000000000Z,34,2,5158,39.12,39.32,39.02,39.3,75125,ENB
2024-08-13T15:00:00.000000000Z,34,2,16192,43.66,43.8,43.66,43.73,35270,TRP
2024-08-13T15:00:00.000000000Z,34,2,5158,39.31,39.36,39.275,39.305,27261,ENB
2024-08-13T16:00:00.000000000Z,34,2,5158,39.3,39.41,39.3,39.41,25890,ENB
2024-08-13T16:00:00.000000000Z,34,2,16192,43.72,43.84,43.68,43.815,29306,TRP
2024-08-13T17:00:00.000000000Z,34,2,16192,43.8,43.83,43.74,43.8,18197,TRP
2024-08-13T17:00:00.000000000Z,34,2,5158,39.4,39.45,39.39,39.435,19353,ENB
2024-08-13T18:00:00.000000000Z,34,2,5158,39.43,39.46,39.34,39.46,55802,ENB
2024-08-13T18:00:00.000000000Z,34,2,16192,43.81,43.885,43.76,43.845,37396,TRP
2024-08-13T19:00:00.000000000Z,34,2,16192,43.83,43.9,43.78,43.88,107330,TRP
2024-08-13T19:00:00.000000000Z,34,2,5158,39.465,39.485,39.36,39.375,118180,ENB
2024-08-13T21:00:00.000000000Z,34,2,5158,39.35,39.35,39.35,39.35,10,ENB
2024-08-13T21:00:00.000000000Z,34,2,16192,43.84,43.85,43.84,43.85,81,TRP
2024-08-14T10:00:00.000000000Z,34,2,5158,39.4,39.41,39.4,39.41,3,ENB
2024-08-14T12:00:00.000000000Z,34,2,5158,39.45,39.45,39.41,39.41,4,ENB
2024-08-14T13:00:00.000000000Z,34,2,5158,39.4,39.47,39.31,39.41,9427,ENB
2024-08-14T13:00:00.000000000Z,34,2,16192,43.9,43.91,43.73,43.84,4970,TRP
2024-08-14T14:00:00.000000000Z,34,2,5158,39.42,39.64,39.42,39.565,24699,ENB
2024-08-14T14:00:00.000000000Z,34,2,16192,43.83,43.995,43.81,43.88,19471,TRP
2024-08-14T15:00:00.000000000Z,34,2,16192,43.87,43.96,43.83,43.87,16653,TRP
2024-08-14T15:00:00.000000000Z,34,2,5158,39.56,39.615,39.52,39.565,38208,ENB
2024-08-14T16:00:00.000000000Z,34,2,5158,39.565,39.645,39.545,39.645,20916,ENB
2024-08-14T16:00:00.000000000Z,34,2,16192,43.86,43.92,43.76,43.86,48988,TRP
2024-08-14T17:00:00.000000000Z,34,2,5158,39.645,39.71,39.605,39.705,22882,ENB
2024-08-14T17:00:00.000000000Z,34,2,16192,43.86,43.9,43.8,43.88,9633,TRP
2024-08-14T18:00:00.000000000Z,34,2,16192,43.87,43.875,43.7,43.715,16003,TRP
2024-08-14T18:00:00.000000000Z,34,2,5158,39.7,39.71,39.63,39.63,28065,ENB
2024-08-14T19:00:00.000000000Z,34,2,5158,39.63,39.63,39.505,39.535,94106,ENB
2024-08-14T19:00:00.000000000Z,34,2,16192,43.71,43.715,43.6,43.655,59186,TRP
2024-08-14T20:00:00.000000000Z,34,2,5158,39.54,39.54,39.54,39.54,24,ENB
2024-08-14T23:00:00.000000000Z,34,2,16192,43.91,43.91,43.91,43.91,20,TRP
2024-08-15T11:00:00.000000000Z,34,2,5158,38.79,38.97,38.79,38.97,6,ENB
2024-08-15T12:00:00.000000000Z,34,2,5158,38.89,38.89,38.88,38.88,20,ENB
2024-08-15T13:00:00.000000000Z,34,2,5158,38.86,38.93,38.45,38.6,28747,ENB
2024-08-15T13:00:00.000000000Z,34,2,16192,43.74,43.79,43.64,43.76,9222,TRP
2024-08-15T14:00:00.000000000Z,34,2,5158,38.6,38.65,38.58,38.64,24962,ENB
2024-08-15T14:00:00.000000000Z,34,2,16192,43.75,43.815,43.715,43.755,48083,TRP
2024-08-15T15:00:00.000000000Z,34,2,16192,43.755,43.8,43.705,43.785,70330,TRP
2024-08-15T15:00:00.000000000Z,34,2,5158,38.65,38.79,38.645,38.79,39011,ENB
2024-08-15T16:00:00.000000000Z,34,2,5158,38.8,38.8,38.72,38.72,37965,ENB
2024-08-15T16:00:00.000000000Z,34,2,16192,43.79,43.805,43.74,43.75,36947,TRP
2024-08-15T17:00:00.000000000Z,34,2,5158,38.705,38.73,38.655,38.67,32930,ENB
2024-08-15T17:00:00.000000000Z,34,2,16192,43.74,43.815,43.72,43.78,58347,TRP
2024-08-15T18:00:00.000000000Z,34,2,5158,38.675,38.74,38.65,38.665,27284,ENB
2024-08-15T18:00:00.000000000Z,34,2,16192,43.78,43.805,43.7,43.715,43395,TRP
2024-08-15T19:00:00.000000000Z,34,2,16192,43.71,43.85,43.7,43.815,128462,TRP
2024-08-15T19:00:00.000000000Z,34,2,5158,38.66,38.665,38.545,38.575,100330,ENB
2024-08-15T20:00:00.000000000Z,34,2,5158,38.62,38.62,38.62,38.62,10,ENB
2024-08-16T09:00:00.000000000Z,34,2,5158,38.53,38.53,38.53,38.53,3,ENB
2024-08-16T11:00:00.000000000Z,34,2,5158,38.48,38.49,38.47,38.47,121,ENB
2024-08-16T12:00:00.000000000Z,34,2,5158,38.48,38.48,38.48,38.48,35,ENB
2024-08-16T13:00:00.000000000Z,34,2,5158,38.48,38.75,38.45,38.72,10246,ENB
2024-08-16T13:00:00.000000000Z,34,2,16192,43.88,43.965,43.7,43.93,18997,TRP
2024-08-16T14:00:00.000000000Z,34,2,5158,38.72,38.725,38.52,38.57,37109,ENB
2024-08-16T14:00:00.000000000Z,34,2,16192,43.93,44.14,43.875,44.11,61885,TRP
2024-08-16T15:00:00.000000000Z,34,2,5158,38.58,38.58,38.495,38.55,27563,ENB
2024-08-16T15:00:00.000000000Z,34,2,16192,44.115,44.295,44.1,44.23,45051,TRP
2024-08-16T16:00:00.000000000Z,34,2,5158,38.555,38.575,38.53,38.545,33145,ENB
2024-08-16T16:00:00.000000000Z,34,2,16192,44.23,44.37,44.185,44.25,49379,TRP
2024-08-16T17:00:00.000000000Z,34,2,16192,44.24,44.365,44.235,44.32,33708,TRP
2024-08-16T17:00:00.000000000Z,34,2,5158,38.545,38.61,38.535,38.61,26030,ENB
2024-08-16T18:00:00.000000000Z,34,2,5158,38.61,38.705,38.595,38.7,34412,ENB
2024-08-16T18:00:00.000000000Z,34,2,16192,44.315,44.43,44.305,44.405,34299,TRP
2024-08-16T19:00:00.000000000Z,34,2,16192,44.41,44.475,44.365,44.4,103251,TRP
2024-08-16T19:00:00.000000000Z,34,2,5158,38.705,38.735,38.645,38.715,132003,ENB
2024-08-16T20:00:00.000000000Z,34,2,5158,38.67,38.67,38.67,38.67,1,ENB
2024-08-16T21:00:00.000000000Z,34,2,16192,44.08,44.08,44.08,44.08,5,TRP
2024-08-19T10:00:00.000000000Z,34,2,5158,38.67,38.67,38.66,38.66,3,ENB
2024-08-19T12:00:00.000000000Z,34,2,5158,38.68,38.69,38.68,38.69,29,ENB
2024-08-19T13:00:00.000000000Z,34,2,5158,38.69,38.815,38.66,38.805,19136,ENB
2024-08-19T13:00:00.000000000Z,34,2,16192,44.475,44.81,44.44,44.765,14695,TRP
2024-08-19T14:00:00.000000000Z,34,2,16192,44.77,44.945,44.71,44.895,30203,TRP
2024-08-19T14:00:00.000000000Z,34,2,5158,38.81,39.04,38.81,39.04,30400,ENB
2024-08-19T15:00:00.000000000Z,34,2,16192,44.89,44.945,44.745,44.765,19482,TRP
2024-08-19T15:00:00.000000000Z,34,2,5158,39.03,39.15,39.005,39.13,28631,ENB
2024-08-19T16:00:00.000000000Z,34,2,5158,39.12,39.2,39.055,39.075,61230,ENB
2024-08-19T16:00:00.000000000Z,34,2,16192,44.76,44.905,44.75,44.87,36823,TRP
2024-08-19T17:00:00.000000000Z,34,2,5158,39.075,39.13,39.035,39.125,36630,ENB
2024-08-19T17:00:00.000000000Z,34,2,16192,44.87,44.91,44.84,44.91,30494,TRP
2024-08-19T18:00:00.000000000Z,34,2,5158,39.12,39.14,39.08,39.14,81508,ENB
2024-08-19T18:00:00.000000000Z,34,2,16192,44.91,44.955,44.82,44.85,39516,TRP
2024-08-19T19:00:00.000000000Z,34,2,16192,44.85,44.92,44.765,44.88,111247,TRP
2024-08-19T19:00:00.000000000Z,34,2,5158,39.14,39.145,39.095,39.13,104819,ENB
2024-08-19T22:00:00.000000000Z,34,2,5158,39.22,39.22,39.22,39.22,3,ENB
2024-08-19T23:00:00.000000000Z,34,2,5158,39.16,39.22,39.16,39.22,4,ENB
2024-08-20T09:00:00.000000000Z,34,2,16192,44.89,44.89,44.89,44.89,5,TRP
2024-08-20T10:00:00.000000000Z,34,2,5158,39.13,39.13,39.11,39.13,18,ENB
2024-08-20T12:00:00.000000000Z,34,2,5158,39.21,39.21,39.21,39.21,9,ENB
2024-08-20T13:00:00.000000000Z,34,2,16192,44.84,45.0,44.84,44.94,8464,TRP
2024-08-20T13:00:00.000000000Z,34,2,5158,39.21,39.23,39.06,39.17,23186,ENB
2024-08-20T14:00:00.000000000Z,34,2,5158,39.18,39.2,39.105,39.155,85436,ENB
2024-08-20T14:00:00.000000000Z,34,2,16192,44.955,44.995,44.85,44.885,28107,TRP
2024-08-20T15:00:00.000000000Z,34,2,16192,44.88,44.88,44.62,44.64,18904,TRP
2024-08-20T15:00:00.000000000Z,34,2,5158,39.155,39.155,39.095,39.13,66628,ENB
2024-08-20T16:00:00.000000000Z,34,2,16192,44.65,44.67,44.58,44.61,15676,TRP
2024-08-20T16:00:00.000000000Z,34,2,5158,39.145,39.165,39.075,39.085,42979,ENB
2024-08-20T17:00:00.000000000Z,34,2,16192,44.6,44.6,44.44,44.51,11077,TRP
2024-08-20T17:00:00.000000000Z,34,2,5158,39.08,39.08,38.985,39.015,39773,ENB
2024-08-20T18:00:00.000000000Z,34,2,5158,39.015,39.085,39.015,39.045,38501,ENB
2024-08-20T18:00:00.000000000Z,34,2,16192,44.51,44.62,44.495,44.56,23709,TRP
2024-08-20T19:00:00.000000000Z,34,2,5158,39.045,39.115,39.015,39.05,120266,ENB
2024-08-20T19:00:00.000000000Z,34,2,16192,44.56,44.67,44.48,44.48,102335,TRP
2024-08-20T20:00:00.000000000Z,34,2,5158,39.06,39.06,39.06,39.06,2,ENB
2024-08-20T21:00:00.000000000Z,34,2,5158,39.05,39.05,39.05,39.05,3,ENB
2024-08-20T21:00:00.000000000Z,34,2,16192,44.42,44.42,44.42,44.42,2,TRP
2024-08-20T23:00:00.000000000Z,34,2,5158,39.09,39.09,39.08,39.08,5,ENB
2024-08-21T11:00:00.000000000Z,34,2,5158,39.1,39.1,39.1,39.1,10,ENB
2024-08-21T13:00:00.000000000Z,34,2,16192,44.59,44.72,44.445,44.49,15924,TRP
2024-08-21T13:00:00.000000000Z,34,2,5158,39.21,39.32,39.155,39.195,18893,ENB
2024-08-21T14:00:00.000000000Z,34,2,5158,39.18,39.22,39.06,39.16,35661,ENB
2024-08-21T14:00:00.000000000Z,34,2,16192,44.49,44.49,44.265,44.335,42357,TRP
2024-08-21T15:00:00.000000000Z,34,2,16192,44.33,44.415,44.265,44.295,19640,TRP
2024-08-21T15:00:00.000000000Z,34,2,5158,39.165,39.25,39.15,39.165,22519,ENB
2024-08-21T16:00:00.000000000Z,34,2,16192,44.28,44.395,44.22,44.265,22293,TRP
2024-08-21T16:00:00.000000000Z,34,2,5158,39.16,39.165,39.105,39.13,20773,ENB
2024-08-21T17:00:00.000000000Z,34,2,5158,39.12,39.13,39.055,39.06,20760,ENB
2024-08-21T17:00:00.000000000Z,34,2,16192,44.26,44.26,44.12,44.195,31301,TRP
2024-08-21T18:00:00.000000000Z,34,2,5158,39.055,39.17,39.055,39.125,35608,ENB
2024-08-21T18:00:00.000000000Z,34,2,16192,44.2,44.305,44.2,44.28,56705,TRP
2024-08-21T19:00:00.000000000Z,34,2,16192,44.28,44.28,43.915,44.14,133018,TRP
2024-08-21T19:00:00.000000000Z,34,2,5158,39.13,39.13,38.965,39.0,102121,ENB
2024-08-21T22:00:00.000000000Z,34,2,5158,39.03,39.03,39.03,39.03,10,ENB
2024-08-22T12:00:00.000000000Z,34,2,5158,39.01,39.03,39.01,39.03,78,ENB
2024-08-22T13:00:00.000000000Z,34,2,16192,44.16,44.35,44.06,44.285,8335,TRP
2024-08-22T13:00:00.000000000Z,34,2,5158,39.02,39.03,38.91,38.98,17500,ENB
2024-08-22T14:00:00.000000000Z,34,2,5158,38.98,39.025,38.855,39.02,36892,ENB
2024-08-22T14:00:00.000000000Z,34,2,16192,44.3,44.4,44.165,44.39,24154,TRP
2024-08-22T15:00:00.000000000Z,34,2,16192,44.38,44.455,44.255,44.435,12754,TRP
2024-08-22T15:00:00.000000000Z,34,2,5158,39.02,39.065,38.91,39.04,30527,ENB
2024-08-22T16:00:00.000000000Z,34,2,16192,44.43,44.515,44.42,44.46,16895,TRP
2024-08-22T16:00:00.000000000Z,34,2,5158,39.035,39.075,38.955,38.985,30172,ENB
2024-08-22T17:00:00.000000000Z,34,2,5158,38.98,39.01,38.87,38.88,30028,ENB
2024-08-22T17:00:00.000000000Z,34,2,16192,44.455,44.5,44.39,44.39,16546,TRP
2024-08-22T18:00:00.000000000Z,34,2,5158,38.875,38.97,38.865,38.95,32019,ENB
2024-08-22T18:00:00.000000000Z,34,2,16192,44.39,44.525,44.355,44.49,11721,TRP
2024-08-22T19:00:00.000000000Z,34,2,16192,44.495,44.53,44.415,44.45,48181,TRP
2024-08-22T19:00:00.000000000Z,34,2,5158,38.945,39.04,38.915,39.04,124710,ENB
2024-08-22T20:00:00.000000000Z,34,2,5158,38.94,39.2,38.87,39.13,683,ENB
2024-08-23T11:00:00.000000000Z,34,2,5158,39.06,39.06,39.06,39.06,50,ENB
2024-08-23T13:00:00.000000000Z,34,2,16192,44.8,45.13,44.77,44.87,9107,TRP
2024-08-23T13:00:00.000000000Z,34,2,5158,39.07,39.42,39.06,39.38,17241,ENB
2024-08-23T14:00:00.000000000Z,34,2,5158,39.39,39.695,39.39,39.68,49827,ENB
2024-08-23T14:00:00.000000000Z,34,2,16192,44.87,45.16,44.87,45.035,19456,TRP
2024-08-23T15:00:00.000000000Z,34,2,16192,45.025,45.15,45.025,45.05,23924,TRP
2024-08-23T15:00:00.000000000Z,34,2,5158,39.66,39.715,39.55,39.55,44042,ENB
2024-08-23T16:00:00.000000000Z,34,2,5158,39.545,39.6,39.5,39.59,28115,ENB
2024-08-23T16:00:00.000000000Z,34,2,16192,45.04,45.085,44.97,45.055,13864,TRP
2024-08-23T17:00:00.000000000Z,34,2,16192,45.05,45.125,45.05,45.105,16105,TRP
2024-08-23T17:00:00.000000000Z,34,2,5158,39.59,39.68,39.59,39.65,23880,ENB
2024-08-23T18:00:00.000000000Z,34,2,16192,45.105,45.17,45.065,45.09,24277,TRP
2024-08-23T18:00:00.000000000Z,34,2,5158,39.645,39.675,39.635,39.66,31513,ENB
2024-08-23T19:00:00.000000000Z,34,2,16192,45.09,45.095,44.97,45.06,76595,TRP
2024-08-23T19:00:00.000000000Z,34,2,5158,39.67,39.685,39.565,39.64,205603,ENB
2024-08-23T20:00:00.000000000Z,34,2,5158,39.64,39.64,39.64,39.64,360,ENB
2024-08-23T21:00:00.000000000Z,34,2,5158,39.64,39.65,39.64,39.65,24,ENB
2024-08-23T22:00:00.000000000Z,34,2,5158,39.6,39.6,39.6,39.6,80,ENB
2024-08-26T11:00:00.000000000Z,34,2,5158,39.75,39.75,39.75,39.75,1,ENB
2024-08-26T12:00:00.000000000Z,34,2,16192,45.5,45.5,45.49,45.5,32,TRP
2024-08-26T13:00:00.000000000Z,34,2,16192,45.44,45.68,45.39,45.63,10006,TRP
2024-08-26T13:00:00.000000000Z,34,2,5158,39.77,40.04,39.75,39.99,13704,ENB
2024-08-26T14:00:00.000000000Z,34,2,5158,39.985,40.04,39.94,39.99,37071,ENB
2024-08-26T14:00:00.000000000Z,34,2,16192,45.61,45.67,45.56,45.56,21323,TRP
2024-08-26T15:00:00.000000000Z,34,2,5158,39.98,40.005,39.89,39.99,51041,ENB
2024-08-26T15:00:00.000000000Z,34,2,16192,45.55,45.56,45.47,45.555,13535,TRP
2024-08-26T16:00:00.000000000Z,34,2,5158,39.99,40.025,39.98,40.005,35933,ENB
2024-08-26T16:00:00.000000000Z,34,2,16192,45.55,45.66,45.535,45.615,12584,TRP
2024-08-26T17:00:00.000000000Z,34,2,5158,40.01,40.02,39.93,39.98,33430,ENB
2024-08-26T17:00:00.000000000Z,34,2,16192,45.615,45.615,45.49,45.54,20266,TRP
2024-08-26T18:00:00.000000000Z,34,2,5158,39.98,39.995,39.935,39.985,28622,ENB
2024-08-26T18:00:00.000000000Z,34,2,16192,45.54,45.56,45.46,45.52,16766,TRP
2024-08-26T19:00:00.000000000Z,34,2,16192,45.52,45.535,45.405,45.445,44650,TRP
2024-08-26T19:00:00.000000000Z,34,2,5158,39.985,39.995,39.855,39.895,62165,ENB
2024-08-26T21:00:00.000000000Z,34,2,5158,39.9,39.9,39.9,39.9,3,ENB
2024-08-27T11:00:00.000000000Z,34,2,16192,45.58,45.58,45.57,45.57,14,TRP
2024-08-27T12:00:00.000000000Z,34,2,5158,39.91,39.91,39.9,39.9,150,ENB
2024-08-27T13:00:00.000000000Z,34,2,5158,39.77,39.9,39.735,39.89,10137,ENB
2024-08-27T13:00:00.000000000Z,34,2,16192,45.45,45.54,45.37,45.51,14210,TRP
2024-08-27T14:00:00.000000000Z,34,2,16192,45.515,45.64,45.45,45.61,11478,TRP
2024-08-27T14:00:00.000000000Z,34,2,5158,39.9,39.945,39.84,39.945,24464,ENB
2024-08-27T15:00:00.000000000Z,34,2,16192,45.63,45.66,45.54,45.56,7247,TRP
2024-08-27T15:00:00.000000000Z,34,2,5158,39.95,39.955,39.825,39.855,13989,ENB
2024-08-27T16:00:00.000000000Z,34,2,5158,39.855,39.86,39.715,39.73,12378,ENB
2024-08-27T16:00:00.000000000Z,34,2,16192,45.56,45.56,45.37,45.42,9793,TRP
2024-08-27T17:00:00.000000000Z,34,2,16192,45.43,45.635,45.43,45.625,18804,TRP
2024-08-27T17:00:00.000000000Z,34,2,5158,39.725,39.78,39.725,39.76,11891,ENB
2024-08-27T18:00:00.000000000Z,34,2,16192,45.625,45.645,45.565,45.6,23068,TRP
2024-08-27T18:00:00.000000000Z,34,2,5158,39.76,39.785,39.715,39.72,20615,ENB
2024-08-27T19:00:00.000000000Z,34,2,5158,39.715,39.745,39.67,39.67,81527,ENB
2024-08-27T19:00:00.000000000Z,34,2,16192,45.59,45.7,45.54,45.695,49543,TRP
2024-08-27T20:00:00.000000000Z,34,2,5158,39.56,39.56,39.51,39.51,8,ENB
2024-08-27T21:00:00.000000000Z,34,2,5158,39.67,39.67,39.66,39.67,90,ENB
2024-08-27T22:00:00.000000000Z,34,2,5158,39.67,39.67,39.67,39.67,15,ENB
2024-08-28T11:00:00.000000000Z,34,2,5158,39.74,39.74,39.66,39.71,365,ENB
2024-08-28T12:00:00.000000000Z,34,2,5158,39.6,39.61,39.6,39.61,117,ENB
2024-08-28T13:00:00.000000000Z,34,2,16192,45.62,45.72,45.53,45.615,14069,TRP
2024-08-28T13:00:00.000000000Z,34,2,5158,39.555,39.62,39.44,39.58,13037,ENB
2024-08-28T14:00:00.000000000Z,34,2,16192,45.62,45.665,45.41,45.42,19245,TRP
2024-08-28T14:00:00.000000000Z,34,2,5158,39.555,39.56,39.43,39.515,23306,ENB
2024-08-28T15:00:00.000000000Z,34,2,16192,45.43,45.55,45.385,45.415,13558,TRP
2024-08-28T15:00:00.000000000Z,34,2,5158,39.52,39.59,39.45,39.45,19403,ENB
2024-08-28T16:00:00.000000000Z,34,2,5158,39.45,39.45,39.35,39.36,10732,ENB
2024-08-28T16:00:00.000000000Z,34,2,16192,45.41,45.41,45.28,45.315,15243,TRP
2024-08-28T17:00:00.000000000Z,34,2,5158,39.365,39.365,39.27,39.275,20477,ENB
2024-08-28T17:00:00.000000000Z,34,2,16192,45.31,45.335,45.24,45.28,24178,TRP
2024-08-28T18:00:00.000000000Z,34,2,16192,45.28,45.41,45.265,45.41,16129,TRP
2024-08-28T18:00:00.000000000Z,34,2,5158,39.28,39.38,39.27,39.38,21674,ENB
2024-08-28T19:00:00.000000000Z,34,2,5158,39.375,39.435,39.305,39.375,69530,ENB
2024-08-28T19:00:00.000000000Z,34,2,16192,45.41,45.515,45.29,45.45,51050,TRP
2024-08-28T21:00:00.000000000Z,34,2,16192,45.44,45.44,45.44,45.44,3,TRP
2024-08-29T09:00:00.000000000Z,34,2,5158,39.4,39.4,39.4,39.4,92,ENB
2024-08-29T10:00:00.000000000Z,34,2,5158,39.4,39.4,39.4,39.4,392,ENB
2024-08-29T11:00:00.000000000Z,34,2,16192,45.46,45.46,45.46,45.46,100,TRP
2024-08-29T11:00:00.000000000Z,34,2,5158,39.4,39.4,39.39,39.4,616,ENB
2024-08-29T12:00:00.000000000Z,34,2,16192,45.5,45.5,45.5,45.5,431,TRP
2024-08-29T13:00:00.000000000Z,34,2,5158,39.52,39.58,39.305,39.39,15448,ENB
2024-08-29T13:00:00.000000000Z,34,2,16192,45.5,45.64,45.32,45.4,14178,TRP
2024-08-29T14:00:00.000000000Z,34,2,5158,39.395,39.48,39.385,39.43,7430,ENB
2024-08-29T14:00:00.000000000Z,34,2,16192,45.41,45.665,45.39,45.5,14808,TRP
2024-08-29T15:00:00.000000000Z,34,2,16192,45.52,45.61,45.445,45.595,48549,TRP
2024-08-29T15:00:00.000000000Z,34,2,5158,39.44,39.54,39.41,39.54,19356,ENB
2024-08-29T16:00:00.000000000Z,34,2,5158,39.54,39.57,39.5,39.535,8358,ENB
2024-08-29T16:00:00.000000000Z,34,2,16192,45.6,45.77,45.58,45.72,36462,TRP
2024-08-29T17:00:00.000000000Z,34,2,16192,45.73,45.795,45.725,45.775,14514,TRP
2024-08-29T17:00:00.000000000Z,34,2,5158,39.535,39.605,39.535,39.595,8650,ENB
2024-08-29T18:00:00.000000000Z,34,2,16192,45.77,45.82,45.72,45.81,19559,TRP
2024-08-29T18:00:00.000000000Z,34,2,5158,39.59,39.625,39.54,39.59,12395,ENB
2024-08-29T19:00:00.000000000Z,34,2,16192,45.8,45.82,45.665,45.745,54030,TRP
2024-08-29T19:00:00.000000000Z,34,2,5158,39.58,39.605,39.5,39.56,82271,ENB
2024-08-29T20:00:00.000000000Z,34,2,5158,39.58,39.59,39.58,39.59,201,ENB
2024-08-29T21:00:00.000000000Z,34,2,16192,45.74,45.74,45.74,45.74,1,TRP
2024-08-29T21:00:00.000000000Z,34,2,5158,39.58,39.58,39.58,39.58,500,ENB
2024-08-29T23:00:00.000000000Z,34,2,16192,45.74,45.75,45.74,45.75,11,TRP
2024-08-30T08:00:00.000000000Z,34,2,5158,39.57,39.57,39.57,39.57,1,ENB
2024-08-30T12:00:00.000000000Z,34,2,5158,39.57,39.57,39.57,39.57,9,ENB
2024-08-30T13:00:00.000000000Z,34,2,5158,39.58,39.85,39.53,39.82,27254,ENB
2024-08-30T13:00:00.000000000Z,34,2,16192,45.63,45.92,45.61,45.73,16006,TRP
2024-08-30T14:00:00.000000000Z,34,2,5158,39.82,39.85,39.755,39.845,23748,ENB
2024-08-30T14:00:00.000000000Z,34,2,16192,45.73,45.78,45.6,45.78,19772,TRP
2024-08-30T15:00:00.000000000Z,34,2,16192,45.75,45.915,45.75,45.915,18354,TRP
2024-08-30T15:00:00.000000000Z,34,2,5158,39.85,39.865,39.74,39.815,28990,ENB
2024-08-30T16:00:00.000000000Z,34,2,5158,39.82,39.895,39.775,39.895,40317,ENB
2024-08-30T16:00:00.000000000Z,34,2,16192,45.92,45.97,45.82,45.94,27760,TRP
2024-08-30T17:00:00.000000000Z,34,2,5158,39.9,39.96,39.895,39.95,16268,ENB
2024-08-30T17:00:00.000000000Z,34,2,16192,45.955,46.04,45.91,46.02,15972,TRP
2024-08-30T18:00:00.000000000Z,34,2,16192,46.02,46.165,46.01,46.165,19981,TRP
2024-08-30T18:00:00.000000000Z,34,2,5158,39.94,39.955,39.915,39.945,17143,ENB
2024-08-30T19:00:00.000000000Z,34,2,5158,39.945,40.275,39.915,40.19,230850,ENB
2024-08-30T19:00:00.000000000Z,34,2,16192,46.175,46.39,46.115,46.32,102148,TRP
2024-09-03T11:00:00.000000000Z,34,2,5158,40.1,40.1,40.08,40.09,99,ENB
2024-09-03T12:00:00.000000000Z,34,2,5158,39.96,39.96,39.81,39.81,117,ENB
2024-09-03T13:00:00.000000000Z,34,2,5158,39.9,39.98,39.75,39.81,14124,ENB
2024-09-03T13:00:00.000000000Z,34,2,16192,45.89,45.97,45.78,45.89,19863,TRP
2024-09-03T14:00:00.000000000Z,34,2,5158,39.815,39.84,39.655,39.745,71913,ENB
2024-09-03T14:00:00.000000000Z,34,2,16192,45.88,45.925,45.64,45.88,34623,TRP
2024-09-03T15:00:00.000000000Z,34,2,16192,45.89,46.34,45.89,46.29,30073,TRP
2024-09-03T15:00:00.000000000Z,34,2,5158,39.76,40.195,39.76,40.15,70686,ENB
2024-09-03T16:00:00.000000000Z,34,2,16192,46.28,46.35,46.19,46.27,18522,TRP
2024-09-03T16:00:00.000000000Z,34,2,5158,40.15,40.235,40.12,40.15,66383,ENB
2024-09-03T17:00:00.000000000Z,34,2,16192,46.27,46.315,46.185,46.185,19343,TRP
2024-09-03T17:00:00.000000000Z,34,2,5158,40.145,40.235,40.13,40.185,49858,ENB
2024-09-03T18:00:00.000000000Z,34,2,5158,40.18,40.275,40.17,40.255,50120,ENB
2024-09-03T18:00:00.000000000Z,34,2,16192,46.18,46.335,46.15,46.29,15881,TRP
2024-09-03T19:00:00.000000000Z,34,2,5158,40.255,40.33,40.13,40.205,86358,ENB
2024-09-03T19:00:00.000000000Z,34,2,16192,46.295,46.335,46.16,46.245,61111,TRP
2024-09-03T21:00:00.000000000Z,34,2,5158,40.18,40.18,40.18,40.18,16,ENB
2024-09-03T22:00:00.000000000Z,34,2,5158,40.18,40.18,40.18,40.18,1778,ENB
2024-09-04T08:00:00.000000000Z,34,2,5158,40.2,40.2,39.99,40.0,51,ENB
2024-09-04T10:00:00.000000000Z,34,2,5158,40.19,40.2,40.19,40.2,698,ENB
2024-09-04T11:00:00.000000000Z,34,2,5158,40.1,40.1,40.1,40.1,29,ENB
2024-09-04T12:00:00.000000000Z,34,2,5158,40.19,40.19,40.19,40.19,2,ENB
2024-09-04T13:00:00.000000000Z,34,2,16192,46.2,46.49,46.2,46.48,6379,TRP
2024-09-04T13:00:00.000000000Z,34,2,5158,40.2,40.595,40.18,40.56,37783,ENB
2024-09-04T14:00:00.000000000Z,34,2,16192,46.48,46.61,46.44,46.49,12568,TRP
2024-09-04T14:00:00.000000000Z,34,2,5158,40.55,40.66,40.52,40.595,48372,ENB
2024-09-04T15:00:00.000000000Z,34,2,16192,46.53,46.61,46.485,46.61,5909,TRP
2024-09-04T15:00:00.000000000Z,34,2,5158,40.6,40.64,40.45,40.475,56824,ENB
2024-09-04T16:00:00.000000000Z,34,2,5158,40.47,40.47,40.295,40.365,32662,ENB
2024-09-04T16:00:00.000000000Z,34,2,16192,46.59,46.6,46.45,46.58,6770,TRP
2024-09-04T17:00:00.000000000Z,34,2,5158,40.365,40.37,40.285,40.3,26765,ENB
2024-09-04T17:00:00.000000000Z,34,2,16192,46.58,46.605,46.47,46.51,5331,TRP
2024-09-04T18:00:00.000000000Z,34,2,5158,40.3,40.5,40.28,40.46,39185,ENB
2024-09-04T18:00:00.000000000Z,34,2,16192,46.52,46.675,46.52,46.66,15727,TRP
2024-09-04T19:00:00.000000000Z,34,2,16192,46.675,46.685,46.52,46.55,32287,TRP
2024-09-04T19:00:00.000000000Z,34,2,5158,40.455,40.465,40.375,40.41,118821,ENB
2024-09-04T20:00:00.000000000Z,34,2,5158,40.35,40.35,40.35,40.35,35,ENB
2024-09-05T12:00:00.000000000Z,34,2,5158,40.37,40.37,40.36,40.36,115,ENB
2024-09-05T13:00:00.000000000Z,34,2,16192,46.92,47.04,46.84,46.99,9198,TRP
2024-09-05T13:00:00.000000000Z,34,2,5158,40.53,40.77,40.53,40.67,45200,ENB
2024-09-05T14:00:00.000000000Z,34,2,5158,40.67,40.8,40.58,40.755,79431,ENB
2024-09-05T14:00:00.000000000Z,34,2,16192,46.98,47.185,46.88,47.11,23613,TRP
2024-09-05T15:00:00.000000000Z,34,2,5158,40.755,40.81,40.605,40.605,40120,ENB
2024-09-05T15:00:00.000000000Z,34,2,16192,47.115,47.145,46.905,46.905,34347,TRP
2024-09-05T16:00:00.000000000Z,34,2,5158,40.6,40.605,40.485,40.545,25108,ENB
2024-09-05T16:00:00.000000000Z,34,2,16192,46.915,46.945,46.81,46.825,10364,TRP
2024-09-05T17:00:00.000000000Z,34,2,5158,40.54,40.545,40.455,40.545,22898,ENB
2024-09-05T17:00:00.000000000Z,34,2,16192,46.805,46.815,46.625,46.76,7902,TRP
2024-09-05T18:00:00.000000000Z,34,2,5158,40.545,40.63,40.545,40.55,29992,ENB
2024-09-05T18:00:00.000000000Z,34,2,16192,46.76,46.895,46.705,46.89,10639,TRP
2024-09-05T19:00:00.000000000Z,34,2,16192,46.88,46.935,46.775,46.79,73599,TRP
2024-09-05T19:00:00.000000000Z,34,2,5158,40.535,40.535,40.42,40.45,129447,ENB
2024-09-06T09:00:00.000000000Z,34,2,5158,40.51,40.51,40.45,40.45,32,ENB
2024-09-06T11:00:00.000000000Z,34,2,5158,40.25,40.25,40.25,40.25,4,ENB
2024-09-06T13:00:00.000000000Z,34,2,16192,46.8,47.24,46.79,47.2,3613,TRP
2024-09-06T13:00:00.000000000Z,34,2,5158,40.44,40.75,40.4,40.71,15267,ENB
2024-09-06T14:00:00.000000000Z,34,2,5158,40.71,40.71,40.24,40.29,45525,ENB
2024-09-06T14:00:00.000000000Z,34,2,16192,47.21,47.22,46.57,46.62,19828,TRP
2024-09-06T15:00:00.000000000Z,34,2,5158,40.3,40.45,40.235,40.25,28904,ENB
2024-09-06T15:00:00.000000000Z,34,2,16192,46.62,46.8,46.36,46.4,16881,TRP
2024-09-06T16:00:00.000000000Z,34,2,16192,46.385,46.47,46.325,46.43,24141,TRP
2024-09-06T16:00:00.000000000Z,34,2,5158,40.25,40.3,40.22,40.29,22705,ENB
2024-09-06T17:00:00.000000000Z,34,2,5158,40.29,40.335,40.205,40.27,21188,ENB
2024-09-06T17:00:00.000000000Z,34,2,16192,46.43,46.545,46.395,46.54,16457,TRP
2024-09-06T18:00:00.000000000Z,34,2,16192,46.515,46.55,46.445,46.545,21483,TRP
2024-09-06T18:00:00.000000000Z,34,2,5158,40.265,40.305,40.235,40.295,53830,ENB
2024-09-06T19:00:00.000000000Z,34,2,16192,46.55,46.745,46.545,46.7,64566,TRP
2024-09-06T19:00:00.000000000Z,34,2,5158,40.295,40.44,40.285,40.395,194666,ENB
2024-09-06T22:00:00.000000000Z,34,2,16192,46.89,46.89,46.89,46.89,3,TRP
2024-09-09T08:00:00.000000000Z,34,2,5158,40.55,40.56,40.55,40.56,101,ENB
2024-09-09T09:00:00.000000000Z,34,2,5158,40.25,40.25,40.25,40.25,1,ENB
2024-09-09T10:00:00.000000000Z,34,2,5158,40.49,40.5,40.44,40.44,501,ENB
2024-09-09T11:00:00.000000000Z,34,2,5158,40.44,40.45,40.44,40.45,128,ENB
2024-09-09T13:00:00.000000000Z,34,2,16192,46.87,47.19,46.87,47.17,18795,TRP
2024-09-09T13:00:00.000000000Z,34,2,5158,40.41,40.62,40.27,40.59,23370,ENB
2024-09-09T14:00:00.000000000Z,34,2,5158,40.6,40.67,40.58,40.67,26035,ENB
2024-09-09T14:00:00.000000000Z,34,2,16192,47.18,47.38,47.11,47.305,81014,TRP
2024-09-09T15:00:00.000000000Z,34,2,16192,47.305,47.37,47.105,47.21,99222,TRP
2024-09-09T15:00:00.000000000Z,34,2,5158,40.68,40.76,40.645,40.705,14816,ENB
2024-09-09T16:00:00.000000000Z,34,2,5158,40.7,40.785,40.7,40.75,13124,ENB
2024-09-09T16:00:00.000000000Z,34,2,16192,47.21,47.29,47.135,47.18,36132,TRP
2024-09-09T17:00:00.000000000Z,34,2,5158,40.75,40.775,40.715,40.715,12689,ENB
2024-09-09T17:00:00.000000000Z,34,2,16192,47.175,47.25,47.055,47.215,34584,TRP
2024-09-09T18:00:00.000000000Z,34,2,5158,40.71,40.77,40.695,40.765,13526,ENB
2024-09-09T18:00:00.000000000Z,34,2,16192,47.21,47.33,47.185,47.265,62594,TRP
2024-09-09T19:00:00.000000000Z,34,2,5158,40.76,40.805,40.755,40.78,109117,ENB
2024-09-09T19:00:00.000000000Z,34,2,16192,47.265,47.28,47.05,47.08,143558,TRP
2024-09-10T09:00:00.000000000Z,34,2,16192,46.99,46.99,46.99,46.99,40,TRP
2024-09-10T12:00:00.000000000Z,34,2,5158,40.6,40.77,40.6,40.77,233,ENB
2024-09-10T13:00:00.000000000Z,34,2,16192,47.04,47.06,46.75,46.81,28696,TRP
2024-09-10T13:00:00.000000000Z,34,2,5158,40.74,40.82,40.59,40.65,19388,ENB
2024-09-10T14:00:00.000000000Z,34,2,5158,40.63,40.65,40.405,40.48,45997,ENB
2024-09-10T14:00:00.000000000Z,34,2,16192,46.83,46.83,46.41,46.5,39488,TRP
2024-09-10T15:00:00.000000000Z,34,2,5158,40.47,40.545,40.39,40.39,21664,ENB
2024-09-10T15:00:00.000000000Z,34,2,16192,46.46,46.58,46.135,46.135,42644,TRP
2024-09-10T16:00:00.000000000Z,34,2,16192,46.13,46.18,45.86,45.93,57243,TRP
2024-09-10T16:00:00.000000000Z,34,2,5158,40.38,40.38,40.285,40.3,30666,ENB
2024-09-10T17:00:00.000000000Z,34,2,16192,45.92,45.92,45.67,45.735,51033,TRP
2024-09-10T17:00:00.000000000Z,34,2,5158,40.285,40.285,40.17,40.17,39588,ENB
2024-09-10T18:00:00.000000000Z,34,2,5158,40.18,40.205,40.045,40.19,28830,ENB
2024-09-10T18:00:00.000000000Z,34,2,16192,45.72,45.72,45.36,45.57,73893,TRP
2024-09-10T19:00:00.000000000Z,34,2,16192,45.565,45.87,45.45,45.8,153585,TRP
2024-09-10T19:00:00.000000000Z,34,2,5158,40.185,40.28,40.11,40.265,130818,ENB
2024-09-10T20:00:00.000000000Z,34,2,5158,40.29,40.29,40.29,40.29,5,ENB
2024-09-10T21:00:00.000000000Z,34,2,16192,45.47,45.47,45.47,45.47,15,TRP
2024-09-10T21:00:00.000000000Z,34,2,5158,40.25,40.25,40.25,40.25,20,ENB
2024-09-11T08:00:00.000000000Z,34,2,5158,40.16,40.16,40.16,40.16,100,ENB
2024-09-11T13:00:00.000000000Z,34,2,16192,45.795,45.88,45.515,45.59,17915,TRP
2024-09-11T13:00:00.000000000Z,34,2,5158,40.22,40.25,39.94,39.95,19078,ENB
2024-09-11T14:00:00.000000000Z,34,2,5158,39.94,39.94,39.77,39.89,21970,ENB
2024-09-11T14:00:00.000000000Z,34,2,16192,45.58,45.58,45.21,45.42,83007,TRP
2024-09-11T15:00:00.000000000Z,34,2,5158,39.9,40.03,39.88,39.98,16205,ENB
2024-09-11T15:00:00.000000000Z,34,2,16192,45.43,45.74,45.41,45.675,50631,TRP
2024-09-11T16:00:00.000000000Z,34,2,16192,45.675,45.875,45.65,45.77,38904,TRP
2024-09-11T16:00:00.000000000Z,34,2,5158,39.98,40.1,39.98,40.06,21662,ENB
2024-09-11T17:00:00.000000000Z,34,2,16192,45.77,45.84,45.66,45.69,23408,TRP
2024-09-11T17:00:00.000000000Z,34,2,5158,40.065,40.19,40.065,40.13,14006,ENB
2024-09-11T18:00:00.000000000Z,34,2,5158,40.125,40.17,40.095,40.12,20314,ENB
2024-09-11T18:00:00.000000000Z,34,2,16192,45.68,45.76,45.59,45.595,36811,TRP
2024-09-11T19:00:00.000000000Z,34,2,16192,45.59,45.925,45.58,45.88,87429,TRP
2024-09-11T19:00:00.000000000Z,34,2,5158,40.115,40.275,40.11,40.245,107651,ENB
2024-09-11T22:00:00.000000000Z,34,2,5158,40.21,40.21,40.2,40.2,9,ENB
2024-09-12T10:00:00.000000000Z,34,2,16192,45.9,45.9,45.54,45.54,83,TRP
2024-09-12T11:00:00.000000000Z,34,2,5158,40.4,40.4,40.4,40.4,60,ENB
2024-09-12T12:00:00.000000000Z,34,2,5158,40.33,40.33,40.32,40.32,253,ENB
2024-09-12T13:00:00.000000000Z,34,2,16192,46.14,46.14,45.395,45.42,21933,TRP
2024-09-12T13:00:00.000000000Z,34,2,5158,40.3,40.41,40.24,40.24,18549,ENB
2024-09-12T14:00:00.000000000Z,34,2,5158,40.235,40.4,40.22,40.36,16895,ENB
2024-09-12T14:00:00.000000000Z,34,2,16192,45.42,45.915,45.385,45.83,72885,TRP
2024-09-12T15:00:00.000000000Z,34,2,16192,45.84,45.915,45.69,45.705,65459,TRP
2024-09-12T15:00:00.000000000Z,34,2,5158,40.35,40.39,40.31,40.34,21340,ENB
2024-09-12T16:00:00.000000000Z,34,2,16192,45.71,45.95,45.645,45.925,38317,TRP
2024-09-12T16:00:00.000000000Z,34,2,5158,40.34,40.365,40.3,40.35,28076,ENB
2024-09-12T17:00:00.000000000Z,34,2,5158,40.35,40.38,40.345,40.355,16970,ENB
2024-09-12T17:00:00.000000000Z,34,2,16192,45.925,46.0,45.905,45.91,31943,TRP
2024-09-12T18:00:00.000000000Z,34,2,5158,40.355,40.43,40.315,40.4,22723,ENB
2024-09-12T18:00:00.000000000Z,34,2,16192,45.91,46.045,45.83,46.02,32898,TRP
2024-09-12T19:00:00.000000000Z,34,2,5158,40.405,40.505,40.385,40.48,114993,ENB
2024-09-12T19:00:00.000000000Z,34,2,16192,46.025,46.18,46.02,46.09,92352,TRP
2024-09-13T11:00:00.000000000Z,34,2,5158,40.51,40.51,40.51,40.51,7,ENB
2024-09-13T12:00:00.000000000Z,34,2,5158,40.55,40.55,40.55,40.55,79,ENB
2024-09-13T13:00:00.000000000Z,34,2,16192,46.25,46.41,46.2,46.32,21158,TRP
2024-09-13T13:00:00.000000000Z,34,2,5158,40.53,40.685,40.51,40.58,13928,ENB
2024-09-13T14:00:00.000000000Z,34,2,5158,40.58,40.64,40.48,40.575,21487,ENB
2024-09-13T14:00:00.000000000Z,34,2,16192,46.33,46.33,46.155,46.18,57406,TRP
2024-09-13T15:00:00.000000000Z,34,2,5158,40.565,40.595,40.53,40.59,26036,ENB
2024-09-13T15:00:00.000000000Z,34,2,16192,46.17,46.5,46.135,46.465,52528,TRP
2024-09-13T16:00:00.000000000Z,34,2,5158,40.595,40.635,40.54,40.59,19139,ENB
2024-09-13T16:00:00.000000000Z,34,2,16192,46.475,46.475,46.235,46.36,52023,TRP
2024-09-13T17:00:00.000000000Z,34,2,16192,46.35,46.54,46.34,46.505,31138,TRP
2024-09-13T17:00:00.000000000Z,34,2,5158,40.585,40.665,40.565,40.66,16664,ENB
2024-09-13T18:00:00.000000000Z,34,2,5158,40.66,40.71,40.635,40.695,27881,ENB
2024-09-13T18:00:00.000000000Z,34,2,16192,46.5,46.6,46.435,46.475,40347,TRP
2024-09-13T19:00:00.000000000Z,34,2,5158,40.69,40.785,40.685,40.73,102902,ENB
2024-09-13T19:00:00.000000000Z,34,2,16192,46.465,46.565,46.355,46.56,92747,TRP
2024-09-16T08:00:00.000000000Z,34,2,5158,40.74,40.74,40.74,40.74,2,ENB
2024-09-16T10:00:00.000000000Z,34,2,5158,40.74,40.74,40.74,40.74,1,ENB
2024-09-16T10:00:00.000000000Z,34,2,16192,47.01,47.99,47.01,47.99,100,TRP
2024-09-16T12:00:00.000000000Z,34,2,16192,46.92,46.93,46.92,46.93,3,TRP
2024-09-16T12:00:00.000000000Z,34,2,5158,40.79,40.8,40.79,40.8,137,ENB
2024-09-16T13:00:00.000000000Z,34,2,16192,46.7,46.85,46.44,46.66,4704,TRP
2024-09-16T13:00:00.000000000Z,34,2,5158,40.8,41.135,40.8,41.11,18527,ENB
2024-09-16T14:00:00.000000000Z,34,2,16192,46.68,46.72,46.495,46.565,22161,TRP
2024-09-16T14:00:00.000000000Z,34,2,5158,41.1,41.1,40.925,40.955,25123,ENB
2024-09-16T15:00:00.000000000Z,34,2,16192,46.56,46.56,46.34,46.505,19747,TRP
2024-09-16T15:00:00.000000000Z,34,2,5158,40.94,40.99,40.845,40.98,37518,ENB
2024-09-16T16:00:00.000000000Z,34,2,5158,40.98,41.04,40.935,41.025,32895,ENB
2024-09-16T16:00:00.000000000Z,34,2,16192,46.51,46.68,46.51,46.66,23434,TRP
2024-09-16T17:00:00.000000000Z,34,2,5158,41.025,41.085,40.985,41.08,38381,ENB
2024-09-16T17:00:00.000000000Z,34,2,16192,46.66,46.79,46.65,46.765,19490,TRP
2024-09-16T18:00:00.000000000Z,34,2,5158,41.08,41.095,41.035,41.08,38299,ENB
2024-09-16T18:00:00.000000000Z,34,2,16192,46.76,46.77,46.67,46.755,37939,TRP
2024-09-16T19:00:00.000000000Z,34,2,5158,41.08,41.205,41.06,41.185,156994,ENB
2024-09-16T19:00:00.000000000Z,34,2,16192,46.75,46.86,46.68,46.75,134553,TRP
2024-09-16T20:00:00.000000000Z,34,2,16192,46.87,46.87,46.85,46.85,250,TRP
2024-09-17T09:00:00.000000000Z,34,2,5158,41.11,41.11,41.0,41.0,162,ENB
2024-09-17T12:00:00.000000000Z,34,2,5158,41.18,41.18,41.17,41.17,53,ENB
2024-09-17T13:00:00.000000000Z,34,2,16192,46.79,46.89,46.77,46.89,5281,TRP
2024-09-17T13:00:00.000000000Z,34,2,5158,41.15,41.21,41.08,41.08,14518,ENB
2024-09-17T14:00:00.000000000Z,34,2,5158,41.08,41.17,41.03,41.06,25421,ENB
2024-09-17T14:00:00.000000000Z,34,2,16192,46.88,46.99,46.78,46.82,14019,TRP
2024-09-17T15:00:00.000000000Z,34,2,5158,41.06,41.085,40.905,40.905,19907,ENB
2024-09-17T15:00:00.000000000Z,34,2,16192,46.84,46.965,46.68,46.68,24443,TRP
2024-09-17T16:00:00.000000000Z,34,2,5158,40.9,40.915,40.77,40.79,22168,ENB
2024-09-17T16:00:00.000000000Z,34,2,16192,46.67,46.67,46.39,46.42,14490,TRP
2024-09-17T17:00:00.000000000Z,34,2,16192,46.43,46.465,46.34,46.36,13731,TRP
2024-09-17T17:00:00.000000000Z,34,2,5158,40.785,40.85,40.76,40.82,32741,ENB
2024-09-17T18:00:00.000000000Z,34,2,5158,40.815,40.88,40.81,40.84,24073,ENB
2024-09-17T18:00:00.000000000Z,34,2,16192,46.35,46.485,46.345,46.45,16839,TRP
2024-09-17T19:00:00.000000000Z,34,2,16192,46.445,46.505,46.365,46.375,83015,TRP
2024-09-17T19:00:00.000000000Z,34,2,5158,40.845,40.895,40.81,40.825,107265,ENB
2024-09-18T12:00:00.000000000Z,34,2,5158,40.9,40.9,40.86,40.86,51,ENB
2024-09-18T13:00:00.000000000Z,34,2,16192,46.47,46.47,46.22,46.26,20876,TRP
2024-09-18T13:00:00.000000000Z,34,2,5158,40.8,40.92,40.7,40.745,13938,ENB
2024-09-18T14:00:00.000000000Z,34,2,16192,46.29,46.41,46.07,46.08,25091,TRP
2024-09-18T14:00:00.000000000Z,34,2,5158,40.75,40.795,40.61,40.61,19912,ENB
2024-09-18T15:00:00.000000000Z,34,2,5158,40.615,40.66,40.51,40.57,28818,ENB
2024-09-18T15:00:00.000000000Z,34,2,16192,46.07,46.23,45.96,46.01,26662,TRP
2024-09-18T16:00:00.000000000Z,34,2,5158,40.57,40.63,40.54,40.63,35461,ENB
2024-09-18T16:00:00.000000000Z,34,2,16192,46.01,46.07,45.91,45.97,34103,TRP
2024-09-18T17:00:00.000000000Z,34,2,5158,40.63,40.715,40.63,40.67,51548,ENB
2024-09-18T17:00:00.000000000Z,34,2,16192,45.98,46.17,45.975,46.1,16730,TRP
2024-09-18T18:00:00.000000000Z,34,2,5158,40.67,40.9,40.51,40.58,56258,ENB
2024-09-18T18:00:00.000000000Z,34,2,16192,46.1,46.355,45.92,46.0,53090,TRP
2024-09-18T19:00:00.000000000Z,34,2,5158,40.55,40.74,40.51,40.515,79977,ENB
2024-09-18T19:00:00.000000000Z,34,2,16192,45.99,46.26,45.91,46.02,94985,TRP
2024-09-18T23:00:00.000000000Z,34,2,16192,46.35,46.35,46.35,46.35,50,TRP
2024-09-19T08:00:00.000000000Z,34,2,5158,40.59,40.59,40.59,40.59,1,ENB
2024-09-19T09:00:00.000000000Z,34,2,16192,46.35,46.35,46.35,46.35,9,TRP
2024-09-19T11:00:00.000000000Z,34,2,5158,40.99,40.99,40.99,40.99,10,ENB
2024-09-19T12:00:00.000000000Z,34,2,5158,40.96,40.96,40.8,40.8,17,ENB
2024-09-19T12:00:00.000000000Z,34,2,16192,46.59,46.59,46.4,46.41,104,TRP
2024-09-19T13:00:00.000000000Z,34,2,5158,40.76,40.84,40.26,40.34,16000,ENB
2024-09-19T13:00:00.000000000Z,34,2,16192,46.35,46.47,45.43,45.59,31062,TRP
2024-09-19T14:00:00.000000000Z,34,2,16192,45.59,45.61,45.185,45.51,44737,TRP
2024-09-19T14:00:00.000000000Z,34,2,5158,40.335,40.5,40.16,40.495,52311,ENB
2024-09-19T15:00:00.000000000Z,34,2,16192,45.49,45.5,45.16,45.16,24210,TRP
2024-09-19T15:00:00.000000000Z,34,2,5158,40.5,40.59,40.47,40.48,14642,ENB
2024-09-19T16:00:00.000000000Z,34,2,16192,45.21,45.3,45.08,45.08,29921,TRP
2024-09-19T16:00:00.000000000Z,34,2,5158,40.49,40.53,40.29,40.32,9602,ENB
2024-09-19T17:00:00.000000000Z,34,2,16192,45.085,45.095,44.965,44.965,29721,TRP
2024-09-19T17:00:00.000000000Z,34,2,5158,40.33,40.375,40.255,40.28,22746,ENB
2024-09-19T18:00:00.000000000Z,34,2,5158,40.28,40.395,40.19,40.385,37128,ENB
2024-09-19T18:00:00.000000000Z,34,2,16192,44.965,45.27,44.865,45.195,55844,TRP
2024-09-19T19:00:00.000000000Z,34,2,16192,45.19,45.19,44.865,45.005,228278,TRP
2024-09-19T19:00:00.000000000Z,34,2,5158,40.385,40.48,40.285,40.415,174670,ENB
2024-09-19T20:00:00.000000000Z,34,2,5158,40.46,40.46,40.45,40.45,164,ENB
2024-09-20T13:00:00.000000000Z,34,2,16192,44.99,45.3,44.76,45.3,25774,TRP
2024-09-20T13:00:00.000000000Z,34,2,5158,40.39,40.41,40.14,40.26,18325,ENB
2024-09-20T14:00:00.000000000Z,34,2,5158,40.25,40.39,40.185,40.39,27284,ENB
2024-09-20T14:00:00.000000000Z,34,2,16192,45.285,45.8,45.18,45.8,44050,TRP
2024-09-20T15:00:00.000000000Z,34,2,5158,40.39,40.39,40.2,40.27,25719,ENB
2024-09-20T15:00:00.000000000Z,34,2,16192,45.81,45.81,45.64,45.68,32572,TRP
2024-09-20T16:00:00.000000000Z,34,2,5158,40.275,40.455,40.22,40.43,24390,ENB
2024-09-20T16:00:00.000000000Z,34,2,16192,45.645,45.795,45.595,45.75,13835,TRP
2024-09-20T17:00:00.000000000Z,34,2,16192,45.75,45.96,45.705,45.96,19441,TRP
2024-09-20T17:00:00.000000000Z,34,2,5158,40.42,40.465,40.375,40.43,26221,ENB
2024-09-20T18:00:00.000000000Z,34,2,5158,40.42,40.495,40.365,40.44,33762,ENB
2024-09-20T18:00:00.000000000Z,34,2,16192,45.96,46.04,45.82,45.99,20515,TRP
2024-09-20T19:00:00.000000000Z,34,2,16192,45.98,46.215,45.98,46.17,88206,TRP
2024-09-20T19:00:00.000000000Z,34,2,5158,40.44,40.56,40.43,40.52,119539,ENB
2024-09-20T22:00:00.000000000Z,34,2,5158,40.48,40.48,40.48,40.48,5,ENB
2024-09-23T09:00:00.000000000Z,34,2,5158,40.55,40.55,40.49,40.49,74,ENB
2024-09-23T11:00:00.000000000Z,34,2,16192,46.35,46.36,46.35,46.36,51,TRP
2024-09-23T12:00:00.000000000Z,34,2,16192,46.37,46.37,46.29,46.3,147,TRP
2024-09-23T12:00:00.000000000Z,34,2,5158,40.49,40.49,40.48,40.49,576,ENB
2024-09-23T13:00:00.000000000Z,34,2,5158,40.47,40.68,40.46,40.62,11982,ENB
2024-09-23T13:00:00.000000000Z,34,2,16192,46.32,46.83,46.31,46.83,15797,TRP
2024-09-23T14:00:00.000000000Z,34,2,16192,46.825,46.94,46.685,46.815,25204,TRP
2024-09-23T14:00:00.000000000Z,34,2,5158,40.62,40.76,40.61,40.735,41574,ENB
2024-09-23T15:00:00.000000000Z,34,2,5158,40.72,40.82,40.675,40.75,41007,ENB
2024-09-23T15:00:00.000000000Z,34,2,16192,46.805,47.025,46.75,46.905,27306,TRP
2024-09-23T16:00:00.000000000Z,34,2,5158,40.74,40.74,40.63,40.67,31964,ENB
2024-09-23T16:00:00.000000000Z,34,2,16192,46.91,46.915,46.665,46.76,40345,TRP
2024-09-23T17:00:00.000000000Z,34,2,16192,46.75,46.915,46.725,46.825,23936,TRP
2024-09-23T17:00:00.000000000Z,34,2,5158,40.66,40.785,40.635,40.765,30434,ENB
2024-09-23T18:00:00.000000000Z,34,2,16192,46.825,46.92,46.82,46.895,38902,TRP
2024-09-23T18:00:00.000000000Z,34,2,5158,40.76,40.85,40.735,40.845,22846,ENB
2024-09-23T19:00:00.000000000Z,34,2,16192,46.89,47.125,46.86,47.105,114965,TRP
2024-09-23T19:00:00.000000000Z,34,2,5158,40.84,40.915,40.805,40.885,105459,ENB
2024-09-23T20:00:00.000000000Z,34,2,5158,40.72,40.72,40.72,40.72,100,ENB
2024-09-23T23:00:00.000000000Z,34,2,5158,40.87,40.87,40.87,40.87,7,ENB
2024-09-24T09:00:00.000000000Z,34,2,5158,41.0,41.01,40.99,41.01,23,ENB
2024-09-24T11:00:00.000000000Z,34,2,5158,41.01,41.01,41.0,41.0,28,ENB
2024-09-24T12:00:00.000000000Z,34,2,5158,41.06,41.08,41.03,41.03,48,ENB
2024-09-24T13:00:00.000000000Z,34,2,5158,41.02,41.04,40.8,40.9,12869,ENB
2024-09-24T13:00:00.000000000Z,34,2,16192,47.38,47.41,46.84,47.15,17624,TRP
2024-09-24T14:00:00.000000000Z,34,2,5158,40.9,41.065,40.9,41.01,18956,ENB
2024-09-24T14:00:00.000000000Z,34,2,16192,47.23,47.415,47.175,47.185,14564,TRP
2024-09-24T15:00:00.000000000Z,34,2,16192,47.17,47.175,46.855,46.9,29205,TRP
2024-09-24T15:00:00.000000000Z,34,2,5158,41.005,41.005,40.77,40.775,13588,ENB
2024-09-24T16:00:00.000000000Z,34,2,16192,46.895,47.105,46.825,47.035,17761,TRP
2024-09-24T16:00:00.000000000Z,34,2,5158,40.78,40.94,40.74,40.89,11373,ENB
2024-09-24T17:00:00.000000000Z,34,2,5158,40.89,40.925,40.82,40.88,14363,ENB
2024-09-24T17:00:00.000000000Z,34,2,16192,47.025,47.05,46.74,46.87,15103,TRP
2024-09-24T18:00:00.000000000Z,34,2,5158,40.88,40.935,40.845,40.86,16266,ENB
2024-09-24T18:00:00.000000000Z,34,2,16192,46.88,46.98,46.845,46.9,11089,TRP
2024-09-24T19:00:00.000000000Z,34,2,16192,46.89,47.09,46.88,47.035,56605,TRP
2024-09-24T19:00:00.000000000Z,34,2,5158,40.86,40.93,40.85,40.86,71378,ENB
2024-09-25T12:00:00.000000000Z,34,2,16192,47.18,47.18,47.18,47.18,4,TRP
2024-09-25T12:00:00.000000000Z,34,2,5158,40.86,40.86,40.86,40.86,12,ENB
2024-09-25T13:00:00.000000000Z,34,2,5158,40.75,41.07,40.7,40.975,21966,ENB
2024-09-25T13:00:00.000000000Z,34,2,16192,47.07,47.48,47.07,47.31,21762,TRP
2024-09-25T14:00:00.000000000Z,34,2,16192,47.31,47.47,47.2,47.21,44062,TRP
2024-09-25T14:00:00.000000000Z,34,2,5158,40.98,41.09,40.96,41.03,43904,ENB
2024-09-25T15:00:00.000000000Z,34,2,16192,47.22,47.345,47.22,47.305,15237,TRP
2024-09-25T15:00:00.000000000Z,34,2,5158,41.04,41.13,41.03,41.08,24517,ENB
2024-09-25T16:00:00.000000000Z,34,2,5158,41.08,41.12,40.995,41.0,22082,ENB
2024-09-25T16:00:00.000000000Z,34,2,16192,47.305,47.455,47.295,47.335,35469,TRP
2024-09-25T17:00:00.000000000Z,34,2,16192,47.33,47.67,47.33,47.67,45927,TRP
2024-09-25T17:00:00.000000000Z,34,2,5158,41.0,41.02,40.93,41.015,18925,ENB
2024-09-25T18:00:00.000000000Z,34,2,5158,41.01,41.055,40.97,40.975,13415,ENB
2024-09-25T18:00:00.000000000Z,34,2,16192,47.675,47.78,47.6,47.705,55833,TRP
2024-09-25T19:00:00.000000000Z,34,2,16192,47.7,47.86,47.685,47.85,196599,TRP
2024-09-25T19:00:00.000000000Z,34,2,5158,40.97,41.115,40.95,41.095,97264,ENB
2024-09-25T21:00:00.000000000Z,34,2,16192,47.82,47.82,47.82,47.82,9,TRP
2024-09-25T22:00:00.000000000Z,34,2,16192,47.82,47.82,47.82,47.82,3,TRP
2024-09-26T08:00:00.000000000Z,34,2,5158,40.8,40.8,40.8,40.8,238,ENB
2024-09-26T11:00:00.000000000Z,34,2,5158,41.0,41.0,40.93,40.93,250,ENB
2024-09-26T12:00:00.000000000Z,34,2,5158,40.93,40.99,40.85,40.92,309,ENB
2024-09-26T13:00:00.000000000Z,34,2,16192,47.76,48.1,47.42,47.6,46900,TRP
2024-09-26T13:00:00.000000000Z,34,2,5158,40.94,41.12,40.53,40.57,35997,ENB
2024-09-26T14:00:00.000000000Z,34,2,16192,47.6,47.79,47.51,47.77,35351,TRP
2024-09-26T14:00:00.000000000Z,34,2,5158,40.575,40.82,40.525,40.82,47731,ENB
2024-09-26T15:00:00.000000000Z,34,2,16192,47.78,47.78,47.59,47.75,39099,TRP
2024-09-26T15:00:00.000000000Z,34,2,5158,40.82,40.89,40.715,40.87,29518,ENB
2024-09-26T16:00:00.000000000Z,34,2,16192,47.72,47.82,47.67,47.76,26017,TRP
2024-09-26T16:00:00.000000000Z,34,2,5158,40.87,40.88,40.79,40.825,20169,ENB
2024-09-26T17:00:00.000000000Z,34,2,5158,40.82,40.87,40.715,40.745,27143,ENB
2024-09-26T17:00:00.000000000Z,34,2,16192,47.76,47.8,47.665,47.74,22050,TRP
2024-09-26T18:00:00.000000000Z,34,2,16192,47.745,47.89,47.745,47.88,19617,TRP
2024-09-26T18:00:00.000000000Z,34,2,5158,40.745,40.865,40.745,40.86,18916,ENB
2024-09-26T19:00:00.000000000Z,34,2,16192,47.875,48.02,47.8,47.905,111217,TRP
2024-09-26T19:00:00.000000000Z,34,2,5158,40.87,40.875,40.77,40.775,93298,ENB
2024-09-26T20:00:00.000000000Z,34,2,16192,47.87,47.87,47.87,47.87,1,TRP
2024-09-26T23:00:00.000000000Z,34,2,5158,41.0,41.0,41.0,41.0,2,ENB
2024-09-27T08:00:00.000000000Z,34,2,5158,40.78,40.78,40.78,40.78,1,ENB
2024-09-27T09:00:00.000000000Z,34,2,5158,40.98,40.98,40.98,40.98,1,ENB
2024-09-27T11:00:00.000000000Z,34,2,16192,47.21,47.21,47.21,47.21,1,TRP
2024-09-27T13:00:00.000000000Z,34,2,16192,47.21,47.35,46.61,46.81,25741,TRP
2024-09-27T13:00:00.000000000Z,34,2,5158,40.87,40.88,40.58,40.66,4465,ENB
2024-09-27T14:00:00.000000000Z,34,2,5158,40.62,40.91,40.62,40.82,20898,ENB
2024-09-27T14:00:00.000000000Z,34,2,16192,46.82,47.06,46.71,46.91,16120,TRP
2024-09-27T15:00:00.000000000Z,34,2,16192,46.9,46.93,46.37,46.43,24784,TRP
2024-09-27T15:00:00.000000000Z,34,2,5158,40.82,40.84,40.65,40.67,61305,ENB
2024-09-27T16:00:00.000000000Z,34,2,16192,46.425,46.7,46.31,46.66,17652,TRP
2024-09-27T16:00:00.000000000Z,34,2,5158,40.67,40.73,40.63,40.7,48740,ENB
2024-09-27T17:00:00.000000000Z,34,2,16192,46.66,46.68,46.51,46.58,12905,TRP
2024-09-27T17:00:00.000000000Z,34,2,5158,40.7,40.72,40.635,40.685,52779,ENB
2024-09-27T18:00:00.000000000Z,34,2,5158,40.68,40.795,40.68,40.78,57842,ENB
2024-09-27T18:00:00.000000000Z,34,2,16192,46.59,46.75,46.59,46.745,11389,TRP
2024-09-27T19:00:00.000000000Z,34,2,16192,46.725,46.85,46.705,46.77,46923,TRP
2024-09-27T19:00:00.000000000Z,34,2,5158,40.77,40.8,40.695,40.71,118931,ENB
2024-09-27T20:00:00.000000000Z,34,2,16192,46.9,46.9,46.9,46.9,1,TRP
2024-09-27T22:00:00.000000000Z,34,2,16192,46.9,46.9,46.9,46.9,4,TRP
2024-09-27T23:00:00.000000000Z,34,2,16192,46.9,46.9,46.9,46.9,4,TRP
2024-09-30T08:00:00.000000000Z,34,2,5158,40.69,40.69,40.69,40.69,4,ENB
2024-09-30T10:00:00.000000000Z,34,2,5158,40.69,40.69,40.69,40.69,2,ENB
2024-09-30T11:00:00.000000000Z,34,2,5158,40.66,40.68,40.66,40.68,305,ENB
2024-09-30T12:00:00.000000000Z,34,2,5158,40.68,40.68,40.62,40.62,437,ENB
2024-09-30T13:00:00.000000000Z,34,2,16192,46.9,47.18,46.87,46.99,15247,TRP
2024-09-30T13:00:00.000000000Z,34,2,5158,40.6,40.765,40.33,40.38,16900,ENB
2024-09-30T14:00:00.000000000Z,34,2,5158,40.37,40.505,40.36,40.47,15637,ENB
2024-09-30T14:00:00.000000000Z,34,2,16192,47.03,47.185,46.99,47.12,20804,TRP
2024-09-30T15:00:00.000000000Z,34,2,16192,47.15,47.37,47.14,47.17,25915,TRP
2024-09-30T15:00:00.000000000Z,34,2,5158,40.47,40.53,40.38,40.385,13933,ENB
2024-09-30T16:00:00.000000000Z,34,2,5158,40.38,40.45,40.38,40.435,15483,ENB
2024-09-30T16:00:00.000000000Z,34,2,16192,47.16,47.415,47.16,47.4,15361,TRP
2024-09-30T17:00:00.000000000Z,34,2,5158,40.44,40.5,40.435,40.49,16463,ENB
2024-09-30T17:00:00.000000000Z,34,2,16192,47.39,47.45,47.175,47.245,40735,TRP
2024-09-30T18:00:00.000000000Z,34,2,16192,47.24,47.38,46.98,47.355,48282,TRP
2024-09-30T18:00:00.000000000Z,34,2,5158,40.49,40.49,40.34,40.48,28393,ENB
2024-09-30T19:00:00.000000000Z,34,2,5158,40.47,40.69,40.425,40.605,106196,ENB
2024-09-30T19:00:00.000000000Z,34,2,16192,47.35,47.7,47.25,47.56,97976,TRP
2024-09-30T20:00:00.000000000Z,34,2,16192,47.4,47.4,47.4,47.4,100,TRP
2024-09-30T21:00:00.000000000Z,34,2,16192,47.56,47.56,47.55,47.55,41,TRP
2024-10-01T09:00:00.000000000Z,34,2,5158,40.45,40.45,40.45,40.45,5,ENB
2024-10-01T11:00:00.000000000Z,34,2,5158,40.6,40.6,40.6,40.6,46,ENB
2024-10-01T12:00:00.000000000Z,34,2,5158,40.61,40.61,40.59,40.59,83,ENB
2024-10-01T13:00:00.000000000Z,34,2,5158,40.56,40.98,40.45,40.97,20236,ENB
2024-10-01T13:00:00.000000000Z,34,2,16192,47.63,48.0,47.48,47.86,27378,TRP
2024-10-01T14:00:00.000000000Z,34,2,16192,47.91,48.41,47.86,48.36,47821,TRP
2024-10-01T14:00:00.000000000Z,34,2,5158,40.96,41.105,40.91,41.09,31925,ENB
2024-10-01T15:00:00.000000000Z,34,2,5158,41.11,41.13,41.015,41.04,23003,ENB
2024-10-01T15:00:00.000000000Z,34,2,16192,48.365,48.41,48.22,48.37,38154,TRP
2024-10-01T16:00:00.000000000Z,34,2,16192,48.36,48.37,48.15,48.18,53816,TRP
2024-10-01T16:00:00.000000000Z,34,2,5158,41.04,41.095,41.005,41.025,25989,ENB
2024-10-01T17:00:00.000000000Z,34,2,16192,48.18,48.33,48.15,48.22,33249,TRP
2024-10-01T17:00:00.000000000Z,34,2,5158,41.025,41.025,40.915,40.985,28212,ENB
2024-10-01T18:00:00.000000000Z,34,2,5158,40.99,41.11,40.99,41.08,21295,ENB
2024-10-01T18:00:00.000000000Z,34,2,16192,48.24,48.33,48.225,48.29,26338,TRP
2024-10-01T19:00:00.000000000Z,34,2,16192,48.29,48.415,48.225,48.375,64070,TRP
2024-10-01T19:00:00.000000000Z,34,2,5158,41.08,41.14,41.015,41.14,83493,ENB
2024-10-01T21:00:00.000000000Z,34,2,5158,41.12,41.12,41.12,41.12,10,ENB
2024-10-01T21:00:00.000000000Z,34,2,16192,48.53,48.7,48.53,48.53,269,TRP
2024-10-01T23:00:00.000000000Z,34,2,16192,48.55,48.55,48.55,48.55,2,TRP
2024-10-02T08:00:00.000000000Z,34,2,5158,41.32,41.32,41.32,41.32,60,ENB
2024-10-02T08:00:00.000000000Z,34,2,16192,45.69,45.69,45.69,45.69,1,TRP
2024-10-02T09:00:00.000000000Z,34,2,16192,45.18,45.18,45.18,45.18,2,TRP
2024-10-02T10:00:00.000000000Z,34,2,16192,44.95,45.21,44.95,45.2,128,TRP
2024-10-02T11:00:00.000000000Z,34,2,16192,45.2,45.2,44.73,45.0,1685,TRP
2024-10-02T11:00:00.000000000Z,34,2,5158,41.23,41.41,41.23,41.41,57,ENB
2024-10-02T12:00:00.000000000Z,34,2,5158,41.31,41.31,41.3,41.3,57,ENB
2024-10-02T12:00:00.000000000Z,34,2,16192,44.98,44.98,44.6,44.69,1420,TRP
2024-10-02T13:00:00.000000000Z,34,2,5158,41.3,41.35,41.15,41.29,13589,ENB
2024-10-02T13:00:00.000000000Z,34,2,16192,44.65,44.94,43.79,43.8,89288,TRP
2024-10-02T14:00:00.000000000Z,34,2,5158,41.28,41.32,40.97,40.97,19292,ENB
2024-10-02T14:00:00.000000000Z,34,2,16192,43.78,43.91,43.54,43.55,89562,TRP
2024-10-02T15:00:00.000000000Z,34,2,5158,40.96,41.025,40.85,41.02,20492,ENB
2024-10-02T15:00:00.000000000Z,34,2,16192,43.55,43.87,43.47,43.86,72685,TRP
2024-10-02T16:00:00.000000000Z,34,2,16192,43.845,43.97,43.605,43.67,51651,TRP
2024-10-02T16:00:00.000000000Z,34,2,5158,41.015,41.055,40.89,40.91,17631,ENB
2024-10-02T17:00:00.000000000Z,34,2,16192,43.66,43.665,43.5,43.55,44592,TRP
2024-10-02T17:00:00.000000000Z,34,2,5158,40.89,40.915,40.81,40.84,14930,ENB
2024-10-02T18:00:00.000000000Z,34,2,5158,40.84,40.885,40.79,40.85,18052,ENB
2024-10-02T18:00:00.000000000Z,34,2,16192,43.54,43.74,43.425,43.69,43726,TRP
2024-10-02T19:00:00.000000000Z,34,2,16192,43.7,44.06,43.7,44.035,190937,TRP
2024-10-02T19:00:00.000000000Z,34,2,5158,40.855,41.07,40.85,41.05,80448,ENB
2024-10-02T20:00:00.000000000Z,34,2,16192,44.08,44.1,44.08,44.1,1694,TRP
2024-10-02T22:00:00.000000000Z,34,2,16192,44.24,44.24,44.24,44.24,5,TRP
2024-10-02T23:00:00.000000000Z,34,2,16192,44.14,44.14,44.14,44.14,9,TRP
2024-10-03T10:00:00.000000000Z,34,2,16192,44.11,44.11,44.11,44.11,2,TRP
2024-10-03T11:00:00.000000000Z,34,2,16192,44.1,44.1,44.1,44.1,60,TRP
2024-10-03T12:00:00.000000000Z,34,2,16192,44.22,44.22,44.22,44.22,21,TRP
2024-10-03T13:00:00.000000000Z,34,2,5158,41.15,41.15,40.5,40.57,23916,ENB
2024-10-03T13:00:00.000000000Z,34,2,16192,44.0,44.0,43.4,43.54,15477,TRP
2024-10-03T14:00:00.000000000Z,34,2,16192,43.51,44.065,43.49,44.01,54659,TRP
2024-10-03T14:00:00.000000000Z,34,2,5158,40.55,40.725,40.515,40.6,39585,ENB
2024-10-03T15:00:00.000000000Z,34,2,5158,40.59,40.67,40.57,40.65,25821,ENB
2024-10-03T15:00:00.000000000Z,34,2,16192,44.0,44.2,43.975,44.2,17464,TRP
2024-10-03T16:00:00.000000000Z,34,2,5158,40.655,40.695,40.515,40.56,31605,ENB
2024-10-03T16:00:00.000000000Z,34,2,16192,44.2,44.365,44.19,44.35,17832,TRP
2024-10-03T17:00:00.000000000Z,34,2,16192,44.34,44.35,44.1,44.31,18355,TRP
2024-10-03T17:00:00.000000000Z,34,2,5158,40.55,40.66,40.5,40.66,33178,ENB
2024-10-03T18:00:00.000000000Z,34,2,5158,40.665,40.79,40.65,40.76,21407,ENB
2024-10-03T18:00:00.000000000Z,34,2,16192,44.3,44.38,44.25,44.345,17775,TRP
2024-10-03T19:00:00.000000000Z,34,2,5158,40.76,40.825,40.725,40.75,66627,ENB
2024-10-03T19:00:00.000000000Z,34,2,16192,44.315,44.46,44.265,44.34,82083,TRP
2024-10-03T20:00:00.000000000Z,34,2,5158,40.74,40.74,40.74,40.74,12,ENB
2024-10-03T21:00:00.000000000Z,34,2,5158,40.74,40.74,40.74,40.74,13,ENB
2024-10-03T23:00:00.000000000Z,34,2,5158,40.74,40.75,40.74,40.75,14,ENB
2024-10-04T08:00:00.000000000Z,34,2,16192,44.69,44.75,44.69,44.75,38,TRP
2024-10-04T09:00:00.000000000Z,34,2,16192,44.79,44.79,44.79,44.79,22,TRP
2024-10-04T12:00:00.000000000Z,34,2,5158,40.9,40.92,40.87,40.87,120,ENB
2024-10-04T13:00:00.000000000Z,34,2,5158,40.78,40.875,40.63,40.85,9273,ENB
2024-10-04T13:00:00.000000000Z,34,2,16192,44.5,44.5,44.13,44.34,10185,TRP
2024-10-04T14:00:00.000000000Z,34,2,5158,40.85,41.035,40.8,40.9,17704,ENB
2024-10-04T14:00:00.000000000Z,34,2,16192,44.375,44.59,44.32,44.54,16869,TRP
2024-10-04T15:00:00.000000000Z,34,2,5158,40.94,41.03,40.84,40.995,30078,ENB
2024-10-04T15:00:00.000000000Z,34,2,16192,44.55,44.845,44.46,44.81,12577,TRP
2024-10-04T16:00:00.000000000Z,34,2,5158,40.99,40.995,40.895,40.965,17034,ENB
2024-10-04T16:00:00.000000000Z,34,2,16192,44.81,44.88,44.68,44.78,12118,TRP
2024-10-04T17:00:00.000000000Z,34,2,16192,44.79,45.04,44.745,44.97,17380,TRP
2024-10-04T17:00:00.000000000Z,34,2,5158,40.96,41.07,40.945,40.945,26795,ENB
2024-10-04T18:00:00.000000000Z,34,2,5158,40.95,41.0,40.945,40.99,26340,ENB
2024-10-04T18:00:00.000000000Z,34,2,16192,44.97,45.125,44.95,45.065,37949,TRP
2024-10-04T19:00:00.000000000Z,34,2,16192,45.055,45.17,45.02,45.105,76697,TRP
2024-10-04T19:00:00.000000000Z,34,2,5158,40.985,41.1,40.975,41.07,77602,ENB
2024-10-04T20:00:00.000000000Z,34,2,5158,41.07,41.07,41.07,41.07,4,ENB
2024-10-04T23:00:00.000000000Z,34,2,5158,41.07,41.07,41.07,41.07,1,ENB
2024-10-07T11:00:00.000000000Z,34,2,5158,41.08,41.08,41.08,41.08,1,ENB
2024-10-07T12:00:00.000000000Z,34,2,5158,41.1,41.1,41.1,41.1,8,ENB
2024-10-07T13:00:00.000000000Z,34,2,16192,45.055,45.31,44.96,45.23,9291,TRP
2024-10-07T13:00:00.000000000Z,34,2,5158,41.11,41.11,40.87,41.04,9968,ENB
2024-10-07T14:00:00.000000000Z,34,2,5158,40.99,41.05,40.88,40.885,16656,ENB
2024-10-07T14:00:00.000000000Z,34,2,16192,45.22,45.36,45.145,45.19,18473,TRP
2024-10-07T15:00:00.000000000Z,34,2,16192,45.185,45.285,45.17,45.25,14135,TRP
2024-10-07T15:00:00.000000000Z,34,2,5158,40.88,40.99,40.88,40.945,24517,ENB
2024-10-07T16:00:00.000000000Z,34,2,5158,40.945,40.97,40.87,40.94,22000,ENB
2024-10-07T16:00:00.000000000Z,34,2,16192,45.25,45.3,45.12,45.15,22235,TRP
2024-10-07T17:00:00.000000000Z,34,2,5158,40.94,40.975,40.84,40.84,26730,ENB
2024-10-07T17:00:00.000000000Z,34,2,16192,45.15,45.15,44.92,44.93,18375,TRP
2024-10-07T18:00:00.000000000Z,34,2,16192,44.945,44.945,44.64,44.64,32103,TRP
2024-10-07T18:00:00.000000000Z,34,2,5158,40.835,40.835,40.64,40.64,31385,ENB
2024-10-07T19:00:00.000000000Z,34,2,5158,40.64,40.85,40.615,40.84,131039,ENB
2024-10-07T19:00:00.000000000Z,34,2,16192,44.63,44.95,44.6,44.87,82849,TRP
2024-10-07T23:00:00.000000000Z,34,2,16192,45.14,45.14,45.14,45.14,3,TRP
2024-10-07T23:00:00.000000000Z,34,2,5158,40.8,40.8,40.8,40.8,20,ENB
2024-10-08T10:00:00.000000000Z,34,2,16192,44.74,44.74,44.74,44.74,1,TRP
2024-10-08T10:00:00.000000000Z,34,2,5158,40.78,40.78,40.78,40.78,9,ENB
2024-10-08T11:00:00.000000000Z,34,2,16192,44.74,44.74,44.74,44.74,196,TRP
2024-10-08T12:00:00.000000000Z,34,2,5158,40.7,40.7,40.7,40.7,63,ENB
2024-10-08T13:00:00.000000000Z,34,2,16192,44.86,44.91,44.44,44.45,8958,TRP
2024-10-08T13:00:00.000000000Z,34,2,5158,40.64,40.71,40.49,40.49,14403,ENB
2024-10-08T14:00:00.000000000Z,34,2,5158,40.47,40.56,40.375,40.515,52140,ENB
2024-10-08T14:00:00.000000000Z,34,2,16192,44.43,44.68,44.35,44.64,26838,TRP
2024-10-08T15:00:00.000000000Z,34,2,5158,40.515,40.53,40.435,40.475,25318,ENB
2024-10-08T15:00:00.000000000Z,34,2,16192,44.65,44.66,44.45,44.53,24751,TRP
2024-10-08T16:00:00.000000000Z,34,2,5158,40.48,40.575,40.48,40.5,20487,ENB
2024-10-08T16:00:00.000000000Z,34,2,16192,44.515,44.7,44.51,44.63,21339,TRP
2024-10-08T17:00:00.000000000Z,34,2,5158,40.5,40.55,40.475,40.54,22663,ENB
2024-10-08T17:00:00.000000000Z,34,2,16192,44.63,44.63,44.47,44.48,11624,TRP
2024-10-08T18:00:00.000000000Z,34,2,5158,40.53,40.55,40.405,40.405,32198,ENB
2024-10-08T18:00:00.000000000Z,34,2,16192,44.475,44.49,44.37,44.41,11927,TRP
2024-10-08T19:00:00.000000000Z,34,2,5158,40.4,40.675,40.385,40.63,115567,ENB
2024-10-08T19:00:00.000000000Z,34,2,16192,44.4,44.71,44.375,44.685,44747,TRP
2024-10-08T20:00:00.000000000Z,34,2,5158,40.55,40.55,40.55,40.55,200,ENB
2024-10-08T21:00:00.000000000Z,34,2,5158,40.61,40.61,40.61,40.61,11,ENB
2024-10-09T09:00:00.000000000Z,34,2,5158,40.6,40.6,40.6,40.6,3,ENB
2024-10-09T10:00:00.000000000Z,34,2,5158,40.6,40.6,40.6,40.6,2,ENB
2024-10-09T10:00:00.000000000Z,34,2,16192,44.69,44.69,44.69,44.69,2,TRP
2024-10-09T13:00:00.000000000Z,34,2,16192,44.35,44.61,44.17,44.56,5476,TRP
2024-10-09T13:00:00.000000000Z,34,2,5158,40.55,40.715,40.38,40.67,9869,ENB
2024-10-09T14:00:00.000000000Z,34,2,5158,40.66,40.675,40.53,40.61,27233,ENB
2024-10-09T14:00:00.000000000Z,34,2,16192,44.55,44.81,44.54,44.79,18862,TRP
2024-10-09T15:00:00.000000000Z,34,2,16192,44.8,44.9,44.74,44.83,14912,TRP
2024-10-09T15:00:00.000000000Z,34,2,5158,40.62,40.765,40.61,40.76,12780,ENB
2024-10-09T16:00:00.000000000Z,34,2,5158,40.755,40.835,40.75,40.82,12568,ENB
2024-10-09T16:00:00.000000000Z,34,2,16192,44.82,45.085,44.8,45.045,21904,TRP
2024-10-09T17:00:00.000000000Z,34,2,5158,40.825,40.835,40.76,40.76,13574,ENB
2024-10-09T17:00:00.000000000Z,34,2,16192,45.05,45.1,44.99,45.05,10649,TRP
2024-10-09T18:00:00.000000000Z,34,2,5158,40.77,40.825,40.745,40.765,21137,ENB
2024-10-09T18:00:00.000000000Z,34,2,16192,45.06,45.145,44.99,45.02,11092,TRP
2024-10-09T19:00:00.000000000Z,34,2,16192,45.02,45.28,45.005,45.2,65351,TRP
2024-10-09T19:00:00.000000000Z,34,2,5158,40.76,40.95,40.76,40.91,79300,ENB
2024-10-09T22:00:00.000000000Z,34,2,5158,40.9,40.9,40.9,40.9,1,ENB
2024-10-10T08:00:00.000000000Z,34,2,5158,40.91,40.91,40.91,40.91,12,ENB
2024-10-10T09:00:00.000000000Z,34,2,16192,45.2,45.2,45.2,45.2,4,TRP
2024-10-10T10:00:00.000000000Z,34,2,5158,40.91,40.91,40.91,40.91,1,ENB
2024-10-10T12:00:00.000000000Z,34,2,5158,40.89,40.89,40.8,40.8,94,ENB
2024-10-10T13:00:00.000000000Z,34,2,5158,40.8,40.96,40.79,40.89,9265,ENB
2024-10-10T13:00:00.000000000Z,34,2,16192,45.1,45.13,44.91,45.035,2779,TRP
2024-10-10T14:00:00.000000000Z,34,2,16192,45.04,45.165,45.03,45.14,4900,TRP
2024-10-10T14:00:00.000000000Z,34,2,5158,40.88,41.045,40.88,41.045,16933,ENB
2024-10-10T15:00:00.000000000Z,34,2,5158,41.05,41.06,40.885,40.91,11907,ENB
2024-10-10T15:00:00.000000000Z,34,2,16192,45.165,45.17,45.015,45.14,7714,TRP
2024-10-10T16:00:00.000000000Z,34,2,16192,45.145,45.24,45.07,45.07,5869,TRP
2024-10-10T16:00:00.000000000Z,34,2,5158,40.91,41.025,40.845,40.845,13156,ENB
2024-10-10T17:00:00.000000000Z,34,2,16192,45.05,45.13,45.01,45.09,7023,TRP
2024-10-10T17:00:00.000000000Z,34,2,5158,40.84,40.865,40.77,40.82,13376,ENB
2024-10-10T18:00:00.000000000Z,34,2,16192,45.09,45.09,44.935,44.955,16303,TRP
2024-10-10T18:00:00.000000000Z,34,2,5158,40.83,40.855,40.67,40.68,23558,ENB
2024-10-10T19:00:00.000000000Z,34,2,5158,40.675,40.92,40.675,40.885,58797,ENB
2024-10-10T19:00:00.000000000Z,34,2,16192,44.965,45.1,44.935,45.07,48794,TRP
2024-10-11T08:00:00.000000000Z,34,2,5158,40.88,40.88,40.88,40.88,1,ENB
2024-10-11T11:00:00.000000000Z,34,2,16192,45.05,45.05,45.05,45.05,5,TRP
2024-10-11T13:00:00.000000000Z,34,2,16192,45.1,45.6,45.1,45.46,45887,TRP
2024-10-11T13:00:00.000000000Z,34,2,5158,40.88,41.075,40.88,41.03,10300,ENB
2024-10-11T14:00:00.000000000Z,34,2,16192,45.47,45.66,45.46,45.56,76645,TRP
2024-10-11T14:00:00.000000000Z,34,2,5158,41.03,41.15,40.95,40.96,27531,ENB
2024-10-11T15:00:00.000000000Z,34,2,16192,45.55,45.57,45.39,45.46,53504,TRP
2024-10-11T15:00:00.000000000Z,34,2,5158,40.96,40.99,40.91,40.95,17325,ENB
2024-10-11T16:00:00.000000000Z,34,2,16192,45.46,45.605,45.46,45.6,69678,TRP
2024-10-11T16:00:00.000000000Z,34,2,5158,40.94,41.025,40.93,40.965,17799,ENB
2024-10-11T17:00:00.000000000Z,34,2,16192,45.605,45.93,45.6,45.925,69113,TRP
2024-10-11T17:00:00.000000000Z,34,2,5158,40.965,41.095,40.96,41.09,23998,ENB
2024-10-11T18:00:00.000000000Z,34,2,16192,45.925,45.925,45.675,45.725,68813,TRP
2024-10-11T18:00:00.000000000Z,34,2,5158,41.08,41.085,40.98,41.015,24283,ENB
2024-10-11T19:00:00.000000000Z,34,2,16192,45.725,45.81,45.635,45.665,170585,TRP
2024-10-11T19:00:00.000000000Z,34,2,5158,41.015,41.11,40.955,41.09,113399,ENB
2024-10-11T22:00:00.000000000Z,34,2,5158,41.08,41.08,41.07,41.07,20,ENB
2024-10-14T09:00:00.000000000Z,34,2,16192,45.82,46.0,45.81,46.0,1216,TRP
2024-10-14T10:00:00.000000000Z,34,2,16192,45.75,45.75,45.7,45.7,726,TRP
2024-10-14T11:00:00.000000000Z,34,2,16192,45.62,45.62,45.62,45.62,100,TRP
2024-10-14T11:00:00.000000000Z,34,2,5158,41.01,41.01,41.0,41.0,15,ENB
2024-10-14T12:00:00.000000000Z,34,2,5158,41.07,41.07,41.06,41.06,308,ENB
2024-10-14T13:00:00.000000000Z,34,2,16192,45.84,46.67,45.83,46.62,12626,TRP
2024-10-14T13:00:00.000000000Z,34,2,5158,41.05,41.19,41.01,41.13,6603,ENB
2024-10-14T14:00:00.000000000Z,34,2,16192,46.62,46.935,46.46,46.825,34857,TRP
2024-10-14T14:00:00.000000000Z,34,2,5158,41.14,41.23,41.1,41.23,14242,ENB
2024-10-14T15:00:00.000000000Z,34,2,16192,46.82,46.895,46.67,46.705,26657,TRP
2024-10-14T15:00:00.000000000Z,34,2,5158,41.22,41.24,41.115,41.115,17149,ENB
2024-10-14T16:00:00.000000000Z,34,2,16192,46.705,46.735,46.6,46.71,55999,TRP
2024-10-14T16:00:00.000000000Z,34,2,5158,41.12,41.175,41.11,41.17,31749,ENB
2024-10-14T17:00:00.000000000Z,34,2,5158,41.17,41.175,41.05,41.075,14899,ENB
2024-10-14T17:00:00.000000000Z,34,2,16192,46.7,46.71,46.475,46.485,36900,TRP
2024-10-14T18:00:00.000000000Z,34,2,5158,41.075,41.115,41.05,41.075,31743,ENB
2024-10-14T18:00:00.000000000Z,34,2,16192,46.485,46.515,46.36,46.38,35961,TRP
2024-10-14T19:00:00.000000000Z,34,2,16192,46.375,46.865,46.28,46.785,287628,TRP
2024-10-14T19:00:00.000000000Z,34,2,5158,41.08,41.145,41.035,41.145,109719,ENB
2024-10-14T20:00:00.000000000Z,34,2,16192,46.78,46.78,46.78,46.78,20,TRP
2024-10-14T22:00:00.000000000Z,34,2,5158,41.13,41.14,41.13,41.14,97,ENB
2024-10-15T08:00:00.000000000Z,34,2,5158,40.99,41.0,40.99,41.0,178,ENB
2024-10-15T09:00:00.000000000Z,34,2,5158,41.0,41.0,41.0,41.0,34,ENB
2024-10-15T10:00:00.000000000Z,34,2,5158,40.95,40.95,40.94,40.94,177,ENB
2024-10-15T11:00:00.000000000Z,34,2,16192,46.63,46.63,46.63,46.63,147,TRP
2024-10-15T11:00:00.000000000Z,34,2,5158,41.07,41.07,40.95,40.95,3901,ENB
2024-10-15T12:00:00.000000000Z,34,2,5158,40.96,40.96,40.9,40.9,1823,ENB
2024-10-15T12:00:00.000000000Z,34,2,16192,46.55,46.55,46.54,46.54,16,TRP
2024-10-15T13:00:00.000000000Z,34,2,16192,46.56,46.62,46.11,46.11,34948,TRP
2024-10-15T13:00:00.000000000Z,34,2,5158,40.92,40.94,40.725,40.75,30072,ENB
2024-10-15T14:00:00.000000000Z,34,2,5158,40.76,41.195,40.76,41.17,31661,ENB
2024-10-15T14:00:00.000000000Z,34,2,16192,46.12,46.595,46.12,46.525,99988,TRP
2024-10-15T15:00:00.000000000Z,34,2,16192,46.52,46.61,46.375,46.455,40272,TRP
2024-10-15T15:00:00.000000000Z,34,2,5158,41.17,41.22,41.09,41.19,14403,ENB
2024-10-15T16:00:00.000000000Z,34,2,16192,46.45,46.585,46.32,46.585,38046,TRP
2024-10-15T16:00:00.000000000Z,34,2,5158,41.19,41.27,41.17,41.245,10137,ENB
2024-10-15T17:00:00.000000000Z,34,2,5158,41.255,41.26,41.12,41.12,13760,ENB
2024-10-15T17:00:00.000000000Z,34,2,16192,46.58,46.685,46.52,46.565,55776,TRP
2024-10-15T18:00:00.000000000Z,34,2,16192,46.59,46.885,46.59,46.79,52138,TRP
2024-10-15T18:00:00.000000000Z,34,2,5158,41.125,41.245,41.12,41.21,23526,ENB
2024-10-15T19:00:00.000000000Z,34,2,16192,46.79,46.835,46.665,46.82,172985,TRP
2024-10-15T19:00:00.000000000Z,34,2,5158,41.21,41.305,41.2,41.295,108620,ENB
2024-10-16T12:00:00.000000000Z,34,2,5158,41.33,41.33,41.33,41.33,100,ENB
2024-10-16T13:00:00.000000000Z,34,2,16192,47.08,47.23,46.86,47.05,18842,TRP
2024-10-16T13:00:00.000000000Z,34,2,5158,41.325,41.555,41.26,41.495,13811,ENB
2024-10-16T14:00:00.000000000Z,34,2,5158,41.5,41.56,41.41,41.56,24966,ENB
2024-10-16T14:00:00.000000000Z,34,2,16192,47.07,47.405,47.0,47.405,28017,TRP
2024-10-16T15:00:00.000000000Z,34,2,5158,41.57,41.615,41.5,41.615,19308,ENB
2024-10-16T15:00:00.000000000Z,34,2,16192,47.41,47.51,47.32,47.5,26978,TRP
2024-10-16T16:00:00.000000000Z,34,2,16192,47.505,47.55,47.46,47.525,14212,TRP
2024-10-16T16:00:00.000000000Z,34,2,5158,41.615,41.76,41.595,41.715,28851,ENB
2024-10-16T17:00:00.000000000Z,34,2,16192,47.53,47.615,47.5,47.59,31329,TRP
2024-10-16T17:00:00.000000000Z,34,2,5158,41.72,41.77,41.67,41.765,31478,ENB
2024-10-16T18:00:00.000000000Z,34,2,16192,47.595,47.685,47.585,47.63,32049,TRP
2024-10-16T18:00:00.000000000Z,34,2,5158,41.765,41.805,41.76,41.8,24101,ENB
2024-10-16T19:00:00.000000000Z,34,2,16192,47.635,47.655,47.21,47.34,113486,TRP
2024-10-16T19:00:00.000000000Z,34,2,5158,41.8,41.85,41.775,41.82,93903,ENB
2024-10-16T20:00:00.000000000Z,34,2,5158,41.79,41.79,41.79,41.79,1,ENB
2024-10-17T09:00:00.000000000Z,34,2,16192,47.26,47.34,47.26,47.34,40,TRP
2024-10-17T12:00:00.000000000Z,34,2,5158,41.67,41.67,41.6,41.6,486,ENB
2024-10-17T13:00:00.000000000Z,34,2,16192,47.35,47.8,47.31,47.78,13155,TRP
2024-10-17T13:00:00.000000000Z,34,2,5158,41.61,41.985,41.6,41.985,33749,ENB
2024-10-17T14:00:00.000000000Z,34,2,5158,41.99,42.02,41.83,41.83,39009,ENB
2024-10-17T14:00:00.000000000Z,34,2,16192,47.81,48.02,47.695,47.95,29570,TRP
2024-10-17T15:00:00.000000000Z,34,2,16192,47.96,47.98,47.735,47.745,22104,TRP
2024-10-17T15:00:00.000000000Z,34,2,5158,41.84,41.93,41.76,41.845,104397,ENB
2024-10-17T16:00:00.000000000Z,34,2,5158,41.845,41.87,41.765,41.84,44430,ENB
2024-10-17T16:00:00.000000000Z,34,2,16192,47.745,47.76,47.57,47.635,17529,TRP
2024-10-17T17:00:00.000000000Z,34,2,5158,41.845,41.86,41.64,41.7,32764,ENB
2024-10-17T17:00:00.000000000Z,34,2,16192,47.63,47.66,47.385,47.45,25528,TRP
2024-10-17T18:00:00.000000000Z,34,2,5158,41.71,41.775,41.685,41.76,30129,ENB
2024-10-17T18:00:00.000000000Z,34,2,16192,47.44,47.53,47.43,47.47,16697,TRP
2024-10-17T19:00:00.000000000Z,34,2,16192,47.47,47.58,47.425,47.545,66510,TRP
2024-10-17T19:00:00.000000000Z,34,2,5158,41.76,41.855,41.75,41.84,125143,ENB
2024-10-18T10:00:00.000000000Z,34,2,5158,41.9,41.9,41.9,41.9,15,ENB
2024-10-18T12:00:00.000000000Z,34,2,5158,41.84,41.84,41.83,41.83,47,ENB
2024-10-18T12:00:00.000000000Z,34,2,16192,47.92,47.92,47.92,47.92,22,TRP
2024-10-18T13:00:00.000000000Z,34,2,16192,47.35,47.53,47.3,47.34,6557,TRP
2024-10-18T13:00:00.000000000Z,34,2,5158,41.8,41.82,41.67,41.7,13389,ENB
2024-10-18T14:00:00.000000000Z,34,2,16192,47.335,47.64,47.33,47.61,17848,TRP
2024-10-18T14:00:00.000000000Z,34,2,5158,41.71,41.74,41.62,41.735,26355,ENB
2024-10-18T15:00:00.000000000Z,34,2,5158,41.73,41.845,41.725,41.835,23224,ENB
2024-10-18T15:00:00.000000000Z,34,2,16192,47.61,47.79,47.59,47.725,34512,TRP
2024-10-18T16:00:00.000000000Z,34,2,5158,41.84,41.92,41.835,41.895,21128,ENB
2024-10-18T16:00:00.000000000Z,34,2,16192,47.73,47.935,47.73,47.925,14141,TRP
2024-10-18T17:00:00.000000000Z,34,2,16192,47.93,48.15,47.91,48.13,22704,TRP
2024-10-18T17:00:00.000000000Z,34,2,5158,41.895,41.91,41.86,41.875,42684,ENB
2024-10-18T18:00:00.000000000Z,34,2,5158,41.87,41.895,41.84,41.885,39587,ENB
2024-10-18T18:00:00.000000000Z,34,2,16192,48.14,48.19,48.05,48.06,25589,TRP
2024-10-18T19:00:00.000000000Z,34,2,5158,41.89,41.99,41.875,41.99,47304,ENB
2024-10-18T19:00:00.000000000Z,34,2,16192,48.065,48.115,47.995,48.105,50028,TRP
2024-10-21T09:00:00.000000000Z,34,2,5158,42.12,42.14,42.12,42.14,123,ENB
2024-10-21T11:00:00.000000000Z,34,2,5158,42.04,42.1,42.03,42.1,1247,ENB
2024-10-21T12:00:00.000000000Z,34,2,5158,42.07,42.1,42.05,42.05,403,ENB
2024-10-21T13:00:00.000000000Z,34,2,5158,41.97,42.16,41.97,42.075,7319,ENB
2024-10-21T13:00:00.000000000Z,34,2,16192,48.09,48.21,47.86,47.86,5127,TRP
2024-10-21T14:00:00.000000000Z,34,2,5158,42.065,42.07,41.755,41.755,41775,ENB
2024-10-21T14:00:00.000000000Z,34,2,16192,47.85,47.9,47.545,47.6,12003,TRP
2024-10-21T15:00:00.000000000Z,34,2,16192,47.6,47.6,47.2,47.335,16553,TRP
2024-10-21T15:00:00.000000000Z,34,2,5158,41.76,41.77,41.425,41.515,47157,ENB
2024-10-21T16:00:00.000000000Z,34,2,16192,47.35,47.385,47.24,47.355,8084,TRP
2024-10-21T16:00:00.000000000Z,34,2,5158,41.515,41.52,41.445,41.515,28045,ENB
2024-10-21T17:00:00.000000000Z,34,2,5158,41.51,41.545,41.455,41.49,27742,ENB
2024-10-21T17:00:00.000000000Z,34,2,16192,47.36,47.44,47.3,47.3,7415,TRP
2024-10-21T18:00:00.000000000Z,34,2,5158,41.48,41.565,41.465,41.54,27211,ENB
2024-10-21T18:00:00.000000000Z,34,2,16192,47.3,47.37,47.25,47.31,19976,TRP
2024-10-21T19:00:00.000000000Z,34,2,16192,47.3,47.44,47.21,47.36,47520,TRP
2024-10-21T19:00:00.000000000Z,34,2,5158,41.535,41.59,41.49,41.535,87637,ENB
2024-10-21T20:00:00.000000000Z,34,2,5158,41.66,41.66,41.66,41.66,15,ENB
2024-10-22T09:00:00.000000000Z,34,2,5158,41.53,41.53,41.53,41.53,5,ENB
2024-10-22T10:00:00.000000000Z,34,2,5158,41.3,41.37,41.3,41.37,162,ENB
2024-10-22T12:00:00.000000000Z,34,2,5158,41.35,41.37,41.3,41.31,541,ENB
2024-10-22T13:00:00.000000000Z,34,2,16192,47.35,47.36,47.1,47.14,4241,TRP
2024-10-22T13:00:00.000000000Z,34,2,5158,41.31,41.475,41.285,41.425,10640,ENB
2024-10-22T14:00:00.000000000Z,34,2,5158,41.42,41.445,41.315,41.44,30779,ENB
2024-10-22T14:00:00.000000000Z,34,2,16192,47.14,47.18,46.84,47.065,10494,TRP
2024-10-22T15:00:00.000000000Z,34,2,16192,47.05,47.32,47.04,47.29,9038,TRP
2024-10-22T15:00:00.000000000Z,34,2,5158,41.43,41.535,41.425,41.485,30175,ENB
2024-10-22T16:00:00.000000000Z,34,2,5158,41.485,41.505,41.425,41.435,20396,ENB
2024-10-22T16:00:00.000000000Z,34,2,16192,47.28,47.345,47.25,47.265,9848,TRP
2024-10-22T17:00:00.000000000Z,34,2,5158,41.43,41.485,41.415,41.465,28379,ENB
2024-10-22T17:00:00.000000000Z,34,2,16192,47.27,47.42,47.235,47.36,9991,TRP
2024-10-22T18:00:00.000000000Z,34,2,5158,41.465,41.51,41.445,41.465,25932,ENB
2024-10-22T18:00:00.000000000Z,34,2,16192,47.35,47.43,47.35,47.4,16041,TRP
2024-10-22T19:00:00.000000000Z,34,2,16192,47.39,47.62,47.385,47.405,38426,TRP
2024-10-22T19:00:00.000000000Z,34,2,5158,41.465,41.5,41.43,41.455,77235,ENB
2024-10-23T11:00:00.000000000Z,34,2,5158,41.46,41.46,41.46,41.46,132,ENB
2024-10-23T12:00:00.000000000Z,34,2,5158,41.45,41.45,41.45,41.45,2,ENB
2024-10-23T13:00:00.000000000Z,34,2,16192,47.35,47.37,47.12,47.28,8747,TRP
2024-10-23T13:00:00.000000000Z,34,2,5158,41.3,41.38,41.19,41.29,13703,ENB
2024-10-23T14:00:00.000000000Z,34,2,5158,41.295,41.35,41.155,41.21,23130,ENB
2024-10-23T14:00:00.000000000Z,34,2,16192,47.28,47.34,47.04,47.06,7878,TRP
2024-10-23T15:00:00.000000000Z,34,2,16192,47.06,47.06,46.86,46.86,4565,TRP
2024-10-23T15:00:00.000000000Z,34,2,5158,41.21,41.22,41.115,41.195,28178,ENB
2024-10-23T16:00:00.000000000Z,34,2,16192,46.885,46.9,46.705,46.78,11748,TRP
2024-10-23T16:00:00.000000000Z,34,2,5158,41.195,41.245,41.14,41.24,42664,ENB
2024-10-23T17:00:00.000000000Z,34,2,5158,41.24,41.24,41.155,41.165,54240,ENB
2024-10-23T17:00:00.000000000Z,34,2,16192,46.77,46.77,46.655,46.76,10840,TRP
2024-10-23T18:00:00.000000000Z,34,2,16192,46.76,46.935,46.61,46.91,10908,TRP
2024-10-23T18:00:00.000000000Z,34,2,5158,41.16,41.2,41.035,41.145,33222,ENB
2024-10-23T19:00:00.000000000Z,34,2,16192,46.91,46.965,46.81,46.945,57070,TRP
2024-10-23T19:00:00.000000000Z,34,2,5158,41.14,41.225,41.045,41.22,70040,ENB
2024-10-24T08:00:00.000000000Z,34,2,16192,46.96,46.96,46.95,46.96,78,TRP
2024-10-24T09:00:00.000000000Z,34,2,16192,46.96,46.96,46.96,46.96,42,TRP
2024-10-24T10:00:00.000000000Z,34,2,16192,46.96,46.96,46.96,46.96,58,TRP
2024-10-24T13:00:00.000000000Z,34,2,16192,46.975,47.41,46.975,47.32,4279,TRP
2024-10-24T13:00:00.000000000Z,34,2,5158,41.16,41.48,41.06,41.37,29607,ENB
2024-10-24T14:00:00.000000000Z,34,2,5158,41.36,41.4,41.16,41.21,34928,ENB
2024-10-24T14:00:00.000000000Z,34,2,16192,47.3,47.31,47.0,47.075,10844,TRP
2024-10-24T15:00:00.000000000Z,34,2,5158,41.21,41.23,41.065,41.065,31459,ENB
2024-10-24T15:00:00.000000000Z,34,2,16192,47.075,47.08,46.87,46.91,7255,TRP
2024-10-24T16:00:00.000000000Z,34,2,5158,41.065,41.08,40.955,41.04,45154,ENB
2024-10-24T16:00:00.000000000Z,34,2,16192,46.88,46.89,46.67,46.72,13663,TRP
2024-10-24T17:00:00.000000000Z,34,2,16192,46.71,46.77,46.685,46.685,16546,TRP
2024-10-24T17:00:00.000000000Z,34,2,5158,41.035,41.06,40.895,40.93,45759,ENB
2024-10-24T18:00:00.000000000Z,34,2,5158,40.935,41.005,40.93,41.005,25761,ENB
2024-10-24T18:00:00.000000000Z,34,2,16192,46.68,46.76,46.67,46.745,16901,TRP
2024-10-24T19:00:00.000000000Z,34,2,5158,41.0,41.175,40.99,41.15,80190,ENB
2024-10-24T19:00:00.000000000Z,34,2,16192,46.745,47.025,46.73,46.99,81926,TRP
2024-10-24T20:00:00.000000000Z,34,2,5158,41.21,41.21,41.2,41.2,6,ENB
2024-10-24T22:00:00.000000000Z,34,2,16192,46.8,46.8,46.8,46.8,10,TRP
2024-10-25T10:00:00.000000000Z,34,2,16192,47.49,47.49,47.49,47.49,43,TRP
2024-10-25T11:00:00.000000000Z,34,2,16192,47.05,47.05,47.05,47.05,2,TRP
2024-10-25T12:00:00.000000000Z,34,2,5158,41.34,41.34,41.34,41.34,3,ENB
2024-10-25T12:00:00.000000000Z,34,2,16192,47.05,47.05,47.05,47.05,19,TRP
2024-10-25T13:00:00.000000000Z,34,2,16192,47.35,47.68,47.19,47.21,14607,TRP
2024-10-25T13:00:00.000000000Z,34,2,5158,41.18,41.27,40.805,40.84,29682,ENB
2024-10-25T14:00:00.000000000Z,34,2,5158,40.83,40.995,40.8,40.98,43969,ENB
2024-10-25T14:00:00.000000000Z,34,2,16192,47.21,47.29,46.94,47.085,28502,TRP
2024-10-25T15:00:00.000000000Z,34,2,16192,47.08,47.2,47.055,47.07,24587,TRP
2024-10-25T15:00:00.000000000Z,34,2,5158,40.97,41.0,40.875,40.9,38456,ENB
2024-10-25T16:00:00.000000000Z,34,2,5158,40.885,40.995,40.86,40.96,33134,ENB
2024-10-25T16:00:00.000000000Z,34,2,16192,47.06,47.335,47.06,47.255,18386,TRP
2024-10-25T17:00:00.000000000Z,34,2,16192,47.255,47.255,47.14,47.215,12919,TRP
2024-10-25T17:00:00.000000000Z,34,2,5158,40.965,40.99,40.895,40.965,42964,ENB
2024-10-25T18:00:00.000000000Z,34,2,16192,47.215,47.265,47.17,47.265,15114,TRP
2024-10-25T18:00:00.000000000Z,34,2,5158,40.96,41.035,40.925,41.035,57602,ENB
2024-10-25T19:00:00.000000000Z,34,2,5158,41.035,41.045,40.94,40.95,88446,ENB
2024-10-25T19:00:00.000000000Z,34,2,16192,47.265,47.355,47.2,47.26,73802,TRP
2024-10-25T20:00:00.000000000Z,34,2,5158,40.96,40.96,40.96,40.96,24,ENB
2024-10-25T21:00:00.000000000Z,34,2,5158,40.99,40.99,40.93,40.93,38,ENB
2024-10-25T22:00:00.000000000Z,34,2,5158,40.99,40.99,40.99,40.99,1,ENB
2024-10-28T08:00:00.000000000Z,34,2,5158,41.06,41.06,41.06,41.06,11,ENB
2024-10-28T09:00:00.000000000Z,34,2,5158,40.84,40.84,40.81,40.81,21,ENB
2024-10-28T10:00:00.000000000Z,34,2,5158,40.72,40.72,40.68,40.68,1085,ENB
2024-10-28T11:00:00.000000000Z,34,2,5158,40.72,40.72,40.72,40.72,3,ENB
2024-10-28T12:00:00.000000000Z,34,2,5158,40.67,40.67,40.67,40.67,1,ENB
2024-10-28T12:00:00.000000000Z,34,2,16192,46.96,46.96,46.96,46.96,93,TRP
2024-10-28T13:00:00.000000000Z,34,2,16192,46.85,47.145,46.775,46.91,5904,TRP
2024-10-28T13:00:00.000000000Z,34,2,5158,40.775,40.955,40.76,40.95,7805,ENB
2024-10-28T14:00:00.000000000Z,34,2,5158,40.96,40.965,40.785,40.885,45698,ENB
2024-10-28T14:00:00.000000000Z,34,2,16192,46.91,46.935,46.68,46.78,12434,TRP
2024-10-28T15:00:00.000000000Z,34,2,16192,46.76,46.93,46.67,46.89,8926,TRP
2024-10-28T15:00:00.000000000Z,34,2,5158,40.87,40.95,40.845,40.92,14130,ENB
2024-10-28T16:00:00.000000000Z,34,2,5158,40.905,41.005,40.89,41.005,18031,ENB
2024-10-28T16:00:00.000000000Z,34,2,16192,46.88,46.985,46.85,46.93,5218,TRP
2024-10-28T17:00:00.000000000Z,34,2,16192,46.94,47.07,46.94,47.04,7572,TRP
2024-10-28T17:00:00.000000000Z,34,2,5158,41.005,41.045,41.005,41.03,16511,ENB
2024-10-28T18:00:00.000000000Z,34,2,5158,41.03,41.035,40.91,40.925,14794,ENB
2024-10-28T18:00:00.000000000Z,34,2,16192,47.04,47.04,46.895,46.94,15505,TRP
2024-10-28T19:00:00.000000000Z,34,2,16192,46.935,46.965,46.685,46.785,79183,TRP
2024-10-28T19:00:00.000000000Z,34,2,5158,40.92,40.935,40.83,40.875,66494,ENB
2024-10-29T08:00:00.000000000Z,34,2,16192,46.78,46.78,46.78,46.78,30,TRP
2024-10-29T10:00:00.000000000Z,34,2,5158,41.0,41.0,40.93,40.94,213,ENB
2024-10-29T13:00:00.000000000Z,34,2,16192,46.8,46.8,46.3,46.41,4141,TRP
2024-10-29T13:00:00.000000000Z,34,2,5158,40.91,40.91,40.34,40.52,20662,ENB
2024-10-29T14:00:00.000000000Z,34,2,16192,46.46,46.51,46.28,46.335,9653,TRP
2024-10-29T14:00:00.000000000Z,34,2,5158,40.525,40.58,40.395,40.475,19597,ENB
2024-10-29T15:00:00.000000000Z,34,2,16192,46.34,46.35,45.94,46.015,8359,TRP
2024-10-29T15:00:00.000000000Z,34,2,5158,40.48,40.49,40.14,40.2,20321,ENB
2024-10-29T16:00:00.000000000Z,34,2,16192,46.02,46.14,45.97,46.14,7822,TRP
2024-10-29T16:00:00.000000000Z,34,2,5158,40.2,40.27,40.16,40.27,24257,ENB
2024-10-29T17:00:00.000000000Z,34,2,16192,46.14,46.165,45.98,46.15,8458,TRP
2024-10-29T17:00:00.000000000Z,34,2,5158,40.28,40.31,40.12,40.26,20074,ENB
2024-10-29T18:00:00.000000000Z,34,2,5158,40.265,40.415,40.235,40.41,26470,ENB
2024-10-29T18:00:00.000000000Z,34,2,16192,46.16,46.35,46.16,46.27,18793,TRP
2024-10-29T19:00:00.000000000Z,34,2,16192,46.26,46.425,46.14,46.295,77801,TRP
2024-10-29T19:00:00.000000000Z,34,2,5158,40.4,40.48,40.335,40.415,98797,ENB
2024-10-29T20:00:00.000000000Z,34,2,5158,40.41,40.41,40.41,40.41,32,ENB
2024-10-29T21:00:00.000000000Z,34,2,5158,40.41,40.41,40.41,40.41,3,ENB
2024-10-30T11:00:00.000000000Z,34,2,5158,40.4,40.43,40.4,40.43,75,ENB
2024-10-30T12:00:00.000000000Z,34,2,5158,40.44,40.45,40.35,40.35,240,ENB
2024-10-30T13:00:00.000000000Z,34,2,5158,40.45,40.47,40.25,40.46,6127,ENB
2024-10-30T13:00:00.000000000Z,34,2,16192,46.06,46.3,46.06,46.28,8989,TRP
2024-10-30T14:00:00.000000000Z,34,2,16192,46.27,46.34,46.07,46.17,15664,TRP
2024-10-30T14:00:00.000000000Z,34,2,5158,40.465,40.515,40.36,40.48,21876,ENB
2024-10-30T15:00:00.000000000Z,34,2,5158,40.48,40.59,40.41,40.585,22814,ENB
2024-10-30T15:00:00.000000000Z,34,2,16192,46.18,46.38,46.09,46.27,27700,TRP
2024-10-30T16:00:00.000000000Z,34,2,5158,40.585,40.595,40.395,40.405,25899,ENB
2024-10-30T16:00:00.000000000Z,34,2,16192,46.3,46.335,46.16,46.255,14753,TRP
2024-10-30T17:00:00.000000000Z,34,2,16192,46.25,46.53,46.25,46.46,17472,TRP
2024-10-30T17:00:00.000000000Z,34,2,5158,40.4,40.615,40.4,40.595,34725,ENB
2024-10-30T18:00:00.000000000Z,34,2,5158,40.6,40.635,40.58,40.62,29456,ENB
2024-10-30T18:00:00.000000000Z,34,2,16192,46.47,46.48,46.32,46.395,9621,TRP
2024-10-30T19:00:00.000000000Z,34,2,5158,40.62,40.62,40.545,40.6,65078,ENB
2024-10-30T19:00:00.000000000Z,34,2,16192,46.39,46.495,46.315,46.465,63883,TRP
2024-10-30T21:00:00.000000000Z,34,2,5158,40.62,40.62,40.62,40.62,149,ENB
2024-10-31T08:00:00.000000000Z,34,2,5158,40.59,40.59,40.59,40.59,26,ENB
2024-10-31T10:00:00.000000000Z,34,2,5158,40.56,40.56,40.55,40.55,16,ENB
2024-10-31T11:00:00.000000000Z,34,2,5158,40.55,40.55,40.55,40.55,140,ENB
2024-10-31T13:00:00.000000000Z,34,2,16192,46.11,46.63,46.01,46.61,7099,TRP
2024-10-31T13:00:00.000000000Z,34,2,5158,40.65,40.69,40.485,40.62,7203,ENB
2024-10-31T14:00:00.000000000Z,34,2,5158,40.62,40.66,40.385,40.42,23224,ENB
2024-10-31T14:00:00.000000000Z,34,2,16192,46.62,46.8,46.455,46.46,10794,TRP
2024-10-31T15:00:00.000000000Z,34,2,16192,46.47,46.59,46.35,46.415,18474,TRP
2024-10-31T15:00:00.000000000Z,34,2,5158,40.425,40.47,40.305,40.32,32945,ENB
2024-10-31T16:00:00.000000000Z,34,2,5158,40.31,40.38,40.31,40.38,29132,ENB
2024-10-31T16:00:00.000000000Z,34,2,16192,46.41,46.47,46.29,46.47,18203,TRP
2024-10-31T17:00:00.000000000Z,34,2,16192,46.48,46.65,46.48,46.54,10087,TRP
2024-10-31T17:00:00.000000000Z,34,2,5158,40.38,40.53,40.38,40.48,29906,ENB
2024-10-31T18:00:00.000000000Z,34,2,16192,46.54,46.8,46.44,46.77,14854,TRP
2024-10-31T18:00:00.000000000Z,34,2,5158,40.48,40.57,40.425,40.545,46567,ENB
2024-10-31T19:00:00.000000000Z,34,2,16192,46.78,46.825,46.46,46.515,67160,TRP
2024-10-31T19:00:00.000000000Z,34,2,5158,40.55,40.595,40.38,40.395,168891,ENB
2024-11-01T08:00:00.000000000Z,34,2,5158,40.4,40.4,40.4,40.4,5,ENB
2024-11-01T09:00:00.000000000Z,34,2,5158,40.4,40.49,40.4,40.49,14,ENB
2024-11-01T11:00:00.000000000Z,34,2,5158,40.4,40.5,40.4,40.49,136,ENB
2024-11-01T12:00:00.000000000Z,34,2,5158,40.5,40.51,40.5,40.51,130,ENB
2024-11-01T13:00:00.000000000Z,34,2,16192,46.65,47.0,46.565,46.915,6598,TRP
2024-11-01T13:00:00.000000000Z,34,2,5158,40.82,40.88,39.87,40.78,61597,ENB
2024-11-01T14:00:00.000000000Z,34,2,5158,40.8,40.86,40.41,40.61,89776,ENB
2024-11-01T14:00:00.000000000Z,34,2,16192,46.93,47.04,46.71,46.71,12868,TRP
2024-11-01T15:00:00.000000000Z,34,2,5158,40.61,40.67,40.23,40.41,78739,ENB
2024-11-01T15:00:00.000000000Z,34,2,16192,46.72,46.8,46.61,46.73,18542,TRP
2024-11-01T16:00:00.000000000Z,34,2,16192,46.72,46.74,46.43,46.44,20609,TRP
2024-11-01T16:00:00.000000000Z,34,2,5158,40.41,40.455,40.175,40.2,44667,ENB
2024-11-01T17:00:00.000000000Z,34,2,16192,46.44,46.44,46.205,46.27,12692,TRP
2024-11-01T17:00:00.000000000Z,34,2,5158,40.21,40.275,40.065,40.17,29190,ENB
2024-11-01T18:00:00.000000000Z,34,2,5158,40.17,40.29,40.08,40.29,54651,ENB
2024-11-01T18:00:00.000000000Z,34,2,16192,46.28,46.33,46.09,46.13,17606,TRP
2024-11-01T19:00:00.000000000Z,34,2,5158,40.28,40.485,40.28,40.42,125916,ENB
2024-11-01T19:00:00.000000000Z,34,2,16192,46.13,46.365,46.09,46.3,61754,TRP
2024-11-01T22:00:00.000000000Z,34,2,5158,40.43,40.43,40.43,40.43,1,ENB
2024-11-04T12:00:00.000000000Z,34,2,16192,46.3,46.3,46.3,46.3,1,TRP
2024-11-04T12:00:00.000000000Z,34,2,5158,40.65,40.7,40.65,40.7,200,ENB
2024-11-04T13:00:00.000000000Z,34,2,16192,46.3,46.3,46.3,46.3,4,TRP
2024-11-04T14:00:00.000000000Z,34,2,5158,40.62,40.91,40.54,40.805,14331,ENB
2024-11-04T14:00:00.000000000Z,34,2,16192,46.3,46.79,46.0,46.58,5700,TRP
2024-11-04T15:00:00.000000000Z,34,2,16192,46.595,46.81,46.53,46.72,14920,TRP
2024-11-04T15:00:00.000000000Z,34,2,5158,40.79,41.04,40.755,40.98,41777,ENB
2024-11-04T16:00:00.000000000Z,34,2,5158,40.98,41.0,40.57,40.63,45288,ENB
2024-11-04T16:00:00.000000000Z,34,2,16192,46.73,46.76,46.52,46.555,11107,TRP
2024-11-04T17:00:00.000000000Z,34,2,5158,40.625,40.765,40.585,40.765,21645,ENB
2024-11-04T17:00:00.000000000Z,34,2,16192,46.56,46.71,46.49,46.69,8313,TRP
2024-11-04T18:00:00.000000000Z,34,2,16192,46.69,46.69,46.46,46.55,12568,TRP
2024-11-04T18:00:00.000000000Z,34,2,5158,40.76,40.76,40.535,40.63,31941,ENB
2024-11-04T19:00:00.000000000Z,34,2,5158,40.62,40.665,40.58,40.64,22277,ENB
2024-11-04T19:00:00.000000000Z,34,2,16192,46.54,46.7,46.54,46.655,8120,TRP
2024-11-04T20:00:00.000000000Z,34,2,5158,40.64,40.885,40.62,40.835,115384,ENB
2024-11-04T20:00:00.000000000Z,34,2,16192,46.64,46.955,46.62,46.9,40658,TRP
2024-11-04T21:00:00.000000000Z,34,2,16192,46.9,46.9,46.9,46.9,9,TRP
2024-11-04T22:00:00.000000000Z,34,2,5158,40.86,40.86,40.86,40.86,5,ENB
2024-11-05T10:00:00.000000000Z,34,2,5158,41.15,41.15,41.15,41.15,10,ENB
2024-11-05T11:00:00.000000000Z,34,2,5158,41.01,41.01,41.01,41.01,3,ENB
2024-11-05T12:00:00.000000000Z,34,2,5158,41.0,41.0,41.0,41.0,4,ENB
2024-11-05T13:00:00.000000000Z,34,2,5158,40.99,41.01,40.9,41.01,305,ENB
2024-11-05T14:00:00.000000000Z,34,2,16192,46.9,47.09,46.87,47.05,5732,TRP
2024-11-05T14:00:00.000000000Z,34,2,5158,40.91,41.01,40.62,40.71,14591,ENB
2024-11-05T15:00:00.000000000Z,34,2,5158,40.74,40.93,40.675,40.93,41697,ENB
2024-11-05T15:00:00.000000000Z,34,2,16192,47.05,47.28,46.98,47.26,13477,TRP
2024-11-05T16:00:00.000000000Z,34,2,16192,47.28,47.45,47.25,47.45,11669,TRP
2024-11-05T16:00:00.000000000Z,34,2,5158,40.93,41.05,40.915,41.05,25682,ENB
2024-11-05T17:00:00.000000000Z,34,2,5158,41.045,41.095,41.01,41.02,21932,ENB
2024-11-05T17:00:00.000000000Z,34,2,16192,47.45,47.54,47.36,47.37,7247,TRP
2024-11-05T18:00:00.000000000Z,34,2,16192,47.36,47.44,47.31,47.395,14739,TRP
2024-11-05T18:00:00.000000000Z,34,2,5158,41.01,41.03,40.94,40.98,26526,ENB
2024-11-05T19:00:00.000000000Z,34,2,5158,40.99,41.095,40.985,41.045,31954,ENB
2024-11-05T19:00:00.000000000Z,34,2,16192,47.405,47.45,47.36,47.39,10098,TRP
2024-11-05T20:00:00.000000000Z,34,2,16192,47.39,47.455,47.305,47.455,42385,TRP
2024-11-05T20:00:00.000000000Z,34,2,5158,41.04,41.085,40.945,41.05,63789,ENB
2024-11-05T21:00:00.000000000Z,34,2,16192,47.46,47.46,47.46,47.46,60,TRP
2024-11-05T23:00:00.000000000Z,34,2,5158,40.99,40.99,40.99,40.99,1,ENB
2024-11-06T11:00:00.000000000Z,34,2,5158,41.35,41.35,41.35,41.35,9,ENB
2024-11-06T12:00:00.000000000Z,34,2,5158,41.35,41.5,41.31,41.5,1339,ENB
2024-11-06T13:00:00.000000000Z,34,2,5158,41.5,41.55,41.26,41.3,2249,ENB
2024-11-06T13:00:00.000000000Z,34,2,16192,48.58,48.6,47.5,47.61,2072,TRP
2024-11-06T14:00:00.000000000Z,34,2,16192,47.61,47.86,47.32,47.58,179693,TRP
2024-11-06T14:00:00.000000000Z,34,2,5158,41.3,41.57,41.13,41.255,41535,ENB
2024-11-06T15:00:00.000000000Z,34,2,16192,47.58,47.86,47.51,47.85,71244,TRP
2024-11-06T15:00:00.000000000Z,34,2,5158,41.25,41.475,41.16,41.45,89351,ENB
2024-11-06T16:00:00.000000000Z,34,2,5158,41.46,41.51,41.355,41.37,63007,ENB
2024-11-06T16:00:00.000000000Z,34,2,16192,47.86,48.11,47.795,48.06,28960,TRP
2024-11-06T17:00:00.000000000Z,34,2,16192,48.07,48.2,48.055,48.175,15437,TRP
2024-11-06T17:00:00.000000000Z,34,2,5158,41.37,41.38,41.21,41.27,38429,ENB
2024-11-06T18:00:00.000000000Z,34,2,16192,48.17,48.29,48.12,48.21,15789,TRP
2024-11-06T18:00:00.000000000Z,34,2,5158,41.27,41.365,41.215,41.325,61719,ENB
2024-11-06T19:00:00.000000000Z,34,2,5158,41.33,41.5,41.32,41.46,65473,ENB
2024-11-06T19:00:00.000000000Z,34,2,16192,48.23,48.34,48.18,48.25,31734,TRP
2024-11-06T20:00:00.000000000Z,34,2,16192,48.25,48.35,48.05,48.335,105454,TRP
2024-11-06T20:00:00.000000000Z,34,2,5158,41.47,41.595,41.43,41.535,147283,ENB
2024-11-06T21:00:00.000000000Z,34,2,5158,41.32,41.45,41.31,41.45,20,ENB
2024-11-06T21:00:00.000000000Z,34,2,16192,48.34,48.34,48.34,48.34,3,TRP
2024-11-06T22:00:00.000000000Z,34,2,16192,48.33,48.33,48.33,48.33,15,TRP
2024-11-06T22:00:00.000000000Z,34,2,5158,41.5,41.5,41.5,41.5,30,ENB
2024-11-07T09:00:00.000000000Z,34,2,5158,41.53,41.53,41.53,41.53,1,ENB
2024-11-07T13:00:00.000000000Z,34,2,16192,48.69,48.69,48.54,48.54,34,TRP
2024-11-07T13:00:00.000000000Z,34,2,5158,41.71,41.71,41.71,41.71,10,ENB
2024-11-07T14:00:00.000000000Z,34,2,5158,41.65,41.985,41.63,41.9,27240,ENB
2024-11-07T14:00:00.000000000Z,34,2,16192,48.7,49.69,48.44,49.47,40685,TRP
2024-11-07T15:00:00.000000000Z,34,2,5158,41.92,42.28,41.905,42.265,75766,ENB
2024-11-07T15:00:00.000000000Z,34,2,16192,49.47,50.21,49.41,50.16,78894,TRP
2024-11-07T16:00:00.000000000Z,34,2,5158,42.265,42.405,42.145,42.395,117002,ENB
2024-11-07T16:00:00.000000000Z,34,2,16192,50.15,50.155,49.645,49.81,36059,TRP
2024-11-07T17:00:00.000000000Z,34,2,16192,49.81,49.86,49.67,49.7,15219,TRP
2024-11-07T17:00:00.000000000Z,34,2,5158,42.4,42.435,42.345,42.37,37335,ENB
2024-11-07T18:00:00.000000000Z,34,2,5158,42.37,42.46,42.21,42.27,46727,ENB
2024-11-07T18:00:00.000000000Z,34,2,16192,49.7,49.7,49.16,49.16,18970,TRP
2024-11-07T19:00:00.000000000Z,34,2,5158,42.27,42.54,42.26,42.515,55605,ENB
2024-11-07T19:00:00.000000000Z,34,2,16192,49.18,49.78,49.18,49.74,32290,TRP
2024-11-07T20:00:00.000000000Z,34,2,16192,49.73,49.94,49.48,49.65,105196,TRP
2024-11-07T20:00:00.000000000Z,34,2,5158,42.515,42.605,42.4,42.41,101103,ENB
2024-11-07T21:00:00.000000000Z,34,2,5158,42.39,42.4,42.39,42.4,70,ENB
2024-11-08T10:00:00.000000000Z,34,2,5158,42.22,42.22,42.22,42.22,12,ENB
2024-11-08T13:00:00.000000000Z,34,2,5158,42.42,42.44,42.41,42.42,580,ENB
2024-11-08T14:00:00.000000000Z,34,2,16192,50.0,50.0,48.49,48.765,28579,TRP
2024-11-08T14:00:00.000000000Z,34,2,5158,42.43,42.43,42.17,42.33,6986,ENB
2024-11-08T15:00:00.000000000Z,34,2,5158,42.33,42.335,42.155,42.16,49163,ENB
2024-11-08T15:00:00.000000000Z,34,2,16192,48.74,48.93,48.66,48.785,30231,TRP
2024-11-08T16:00:00.000000000Z,34,2,16192,48.79,49.03,48.67,48.99,21578,TRP
2024-11-08T16:00:00.000000000Z,34,2,5158,42.16,42.26,42.13,42.21,23711,ENB
2024-11-08T17:00:00.000000000Z,34,2,5158,42.21,42.295,42.15,42.265,45904,ENB
2024-11-08T17:00:00.000000000Z,34,2,16192,48.985,49.035,48.81,48.93,16449,TRP
2024-11-08T18:00:00.000000000Z,34,2,5158,42.265,42.29,42.22,42.27,15943,ENB
2024-11-08T18:00:00.000000000Z,34,2,16192,48.95,49.01,48.89,49.01,13396,TRP
2024-11-08T19:00:00.000000000Z,34,2,16192,49.0,49.26,48.99,49.14,23452,TRP
2024-11-08T19:00:00.000000000Z,34,2,5158,42.275,42.49,42.255,42.455,14202,ENB
2024-11-08T20:00:00.000000000Z,34,2,16192,49.14,49.14,48.67,48.76,116237,TRP
2024-11-08T20:00:00.000000000Z,34,2,5158,42.465,42.465,42.325,42.35,63953,ENB
2024-11-08T21:00:00.000000000Z,34,2,5158,42.46,42.46,42.46,42.46,114,ENB
2024-11-11T10:00:00.000000000Z,34,2,5158,42.58,42.58,42.58,42.58,6,ENB
2024-11-11T11:00:00.000000000Z,34,2,5158,42.58,42.65,42.48,42.65,200,ENB
2024-11-11T12:00:00.000000000Z,34,2,5158,42.63,42.66,42.57,42.61,2231,ENB
2024-11-11T13:00:00.000000000Z,34,2,5158,42.67,42.68,42.55,42.55,1125,ENB
2024-11-11T13:00:00.000000000Z,34,2,16192,49.29,49.29,49.01,49.01,200,TRP
2024-11-11T14:00:00.000000000Z,34,2,16192,48.81,49.11,48.48,49.11,7877,TRP
2024-11-11T14:00:00.000000000Z,34,2,5158,42.48,42.72,42.33,42.71,24254,ENB
2024-11-11T15:00:00.000000000Z,34,2,5158,42.715,42.73,42.62,42.69,31199,ENB
2024-11-11T15:00:00.000000000Z,34,2,16192,49.13,49.175,49.04,49.175,34733,TRP
2024-11-11T16:00:00.000000000Z,34,2,5158,42.69,42.88,42.69,42.88,33551,ENB
2024-11-11T16:00:00.000000000Z,34,2,16192,49.18,49.32,49.085,49.32,21297,TRP
2024-11-11T17:00:00.000000000Z,34,2,5158,42.88,42.885,42.8,42.81,30916,ENB
2024-11-11T17:00:00.000000000Z,34,2,16192,49.32,49.44,49.315,49.39,14785,TRP
2024-11-11T18:00:00.000000000Z,34,2,16192,49.39,49.52,49.26,49.505,12426,TRP
2024-11-11T18:00:00.000000000Z,34,2,5158,42.81,42.81,42.66,42.755,32662,ENB
2024-11-11T19:00:00.000000000Z,34,2,5158,42.75,42.82,42.69,42.765,21565,ENB
2024-11-11T19:00:00.000000000Z,34,2,16192,49.5,49.66,49.43,49.635,11864,TRP
2024-11-11T20:00:00.000000000Z,34,2,16192,49.63,49.645,49.475,49.63,53169,TRP
2024-11-11T20:00:00.000000000Z,34,2,5158,42.77,42.795,42.695,42.785,78742,ENB
2024-11-11T22:00:00.000000000Z,34,2,5158,42.89,42.89,42.89,42.89,5,ENB
2024-11-12T12:00:00.000000000Z,34,2,5158,42.7,42.75,42.69,42.75,415,ENB
2024-11-12T13:00:00.000000000Z,34,2,5158,42.9,42.9,42.9,42.9,1,ENB
2024-11-12T14:00:00.000000000Z,34,2,5158,42.92,43.0,42.69,42.72,32323,ENB
2024-11-12T14:00:00.000000000Z,34,2,16192,49.66,49.66,49.25,49.27,6648,TRP
2024-11-12T15:00:00.000000000Z,34,2,16192,49.26,49.26,48.63,48.63,20647,TRP
2024-11-12T15:00:00.000000000Z,34,2,5158,42.73,42.74,42.31,42.31,71678,ENB
2024-11-12T16:00:00.000000000Z,34,2,16192,48.62,48.62,48.155,48.3,15652,TRP
2024-11-12T16:00:00.000000000Z,34,2,5158,42.3,42.3,41.93,42.06,48856,ENB
2024-11-12T17:00:00.000000000Z,34,2,5158,42.06,42.25,42.055,42.185,36728,ENB
2024-11-12T17:00:00.000000000Z,34,2,16192,48.28,48.555,48.22,48.46,52016,TRP
2024-11-12T18:00:00.000000000Z,34,2,16192,48.44,48.46,48.25,48.36,24517,TRP
2024-11-12T18:00:00.000000000Z,34,2,5158,42.185,42.2,42.035,42.09,47773,ENB
2024-11-12T19:00:00.000000000Z,34,2,16192,48.36,48.555,48.34,48.49,22768,TRP
2024-11-12T19:00:00.000000000Z,34,2,5158,42.08,42.13,42.05,42.095,35184,ENB
2024-11-12T20:00:00.000000000Z,34,2,16192,48.495,48.63,48.325,48.35,66396,TRP
2024-11-12T20:00:00.000000000Z,34,2,5158,42.1,42.48,42.08,42.175,226563,ENB
2024-11-12T21:00:00.000000000Z,34,2,5158,42.01,42.01,42.01,42.01,100,ENB
2024-11-12T22:00:00.000000000Z,34,2,5158,42.2,42.2,42.19,42.19,108,ENB
2024-11-12T22:00:00.000000000Z,34,2,16192,48.4,48.4,48.39,48.39,82,TRP
2024-11-12T23:00:00.000000000Z,34,2,16192,48.33,48.33,48.32,48.32,82,TRP
2024-11-13T12:00:00.000000000Z,34,2,5158,42.36,42.36,42.36,42.36,11,ENB
2024-11-13T14:00:00.000000000Z,34,2,16192,48.47,48.69,48.19,48.3,7318,TRP
2024-11-13T14:00:00.000000000Z,34,2,5158,42.35,42.35,42.005,42.09,17488,ENB
2024-11-13T15:00:00.000000000Z,34,2,5158,42.11,42.235,42.0,42.21,32952,ENB
2024-11-13T15:00:00.000000000Z,34,2,16192,48.29,48.43,48.16,48.41,15616,TRP
2024-11-13T16:00:00.000000000Z,34,2,16192,48.41,48.46,48.335,48.36,11912,TRP
2024-11-13T16:00:00.000000000Z,34,2,5158,42.21,42.28,42.165,42.245,28672,ENB
2024-11-13T17:00:00.000000000Z,34,2,16192,48.35,48.53,48.335,48.395,17300,TRP
2024-11-13T17:00:00.000000000Z,34,2,5158,42.25,42.385,42.24,42.335,21135,ENB
2024-11-13T18:00:00.000000000Z,34,2,16192,48.4,48.655,48.37,48.64,15592,TRP
2024-11-13T18:00:00.000000000Z,34,2,5158,42.325,42.475,42.29,42.44,34831,ENB
2024-11-13T19:00:00.000000000Z,34,2,5158,42.435,42.51,42.42,42.445,32763,ENB
2024-11-13T19:00:00.000000000Z,34,2,16192,48.64,48.69,48.53,48.55,20617,TRP
2024-11-13T20:00:00.000000000Z,34,2,5158,42.445,42.575,42.425,42.505,142487,ENB
2024-11-13T20:00:00.000000000Z,34,2,16192,48.56,48.66,48.415,48.445,52760,TRP
2024-11-13T21:00:00.000000000Z,34,2,5158,42.65,42.65,42.65,42.65,1,ENB
2024-11-14T12:00:00.000000000Z,34,2,5158,42.89,42.9,42.85,42.85,464,ENB
2024-11-14T12:00:00.000000000Z,34,2,16192,48.43,48.77,48.43,48.77,434,TRP
2024-11-14T13:00:00.000000000Z,34,2,5158,42.86,42.86,42.76,42.76,797,ENB
2024-11-14T13:00:00.000000000Z,34,2,16192,49.04,49.04,49.04,49.04,20,TRP
2024-11-14T14:00:00.000000000Z,34,2,5158,42.76,42.96,42.55,42.95,111805,ENB
2024-11-14T14:00:00.000000000Z,34,2,16192,48.99,48.99,48.59,48.64,13373,TRP
2024-11-14T15:00:00.000000000Z,34,2,5158,42.94,42.99,42.81,42.84,80162,ENB
2024-11-14T15:00:00.000000000Z,34,2,16192,48.76,48.8,48.45,48.59,26456,TRP
2024-11-14T16:00:00.000000000Z,34,2,16192,48.58,48.68,48.48,48.62,11108,TRP
2024-11-14T16:00:00.000000000Z,34,2,5158,42.84,43.04,42.82,43.0,89628,ENB
2024-11-14T17:00:00.000000000Z,34,2,5158,43.0,43.05,42.87,43.0,74368,ENB
2024-11-14T17:00:00.000000000Z,34,2,16192,48.65,48.82,48.54,48.82,28324,TRP
2024-11-14T18:00:00.000000000Z,34,2,16192,48.83,49.1,48.8,49.04,66081,TRP
2024-11-14T18:00:00.000000000Z,34,2,5158,43.02,43.23,43.0,43.15,101876,ENB
2024-11-14T19:00:00.000000000Z,34,2,5158,43.16,43.305,43.13,43.29,51642,ENB
2024-11-14T19:00:00.000000000Z,34,2,16192,49.0,49.21,48.945,49.16,27909,TRP
2024-11-14T20:00:00.000000000Z,34,2,16192,49.18,49.18,48.73,48.84,145456,TRP
2024-11-14T20:00:00.000000000Z,34,2,5158,43.285,43.285,43.005,43.1,192648,ENB
2024-11-14T22:00:00.000000000Z,34,2,5158,43.13,43.13,43.13,43.13,6,ENB
2024-11-14T22:00:00.000000000Z,34,2,16192,49.14,49.14,49.14,49.14,25,TRP
2024-11-14T23:00:00.000000000Z,34,2,5158,43.12,43.12,43.12,43.12,6,ENB
2024-11-15T09:00:00.000000000Z,34,2,5158,42.5,42.58,42.48,42.48,1262,ENB
2024-11-15T10:00:00.000000000Z,34,2,5158,42.3,42.3,42.3,42.3,4,ENB
2024-11-15T11:00:00.000000000Z,34,2,5158,42.3,42.3,42.3,42.3,19,ENB
2024-11-15T12:00:00.000000000Z,34,2,5158,42.73,42.73,42.36,42.39,264,ENB
2024-11-15T13:00:00.000000000Z,34,2,5158,42.31,42.32,42.31,42.32,35,ENB
2024-11-15T14:00:00.000000000Z,34,2,5158,42.43,42.43,41.9,42.085,50405,ENB
2024-11-15T14:00:00.000000000Z,34,2,16192,48.85,48.92,48.41,48.63,11676,TRP
2024-11-15T15:00:00.000000000Z,34,2,5158,42.08,42.21,42.01,42.07,65709,ENB
2024-11-15T15:00:00.000000000Z,34,2,16192,48.63,49.0,48.58,48.99,38163,TRP
2024-11-15T16:00:00.000000000Z,34,2,5158,42.06,42.21,42.04,42.06,46337,ENB
2024-11-15T16:00:00.000000000Z,34,2,16192,48.99,49.02,48.68,48.7,24748,TRP
2024-11-15T17:00:00.000000000Z,34,2,5158,42.06,42.09,41.955,42.04,47169,ENB
2024-11-15T17:00:00.000000000Z,34,2,16192,48.7,48.77,48.52,48.61,20486,TRP
2024-11-15T18:00:00.000000000Z,34,2,16192,48.61,48.79,48.57,48.71,19215,TRP
2024-11-15T18:00:00.000000000Z,34,2,5158,42.04,42.055,41.975,41.975,46412,ENB
2024-11-15T19:00:00.000000000Z,34,2,16192,48.71,48.92,48.68,48.82,27816,TRP
2024-11-15T19:00:00.000000000Z,34,2,5158,41.98,42.17,41.96,42.16,58535,ENB
2024-11-15T20:00:00.000000000Z,34,2,5158,42.165,42.23,42.11,42.18,110969,ENB
2024-11-15T20:00:00.000000000Z,34,2,16192,48.83,49.02,48.81,49.01,47228,TRP
2024-11-15T23:00:00.000000000Z,34,2,5158,42.13,42.13,42.12,42.12,207,ENB
2024-11-18T09:00:00.000000000Z,34,2,5158,41.81,41.81,41.76,41.76,20,ENB
2024-11-18T11:00:00.000000000Z,34,2,5158,42.05,42.05,42.05,42.05,10,ENB
2024-11-18T12:00:00.000000000Z,34,2,16192,48.99,48.99,48.99,48.99,2,TRP
2024-11-18T13:00:00.000000000Z,34,2,5158,42.11,42.14,42.11,42.13,93,ENB
2024-11-18T14:00:00.000000000Z,34,2,16192,48.6,49.73,48.6,49.62,14133,TRP
2024-11-18T14:00:00.000000000Z,34,2,5158,42.16,42.6,42.16,42.47,72355,ENB
2024-11-18T15:00:00.000000000Z,34,2,5158,42.46,42.695,42.41,42.675,154660,ENB
2024-11-18T15:00:00.000000000Z,34,2,16192,49.63,49.76,49.42,49.71,15581,TRP
2024-11-18T16:00:00.000000000Z,34,2,16192,49.71,49.865,49.64,49.83,12021,TRP
2024-11-18T16:00:00.000000000Z,34,2,5158,42.675,42.735,42.64,42.7,22512,ENB
2024-11-18T17:00:00.000000000Z,34,2,5158,42.69,42.715,42.62,42.665,23985,ENB
2024-11-18T17:00:00.000000000Z,34,2,16192,49.83,50.115,49.83,49.93,20117,TRP
2024-11-18T18:00:00.000000000Z,34,2,5158,42.66,42.67,42.515,42.575,18744,ENB
2024-11-18T18:00:00.000000000Z,34,2,16192,49.92,49.92,49.72,49.78,29688,TRP
2024-11-18T19:00:00.000000000Z,34,2,5158,42.57,42.585,42.475,42.535,32176,ENB
2024-11-18T19:00:00.000000000Z,34,2,16192,49.77,49.8,49.66,49.75,10763,TRP
2024-11-18T20:00:00.000000000Z,34,2,16192,49.76,49.925,49.74,49.905,64741,TRP
2024-11-18T20:00:00.000000000Z,34,2,5158,42.53,42.57,42.505,42.565,79455,ENB
2024-11-18T21:00:00.000000000Z,34,2,5158,42.65,42.65,42.65,42.65,70,ENB
2024-11-18T21:00:00.000000000Z,34,2,16192,49.92,49.92,49.92,49.92,200,TRP
2024-11-19T09:00:00.000000000Z,34,2,5158,42.63,42.63,42.63,42.63,95,ENB
2024-11-19T10:00:00.000000000Z,34,2,5158,42.56,42.56,42.56,42.56,20,ENB
2024-11-19T12:00:00.000000000Z,34,2,5158,42.57,42.64,42.57,42.59,262,ENB
2024-11-19T13:00:00.000000000Z,34,2,5158,42.58,42.61,42.56,42.56,90,ENB
2024-11-19T14:00:00.000000000Z,34,2,16192,49.56,49.82,49.4,49.62,54341,TRP
2024-11-19T14:00:00.000000000Z,34,2,5158,42.53,42.53,42.365,42.41,9586,ENB
2024-11-19T15:00:00.000000000Z,34,2,5158,42.41,42.65,42.39,42.64,41424,ENB
2024-11-19T15:00:00.000000000Z,34,2,16192,49.65,49.72,49.44,49.67,46059,TRP
2024-11-19T16:00:00.000000000Z,34,2,5158,42.62,42.77,42.62,42.755,22978,ENB
2024-11-19T16:00:00.000000000Z,34,2,16192,49.675,49.7,49.49,49.6,19558,TRP
2024-11-19T17:00:00.000000000Z,34,2,5158,42.755,42.845,42.755,42.795,23289,ENB
2024-11-19T17:00:00.000000000Z,34,2,16192,49.57,49.665,49.55,49.62,18849,TRP
2024-11-19T18:00:00.000000000Z,34,2,5158,42.795,42.995,42.76,42.99,62311,ENB
2024-11-19T18:00:00.000000000Z,34,2,16192,49.625,49.65,49.44,49.58,44894,TRP
2024-11-19T19:00:00.000000000Z,34,2,5158,43.0,43.08,42.965,42.97,42914,ENB
2024-11-19T19:00:00.000000000Z,34,2,16192,49.57,49.63,49.355,49.44,21035,TRP
2024-11-19T20:00:00.000000000Z,34,2,16192,49.44,49.9,49.44,49.825,89734,TRP
2024-11-19T20:00:00.000000000Z,34,2,5158,42.96,43.02,42.84,42.98,68813,ENB
2024-11-19T21:00:00.000000000Z,34,2,5158,42.95,42.95,42.95,42.95,1000,ENB
2024-11-20T12:00:00.000000000Z,34,2,5158,43.1,43.1,43.1,43.1,2,ENB
2024-11-20T13:00:00.000000000Z,34,2,5158,43.06,43.06,43.06,43.06,60,ENB
2024-11-20T14:00:00.000000000Z,34,2,16192,49.95,49.97,49.31,49.345,24807,TRP
2024-11-20T14:00:00.000000000Z,34,2,5158,43.0,43.0,42.77,42.78,24578,ENB
2024-11-20T15:00:00.000000000Z,34,2,5158,42.77,42.78,42.615,42.64,81581,ENB
2024-11-20T15:00:00.000000000Z,34,2,16192,49.345,49.4,49.11,49.12,66066,TRP
2024-11-20T16:00:00.000000000Z,34,2,5158,42.63,42.66,42.545,42.645,30172,ENB
2024-11-20T16:00:00.000000000Z,34,2,16192,49.12,49.14,48.97,49.09,39950,TRP
2024-11-20T17:00:00.000000000Z,34,2,5158,42.645,42.74,42.595,42.685,25812,ENB
2024-11-20T17:00:00.000000000Z,34,2,16192,49.09,49.25,49.01,49.09,34313,TRP
2024-11-20T18:00:00.000000000Z,34,2,5158,42.685,42.685,42.43,42.54,45581,ENB
2024-11-20T18:00:00.000000000Z,34,2,16192,49.08,49.09,48.68,48.72,46693,TRP
2024-11-20T19:00:00.000000000Z,34,2,5158,42.535,42.665,42.51,42.64,68119,ENB
2024-11-20T19:00:00.000000000Z,34,2,16192,48.715,48.73,48.44,48.71,71631,TRP
2024-11-20T20:00:00.000000000Z,34,2,16192,48.7,49.215,48.7,49.205,105253,TRP
2024-11-20T20:00:00.000000000Z,34,2,5158,42.64,42.8,42.62,42.785,96105,ENB
2024-11-20T23:00:00.000000000Z,34,2,16192,49.56,50.23,49.56,50.23,1378,TRP
2024-11-21T09:00:00.000000000Z,34,2,16192,49.5,49.5,49.5,49.5,215,TRP
2024-11-21T09:00:00.000000000Z,34,2,5158,42.7,42.7,42.5,42.5,23,ENB
2024-11-21T12:00:00.000000000Z,34,2,5158,42.79,42.79,42.79,42.79,10,ENB
2024-11-21T13:00:00.000000000Z,34,2,5158,42.83,42.83,42.83,42.83,21,ENB
2024-11-21T13:00:00.000000000Z,34,2,16192,49.91,49.91,49.65,49.75,557,TRP
2024-11-21T14:00:00.000000000Z,34,2,5158,42.9,43.01,42.83,43.01,12022,ENB
2024-11-21T14:00:00.000000000Z,34,2,16192,49.75,49.75,49.05,49.55,6794,TRP
2024-11-21T15:00:00.000000000Z,34,2,16192,49.63,50.17,49.62,50.05,33609,TRP
2024-11-21T15:00:00.000000000Z,34,2,5158,43.02,43.36,43.02,43.34,23758,ENB
2024-11-21T16:00:00.000000000Z,34,2,16192,50.05,50.29,50.025,50.18,31039,TRP
2024-11-21T16:00:00.000000000Z,34,2,5158,43.345,43.355,43.225,43.31,21584,ENB
2024-11-21T17:00:00.000000000Z,34,2,5158,43.305,43.31,43.23,43.29,16452,ENB
2024-11-21T17:00:00.000000000Z,34,2,16192,50.21,50.28,50.07,50.07,40781,TRP
2024-11-21T18:00:00.000000000Z,34,2,5158,43.28,43.415,43.255,43.39,18233,ENB
2024-11-21T18:00:00.000000000Z,34,2,16192,50.08,50.29,50.025,50.29,14108,TRP
2024-11-21T19:00:00.000000000Z,34,2,16192,50.28,50.28,50.08,50.18,15648,TRP
2024-11-21T19:00:00.000000000Z,34,2,5158,43.39,43.4,43.31,43.39,13851,ENB
2024-11-21T20:00:00.000000000Z,34,2,5158,43.39,43.54,43.365,43.515,129130,ENB
2024-11-21T20:00:00.000000000Z,34,2,16192,50.19,50.265,50.1,50.23,101610,TRP
2024-11-21T21:00:00.000000000Z,34,2,5158,43.4,43.4,43.4,43.4,50,ENB
2024-11-21T22:00:00.000000000Z,34,2,5158,43.42,43.42,43.38,43.38,203,ENB
2024-11-22T09:00:00.000000000Z,34,2,5158,43.23,43.23,43.23,43.23,20,ENB
2024-11-22T10:00:00.000000000Z,34,2,5158,43.24,43.24,43.24,43.24,1,ENB
2024-11-22T12:00:00.000000000Z,34,2,5158,43.62,43.62,43.62,43.62,10,ENB
2024-11-22T14:00:00.000000000Z,34,2,16192,50.23,50.36,50.14,50.17,9256,TRP
2024-11-22T14:00:00.000000000Z,34,2,5158,43.47,43.69,43.36,43.63,18647,ENB
2024-11-22T15:00:00.000000000Z,34,2,5158,43.65,43.69,43.55,43.565,43915,ENB
2024-11-22T15:00:00.000000000Z,34,2,16192,50.2,50.27,50.1,50.12,14759,TRP
2024-11-22T16:00:00.000000000Z,34,2,16192,50.125,50.15,50.025,50.03,13338,TRP
2024-11-22T16:00:00.000000000Z,34,2,5158,43.58,43.59,43.42,43.44,21287,ENB
2024-11-22T17:00:00.000000000Z,34,2,16192,50.07,50.11,50.005,50.05,16071,TRP
2024-11-22T17:00:00.000000000Z,34,2,5158,43.435,43.505,43.42,43.5,29577,ENB
2024-11-22T18:00:00.000000000Z,34,2,5158,43.51,43.515,43.305,43.34,36155,ENB
2024-11-22T18:00:00.000000000Z,34,2,16192,50.05,50.05,49.875,49.935,20099,TRP
2024-11-22T19:00:00.000000000Z,34,2,16192,49.93,49.995,49.84,49.895,30319,TRP
2024-11-22T19:00:00.000000000Z,34,2,5158,43.345,43.42,43.315,43.395,27957,ENB
2024-11-22T20:00:00.000000000Z,34,2,16192,49.89,49.94,49.785,49.86,98264,TRP
2024-11-22T20:00:00.000000000Z,34,2,5158,43.39,43.43,43.22,43.26,155742,ENB
2024-11-22T21:00:00.000000000Z,34,2,5158,43.35,43.35,43.35,43.35,30,ENB
2024-11-22T23:00:00.000000000Z,34,2,5158,43.48,43.48,43.48,43.48,11,ENB
2024-11-25T09:00:00.000000000Z,34,2,5158,43.26,43.26,43.26,43.26,168,ENB
2024-11-25T11:00:00.000000000Z,34,2,5158,43.27,43.27,43.27,43.27,1,ENB
2024-11-25T13:00:00.000000000Z,34,2,5158,43.62,43.62,43.62,43.62,338,ENB
2024-11-25T13:00:00.000000000Z,34,2,16192,50.01,50.01,50.0,50.0,12,TRP
2024-11-25T14:00:00.000000000Z,34,2,5158,43.54,43.54,43.27,43.415,31421,ENB
2024-11-25T14:00:00.000000000Z,34,2,16192,49.86,49.97,49.52,49.6,7451,TRP
2024-11-25T15:00:00.000000000Z,34,2,5158,43.41,43.41,43.16,43.18,53857,ENB
2024-11-25T15:00:00.000000000Z,34,2,16192,49.59,49.61,49.37,49.37,36784,TRP
2024-11-25T16:00:00.000000000Z,34,2,5158,43.175,43.18,42.855,42.87,70200,ENB
2024-11-25T16:00:00.000000000Z,34,2,16192,49.35,49.35,48.795,48.795,27105,TRP
2024-11-25T17:00:00.000000000Z,34,2,5158,42.88,43.0,42.86,42.925,35733,ENB
2024-11-25T17:00:00.000000000Z,34,2,16192,48.795,48.98,48.775,48.92,23768,TRP
2024-11-25T18:00:00.000000000Z,34,2,16192,48.91,49.15,48.865,49.13,37961,TRP
2024-11-25T18:00:00.000000000Z,34,2,5158,42.92,43.025,42.865,43.01,47164,ENB
2024-11-25T19:00:00.000000000Z,34,2,5158,43.015,43.13,43.015,43.11,64612,ENB
2024-11-25T19:00:00.000000000Z,34,2,16192,49.13,49.36,49.1,49.15,41436,TRP
2024-11-25T20:00:00.000000000Z,34,2,16192,49.16,49.21,48.99,49.065,98155,TRP
2024-11-25T20:00:00.000000000Z,34,2,5158,43.11,43.155,42.89,42.965,247488,ENB
2024-11-25T23:00:00.000000000Z,34,2,5158,42.97,42.97,42.97,42.97,2,ENB
2024-11-26T12:00:00.000000000Z,34,2,16192,49.24,49.25,49.24,49.25,57,TRP
2024-11-26T13:00:00.000000000Z,34,2,16192,49.09,49.09,49.06,49.06,158,TRP
2024-11-26T13:00:00.000000000Z,34,2,5158,42.71,42.8,42.71,42.78,767,ENB
2024-11-26T14:00:00.000000000Z,34,2,16192,48.96,48.96,48.41,48.695,11066,TRP
2024-11-26T14:00:00.000000000Z,34,2,5158,42.74,42.86,42.59,42.74,24206,ENB
2024-11-26T15:00:00.000000000Z,34,2,16192,48.79,48.91,48.56,48.67,15349,TRP
2024-11-26T15:00:00.000000000Z,34,2,5158,42.76,42.82,42.45,42.505,36631,ENB
2024-11-26T16:00:00.000000000Z,34,2,5158,42.49,42.505,42.31,42.475,40842,ENB
2024-11-26T16:00:00.000000000Z,34,2,16192,48.66,48.76,48.5,48.64,10464,TRP
2024-11-26T17:00:00.000000000Z,34,2,5158,42.485,42.605,42.46,42.56,29940,ENB
2024-11-26T17:00:00.000000000Z,34,2,16192,48.64,48.65,48.48,48.56,12461,TRP
2024-11-26T18:00:00.000000000Z,34,2,16192,48.57,48.61,48.395,48.57,18721,TRP
2024-11-26T18:00:00.000000000Z,34,2,5158,42.56,42.58,42.385,42.475,41706,ENB
2024-11-26T19:00:00.000000000Z,34,2,16192,48.58,48.62,48.26,48.425,22622,TRP
2024-11-26T19:00:00.000000000Z,34,2,5158,42.475,42.52,42.35,42.52,33800,ENB
2024-11-26T20:00:00.000000000Z,34,2,5158,42.525,42.73,42.525,42.71,125014,ENB
2024-11-26T20:00:00.000000000Z,34,2,16192,48.44,48.79,48.375,48.73,61373,TRP
2024-11-27T10:00:00.000000000Z,34,2,5158,42.67,42.67,42.66,42.66,17,ENB
2024-11-27T11:00:00.000000000Z,34,2,16192,48.74,48.74,48.74,48.74,2,TRP
2024-11-27T11:00:00.000000000Z,34,2,5158,43.02,43.02,43.02,43.02,23,ENB
2024-11-27T12:00:00.000000000Z,34,2,5158,42.66,42.68,42.66,42.68,7,ENB
2024-11-27T13:00:00.000000000Z,34,2,16192,48.76,49.1,48.74,49.1,165,TRP
2024-11-27T14:00:00.000000000Z,34,2,5158,42.69,42.7,42.52,42.69,25076,ENB
2024-11-27T14:00:00.000000000Z,34,2,16192,48.63,48.83,48.45,48.825,7607,TRP
2024-11-27T15:00:00.000000000Z,34,2,5158,42.695,42.855,42.62,42.82,34355,ENB
2024-11-27T15:00:00.000000000Z,34,2,16192,48.845,48.93,48.74,48.86,25225,TRP
2024-11-27T16:00:00.000000000Z,34,2,16192,48.86,48.945,48.81,48.88,12836,TRP
2024-11-27T16:00:00.000000000Z,34,2,5158,42.8,42.9,42.76,42.865,39641,ENB
2024-11-27T17:00:00.000000000Z,34,2,16192,48.86,48.87,48.72,48.79,12986,TRP
2024-11-27T17:00:00.000000000Z,34,2,5158,42.86,42.93,42.83,42.91,25464,ENB
2024-11-27T18:00:00.000000000Z,34,2,16192,48.79,48.8,48.41,48.42,38945,TRP
2024-11-27T18:00:00.000000000Z,34,2,5158,42.91,42.93,42.725,42.755,22863,ENB
2024-11-27T19:00:00.000000000Z,34,2,16192,48.42,48.56,48.41,48.47,21428,TRP
2024-11-27T19:00:00.000000000Z,34,2,5158,42.755,42.84,42.74,42.82,25249,ENB
2024-11-27T20:00:00.000000000Z,34,2,16192,48.47,48.62,48.405,48.42,118810,TRP
2024-11-27T20:00:00.000000000Z,34,2,5158,42.82,42.96,42.795,42.885,70968,ENB
2024-11-27T21:00:00.000000000Z,34,2,5158,42.81,42.81,42.81,42.81,4,ENB
2024-11-27T21:00:00.000000000Z,34,2,16192,48.73,48.73,48.73,48.73,1,TRP
2024-11-29T12:00:00.000000000Z,34,2,5158,42.96,42.97,42.96,42.97,11,ENB
2024-11-29T14:00:00.000000000Z,34,2,16192,48.79,48.79,48.09,48.54,6352,TRP
2024-11-29T14:00:00.000000000Z,34,2,5158,42.9,43.11,42.81,43.11,18368,ENB
2024-11-29T15:00:00.000000000Z,34,2,16192,48.52,48.79,48.52,48.71,15510,TRP
2024-11-29T15:00:00.000000000Z,34,2,5158,43.11,43.23,43.08,43.18,24485,ENB
2024-11-29T16:00:00.000000000Z,34,2,5158,43.17,43.3,43.17,43.3,30395,ENB
2024-11-29T16:00:00.000000000Z,34,2,16192,48.71,48.81,48.66,48.73,29772,TRP
2024-11-29T17:00:00.000000000Z,34,2,16192,48.75,48.95,48.75,48.9,59774,TRP
2024-11-29T17:00:00.000000000Z,34,2,5158,43.31,43.51,43.31,43.39,149960,ENB
2024-11-29T18:00:00.000000000Z,34,2,5158,43.38,43.38,43.38,43.38,1,ENB
2024-11-29T19:00:00.000000000Z,34,2,5158,43.32,43.36,43.32,43.36,195,ENB
2024-11-29T20:00:00.000000000Z,34,2,5158,43.4,43.4,43.4,43.4,2,ENB
2024-11-29T21:00:00.000000000Z,34,2,16192,48.87,48.87,48.87,48.87,1,TRP
2024-12-02T09:00:00.000000000Z,34,2,5158,43.54,43.54,43.54,43.54,20,ENB
2024-12-02T12:00:00.000000000Z,34,2,5158,43.48,43.48,43.48,43.48,43,ENB
2024-12-02T13:00:00.000000000Z,34,2,16192,48.95,48.98,48.85,48.85,162,TRP
2024-12-02T13:00:00.000000000Z,34,2,5158,43.36,43.36,43.33,43.33,747,ENB
2024-12-02T14:00:00.000000000Z,34,2,16192,48.84,48.99,48.135,48.19,7738,TRP
2024-12-02T14:00:00.000000000Z,34,2,5158,43.33,43.33,42.74,42.79,24650,ENB
2024-12-02T15:00:00.000000000Z,34,2,16192,48.19,48.23,47.92,47.96,15864,TRP
2024-12-02T15:00:00.000000000Z,34,2,5158,42.77,42.85,42.69,42.79,39242,ENB
2024-12-02T16:00:00.000000000Z,34,2,5158,42.795,43.01,42.74,42.89,55143,ENB
2024-12-02T16:00:00.000000000Z,34,2,16192,47.94,48.15,47.88,48.06,13369,TRP
2024-12-02T17:00:00.000000000Z,34,2,5158,42.89,43.16,42.885,43.13,46155,ENB
2024-12-02T17:00:00.000000000Z,34,2,16192,48.06,48.37,48.04,48.32,10230,TRP
2024-12-02T18:00:00.000000000Z,34,2,5158,43.14,43.235,43.105,43.23,37711,ENB
2024-12-02T18:00:00.000000000Z,34,2,16192,48.31,48.4,48.28,48.39,7819,TRP
2024-12-02T19:00:00.000000000Z,34,2,5158,43.225,43.305,43.17,43.205,54848,ENB
2024-12-02T19:00:00.000000000Z,34,2,16192,48.38,48.46,48.36,48.36,19538,TRP
2024-12-02T20:00:00.000000000Z,34,2,16192,48.355,48.605,48.28,48.595,95350,TRP
2024-12-02T20:00:00.000000000Z,34,2,5158,43.2,43.46,43.15,43.38,254708,ENB
2024-12-02T21:00:00.000000000Z,34,2,5158,43.35,43.35,43.34,43.35,5036,ENB
2024-12-03T10:00:00.000000000Z,34,2,16192,48.77,48.77,48.77,48.77,1,TRP
2024-12-03T11:00:00.000000000Z,34,2,5158,43.37,43.37,43.36,43.36,8,ENB
2024-12-03T12:00:00.000000000Z,34,2,5158,43.71,43.71,43.71,43.71,100,ENB
2024-12-03T13:00:00.000000000Z,34,2,16192,48.75,48.78,48.75,48.78,75,TRP
2024-12-03T14:00:00.000000000Z,34,2,16192,48.61,49.14,48.61,49.01,13061,TRP
2024-12-03T14:00:00.000000000Z,34,2,5158,43.54,43.86,43.48,43.62,56268,ENB
2024-12-03T15:00:00.000000000Z,34,2,16192,49.01,49.02,48.61,48.62,22751,TRP
2024-12-03T15:00:00.000000000Z,34,2,5158,43.61,43.74,43.49,43.52,117372,ENB
2024-12-03T16:00:00.000000000Z,34,2,16192,48.63,48.8,48.46,48.75,15542,TRP
2024-12-03T16:00:00.000000000Z,34,2,5158,43.51,43.64,43.465,43.525,55633,ENB
2024-12-03T17:00:00.000000000Z,34,2,16192,48.75,49.04,48.74,49.01,24512,TRP
2024-12-03T17:00:00.000000000Z,34,2,5158,43.53,43.81,43.53,43.795,26773,ENB
2024-12-03T18:00:00.000000000Z,34,2,5158,43.8,43.885,43.745,43.76,38980,ENB
2024-12-03T18:00:00.000000000Z,34,2,16192,49.02,49.04,48.84,48.84,14586,TRP
2024-12-03T19:00:00.000000000Z,34,2,16192,48.84,48.875,48.72,48.75,20686,TRP
2024-12-03T19:00:00.000000000Z,34,2,5158,43.73,43.73,43.61,43.625,37316,ENB
2024-12-03T20:00:00.000000000Z,34,2,5158,43.62,43.76,43.455,43.49,157810,ENB
2024-12-03T20:00:00.000000000Z,34,2,16192,48.74,48.86,48.65,48.65,96215,TRP
2024-12-03T22:00:00.000000000Z,34,2,5158,43.55,43.55,43.52,43.52,13,ENB
2024-12-04T11:00:00.000000000Z,34,2,5158,43.49,43.49,43.49,43.49,3,ENB
2024-12-04T14:00:00.000000000Z,34,2,16192,48.72,48.955,48.44,48.56,4746,TRP
2024-12-04T14:00:00.000000000Z,34,2,5158,43.56,44.02,43.53,43.74,18995,ENB
2024-12-04T15:00:00.000000000Z,34,2,5158,43.76,43.85,43.52,43.6,91834,ENB
2024-12-04T15:00:00.000000000Z,34,2,16192,48.58,48.65,48.24,48.36,18680,TRP
2024-12-04T16:00:00.000000000Z,34,2,16192,48.38,48.43,48.26,48.33,17205,TRP
2024-12-04T16:00:00.000000000Z,34,2,5158,43.61,43.665,43.48,43.625,42335,ENB
2024-12-04T17:00:00.000000000Z,34,2,16192,48.34,48.4,48.17,48.255,11868,TRP
2024-12-04T17:00:00.000000000Z,34,2,5158,43.62,43.71,43.48,43.56,32655,ENB
2024-12-04T18:00:00.000000000Z,34,2,16192,48.25,48.32,48.14,48.28,12162,TRP
2024-12-04T18:00:00.000000000Z,34,2,5158,43.555,43.56,43.45,43.53,26032,ENB
2024-12-04T19:00:00.000000000Z,34,2,16192,48.29,48.56,48.28,48.54,21742,TRP
2024-12-04T19:00:00.000000000Z,34,2,5158,43.53,43.59,43.51,43.585,20607,ENB
2024-12-04T20:00:00.000000000Z,34,2,16192,48.54,49.035,48.48,49.01,125268,TRP
2024-12-04T20:00:00.000000000Z,34,2,5158,43.58,43.68,43.575,43.65,67156,ENB
2024-12-04T21:00:00.000000000Z,34,2,16192,48.77,49.0,48.77,49.0,39,TRP
2024-12-04T22:00:00.000000000Z,34,2,5158,43.64,43.64,43.64,43.64,1,ENB
2024-12-04T22:00:00.000000000Z,34,2,16192,49.02,49.03,49.02,49.03,3,TRP
2024-12-05T09:00:00.000000000Z,34,2,5158,43.64,43.64,43.64,43.64,2,ENB
2024-12-05T12:00:00.000000000Z,34,2,5158,43.65,43.65,43.64,43.64,4,ENB
2024-12-05T13:00:00.000000000Z,34,2,5158,43.59,43.59,43.56,43.59,196,ENB
2024-12-05T14:00:00.000000000Z,34,2,5158,43.59,43.96,43.5,43.95,18719,ENB
2024-12-05T14:00:00.000000000Z,34,2,16192,49.02,49.4,48.95,49.23,15003,TRP
2024-12-05T15:00:00.000000000Z,34,2,5158,43.96,44.06,43.92,44.015,21282,ENB
2024-12-05T15:00:00.000000000Z,34,2,16192,49.2,49.24,48.98,49.11,15029,TRP
2024-12-05T16:00:00.000000000Z,34,2,5158,44.01,44.05,43.98,44.015,33742,ENB
2024-12-05T16:00:00.000000000Z,34,2,16192,49.12,49.15,49.02,49.1,18868,TRP
2024-12-05T17:00:00.000000000Z,34,2,16192,49.095,49.17,49.06,49.12,16209,TRP
2024-12-05T17:00:00.000000000Z,34,2,5158,44.02,44.05,43.985,44.02,17174,ENB
2024-12-05T18:00:00.000000000Z,34,2,16192,49.115,49.22,49.09,49.17,46816,TRP
2024-12-05T18:00:00.000000000Z,34,2,5158,44.03,44.13,44.01,44.125,19884,ENB
2024-12-05T19:00:00.000000000Z,34,2,16192,49.165,49.19,49.07,49.155,16245,TRP
2024-12-05T19:00:00.000000000Z,34,2,5158,44.115,44.13,44.06,44.075,22267,ENB
2024-12-05T20:00:00.000000000Z,34,2,16192,49.15,49.18,48.925,48.96,69711,TRP
2024-12-05T20:00:00.000000000Z,34,2,5158,44.065,44.065,43.89,43.91,79993,ENB
2024-12-06T10:00:00.000000000Z,34,2,5158,44.22,44.22,44.22,44.22,27,ENB
2024-12-06T13:00:00.000000000Z,34,2,5158,43.95,43.97,43.94,43.94,485,ENB
2024-12-06T14:00:00.000000000Z,34,2,5158,43.89,43.89,43.38,43.4,19674,ENB
2024-12-06T14:00:00.000000000Z,34,2,16192,49.0,49.11,48.27,48.39,6684,TRP
2024-12-06T15:00:00.000000000Z,34,2,5158,43.39,43.395,43.18,43.35,49371,ENB
2024-12-06T15:00:00.000000000Z,34,2,16192,48.34,48.38,48.21,48.38,11014,TRP
2024-12-06T16:00:00.000000000Z,34,2,5158,43.34,43.395,43.27,43.335,21042,ENB
2024-12-06T16:00:00.000000000Z,34,2,16192,48.38,48.42,48.265,48.41,12323,TRP
2024-12-06T17:00:00.000000000Z,34,2,16192,48.41,48.445,48.32,48.37,17306,TRP
2024-12-06T17:00:00.000000000Z,34,2,5158,43.32,43.34,43.24,43.275,12861,ENB
2024-12-06T18:00:00.000000000Z,34,2,5158,43.27,43.375,43.23,43.345,31945,ENB
2024-12-06T18:00:00.000000000Z,34,2,16192,48.375,48.47,48.32,48.405,11073,TRP
2024-12-06T19:00:00.000000000Z,34,2,5158,43.34,43.355,43.16,43.175,16991,ENB
2024-12-06T19:00:00.000000000Z,34,2,16192,48.4,48.41,48.235,48.245,14443,TRP
2024-12-06T20:00:00.000000000Z,34,2,16192,48.25,48.35,48.22,48.26,103767,TRP
2024-12-06T20:00:00.000000000Z,34,2,5158,43.175,43.255,43.125,43.135,109248,ENB
2024-12-09T10:00:00.000000000Z,34,2,5158,43.15,43.15,43.15,43.15,5,ENB
2024-12-09T11:00:00.000000000Z,34,2,5158,43.5,43.5,43.5,43.5,2,ENB
2024-12-09T11:00:00.000000000Z,34,2,16192,48.73,48.73,48.73,48.73,1,TRP
2024-12-09T13:00:00.000000000Z,34,2,16192,48.5,48.5,48.5,48.5,4,TRP
2024-12-09T13:00:00.000000000Z,34,2,5158,43.3,43.3,43.3,43.3,52,ENB
2024-12-09T14:00:00.000000000Z,34,2,16192,48.5,48.69,48.115,48.36,16736,TRP
2024-12-09T14:00:00.000000000Z,34,2,5158,43.3,43.51,43.08,43.2,23002,ENB
2024-12-09T15:00:00.000000000Z,34,2,5158,43.21,43.22,42.97,43.02,20137,ENB
2024-12-09T15:00:00.000000000Z,34,2,16192,48.36,48.36,48.02,48.1,11711,TRP
2024-12-09T16:00:00.000000000Z,34,2,16192,48.09,48.24,47.99,48.045,12021,TRP
2024-12-09T16:00:00.000000000Z,34,2,5158,43.02,43.12,42.98,43.005,34643,ENB
2024-12-09T17:00:00.000000000Z,34,2,16192,48.04,48.04,47.58,47.62,15587,TRP
2024-12-09T17:00:00.000000000Z,34,2,5158,43.0,43.005,42.805,42.805,20362,ENB
2024-12-09T18:00:00.000000000Z,34,2,16192,47.6,47.65,47.46,47.59,18085,TRP
2024-12-09T18:00:00.000000000Z,34,2,5158,42.81,42.81,42.625,42.625,23258,ENB
2024-12-09T19:00:00.000000000Z,34,2,5158,42.62,42.68,42.545,42.56,13097,ENB
2024-12-09T19:00:00.000000000Z,34,2,16192,47.59,47.64,47.34,47.405,38844,TRP
2024-12-09T20:00:00.000000000Z,34,2,5158,42.57,42.61,42.35,42.35,114824,ENB
2024-12-09T20:00:00.000000000Z,34,2,16192,47.4,47.46,47.25,47.35,95237,TRP
2024-12-09T21:00:00.000000000Z,34,2,5158,42.36,42.36,42.36,42.36,45,ENB
2024-12-09T23:00:00.000000000Z,34,2,16192,47.53,47.53,47.51,47.51,12,TRP
2024-12-10T09:00:00.000000000Z,34,2,16192,47.37,47.37,47.37,47.37,2,TRP
2024-12-10T14:00:00.000000000Z,34,2,5158,42.58,42.58,42.14,42.27,39205,ENB
2024-12-10T14:00:00.000000000Z,34,2,16192,47.26,47.44,47.03,47.33,19453,TRP
2024-12-10T15:00:00.000000000Z,34,2,16192,47.32,47.34,47.1,47.32,21474,TRP
2024-12-10T15:00:00.000000000Z,34,2,5158,42.275,42.415,42.17,42.41,65492,ENB
2024-12-10T16:00:00.000000000Z,34,2,5158,42.39,42.46,42.255,42.275,29617,ENB
2024-12-10T16:00:00.000000000Z,34,2,16192,47.31,47.34,47.19,47.22,12488,TRP
2024-12-10T17:00:00.000000000Z,34,2,16192,47.22,47.23,47.08,47.12,11417,TRP
2024-12-10T17:00:00.000000000Z,34,2,5158,42.28,42.31,42.23,42.28,15420,ENB
2024-12-10T18:00:00.000000000Z,34,2,16192,47.11,47.24,47.06,47.22,15246,TRP
2024-12-10T18:00:00.000000000Z,34,2,5158,42.28,42.38,42.215,42.38,23040,ENB
2024-12-10T19:00:00.000000000Z,34,2,5158,42.365,42.425,42.34,42.4,19331,ENB
2024-12-10T19:00:00.000000000Z,34,2,16192,47.21,47.38,47.2,47.31,29186,TRP
2024-12-10T20:00:00.000000000Z,34,2,5158,42.405,42.42,42.255,42.315,98077,ENB
2024-12-10T20:00:00.000000000Z,34,2,16192,47.31,47.325,47.115,47.185,75364,TRP
2024-12-10T21:00:00.000000000Z,34,2,5158,42.27,42.27,42.27,42.27,7,ENB
2024-12-11T13:00:00.000000000Z,34,2,5158,42.44,42.44,42.43,42.43,17,ENB
2024-12-11T14:00:00.000000000Z,34,2,16192,47.295,47.4,47.15,47.16,7758,TRP
2024-12-11T14:00:00.000000000Z,34,2,5158,42.425,42.66,42.33,42.5,13655,ENB
2024-12-11T15:00:00.000000000Z,34,2,16192,47.17,47.33,47.14,47.33,31818,TRP
2024-12-11T15:00:00.000000000Z,34,2,5158,42.49,42.58,42.46,42.57,29539,ENB
2024-12-11T16:00:00.000000000Z,34,2,16192,47.32,47.43,47.21,47.34,21737,TRP
2024-12-11T16:00:00.000000000Z,34,2,5158,42.57,42.735,42.53,42.7,36760,ENB
2024-12-11T17:00:00.000000000Z,34,2,16192,47.34,47.37,47.095,47.13,12237,TRP
2024-12-11T17:00:00.000000000Z,34,2,5158,42.7,42.72,42.42,42.43,18311,ENB
2024-12-11T18:00:00.000000000Z,34,2,16192,47.13,47.24,47.13,47.13,11834,TRP
2024-12-11T18:00:00.000000000Z,34,2,5158,42.44,42.485,42.3,42.3,15944,ENB
2024-12-11T19:00:00.000000000Z,34,2,5158,42.29,42.51,42.27,42.45,29898,ENB
2024-12-11T19:00:00.000000000Z,34,2,16192,47.13,47.36,47.12,47.295,16594,TRP
2024-12-11T20:00:00.000000000Z,34,2,16192,47.295,47.355,47.19,47.29,67440,TRP
2024-12-11T20:00:00.000000000Z,34,2,5158,42.455,42.465,42.27,42.345,59437,ENB
2024-12-11T21:00:00.000000000Z,34,2,5158,42.34,42.34,42.34,42.34,2,ENB
2024-12-12T13:00:00.000000000Z,34,2,5158,42.34,42.36,42.33,42.36,543,ENB
2024-12-12T14:00:00.000000000Z,34,2,5158,42.35,42.36,42.03,42.26,18713,ENB
2024-12-12T14:00:00.000000000Z,34,2,16192,47.12,47.38,46.68,47.28,16812,TRP
2024-12-12T15:00:00.000000000Z,34,2,16192,47.25,47.33,46.86,46.98,18536,TRP
2024-12-12T15:00:00.000000000Z,34,2,5158,42.27,42.29,42.08,42.195,24688,ENB
2024-12-12T16:00:00.000000000Z,34,2,5158,42.19,42.31,42.19,42.205,16664,ENB
2024-12-12T16:00:00.000000000Z,34,2,16192,46.97,47.12,46.8,46.83,18556,TRP
2024-12-12T17:00:00.000000000Z,34,2,5158,42.2,42.265,42.165,42.22,18450,ENB
2024-12-12T17:00:00.000000000Z,34,2,16192,46.815,47.01,46.78,46.83,8001,TRP
2024-12-12T18:00:00.000000000Z,34,2,16192,46.84,46.895,46.705,46.71,7475,TRP
2024-12-12T18:00:00.000000000Z,34,2,5158,42.215,42.22,42.08,42.08,13461,ENB
2024-12-12T19:00:00.000000000Z,34,2,5158,42.08,42.135,41.95,42.0,23201,ENB
2024-12-12T19:00:00.000000000Z,34,2,16192,46.705,46.81,46.64,46.67,8592,TRP
2024-12-12T20:00:00.000000000Z,34,2,16192,46.67,46.84,46.62,46.79,62496,TRP
2024-12-12T20:00:00.000000000Z,34,2,5158,42.005,42.09,41.97,42.045,74302,ENB
2024-12-12T22:00:00.000000000Z,34,2,16192,46.57,46.57,46.57,46.57,1,TRP
2024-12-13T09:00:00.000000000Z,34,2,5158,42.3,42.3,42.3,42.3,1,ENB
2024-12-13T13:00:00.000000000Z,34,2,5158,42.2,42.2,42.2,42.2,2,ENB
2024-12-13T14:00:00.000000000Z,34,2,5158,42.23,42.29,41.765,41.775,18277,ENB
2024-12-13T14:00:00.000000000Z,34,2,16192,46.71,46.71,46.315,46.39,10373,TRP
2024-12-13T15:00:00.000000000Z,34,2,16192,46.37,46.47,46.28,46.33,25405,TRP
2024-12-13T15:00:00.000000000Z,34,2,5158,41.755,41.89,41.755,41.825,32922,ENB
2024-12-13T16:00:00.000000000Z,34,2,5158,41.82,41.955,41.78,41.915,29255,ENB
2024-12-13T16:00:00.000000000Z,34,2,16192,46.32,46.36,46.21,46.345,41620,TRP
2024-12-13T17:00:00.000000000Z,34,2,16192,46.36,46.36,46.03,46.12,55128,TRP
2024-12-13T17:00:00.000000000Z,34,2,5158,41.91,41.915,41.745,41.76,33484,ENB
2024-12-13T18:00:00.000000000Z,34,2,16192,46.12,46.465,46.09,46.42,45779,TRP
2024-12-13T18:00:00.000000000Z,34,2,5158,41.755,41.96,41.755,41.935,36762,ENB
2024-12-13T19:00:00.000000000Z,34,2,16192,46.42,46.54,46.38,46.41,46557,TRP
2024-12-13T19:00:00.000000000Z,34,2,5158,41.935,42.0,41.905,41.925,26275,ENB
2024-12-13T20:00:00.000000000Z,34,2,5158,41.93,41.975,41.88,41.915,98732,ENB
2024-12-13T20:00:00.000000000Z,34,2,16192,46.41,46.6,46.37,46.445,165082,TRP
2024-12-16T09:00:00.000000000Z,34,2,5158,42.0,42.0,42.0,42.0,3,ENB
2024-12-16T10:00:00.000000000Z,34,2,16192,46.47,46.47,46.47,46.47,1,TRP
2024-12-16T10:00:00.000000000Z,34,2,5158,41.9,41.9,41.9,41.9,5,ENB
2024-12-16T11:00:00.000000000Z,34,2,5158,41.9,41.9,41.9,41.9,7,ENB
2024-12-16T12:00:00.000000000Z,34,2,5158,41.77,41.77,41.76,41.76,118,ENB
2024-12-16T13:00:00.000000000Z,34,2,5158,41.78,41.78,41.78,41.78,10,ENB
2024-12-16T14:00:00.000000000Z,34,2,5158,41.82,41.99,41.575,41.66,15128,ENB
2024-12-16T14:00:00.000000000Z,34,2,16192,46.3,46.35,45.83,46.12,8166,TRP
2024-12-16T15:00:00.000000000Z,34,2,5158,41.66,41.68,41.39,41.59,36953,ENB
2024-12-16T15:00:00.000000000Z,34,2,16192,46.17,46.22,45.92,46.07,13467,TRP
2024-12-16T16:00:00.000000000Z,34,2,5158,41.57,41.61,41.445,41.575,36326,ENB
2024-12-16T16:00:00.000000000Z,34,2,16192,46.09,46.2,46.01,46.16,22019,TRP
2024-12-16T17:00:00.000000000Z,34,2,16192,46.16,46.225,46.12,46.22,8530,TRP
2024-12-16T17:00:00.000000000Z,34,2,5158,41.57,41.57,41.49,41.56,26479,ENB
2024-12-16T18:00:00.000000000Z,34,2,16192,46.22,46.315,46.175,46.295,13828,TRP
2024-12-16T18:00:00.000000000Z,34,2,5158,41.56,41.595,41.49,41.56,28936,ENB
2024-12-16T19:00:00.000000000Z,34,2,5158,41.565,41.6,41.475,41.51,42995,ENB
2024-12-16T19:00:00.000000000Z,34,2,16192,46.3,46.31,46.17,46.25,14234,TRP
2024-12-16T20:00:00.000000000Z,34,2,16192,46.25,46.28,46.04,46.045,86402,TRP
2024-12-16T20:00:00.000000000Z,34,2,5158,41.505,41.59,41.465,41.565,112704,ENB
2024-12-16T21:00:00.000000000Z,34,2,5158,41.57,41.57,41.56,41.56,10,ENB
2024-12-16T23:00:00.000000000Z,34,2,5158,41.55,41.55,41.55,41.55,32,ENB
2024-12-17T10:00:00.000000000Z,34,2,5158,41.54,41.54,41.51,41.51,136,ENB
2024-12-17T11:00:00.000000000Z,34,2,5158,41.45,41.45,41.44,41.44,296,ENB
2024-12-17T12:00:00.000000000Z,34,2,16192,45.68,45.68,45.68,45.68,7,TRP
2024-12-17T13:00:00.000000000Z,34,2,5158,41.4,41.4,41.38,41.38,830,ENB
2024-12-17T14:00:00.000000000Z,34,2,5158,41.27,41.4,41.17,41.37,12843,ENB
2024-12-17T14:00:00.000000000Z,34,2,16192,46.07,46.23,45.76,46.23,10821,TRP
2024-12-17T15:00:00.000000000Z,34,2,16192,46.24,46.38,46.13,46.31,25426,TRP
2024-12-17T15:00:00.000000000Z,34,2,5158,41.38,41.51,41.31,41.34,35128,ENB
2024-12-17T16:00:00.000000000Z,34,2,16192,46.31,46.35,46.0,46.16,17339,TRP
2024-12-17T16:00:00.000000000Z,34,2,5158,41.34,41.38,41.1,41.23,31561,ENB
2024-12-17T17:00:00.000000000Z,34,2,5158,41.24,41.265,41.18,41.26,18850,ENB
2024-12-17T17:00:00.000000000Z,34,2,16192,46.15,46.16,46.0,46.05,9865,TRP
2024-12-17T18:00:00.000000000Z,34,2,16192,46.04,46.085,45.97,45.99,15148,TRP
2024-12-17T18:00:00.000000000Z,34,2,5158,41.26,41.35,41.24,41.335,20373,ENB
2024-12-17T19:00:00.000000000Z,34,2,5158,41.34,41.365,41.23,41.31,27212,ENB
2024-12-17T19:00:00.000000000Z,34,2,16192,45.99,46.0,45.795,45.82,28436,TRP
2024-12-17T20:00:00.000000000Z,34,2,16192,45.83,46.16,45.81,46.055,129505,TRP
2024-12-17T20:00:00.000000000Z,34,2,5158,41.315,41.405,41.23,41.4,62589,ENB
2024-12-18T09:00:00.000000000Z,34,2,5158,41.4,41.4,41.4,41.4,60,ENB
2024-12-18T09:00:00.000000000Z,34,2,16192,45.68,45.68,45.68,45.68,1,TRP
2024-12-18T11:00:00.000000000Z,34,2,5158,41.64,41.64,41.64,41.64,50,ENB
2024-12-18T11:00:00.000000000Z,34,2,16192,45.8,45.8,45.8,45.8,52,TRP
2024-12-18T13:00:00.000000000Z,34,2,16192,46.07,46.07,45.99,46.0,360,TRP
2024-12-18T14:00:00.000000000Z,34,2,5158,41.41,41.41,41.14,41.23,15799,ENB
2024-12-18T14:00:00.000000000Z,34,2,16192,46.02,46.02,45.83,45.96,6759,TRP
2024-12-18T15:00:00.000000000Z,34,2,16192,45.96,45.99,45.81,45.97,25487,TRP
2024-12-18T15:00:00.000000000Z,34,2,5158,41.22,41.315,41.15,41.31,24301,ENB
2024-12-18T16:00:00.000000000Z,34,2,5158,41.31,41.325,41.24,41.27,17175,ENB
2024-12-18T16:00:00.000000000Z,34,2,16192,45.99,46.11,45.91,46.1,15143,TRP
2024-12-18T17:00:00.000000000Z,34,2,5158,41.26,41.325,41.2,41.245,16507,ENB
2024-12-18T17:00:00.000000000Z,34,2,16192,46.09,46.175,45.995,46.17,15398,TRP
2024-12-18T18:00:00.000000000Z,34,2,16192,46.16,46.185,46.04,46.085,21689,TRP
2024-12-18T18:00:00.000000000Z,34,2,5158,41.245,41.26,41.11,41.22,40388,ENB
2024-12-18T19:00:00.000000000Z,34,2,16192,46.08,46.08,45.45,45.47,30952,TRP
2024-12-18T19:00:00.000000000Z,34,2,5158,41.21,41.21,40.78,40.81,95938,ENB
2024-12-18T20:00:00.000000000Z,34,2,16192,45.48,45.575,45.095,45.105,126741,TRP
2024-12-18T20:00:00.000000000Z,34,2,5158,40.825,40.975,40.51,40.52,175328,ENB
2024-12-18T21:00:00.000000000Z,34,2,5158,40.53,40.53,40.53,40.53,7,ENB
2024-12-18T21:00:00.000000000Z,34,2,16192,45.1,45.1,45.1,45.1,1,TRP
2024-12-18T22:00:00.000000000Z,34,2,5158,40.55,40.55,40.52,40.52,127,ENB
2024-12-18T23:00:00.000000000Z,34,2,16192,45.0,45.0,45.0,45.0,50,TRP
2024-12-19T09:00:00.000000000Z,34,2,5158,41.02,41.02,41.02,41.02,3,ENB
2024-12-19T10:00:00.000000000Z,34,2,5158,40.52,40.52,40.52,40.52,21,ENB
2024-12-19T12:00:00.000000000Z,34,2,16192,45.68,45.68,45.68,45.68,1,TRP
2024-12-19T12:00:00.000000000Z,34,2,5158,40.57,40.57,40.57,40.57,4,ENB
2024-12-19T13:00:00.000000000Z,34,2,5158,40.82,40.82,40.81,40.81,179,ENB
2024-12-19T14:00:00.000000000Z,34,2,16192,45.39,45.63,45.37,45.39,12922,TRP
2024-12-19T14:00:00.000000000Z,34,2,5158,40.79,41.06,40.65,40.71,24095,ENB
2024-12-19T15:00:00.000000000Z,34,2,5158,40.71,40.87,40.46,40.87,61611,ENB
2024-12-19T15:00:00.000000000Z,34,2,16192,45.4,45.49,45.13,45.49,17003,TRP
2024-12-19T16:00:00.000000000Z,34,2,16192,45.48,45.69,45.34,45.41,14441,TRP
2024-12-19T16:00:00.000000000Z,34,2,5158,40.855,41.13,40.79,40.86,64560,ENB
2024-12-19T17:00:00.000000000Z,34,2,5158,40.85,40.885,40.74,40.845,28432,ENB
2024-12-19T17:00:00.000000000Z,34,2,16192,45.41,45.43,45.27,45.35,10767,TRP
2024-12-19T18:00:00.000000000Z,34,2,16192,45.35,45.395,45.26,45.38,9135,TRP
2024-12-19T18:00:00.000000000Z,34,2,5158,40.84,40.975,40.76,40.95,37002,ENB
2024-12-19T19:00:00.000000000Z,34,2,16192,45.37,45.375,45.24,45.26,11993,TRP
2024-12-19T19:00:00.000000000Z,34,2,5158,40.95,40.95,40.78,40.78,55508,ENB
2024-12-19T20:00:00.000000000Z,34,2,5158,40.775,40.91,40.665,40.685,186611,ENB
2024-12-19T20:00:00.000000000Z,34,2,16192,45.255,45.58,45.235,45.31,73402,TRP
2024-12-19T21:00:00.000000000Z,34,2,5158,40.69,40.69,40.69,40.69,3,ENB
2024-12-20T09:00:00.000000000Z,34,2,5158,41.03,41.03,41.03,41.03,8,ENB
2024-12-20T12:00:00.000000000Z,34,2,5158,40.9,40.9,40.9,40.9,50,ENB
2024-12-20T13:00:00.000000000Z,34,2,5158,40.75,40.75,40.61,40.61,55,ENB
2024-12-20T13:00:00.000000000Z,34,2,16192,45.2,45.2,45.19,45.19,316,TRP
2024-12-20T14:00:00.000000000Z,34,2,16192,45.2,45.32,44.72,45.19,10465,TRP
2024-12-20T14:00:00.000000000Z,34,2,5158,40.64,40.815,40.36,40.71,15077,ENB
2024-12-20T15:00:00.000000000Z,34,2,16192,45.19,45.49,45.16,45.4,9890,TRP
2024-12-20T15:00:00.000000000Z,34,2,5158,40.7,40.99,40.68,40.89,31014,ENB
2024-12-20T16:00:00.000000000Z,34,2,16192,45.37,45.7,45.37,45.7,5781,TRP
2024-12-20T16:00:00.000000000Z,34,2,5158,40.88,41.06,40.88,41.06,30623,ENB
2024-12-20T17:00:00.000000000Z,34,2,5158,41.06,41.23,41.05,41.19,14172,ENB
2024-12-20T17:00:00.000000000Z,34,2,16192,45.7,45.82,45.67,45.8,7364,TRP
2024-12-20T18:00:00.000000000Z,34,2,16192,45.79,45.79,45.62,45.62,8745,TRP
2024-12-20T18:00:00.000000000Z,34,2,5158,41.18,41.195,41.09,41.09,15975,ENB
2024-12-20T19:00:00.000000000Z,34,2,16192,45.615,45.83,45.615,45.77,11599,TRP
2024-12-20T19:00:00.000000000Z,34,2,5158,41.08,41.27,41.08,41.24,18359,ENB
2024-12-20T20:00:00.000000000Z,34,2,5158,41.24,41.415,41.05,41.37,125473,ENB
2024-12-20T20:00:00.000000000Z,34,2,16192,45.78,45.8,45.52,45.78,48890,TRP
2024-12-20T21:00:00.000000000Z,34,2,5158,41.15,41.31,41.14,41.31,795,ENB
2024-12-23T13:00:00.000000000Z,34,2,5158,41.28,41.28,41.22,41.23,365,ENB
2024-12-23T13:00:00.000000000Z,34,2,16192,45.99,46.0,45.99,45.99,24,TRP
2024-12-23T14:00:00.000000000Z,34,2,16192,45.52,45.79,45.4,45.48,5000,TRP
2024-12-23T14:00:00.000000000Z,34,2,5158,41.2,41.34,41.16,41.18,17620,ENB
2024-12-23T15:00:00.000000000Z,34,2,5158,41.17,41.17,41.01,41.07,22208,ENB
2024-12-23T15:00:00.000000000Z,34,2,16192,45.45,45.5,45.28,45.44,9353,TRP
2024-12-23T16:00:00.000000000Z,34,2,16192,45.47,45.96,45.47,45.95,9056,TRP
2024-12-23T16:00:00.000000000Z,34,2,5158,41.07,41.47,41.07,41.455,17945,ENB
2024-12-23T17:00:00.000000000Z,34,2,5158,41.46,41.57,41.435,41.53,32828,ENB
2024-12-23T17:00:00.000000000Z,34,2,16192,45.96,46.07,45.94,45.97,14540,TRP
2024-12-23T18:00:00.000000000Z,34,2,5158,41.525,41.6,41.505,41.535,20918,ENB
2024-12-23T18:00:00.000000000Z,34,2,16192,45.98,46.08,45.98,46.005,5760,TRP
2024-12-23T19:00:00.000000000Z,34,2,16192,46.01,46.03,45.93,45.97,10589,TRP
2024-12-23T19:00:00.000000000Z,34,2,5158,41.54,41.57,41.5,41.545,27382,ENB
2024-12-23T20:00:00.000000000Z,34,2,16192,45.97,46.19,45.9,46.19,45978,TRP
2024-12-23T20:00:00.000000000Z,34,2,5158,41.55,41.81,41.525,41.805,108244,ENB
2024-12-24T10:00:00.000000000Z,34,2,16192,46.51,46.51,46.51,46.51,1,TRP
2024-12-24T11:00:00.000000000Z,34,2,16192,46.5,46.5,46.5,46.5,331,TRP
2024-12-24T12:00:00.000000000Z,34,2,16192,46.51,46.51,46.5,46.5,110,TRP
2024-12-24T12:00:00.000000000Z,34,2,5158,41.93,41.94,41.93,41.94,25,ENB
2024-12-24T13:00:00.000000000Z,34,2,5158,41.86,41.86,41.86,41.86,51,ENB
2024-12-24T14:00:00.000000000Z,34,2,16192,46.52,46.52,45.985,46.12,10377,TRP
2024-12-24T14:00:00.000000000Z,34,2,5158,41.86,41.9,41.62,41.73,8522,ENB
2024-12-24T15:00:00.000000000Z,34,2,16192,46.12,46.35,46.12,46.25,6255,TRP
2024-12-24T15:00:00.000000000Z,34,2,5158,41.73,41.9,41.71,41.78,18510,ENB
2024-12-24T16:00:00.000000000Z,34,2,5158,41.77,41.87,41.74,41.75,18434,ENB
2024-12-24T16:00:00.000000000Z,34,2,16192,46.25,46.33,46.14,46.14,5447,TRP
2024-12-24T17:00:00.000000000Z,34,2,5158,41.75,41.855,41.71,41.855,38388,ENB
2024-12-24T17:00:00.000000000Z,34,2,16192,46.12,46.27,46.12,46.26,28517,TRP
2024-12-24T20:00:00.000000000Z,34,2,5158,41.98,41.98,41.98,41.98,1,ENB
2024-12-26T10:00:00.000000000Z,34,2,16192,46.29,46.29,46.29,46.29,3,TRP
2024-12-26T11:00:00.000000000Z,34,2,5158,41.65,41.65,41.65,41.65,3,ENB
2024-12-26T13:00:00.000000000Z,34,2,5158,41.82,41.82,41.82,41.82,3,ENB
2024-12-26T14:00:00.000000000Z,34,2,5158,41.85,41.98,41.78,41.94,7337,ENB
2024-12-26T14:00:00.000000000Z,34,2,16192,46.15,46.24,46.05,46.23,3226,TRP
2024-12-26T15:00:00.000000000Z,34,2,16192,46.22,46.34,46.2,46.3,4045,TRP
2024-12-26T15:00:00.000000000Z,34,2,5158,41.94,41.96,41.81,41.865,8888,ENB
2024-12-26T16:00:00.000000000Z,34,2,16192,46.3,46.33,46.22,46.26,9448,TRP
2024-12-26T16:00:00.000000000Z,34,2,5158,41.87,41.965,41.865,41.91,9956,ENB
2024-12-26T17:00:00.000000000Z,34,2,5158,41.89,41.895,41.815,41.815,9168,ENB
2024-12-26T17:00:00.000000000Z,34,2,16192,46.26,46.26,46.02,46.02,6108,TRP
2024-12-26T18:00:00.000000000Z,34,2,5158,41.82,41.865,41.81,41.865,11261,ENB
2024-12-26T18:00:00.000000000Z,34,2,16192,46.03,46.09,45.99,46.05,8294,TRP
2024-12-26T19:00:00.000000000Z,34,2,5158,41.865,41.865,41.765,41.77,16960,ENB
2024-12-26T19:00:00.000000000Z,34,2,16192,46.05,46.05,45.95,45.96,5276,TRP
2024-12-26T20:00:00.000000000Z,34,2,5158,41.765,41.835,41.695,41.81,52927,ENB
2024-12-26T20:00:00.000000000Z,34,2,16192,45.96,46.14,45.92,46.085,36963,TRP
2024-12-26T21:00:00.000000000Z,34,2,5158,41.76,41.76,41.76,41.76,2,ENB
2024-12-27T12:00:00.000000000Z,34,2,5158,41.8,41.8,41.75,41.75,646,ENB
2024-12-27T13:00:00.000000000Z,34,2,5158,41.77,41.78,41.75,41.75,318,ENB
2024-12-27T14:00:00.000000000Z,34,2,16192,46.2,46.31,45.98,46.26,4753,TRP
2024-12-27T14:00:00.000000000Z,34,2,5158,41.72,41.9,41.65,41.835,22882,ENB
2024-12-27T15:00:00.000000000Z,34,2,16192,46.24,46.41,46.12,46.37,7992,TRP
2024-12-27T15:00:00.000000000Z,34,2,5158,41.835,41.94,41.725,41.89,31368,ENB
2024-12-27T16:00:00.000000000Z,34,2,16192,46.35,46.35,45.88,45.88,4937,TRP
2024-12-27T16:00:00.000000000Z,34,2,5158,41.885,41.885,41.605,41.61,16153,ENB
2024-12-27T17:00:00.000000000Z,34,2,16192,45.89,46.0,45.835,45.9,5232,TRP
2024-12-27T17:00:00.000000000Z,34,2,5158,41.59,41.68,41.53,41.65,19649,ENB
2024-12-27T18:00:00.000000000Z,34,2,16192,45.91,46.1,45.91,46.065,9416,TRP
2024-12-27T18:00:00.000000000Z,34,2,5158,41.66,41.73,41.645,41.73,15127,ENB
2024-12-27T19:00:00.000000000Z,34,2,5158,41.73,41.82,41.72,41.82,23555,ENB
2024-12-27T19:00:00.000000000Z,34,2,16192,46.06,46.23,46.06,46.22,7218,TRP
2024-12-27T20:00:00.000000000Z,34,2,16192,46.23,46.31,46.11,46.29,52289,TRP
2024-12-27T20:00:00.000000000Z,34,2,5158,41.82,41.87,41.72,41.835,71825,ENB
2024-12-30T09:00:00.000000000Z,34,2,5158,41.82,41.82,41.82,41.82,1,ENB
2024-12-30T12:00:00.000000000Z,34,2,5158,41.77,41.87,41.77,41.87,111,ENB
2024-12-30T13:00:00.000000000Z,34,2,5158,41.87,41.87,41.86,41.86,6,ENB
2024-12-30T14:00:00.000000000Z,34,2,5158,41.8,41.8,41.48,41.515,6976,ENB
2024-12-30T14:00:00.000000000Z,34,2,16192,46.09,46.09,45.88,45.88,3098,TRP
2024-12-30T15:00:00.000000000Z,34,2,16192,45.83,46.16,45.83,46.15,11314,TRP
2024-12-30T15:00:00.000000000Z,34,2,5158,41.49,41.66,41.47,41.66,18864,ENB
2024-12-30T16:00:00.000000000Z,34,2,5158,41.67,41.955,41.67,41.865,15818,ENB
2024-12-30T16:00:00.000000000Z,34,2,16192,46.17,46.41,46.165,46.36,5348,TRP
2024-12-30T17:00:00.000000000Z,34,2,5158,41.87,42.05,41.87,42.04,14784,ENB
2024-12-30T17:00:00.000000000Z,34,2,16192,46.36,46.58,46.36,46.51,6196,TRP
2024-12-30T18:00:00.000000000Z,34,2,16192,46.49,46.57,46.44,46.52,4455,TRP
2024-12-30T18:00:00.000000000Z,34,2,5158,42.03,42.13,42.02,42.08,31773,ENB
2024-12-30T19:00:00.000000000Z,34,2,5158,42.09,42.09,41.97,42.035,18691,ENB
2024-12-30T19:00:00.000000000Z,34,2,16192,46.53,46.55,46.445,46.53,8405,TRP
2024-12-30T20:00:00.000000000Z,34,2,5158,42.025,42.195,41.98,42.135,72487,ENB
2024-12-30T20:00:00.000000000Z,34,2,16192,46.515,46.81,46.46,46.68,88111,TRP
2024-12-30T23:00:00.000000000Z,34,2,5158,42.23,42.23,42.23,42.23,11,ENB
2024-12-31T09:00:00.000000000Z,34,2,16192,45.88,45.88,45.88,45.88,29,TRP
2024-12-31T13:00:00.000000000Z,34,2,16192,45.89,45.89,45.89,45.89,12,TRP
2024-12-31T14:00:00.000000000Z,34,2,16192,46.11,46.58,46.11,46.42,7808,TRP
2024-12-31T14:00:00.000000000Z,34,2,5158,42.125,42.45,42.125,42.38,16266,ENB
2024-12-31T15:00:00.000000000Z,34,2,16192,46.42,46.5,46.28,46.31,8929,TRP
2024-12-31T15:00:00.000000000Z,34,2,5158,42.41,42.42,42.31,42.32,18304,ENB
2024-12-31T16:00:00.000000000Z,34,2,16192,46.32,46.395,46.23,46.24,6633,TRP
2024-12-31T16:00:00.000000000Z,34,2,5158,42.31,42.32,42.16,42.17,23386,ENB
2024-12-31T17:00:00.000000000Z,34,2,16192,46.245,46.44,46.22,46.44,8737,TRP
2024-12-31T17:00:00.000000000Z,34,2,5158,42.17,42.275,42.16,42.27,24528,ENB
2024-12-31T18:00:00.000000000Z,34,2,16192,46.435,46.48,46.32,46.48,6856,TRP
2024-12-31T18:00:00.000000000Z,34,2,5158,42.27,42.325,42.2,42.32,24786,ENB
2024-12-31T19:00:00.000000000Z,34,2,16192,46.46,46.58,46.46,46.545,14655,TRP
2024-12-31T19:00:00.000000000Z,34,2,5158,42.3,42.435,42.3,42.4,51322,ENB
2024-12-31T20:00:00.000000000Z,34,2,5158,42.39,42.45,42.355,42.44,80302,ENB
2024-12-31T20:00:00.000000000Z,34,2,16192,46.54,46.605,46.41,46.55,82133,TRP
2024-12-31T21:00:00.000000000Z,34,2,5158,42.49,42.49,42.49,42.49,3,ENB
2024-12-31T22:00:00.000000000Z,34,2,16192,46.53,46.53,46.53,46.53,10,TRP
2024-12-31T22:00:00.000000000Z,34,2,5158,42.33,42.33,42.01,42.01,88,ENB
2025-01-02T09:00:00.000000000Z,34,2,5158,42.79,42.79,42.79,42.79,1,ENB
2025-01-02T10:00:00.000000000Z,34,2,5158,42.76,42.76,42.76,42.76,14,ENB
2025-01-02T13:00:00.000000000Z,34,2,5158,42.57,42.57,42.51,42.55,1274,ENB
2025-01-02T14:00:00.000000000Z,34,2,16192,46.77,47.18,46.68,47.04,16922,TRP
2025-01-02T14:00:00.000000000Z,34,2,5158,42.51,42.72,42.51,42.57,14612,ENB
2025-01-02T15:00:00.000000000Z,34,2,16192,47.03,47.115,46.97,47.09,11983,TRP
2025-01-02T15:00:00.000000000Z,34,2,5158,42.56,42.76,42.53,42.73,33488,ENB
2025-01-02T16:00:00.000000000Z,34,2,16192,47.07,47.125,46.98,47.11,13639,TRP
2025-01-02T16:00:00.000000000Z,34,2,5158,42.73,42.74,42.62,42.73,52665,ENB
2025-01-02T17:00:00.000000000Z,34,2,5158,42.735,42.87,42.72,42.79,44560,ENB
2025-01-02T17:00:00.000000000Z,34,2,16192,47.12,47.25,47.07,47.15,7630,TRP
2025-01-02T18:00:00.000000000Z,34,2,16192,47.14,47.18,46.805,46.88,13606,TRP
2025-01-02T18:00:00.000000000Z,34,2,5158,42.76,42.805,42.51,42.54,27618,ENB
2025-01-02T19:00:00.000000000Z,34,2,5158,42.54,42.73,42.49,42.665,49161,ENB
2025-01-02T19:00:00.000000000Z,34,2,16192,46.89,47.135,46.82,47.07,11958,TRP
2025-01-02T20:00:00.000000000Z,34,2,16192,47.06,47.51,47.06,47.38,67795,TRP
2025-01-02T20:00:00.000000000Z,34,2,5158,42.67,42.985,42.67,42.975,102101,ENB
2025-01-02T21:00:00.000000000Z,34,2,5158,42.98,42.98,42.98,42.98,3,ENB
2025-01-02T22:00:00.000000000Z,34,2,5158,43.0,43.0,43.0,43.0,1,ENB
2025-01-02T23:00:00.000000000Z,34,2,5158,43.08,43.08,43.08,43.08,81,ENB
2025-01-03T09:00:00.000000000Z,34,2,5158,43.01,43.01,43.01,43.01,21,ENB
2025-01-03T11:00:00.000000000Z,34,2,5158,43.0,43.0,43.0,43.0,1,ENB
2025-01-03T13:00:00.000000000Z,34,2,16192,47.54,47.55,47.4,47.4,20,TRP
2025-01-03T13:00:00.000000000Z,34,2,5158,43.05,43.06,43.05,43.05,1388,ENB
2025-01-03T14:00:00.000000000Z,34,2,5158,43.04,43.24,42.98,43.015,11610,ENB
2025-01-03T14:00:00.000000000Z,34,2,16192,47.4,47.89,47.31,47.38,6470,TRP
2025-01-03T15:00:00.000000000Z,34,2,5158,43.0,43.32,42.99,43.32,27197,ENB
2025-01-03T15:00:00.000000000Z,34,2,16192,47.37,47.89,47.32,47.89,11419,TRP
2025-01-03T16:00:00.000000000Z,34,2,5158,43.33,43.36,43.18,43.34,20043,ENB
2025-01-03T16:00:00.000000000Z,34,2,16192,47.9,47.95,47.72,47.77,10734,TRP
2025-01-03T17:00:00.000000000Z,34,2,5158,43.35,43.41,43.28,43.355,24719,ENB
2025-01-03T17:00:00.000000000Z,34,2,16192,47.74,47.78,47.55,47.69,9724,TRP
2025-01-03T18:00:00.000000000Z,34,2,16192,47.68,47.68,47.535,47.57,10794,TRP
2025-01-03T18:00:00.000000000Z,34,2,5158,43.355,43.355,43.215,43.23,22746,ENB
2025-01-03T19:00:00.000000000Z,34,2,16192,47.565,47.8,47.565,47.76,10634,TRP
2025-01-03T19:00:00.000000000Z,34,2,5158,43.23,43.41,43.225,43.395,26313,ENB
2025-01-03T20:00:00.000000000Z,34,2,5158,43.385,43.43,43.04,43.08,150074,ENB
2025-01-03T20:00:00.000000000Z,34,2,16192,47.75,47.79,47.39,47.48,56071,TRP
2025-01-03T21:00:00.000000000Z,34,2,5158,43.41,43.41,43.41,43.41,43,ENB
2025-01-06T10:00:00.000000000Z,34,2,5158,43.11,43.25,43.11,43.25,64,ENB
2025-01-06T12:00:00.000000000Z,34,2,5158,43.29,43.29,43.29,43.29,5,ENB
2025-01-06T13:00:00.000000000Z,34,2,5158,43.29,43.39,43.27,43.34,2957,ENB
2025-01-06T13:00:00.000000000Z,34,2,16192,48.17,48.17,48.17,48.17,8,TRP
2025-01-06T14:00:00.000000000Z,34,2,5158,43.38,43.45,43.13,43.24,25997,ENB
2025-01-06T14:00:00.000000000Z,34,2,16192,48.31,49.09,47.28,47.35,19341,TRP
2025-01-06T15:00:00.000000000Z,34,2,5158,43.27,43.315,42.89,42.95,31808,ENB
2025-01-06T15:00:00.000000000Z,34,2,16192,47.375,47.52,47.17,47.17,21378,TRP
2025-01-06T16:00:00.000000000Z,34,2,16192,47.19,47.335,47.08,47.32,10617,TRP
2025-01-06T16:00:00.000000000Z,34,2,5158,42.95,43.2,42.9,43.17,35737,ENB
2025-01-06T17:00:00.000000000Z,34,2,5158,43.16,43.17,43.08,43.155,13925,ENB
2025-01-06T17:00:00.000000000Z,34,2,16192,47.31,47.43,47.23,47.42,15532,TRP
2025-01-06T18:00:00.000000000Z,34,2,5158,43.14,43.14,42.98,42.995,16894,ENB
2025-01-06T18:00:00.000000000Z,34,2,16192,47.43,47.43,47.3,47.34,15154,TRP
2025-01-06T19:00:00.000000000Z,34,2,5158,43.0,43.16,43.0,43.1,23869,ENB
2025-01-06T19:00:00.000000000Z,34,2,16192,47.36,47.44,47.32,47.335,10271,TRP
2025-01-06T20:00:00.000000000Z,34,2,16192,47.33,47.42,47.19,47.355,54212,TRP
2025-01-06T20:00:00.000000000Z,34,2,5158,43.1,43.115,42.915,42.99,66203,ENB
2025-01-06T21:00:00.000000000Z,34,2,16192,47.36,47.36,47.36,47.36,2,TRP
2025-01-06T22:00:00.000000000Z,34,2,5158,43.02,43.03,43.02,43.03,150,ENB
2025-01-07T13:00:00.000000000Z,34,2,5158,43.14,43.14,43.14,43.14,2,ENB
2025-01-07T14:00:00.000000000Z,34,2,16192,47.58,48.01,47.58,48.01,11390,TRP
2025-01-07T14:00:00.000000000Z,34,2,5158,43.3,43.51,43.26,43.51,15239,ENB
2025-01-07T15:00:00.000000000Z,34,2,5158,43.5,43.62,43.33,43.62,23976,ENB
2025-01-07T15:00:00.000000000Z,34,2,16192,48.0,48.01,47.67,47.79,31391,TRP
2025-01-07T16:00:00.000000000Z,34,2,5158,43.62,43.67,43.47,43.48,18187,ENB
2025-01-07T16:00:00.000000000Z,34,2,16192,47.79,48.02,47.69,47.78,11921,TRP
2025-01-07T17:00:00.000000000Z,34,2,16192,47.79,47.84,47.655,47.7,5561,TRP
2025-01-07T17:00:00.000000000Z,34,2,5158,43.495,43.61,43.395,43.49,21989,ENB
2025-01-07T18:00:00.000000000Z,34,2,5158,43.5,43.665,43.5,43.665,10523,ENB
2025-01-07T18:00:00.000000000Z,34,2,16192,47.725,47.89,47.72,47.83,7987,TRP
2025-01-07T19:00:00.000000000Z,34,2,5158,43.66,43.79,43.655,43.68,17867,ENB
2025-01-07T19:00:00.000000000Z,34,2,16192,47.825,48.005,47.82,47.88,14669,TRP
2025-01-07T20:00:00.000000000Z,34,2,16192,47.87,47.87,47.655,47.74,55827,TRP
2025-01-07T20:00:00.000000000Z,34,2,5158,43.685,43.745,43.56,43.645,65731,ENB
2025-01-07T21:00:00.000000000Z,34,2,5158,43.72,43.72,43.72,43.72,1,ENB
2025-01-07T22:00:00.000000000Z,34,2,5158,43.71,43.71,43.69,43.7,21,ENB
2025-01-07T23:00:00.000000000Z,34,2,5158,43.65,43.65,43.65,43.65,2,ENB
2025-01-08T12:00:00.000000000Z,34,2,5158,43.64,43.64,43.64,43.64,40,ENB
2025-01-08T13:00:00.000000000Z,34,2,16192,48.15,48.15,47.77,47.77,78,TRP
2025-01-08T13:00:00.000000000Z,34,2,5158,43.67,43.67,43.67,43.67,18,ENB
2025-01-08T14:00:00.000000000Z,34,2,5158,43.55,43.83,43.51,43.595,18134,ENB
2025-01-08T14:00:00.000000000Z,34,2,16192,47.52,47.78,47.46,47.5,5913,TRP
2025-01-08T15:00:00.000000000Z,34,2,5158,43.57,43.91,43.57,43.91,23569,ENB
2025-01-08T15:00:00.000000000Z,34,2,16192,47.49,47.74,47.49,47.74,11068,TRP
2025-01-08T16:00:00.000000000Z,34,2,5158,43.91,44.09,43.755,44.05,21605,ENB
2025-01-08T16:00:00.000000000Z,34,2,16192,47.74,48.08,47.72,48.065,4691,TRP
2025-01-08T17:00:00.000000000Z,34,2,16192,48.06,48.06,47.51,47.56,19318,TRP
2025-01-08T17:00:00.000000000Z,34,2,5158,44.05,44.08,43.75,43.78,15748,ENB
2025-01-08T18:00:00.000000000Z,34,2,16192,47.58,47.7,47.4,47.4,5667,TRP
2025-01-08T18:00:00.000000000Z,34,2,5158,43.79,43.89,43.69,43.71,18320,ENB
2025-01-08T19:00:00.000000000Z,34,2,5158,43.71,43.885,43.705,43.76,17097,ENB
2025-01-08T19:00:00.000000000Z,34,2,16192,47.39,47.65,47.36,47.47,5956,TRP
2025-01-08T20:00:00.000000000Z,34,2,16192,47.48,47.92,47.47,47.75,41871,TRP
2025-01-08T20:00:00.000000000Z,34,2,5158,43.765,44.08,43.74,44.01,54099,ENB
2025-01-08T21:00:00.000000000Z,34,2,5158,44.06,44.06,44.06,44.06,100,ENB
2025-01-08T21:00:00.000000000Z,34,2,16192,47.51,47.51,47.51,47.51,6,TRP
2025-01-08T23:00:00.000000000Z,34,2,5158,44.02,44.02,43.96,43.96,16,ENB
2025-01-10T12:00:00.000000000Z,34,2,5158,44.02,44.11,44.02,44.1,55,ENB
2025-01-10T13:00:00.000000000Z,34,2,5158,43.96,43.96,43.95,43.95,350,ENB
2025-01-10T14:00:00.000000000Z,34,2,5158,44.0,44.09,43.5,43.55,33916,ENB
2025-01-10T14:00:00.000000000Z,34,2,16192,47.79,47.84,47.15,47.26,11276,TRP
2025-01-10T15:00:00.000000000Z,34,2,5158,43.5,43.58,43.26,43.435,34543,ENB
2025-01-10T15:00:00.000000000Z,34,2,16192,47.23,47.23,46.53,46.55,27905,TRP
2025-01-10T16:00:00.000000000Z,34,2,16192,46.55,46.66,46.38,46.41,18764,TRP
2025-01-10T16:00:00.000000000Z,34,2,5158,43.45,43.45,43.22,43.26,26081,ENB
2025-01-10T17:00:00.000000000Z,34,2,5158,43.26,43.56,43.2,43.56,25069,ENB
2025-01-10T17:00:00.000000000Z,34,2,16192,46.4,46.9,46.27,46.88,11353,TRP
2025-01-10T18:00:00.000000000Z,34,2,16192,46.89,47.03,46.86,46.945,9506,TRP
2025-01-10T18:00:00.000000000Z,34,2,5158,43.55,43.72,43.53,43.7,22546,ENB
2025-01-10T19:00:00.000000000Z,34,2,16192,46.95,46.95,46.67,46.78,18484,TRP
2025-01-10T19:00:00.000000000Z,34,2,5158,43.7,43.7,43.49,43.57,22678,ENB
2025-01-10T20:00:00.000000000Z,34,2,16192,46.775,46.815,46.64,46.69,65540,TRP
2025-01-10T20:00:00.000000000Z,34,2,5158,43.56,43.615,43.44,43.48,69831,ENB
2025-01-10T21:00:00.000000000Z,34,2,5158,43.43,43.6,43.43,43.6,1010,ENB
2025-01-10T22:00:00.000000000Z,34,2,5158,43.5,43.5,43.5,43.5,5,ENB
2025-01-13T09:00:00.000000000Z,34,2,16192,46.77,46.77,46.77,46.77,5,TRP
2025-01-13T09:00:00.000000000Z,34,2,5158,43.7,43.7,43.42,43.42,80,ENB
2025-01-13T11:00:00.000000000Z,34,2,5158,43.52,43.52,43.52,43.52,15,ENB
2025-01-13T12:00:00.000000000Z,34,2,5158,43.52,43.6,43.51,43.6,257,ENB
2025-01-13T13:00:00.000000000Z,34,2,5158,43.64,43.64,43.59,43.59,130,ENB
2025-01-13T14:00:00.000000000Z,34,2,5158,43.57,43.89,43.32,43.84,26437,ENB
2025-01-13T14:00:00.000000000Z,34,2,16192,46.7,46.7,46.175,46.34,54639,TRP
2025-01-13T15:00:00.000000000Z,34,2,5158,43.84,44.005,43.79,43.91,39874,ENB
2025-01-13T15:00:00.000000000Z,34,2,16192,46.34,46.46,45.86,45.9,62737,TRP
2025-01-13T16:00:00.000000000Z,34,2,16192,45.9,46.13,45.74,45.75,46260,TRP
2025-01-13T16:00:00.000000000Z,34,2,5158,43.88,43.96,43.62,43.62,32175,ENB
2025-01-13T17:00:00.000000000Z,34,2,5158,43.615,43.69,43.54,43.64,41117,ENB
2025-01-13T17:00:00.000000000Z,34,2,16192,45.76,46.035,45.76,46.02,43487,TRP
2025-01-13T18:00:00.000000000Z,34,2,16192,46.01,46.395,45.97,46.34,21649,TRP
2025-01-13T18:00:00.000000000Z,34,2,5158,43.64,43.66,43.42,43.42,47269,ENB
2025-01-13T19:00:00.000000000Z,34,2,16192,46.33,46.33,46.18,46.3,45549,TRP
2025-01-13T19:00:00.000000000Z,34,2,5158,43.41,43.63,43.33,43.62,36792,ENB
2025-01-13T20:00:00.000000000Z,34,2,16192,46.295,46.33,45.855,45.955,202786,TRP
2025-01-13T20:00:00.000000000Z,34,2,5158,43.6,43.67,43.35,43.385,181493,ENB
2025-01-13T21:00:00.000000000Z,34,2,5158,43.43,43.43,43.43,43.43,3,ENB
2025-01-14T12:00:00.000000000Z,34,2,5158,43.38,43.38,43.38,43.38,1,ENB
2025-01-14T14:00:00.000000000Z,34,2,16192,45.96,46.31,45.83,46.04,25123,TRP
2025-01-14T14:00:00.000000000Z,34,2,5158,43.35,43.58,43.22,43.45,17282,ENB
2025-01-14T15:00:00.000000000Z,34,2,16192,46.04,46.2,45.89,45.93,41238,TRP
2025-01-14T15:00:00.000000000Z,34,2,5158,43.44,43.7,43.4,43.65,42155,ENB
2025-01-14T16:00:00.000000000Z,34,2,16192,45.91,46.21,45.73,46.12,34820,TRP
2025-01-14T16:00:00.000000000Z,34,2,5158,43.65,43.835,43.52,43.67,28095,ENB
2025-01-14T17:00:00.000000000Z,34,2,16192,46.12,46.43,46.06,46.39,17829,TRP
2025-01-14T17:00:00.000000000Z,34,2,5158,43.67,43.93,43.64,43.92,19705,ENB
2025-01-14T18:00:00.000000000Z,34,2,16192,46.4,46.64,46.39,46.58,9015,TRP
2025-01-14T18:00:00.000000000Z,34,2,5158,43.91,43.93,43.85,43.93,28508,ENB
2025-01-14T19:00:00.000000000Z,34,2,16192,46.58,46.61,46.36,46.39,16249,TRP
2025-01-14T19:00:00.000000000Z,34,2,5158,43.94,44.09,43.935,44.01,28762,ENB
2025-01-14T20:00:00.000000000Z,34,2,16192,46.39,46.47,46.31,46.35,65879,TRP
2025-01-14T20:00:00.000000000Z,34,2,5158,44.01,44.08,43.91,44.065,92289,ENB
2025-01-14T21:00:00.000000000Z,34,2,5158,43.99,44.08,43.99,44.08,304,ENB
2025-01-15T12:00:00.000000000Z,34,2,5158,44.2,44.2,44.2,44.2,6,ENB
2025-01-15T13:00:00.000000000Z,34,2,5158,44.2,44.37,44.2,44.24,257,ENB
2025-01-15T14:00:00.000000000Z,34,2,5158,44.36,44.73,44.35,44.62,41797,ENB
2025-01-15T14:00:00.000000000Z,34,2,16192,47.0,47.37,47.0,47.1,36297,TRP
2025-01-15T15:00:00.000000000Z,34,2,16192,47.08,47.125,46.81,46.89,16825,TRP
2025-01-15T15:00:00.000000000Z,34,2,5158,44.62,44.62,44.38,44.38,36135,ENB
2025-01-15T16:00:00.000000000Z,34,2,16192,46.895,46.91,46.73,46.84,14158,TRP
2025-01-15T16:00:00.000000000Z,34,2,5158,44.38,44.5,44.35,44.46,22247,ENB
2025-01-15T17:00:00.000000000Z,34,2,5158,44.455,44.485,44.385,44.42,14381,ENB
2025-01-15T17:00:00.000000000Z,34,2,16192,46.85,46.91,46.79,46.79,9788,TRP
2025-01-15T18:00:00.000000000Z,34,2,5158,44.42,44.46,44.375,44.43,13554,ENB
2025-01-15T18:00:00.000000000Z,34,2,16192,46.805,47.02,46.79,47.0,8336,TRP
2025-01-15T19:00:00.000000000Z,34,2,16192,47.0,47.005,46.91,46.97,12576,TRP
2025-01-15T19:00:00.000000000Z,34,2,5158,44.425,44.485,44.32,44.415,38308,ENB
2025-01-15T20:00:00.000000000Z,34,2,16192,46.97,46.975,46.83,46.89,56498,TRP
2025-01-15T20:00:00.000000000Z,34,2,5158,44.41,44.48,44.295,44.31,88857,ENB
2025-01-15T22:00:00.000000000Z,34,2,5158,44.34,44.34,44.34,44.34,1,ENB
2025-01-16T09:00:00.000000000Z,34,2,5158,44.07,44.07,44.07,44.07,47,ENB
2025-01-16T13:00:00.000000000Z,34,2,5158,44.17,44.29,44.15,44.15,123,ENB
2025-01-16T13:00:00.000000000Z,34,2,16192,46.9,46.9,46.69,46.7,314,TRP
2025-01-16T14:00:00.000000000Z,34,2,16192,46.63,46.73,46.27,46.445,6929,TRP
2025-01-16T14:00:00.000000000Z,34,2,5158,44.23,44.37,43.84,43.96,33425,ENB
2025-01-16T15:00:00.000000000Z,34,2,5158,43.965,43.97,43.63,43.82,59233,ENB
2025-01-16T15:00:00.000000000Z,34,2,16192,46.44,46.45,46.05,46.275,19232,TRP
2025-01-16T16:00:00.000000000Z,34,2,16192,46.3,46.34,46.19,46.25,11466,TRP
2025-01-16T16:00:00.000000000Z,34,2,5158,43.79,43.89,43.77,43.87,21546,ENB
2025-01-16T17:00:00.000000000Z,34,2,5158,43.875,43.995,43.84,43.86,63668,ENB
2025-01-16T17:00:00.000000000Z,34,2,16192,46.26,46.35,46.15,46.16,9467,TRP
2025-01-16T18:00:00.000000000Z,34,2,16192,46.16,46.245,46.11,46.13,13337,TRP
2025-01-16T18:00:00.000000000Z,34,2,5158,43.86,43.9,43.83,43.855,81676,ENB
2025-01-16T19:00:00.000000000Z,34,2,5158,43.845,43.895,43.69,43.865,48591,ENB
2025-01-16T19:00:00.000000000Z,34,2,16192,46.13,46.22,45.965,46.17,34243,TRP
2025-01-16T20:00:00.000000000Z,34,2,16192,46.18,46.2,46.03,46.15,110291,TRP
2025-01-16T20:00:00.000000000Z,34,2,5158,43.865,44.03,43.815,44.02,104975,ENB
2025-01-16T21:00:00.000000000Z,34,2,16192,46.18,46.18,46.18,46.18,2,TRP
2025-01-17T11:00:00.000000000Z,34,2,5158,44.07,44.07,44.07,44.07,1,ENB
2025-01-17T12:00:00.000000000Z,34,2,5158,44.04,44.04,44.03,44.03,7,ENB
2025-01-17T13:00:00.000000000Z,34,2,5158,44.01,44.04,43.99,43.99,254,ENB
2025-01-17T14:00:00.000000000Z,34,2,16192,46.03,46.58,45.95,46.34,27175,TRP
2025-01-17T14:00:00.000000000Z,34,2,5158,44.03,44.54,43.91,44.47,35238,ENB
2025-01-17T15:00:00.000000000Z,34,2,16192,46.33,46.79,46.32,46.79,23011,TRP
2025-01-17T15:00:00.000000000Z,34,2,5158,44.47,44.69,44.47,44.67,59707,ENB
2025-01-17T16:00:00.000000000Z,34,2,5158,44.67,44.895,44.67,44.7,59008,ENB
2025-01-17T16:00:00.000000000Z,34,2,16192,46.78,47.1,46.78,46.89,17666,TRP
2025-01-17T17:00:00.000000000Z,34,2,16192,46.89,47.15,46.86,47.15,22956,TRP
2025-01-17T17:00:00.000000000Z,34,2,5158,44.72,44.74,44.65,44.655,33040,ENB
2025-01-17T18:00:00.000000000Z,34,2,16192,47.16,47.42,47.09,47.42,44715,TRP
2025-01-17T18:00:00.000000000Z,34,2,5158,44.66,44.66,44.485,44.5,34809,ENB
2025-01-17T19:00:00.000000000Z,34,2,16192,47.4,47.4,47.07,47.19,36159,TRP
2025-01-17T19:00:00.000000000Z,34,2,5158,44.5,44.5,44.335,44.445,57282,ENB
2025-01-17T20:00:00.000000000Z,34,2,16192,47.17,47.445,47.14,47.37,130902,TRP
2025-01-17T20:00:00.000000000Z,34,2,5158,44.44,44.545,44.375,44.5,116863,ENB
2025-01-17T21:00:00.000000000Z,34,2,5158,44.48,44.48,44.48,44.48,14,ENB
2025-01-17T22:00:00.000000000Z,34,2,5158,44.47,44.73,44.47,44.73,1179,ENB
2025-01-21T12:00:00.000000000Z,34,2,16192,47.78,47.78,47.63,47.63,400,TRP
2025-01-21T12:00:00.000000000Z,34,2,5158,44.83,44.83,44.51,44.55,733,ENB
2025-01-21T13:00:00.000000000Z,34,2,5158,44.55,44.6,44.55,44.6,275,ENB
2025-01-21T13:00:00.000000000Z,34,2,16192,47.43,47.43,47.43,47.43,18,TRP
2025-01-21T14:00:00.000000000Z,34,2,5158,44.5,44.89,44.47,44.89,17054,ENB
2025-01-21T14:00:00.000000000Z,34,2,16192,47.55,48.44,47.55,48.44,32097,TRP
2025-01-21T15:00:00.000000000Z,34,2,5158,44.86,45.43,44.85,45.365,72622,ENB
2025-01-21T15:00:00.000000000Z,34,2,16192,48.43,48.63,48.145,48.16,55961,TRP
2025-01-21T16:00:00.000000000Z,34,2,16192,48.16,48.505,48.14,48.44,23941,TRP
2025-01-21T16:00:00.000000000Z,34,2,5158,45.35,45.73,45.35,45.64,77850,ENB
2025-01-21T17:00:00.000000000Z,34,2,16192,48.42,48.48,48.1,48.1,21944,TRP
2025-01-21T17:00:00.000000000Z,34,2,5158,45.63,45.78,45.595,45.61,87071,ENB
2025-01-21T18:00:00.000000000Z,34,2,16192,48.11,48.15,47.885,47.975,48095,TRP
2025-01-21T18:00:00.000000000Z,34,2,5158,45.61,45.62,45.33,45.355,54635,ENB
2025-01-21T19:00:00.000000000Z,34,2,16192,47.97,48.02,47.67,47.79,43507,TRP
2025-01-21T19:00:00.000000000Z,34,2,5158,45.345,45.395,45.265,45.35,54388,ENB
2025-01-21T20:00:00.000000000Z,34,2,16192,47.775,47.775,47.405,47.45,166069,TRP
2025-01-21T20:00:00.000000000Z,34,2,5158,45.335,45.395,45.215,45.32,161917,ENB
2025-01-21T21:00:00.000000000Z,34,2,5158,45.58,45.6,45.58,45.6,800,ENB
2025-01-21T22:00:00.000000000Z,34,2,5158,45.48,45.48,45.48,45.48,10,ENB
2025-01-22T09:00:00.000000000Z,34,2,5158,45.58,45.58,45.58,45.58,1,ENB
2025-01-22T10:00:00.000000000Z,34,2,5158,45.56,45.56,45.56,45.56,10,ENB
2025-01-22T12:00:00.000000000Z,34,2,5158,45.56,45.59,45.37,45.37,33,ENB
2025-01-22T13:00:00.000000000Z,34,2,5158,45.48,45.48,45.35,45.35,111,ENB
2025-01-22T13:00:00.000000000Z,34,2,16192,47.5,47.5,47.5,47.5,1,TRP
2025-01-22T14:00:00.000000000Z,34,2,16192,47.45,47.53,47.18,47.24,14485,TRP
2025-01-22T14:00:00.000000000Z,34,2,5158,45.63,45.63,44.97,45.0,29002,ENB
2025-01-22T15:00:00.000000000Z,34,2,5158,44.99,44.99,44.74,44.87,43385,ENB
2025-01-22T15:00:00.000000000Z,34,2,16192,47.3,47.3,46.93,47.11,14619,TRP
2025-01-22T16:00:00.000000000Z,34,2,16192,47.11,47.52,47.06,47.51,19627,TRP
2025-01-22T16:00:00.000000000Z,34,2,5158,44.87,45.12,44.815,45.11,43115,ENB
2025-01-22T17:00:00.000000000Z,34,2,5158,45.12,45.12,44.965,44.975,24959,ENB
2025-01-22T17:00:00.000000000Z,34,2,16192,47.51,47.6,47.46,47.47,16849,TRP
2025-01-22T18:00:00.000000000Z,34,2,5158,44.96,44.99,44.875,44.88,26181,ENB
2025-01-22T18:00:00.000000000Z,34,2,16192,47.46,47.525,47.38,47.39,13355,TRP
2025-01-22T19:00:00.000000000Z,34,2,16192,47.39,47.545,47.31,47.43,21267,TRP
2025-01-22T19:00:00.000000000Z,34,2,5158,44.88,45.015,44.805,44.955,60378,ENB
2025-01-22T20:00:00.000000000Z,34,2,5158,44.955,45.01,44.745,44.75,78983,ENB
2025-01-22T20:00:00.000000000Z,34,2,16192,47.435,47.47,47.16,47.16,75306,TRP
2025-01-22T22:00:00.000000000Z,34,2,5158,44.7,44.7,44.69,44.7,2056,ENB
2025-01-23T13:00:00.000000000Z,34,2,5158,44.91,44.95,44.91,44.95,64,ENB
2025-01-23T14:00:00.000000000Z,34,2,16192,47.52,47.55,47.17,47.32,8268,TRP
2025-01-23T14:00:00.000000000Z,34,2,5158,44.94,44.94,44.53,44.71,38317,ENB
2025-01-23T15:00:00.000000000Z,34,2,5158,44.71,44.71,44.51,44.685,33871,ENB
2025-01-23T15:00:00.000000000Z,34,2,16192,47.27,47.29,47.1,47.19,9580,TRP
2025-01-23T16:00:00.000000000Z,34,2,5158,44.69,44.76,44.58,44.74,47335,ENB
2025-01-23T16:00:00.000000000Z,34,2,16192,47.21,47.22,47.01,47.21,7097,TRP
2025-01-23T17:00:00.000000000Z,34,2,16192,47.2,47.55,47.2,47.42,11649,TRP
2025-01-23T17:00:00.000000000Z,34,2,5158,44.74,45.0,44.74,44.9,37764,ENB
2025-01-23T18:00:00.000000000Z,34,2,16192,47.41,47.47,47.23,47.24,3812,TRP
2025-01-23T18:00:00.000000000Z,34,2,5158,44.895,44.945,44.725,44.74,23097,ENB
2025-01-23T19:00:00.000000000Z,34,2,16192,47.23,47.27,47.16,47.2,6810,TRP
2025-01-23T19:00:00.000000000Z,34,2,5158,44.73,44.845,44.73,44.79,24285,ENB
2025-01-23T20:00:00.000000000Z,34,2,5158,44.79,44.92,44.79,44.865,134789,ENB
2025-01-23T20:00:00.000000000Z,34,2,16192,47.2,47.235,47.1,47.115,40475,TRP
2025-01-24T13:00:00.000000000Z,34,2,16192,47.2,47.26,47.07,47.07,284,TRP
2025-01-24T14:00:00.000000000Z,34,2,16192,47.13,47.27,46.97,47.06,9051,TRP
2025-01-24T14:00:00.000000000Z,34,2,5158,44.86,44.93,44.67,44.73,14768,ENB
2025-01-24T15:00:00.000000000Z,34,2,16192,47.04,47.27,46.93,47.22,8255,TRP
2025-01-24T15:00:00.000000000Z,34,2,5158,44.72,44.85,44.71,44.78,8981,ENB
2025-01-24T16:00:00.000000000Z,34,2,5158,44.77,44.97,44.76,44.97,13881,ENB
2025-01-24T16:00:00.000000000Z,34,2,16192,47.19,47.32,47.1,47.32,8366,TRP
2025-01-24T17:00:00.000000000Z,34,2,16192,47.32,47.56,47.28,47.51,7854,TRP
2025-01-24T17:00:00.000000000Z,34,2,5158,44.96,45.15,44.945,45.05,14498,ENB
2025-01-24T18:00:00.000000000Z,34,2,16192,47.52,47.76,47.44,47.73,7735,TRP
2025-01-24T18:00:00.000000000Z,34,2,5158,45.05,45.09,45.015,45.02,11022,ENB
2025-01-24T19:00:00.000000000Z,34,2,16192,47.72,47.75,47.61,47.69,9381,TRP
2025-01-24T19:00:00.000000000Z,34,2,5158,45.05,45.205,45.03,45.205,14815,ENB
2025-01-24T20:00:00.000000000Z,34,2,16192,47.7,47.705,47.535,47.55,64240,TRP
2025-01-24T20:00:00.000000000Z,34,2,5158,45.205,45.205,45.025,45.06,52514,ENB
2025-01-27T10:00:00.000000000Z,34,2,5158,44.81,44.82,44.81,44.82,17,ENB
2025-01-27T12:00:00.000000000Z,34,2,16192,46.98,46.98,46.98,46.98,1,TRP
2025-01-27T12:00:00.000000000Z,34,2,5158,44.96,44.96,44.96,44.96,50,ENB
2025-01-27T13:00:00.000000000Z,34,2,5158,44.85,44.85,44.81,44.81,308,ENB
2025-01-27T14:00:00.000000000Z,34,2,5158,44.8,45.04,44.63,44.75,44133,ENB
2025-01-27T14:00:00.000000000Z,34,2,16192,47.13,47.2,46.3,46.51,50298,TRP
2025-01-27T15:00:00.000000000Z,34,2,16192,46.49,46.49,45.59,45.99,36134,TRP
2025-01-27T15:00:00.000000000Z,34,2,5158,44.75,44.75,44.25,44.405,40985,ENB
2025-01-27T16:00:00.000000000Z,34,2,5158,44.41,44.525,44.4,44.43,33256,ENB
2025-01-27T16:00:00.000000000Z,34,2,16192,46.0,46.19,45.96,46.01,23175,TRP
2025-01-27T17:00:00.000000000Z,34,2,5158,44.425,44.52,44.26,44.35,29559,ENB
2025-01-27T17:00:00.000000000Z,34,2,16192,46.03,46.1,45.67,45.94,27979,TRP
2025-01-27T18:00:00.000000000Z,34,2,16192,45.96,46.13,45.91,46.08,20560,TRP
2025-01-27T18:00:00.000000000Z,34,2,5158,44.33,44.55,44.33,44.535,30861,ENB
2025-01-27T19:00:00.000000000Z,34,2,5158,44.53,44.745,44.53,44.69,27192,ENB
2025-01-27T19:00:00.000000000Z,34,2,16192,46.09,46.28,45.96,46.1,25769,TRP
2025-01-27T20:00:00.000000000Z,34,2,16192,46.1,46.1,45.675,45.68,88784,TRP
2025-01-27T20:00:00.000000000Z,34,2,5158,44.68,44.81,44.58,44.705,144471,ENB
2025-01-27T22:00:00.000000000Z,34,2,5158,44.63,44.63,44.63,44.63,5,ENB
2025-01-28T12:00:00.000000000Z,34,2,5158,44.94,44.94,44.94,44.94,39,ENB
2025-01-28T13:00:00.000000000Z,34,2,16192,45.75,45.75,45.75,45.75,24,TRP
2025-01-28T13:00:00.000000000Z,34,2,5158,44.78,44.78,44.75,44.75,208,ENB
2025-01-28T14:00:00.000000000Z,34,2,16192,45.74,45.9,45.16,45.19,25462,TRP
2025-01-28T14:00:00.000000000Z,34,2,5158,44.76,45.1,44.5,44.5,23944,ENB
2025-01-28T15:00:00.000000000Z,34,2,16192,45.18,45.38,45.04,45.14,52912,TRP
2025-01-28T15:00:00.000000000Z,34,2,5158,44.51,44.73,44.445,44.68,28515,ENB
2025-01-28T16:00:00.000000000Z,34,2,16192,45.12,45.18,44.91,45.09,24968,TRP
2025-01-28T16:00:00.000000000Z,34,2,5158,44.665,44.745,44.495,44.545,16669,ENB
2025-01-28T17:00:00.000000000Z,34,2,5158,44.54,44.575,44.365,44.415,20385,ENB
2025-01-28T17:00:00.000000000Z,34,2,16192,45.08,45.25,44.99,45.24,13024,TRP
2025-01-28T18:00:00.000000000Z,34,2,5158,44.43,44.5,44.33,44.375,15170,ENB
2025-01-28T18:00:00.000000000Z,34,2,16192,45.25,45.31,45.145,45.175,15342,TRP
2025-01-28T19:00:00.000000000Z,34,2,16192,45.17,45.18,44.96,45.07,19767,TRP
2025-01-28T19:00:00.000000000Z,34,2,5158,44.37,44.41,44.26,44.385,49714,ENB
2025-01-28T20:00:00.000000000Z,34,2,5158,44.38,44.53,44.33,44.465,109795,ENB
2025-01-28T20:00:00.000000000Z,34,2,16192,45.07,45.39,45.0,45.35,63591,TRP
2025-01-28T22:00:00.000000000Z,34,2,5158,44.47,44.47,44.46,44.46,61,ENB
2025-01-28T23:00:00.000000000Z,34,2,16192,45.4,45.4,45.4,45.4,5,TRP
2025-01-29T10:00:00.000000000Z,34,2,5158,44.5,44.5,44.5,44.5,15,ENB
2025-01-29T12:00:00.000000000Z,34,2,5158,44.49,44.49,44.49,44.49,10,ENB
2025-01-29T12:00:00.000000000Z,34,2,16192,45.34,45.34,45.34,45.34,1,TRP
2025-01-29T13:00:00.000000000Z,34,2,5158,44.39,44.4,44.33,44.33,231,ENB
2025-01-29T14:00:00.000000000Z,34,2,16192,45.14,45.55,45.08,45.55,10555,TRP
2025-01-29T14:00:00.000000000Z,34,2,5158,44.35,44.59,44.25,44.59,22726,ENB
2025-01-29T15:00:00.000000000Z,34,2,5158,44.6,44.615,44.3,44.41,17427,ENB
2025-01-29T15:00:00.000000000Z,34,2,16192,45.565,45.64,45.29,45.36,20969,TRP
2025-01-29T16:00:00.000000000Z,34,2,5158,44.41,44.48,44.33,44.385,22373,ENB
2025-01-29T16:00:00.000000000Z,34,2,16192,45.39,45.46,45.31,45.32,12726,TRP
2025-01-29T17:00:00.000000000Z,34,2,16192,45.33,45.51,45.32,45.46,13724,TRP
2025-01-29T17:00:00.000000000Z,34,2,5158,44.4,44.495,44.38,44.44,12796,ENB
2025-01-29T18:00:00.000000000Z,34,2,16192,45.47,45.56,45.39,45.5,9430,TRP
2025-01-29T18:00:00.000000000Z,34,2,5158,44.435,44.51,44.405,44.41,22107,ENB
2025-01-29T19:00:00.000000000Z,34,2,5158,44.36,44.43,44.155,44.35,29922,ENB
2025-01-29T19:00:00.000000000Z,34,2,16192,45.49,45.59,45.23,45.46,13724,TRP
2025-01-29T20:00:00.000000000Z,34,2,16192,45.45,45.51,45.24,45.37,45061,TRP
2025-01-29T20:00:00.000000000Z,34,2,5158,44.34,44.4,44.245,44.255,78983,ENB
2025-01-30T12:00:00.000000000Z,34,2,16192,45.37,45.37,45.37,45.37,1,TRP
2025-01-30T12:00:00.000000000Z,34,2,5158,44.29,44.29,44.29,44.29,10,ENB
2025-01-30T13:00:00.000000000Z,34,2,16192,45.49,45.77,45.49,45.76,28,TRP
2025-01-30T13:00:00.000000000Z,34,2,5158,44.41,44.41,44.35,44.35,49,ENB
2025-01-30T14:00:00.000000000Z,34,2,5158,44.5,44.62,44.31,44.31,20854,ENB
2025-01-30T14:00:00.000000000Z,34,2,16192,45.54,45.82,45.53,45.635,13191,TRP
2025-01-30T15:00:00.000000000Z,34,2,5158,44.3,44.595,44.28,44.58,29483,ENB
2025-01-30T15:00:00.000000000Z,34,2,16192,45.63,45.85,45.5,45.7,25570,TRP
2025-01-30T16:00:00.000000000Z,34,2,5158,44.58,44.71,44.48,44.555,14018,ENB
2025-01-30T16:00:00.000000000Z,34,2,16192,45.71,45.78,45.59,45.74,16807,TRP
2025-01-30T17:00:00.000000000Z,34,2,16192,45.73,45.78,45.665,45.68,9002,TRP
2025-01-30T17:00:00.000000000Z,34,2,5158,44.55,44.675,44.54,44.675,14686,ENB
2025-01-30T18:00:00.000000000Z,34,2,16192,45.7,45.82,45.68,45.75,12851,TRP
2025-01-30T18:00:00.000000000Z,34,2,5158,44.68,44.82,44.68,44.75,25153,ENB
2025-01-30T19:00:00.000000000Z,34,2,5158,44.75,44.75,44.605,44.62,27559,ENB
2025-01-30T19:00:00.000000000Z,34,2,16192,45.75,45.78,45.61,45.61,10006,TRP
2025-01-30T20:00:00.000000000Z,34,2,5158,44.6,44.625,44.105,44.48,190114,ENB
2025-01-30T20:00:00.000000000Z,34,2,16192,45.62,45.67,45.07,45.235,124715,TRP
2025-01-30T21:00:00.000000000Z,34,2,16192,45.41,45.41,45.39,45.4,4328,TRP
2025-01-30T21:00:00.000000000Z,34,2,5158,44.39,44.4,44.38,44.38,82,ENB
2025-01-30T22:00:00.000000000Z,34,2,5158,44.37,44.38,44.37,44.38,4,ENB
2025-01-31T11:00:00.000000000Z,34,2,5158,44.39,44.39,44.09,44.09,169,ENB
2025-01-31T13:00:00.000000000Z,34,2,5158,44.5,44.5,44.49,44.49,22,ENB
2025-01-31T13:00:00.000000000Z,34,2,16192,45.26,45.26,45.26,45.26,5,TRP
2025-01-31T14:00:00.000000000Z,34,2,5158,44.5,44.5,43.98,44.075,22985,ENB
2025-01-31T14:00:00.000000000Z,34,2,16192,45.13,45.34,45.09,45.19,10117,TRP
2025-01-31T15:00:00.000000000Z,34,2,5158,44.06,44.23,43.985,44.16,99823,ENB
2025-01-31T15:00:00.000000000Z,34,2,16192,45.19,45.78,45.13,45.78,20517,TRP
2025-01-31T16:00:00.000000000Z,34,2,16192,45.74,45.99,45.74,45.79,20044,TRP
2025-01-31T16:00:00.000000000Z,34,2,5158,44.17,44.34,44.145,44.3,19027,ENB
2025-01-31T17:00:00.000000000Z,34,2,16192,45.78,45.88,45.53,45.81,71523,TRP
2025-01-31T17:00:00.000000000Z,34,2,5158,44.305,44.56,44.23,44.43,100960,ENB
2025-01-31T18:00:00.000000000Z,34,2,16192,45.79,45.87,45.18,45.22,96132,TRP
2025-01-31T18:00:00.000000000Z,34,2,5158,44.4,44.43,43.83,43.86,60692,ENB
2025-01-31T19:00:00.000000000Z,34,2,5158,43.86,43.875,43.5,43.61,84469,ENB
2025-01-31T19:00:00.000000000Z,34,2,16192,45.23,45.27,45.01,45.165,32086,TRP
2025-01-31T20:00:00.000000000Z,34,2,16192,45.16,45.22,44.93,45.05,128827,TRP
2025-01-31T20:00:00.000000000Z,34,2,5158,43.605,43.605,43.12,43.235,237093,ENB
2025-01-31T21:00:00.000000000Z,34,2,5158,43.12,43.12,43.12,43.12,3,ENB
2025-01-31T22:00:00.000000000Z,34,2,5158,43.21,43.21,43.2,43.2,25,ENB
2025-01-31T23:00:00.000000000Z,34,2,5158,43.2,43.23,43.2,43.22,37,ENB
2025-02-03T09:00:00.000000000Z,34,2,5158,42.52,42.52,42.52,42.52,1,ENB
2025-02-03T10:00:00.000000000Z,34,2,5158,42.67,42.67,42.67,42.67,50,ENB
2025-02-03T11:00:00.000000000Z,34,2,5158,42.68,42.74,42.68,42.74,41,ENB
2025-02-03T12:00:00.000000000Z,34,2,16192,44.51,44.57,44.5,44.57,510,TRP
2025-02-03T12:00:00.000000000Z,34,2,5158,42.73,42.98,42.48,42.48,1399,ENB
2025-02-03T13:00:00.000000000Z,34,2,5158,42.32,42.32,41.79,41.81,1728,ENB
2025-02-03T13:00:00.000000000Z,34,2,16192,44.4,44.4,44.25,44.25,99,TRP
2025-02-03T14:00:00.000000000Z,34,2,16192,44.26,44.8,43.53,44.7,34837,TRP
2025-02-03T14:00:00.000000000Z,34,2,5158,41.86,42.65,40.5,42.61,140779,ENB
2025-02-03T15:00:00.000000000Z,34,2,5158,42.585,43.29,42.365,43.255,98713,ENB
2025-02-03T15:00:00.000000000Z,34,2,16192,44.63,45.42,44.5,45.41,44289,TRP
2025-02-03T16:00:00.000000000Z,34,2,16192,45.4,45.44,45.07,45.27,24347,TRP
2025-02-03T16:00:00.000000000Z,34,2,5158,43.24,43.27,42.95,43.08,36884,ENB
2025-02-03T17:00:00.000000000Z,34,2,16192,45.28,45.33,45.02,45.15,26955,TRP
2025-02-03T17:00:00.000000000Z,34,2,5158,43.07,43.08,42.72,42.86,53010,ENB
2025-02-03T18:00:00.000000000Z,34,2,16192,45.13,45.39,44.99,45.23,20921,TRP
2025-02-03T18:00:00.000000000Z,34,2,5158,42.825,43.01,42.7,42.895,31616,ENB
2025-02-03T19:00:00.000000000Z,34,2,5158,42.9,43.06,42.835,42.955,33862,ENB
2025-02-03T19:00:00.000000000Z,34,2,16192,45.23,45.44,45.21,45.29,18448,TRP
2025-02-03T20:00:00.000000000Z,34,2,5158,42.95,43.02,42.86,42.94,102137,ENB
2025-02-03T20:00:00.000000000Z,34,2,16192,45.29,45.42,45.25,45.28,64437,TRP
2025-02-03T21:00:00.000000000Z,34,2,5158,42.91,42.91,42.81,42.81,6,ENB
2025-02-03T22:00:00.000000000Z,34,2,5158,43.04,43.04,43.04,43.04,4,ENB
2025-02-04T11:00:00.000000000Z,34,2,5158,43.03,43.03,43.0,43.0,32,ENB
2025-02-04T13:00:00.000000000Z,34,2,5158,43.15,43.21,43.15,43.21,778,ENB
2025-02-04T14:00:00.000000000Z,34,2,5158,43.2,43.99,43.19,43.92,38919,ENB
2025-02-04T14:00:00.000000000Z,34,2,16192,45.28,46.48,45.28,46.34,32963,TRP
2025-02-04T15:00:00.000000000Z,34,2,5158,43.94,44.06,43.865,44.01,28968,ENB
2025-02-04T15:00:00.000000000Z,34,2,16192,46.47,46.63,46.36,46.49,25458,TRP
2025-02-04T16:00:00.000000000Z,34,2,16192,46.53,46.6,46.25,46.46,15517,TRP
2025-02-04T16:00:00.000000000Z,34,2,5158,44.02,44.07,43.93,44.07,34269,ENB
2025-02-04T17:00:00.000000000Z,34,2,5158,44.08,44.09,43.83,43.93,32482,ENB
2025-02-04T17:00:00.000000000Z,34,2,16192,46.48,46.58,46.36,46.47,20526,TRP
2025-02-04T18:00:00.000000000Z,34,2,16192,46.45,46.79,46.45,46.68,23671,TRP
2025-02-04T18:00:00.000000000Z,34,2,5158,43.92,43.945,43.84,43.92,18498,ENB
2025-02-04T19:00:00.000000000Z,34,2,5158,43.92,44.05,43.91,43.93,30152,ENB
2025-02-04T19:00:00.000000000Z,34,2,16192,46.68,46.82,46.64,46.75,26588,TRP
2025-02-04T20:00:00.000000000Z,34,2,16192,46.74,46.77,46.59,46.7,107643,TRP
2025-02-04T20:00:00.000000000Z,34,2,5158,43.91,43.94,43.7,43.735,105671,ENB
2025-02-04T21:00:00.000000000Z,34,2,5158,43.72,43.72,43.72,43.72,5,ENB
2025-02-04T22:00:00.000000000Z,34,2,16192,46.67,46.67,46.67,46.67,2,TRP
2025-02-05T09:00:00.000000000Z,34,2,5158,44.15,44.19,44.15,44.19,250,ENB
2025-02-05T10:00:00.000000000Z,34,2,5158,44.0,44.0,44.0,44.0,1,ENB
2025-02-05T13:00:00.000000000Z,34,2,16192,46.66,46.66,46.66,46.66,2,TRP
2025-02-05T14:00:00.000000000Z,34,2,16192,46.82,47.115,46.82,46.84,7991,TRP
2025-02-05T14:00:00.000000000Z,34,2,5158,43.85,44.09,43.85,43.99,34624,ENB
2025-02-05T15:00:00.000000000Z,34,2,5158,44.02,44.32,43.96,44.31,37108,ENB
2025-02-05T15:00:00.000000000Z,34,2,16192,46.86,47.15,46.78,47.08,17666,TRP
2025-02-05T16:00:00.000000000Z,34,2,16192,47.12,47.21,47.04,47.1,9803,TRP
2025-02-05T16:00:00.000000000Z,34,2,5158,44.31,44.455,44.29,44.34,38980,ENB
2025-02-05T17:00:00.000000000Z,34,2,5158,44.315,44.385,44.27,44.35,44312,ENB
2025-02-05T17:00:00.000000000Z,34,2,16192,47.095,47.23,47.07,47.19,11962,TRP
2025-02-05T18:00:00.000000000Z,34,2,5158,44.345,44.39,44.18,44.21,61270,ENB
2025-02-05T18:00:00.000000000Z,34,2,16192,47.19,47.23,47.08,47.09,12236,TRP
2025-02-05T19:00:00.000000000Z,34,2,16192,47.09,47.22,46.98,47.03,22133,TRP
2025-02-05T19:00:00.000000000Z,34,2,5158,44.22,44.35,44.095,44.11,21925,ENB
2025-02-05T20:00:00.000000000Z,34,2,5158,44.11,44.18,43.93,43.945,104925,ENB
2025-02-05T20:00:00.000000000Z,34,2,16192,47.03,47.115,46.94,47.095,47838,TRP
2025-02-06T13:00:00.000000000Z,34,2,5158,44.18,44.19,44.18,44.19,773,ENB
2025-02-06T14:00:00.000000000Z,34,2,16192,47.12,47.2,46.71,46.75,5429,TRP
2025-02-06T14:00:00.000000000Z,34,2,5158,44.28,44.3,43.84,43.87,17005,ENB
2025-02-06T15:00:00.000000000Z,34,2,5158,43.87,43.99,43.78,43.83,24402,ENB
2025-02-06T15:00:00.000000000Z,34,2,16192,46.82,47.01,46.63,46.74,12698,TRP
2025-02-06T16:00:00.000000000Z,34,2,16192,46.75,47.115,46.72,46.97,16077,TRP
2025-02-06T16:00:00.000000000Z,34,2,5158,43.84,44.05,43.825,43.97,23803,ENB
2025-02-06T17:00:00.000000000Z,34,2,5158,43.96,44.03,43.94,44.03,29743,ENB
2025-02-06T17:00:00.000000000Z,34,2,16192,46.97,47.06,46.91,47.01,17740,TRP
2025-02-06T18:00:00.000000000Z,34,2,5158,44.03,44.115,44.02,44.04,27785,ENB
2025-02-06T18:00:00.000000000Z,34,2,16192,46.99,47.13,46.99,47.035,12062,TRP
2025-02-06T19:00:00.000000000Z,34,2,16192,47.025,47.04,46.8,46.875,26540,TRP
2025-02-06T19:00:00.000000000Z,34,2,5158,44.035,44.175,43.95,44.15,44844,ENB
2025-02-06T20:00:00.000000000Z,34,2,16192,46.865,47.15,46.76,46.955,67683,TRP
2025-02-06T20:00:00.000000000Z,34,2,5158,44.15,44.5,44.08,44.23,161083,ENB
2025-02-07T14:00:00.000000000Z,34,2,16192,46.91,47.05,46.335,46.89,24994,TRP
2025-02-07T14:00:00.000000000Z,34,2,5158,44.26,44.29,43.79,44.25,25340,ENB
2025-02-07T15:00:00.000000000Z,34,2,5158,44.22,44.34,43.95,44.08,24288,ENB
2025-02-07T15:00:00.000000000Z,34,2,16192,46.87,46.935,46.56,46.69,19036,TRP
2025-02-07T16:00:00.000000000Z,34,2,5158,44.09,44.17,43.965,44.1,17202,ENB
2025-02-07T16:00:00.000000000Z,34,2,16192,46.71,46.8,46.57,46.75,11090,TRP
2025-02-07T17:00:00.000000000Z,34,2,5158,44.07,44.29,44.055,44.26,14278,ENB
2025-02-07T17:00:00.000000000Z,34,2,16192,46.69,46.87,46.68,46.74,12728,TRP
2025-02-07T18:00:00.000000000Z,34,2,5158,44.26,44.435,44.23,44.23,12886,ENB
2025-02-07T18:00:00.000000000Z,34,2,16192,46.76,47.09,46.74,46.81,8835,TRP
2025-02-07T19:00:00.000000000Z,34,2,16192,46.83,46.975,46.81,46.89,11032,TRP
2025-02-07T19:00:00.000000000Z,34,2,5158,44.215,44.38,44.21,44.32,14393,ENB
2025-02-07T20:00:00.000000000Z,34,2,5158,44.31,44.525,44.26,44.46,100187,ENB
2025-02-07T20:00:00.000000000Z,34,2,16192,46.885,46.965,46.785,46.89,64153,TRP
2025-02-07T22:00:00.000000000Z,34,2,5158,44.49,44.49,44.49,44.49,1,ENB
2025-02-07T23:00:00.000000000Z,34,2,5158,44.49,44.49,44.49,44.49,1,ENB
2025-02-10T13:00:00.000000000Z,34,2,5158,44.59,44.66,44.59,44.66,70,ENB
2025-02-10T13:00:00.000000000Z,34,2,16192,47.0,47.0,47.0,47.0,1,TRP
2025-02-10T14:00:00.000000000Z,34,2,5158,44.68,44.7,44.325,44.59,18560,ENB
2025-02-10T14:00:00.000000000Z,34,2,16192,46.99,47.165,46.71,47.02,14225,TRP
2025-02-10T15:00:00.000000000Z,34,2,16192,47.05,47.4,47.05,47.35,11464,TRP
2025-02-10T15:00:00.000000000Z,34,2,5158,44.58,44.905,44.58,44.855,14379,ENB
2025-02-10T16:00:00.000000000Z,34,2,16192,47.35,47.38,47.19,47.22,7902,TRP
2025-02-10T16:00:00.000000000Z,34,2,5158,44.86,44.915,44.79,44.825,17926,ENB
2025-02-10T17:00:00.000000000Z,34,2,5158,44.83,44.855,44.72,44.76,15780,ENB
2025-02-10T17:00:00.000000000Z,34,2,16192,47.23,47.26,47.13,47.18,5823,TRP
2025-02-10T18:00:00.000000000Z,34,2,5158,44.76,44.885,44.745,44.865,27102,ENB
2025-02-10T18:00:00.000000000Z,34,2,16192,47.175,47.255,47.17,47.225,7700,TRP
2025-02-10T19:00:00.000000000Z,34,2,16192,47.22,47.46,47.22,47.33,10138,TRP
2025-02-10T19:00:00.000000000Z,34,2,5158,44.865,44.96,44.86,44.94,39709,ENB
2025-02-10T20:00:00.000000000Z,34,2,16192,47.32,47.4,47.145,47.18,86350,TRP
2025-02-10T20:00:00.000000000Z,34,2,5158,44.94,44.975,44.735,44.81,123389,ENB
2025-02-11T13:00:00.000000000Z,34,2,5158,44.86,44.92,44.86,44.92,46,ENB
2025-02-11T14:00:00.000000000Z,34,2,16192,47.07,47.14,46.66,46.86,13442,TRP
2025-02-11T14:00:00.000000000Z,34,2,5158,44.9,44.9,44.45,44.82,29851,ENB
2025-02-11T15:00:00.000000000Z,34,2,5158,44.83,45.03,44.685,45.02,43555,ENB
2025-02-11T15:00:00.000000000Z,34,2,16192,46.865,47.05,46.71,47.05,32492,TRP
2025-02-11T16:00:00.000000000Z,34,2,16192,47.06,47.19,47.04,47.18,15945,TRP
2025-02-11T16:00:00.000000000Z,34,2,5158,45.03,45.155,45.0,45.12,31388,ENB
2025-02-11T17:00:00.000000000Z,34,2,16192,47.18,47.29,47.15,47.22,6648,TRP
2025-02-11T17:00:00.000000000Z,34,2,5158,45.12,45.21,45.09,45.135,15684,ENB
2025-02-11T18:00:00.000000000Z,34,2,5158,45.13,45.165,45.07,45.16,23465,ENB
2025-02-11T18:00:00.000000000Z,34,2,16192,47.22,47.31,47.19,47.25,9600,TRP
2025-02-11T19:00:00.000000000Z,34,2,16192,47.27,47.36,47.23,47.24,8153,TRP
2025-02-11T19:00:00.000000000Z,34,2,5158,45.16,45.215,45.13,45.18,22670,ENB
2025-02-11T20:00:00.000000000Z,34,2,16192,47.25,47.29,47.18,47.26,31538,TRP
2025-02-11T20:00:00.000000000Z,34,2,5158,45.19,45.32,45.17,45.275,100008,ENB
2025-02-11T22:00:00.000000000Z,34,2,16192,47.35,47.35,47.35,47.35,50,TRP
2025-02-12T10:00:00.000000000Z,34,2,16192,46.8,46.8,46.8,46.8,2,TRP
2025-02-12T13:00:00.000000000Z,34,2,5158,45.1,45.13,45.07,45.13,158,ENB
2025-02-12T14:00:00.000000000Z,34,2,16192,46.84,47.08,46.615,46.98,10385,TRP
2025-02-12T14:00:00.000000000Z,34,2,5158,45.1,45.18,44.83,45.18,21722,ENB
2025-02-12T15:00:00.000000000Z,34,2,5158,45.17,45.35,45.1,45.34,30600,ENB
2025-02-12T15:00:00.000000000Z,34,2,16192,46.975,47.08,46.84,46.84,21368,TRP
2025-02-12T16:00:00.000000000Z,34,2,5158,45.36,45.39,45.13,45.305,23047,ENB
2025-02-12T16:00:00.000000000Z,34,2,16192,46.81,47.01,46.73,46.96,14911,TRP
2025-02-12T17:00:00.000000000Z,34,2,16192,46.98,47.0,46.8,46.8,17663,TRP
2025-02-12T17:00:00.000000000Z,34,2,5158,45.3,45.335,45.22,45.25,22988,ENB
2025-02-12T18:00:00.000000000Z,34,2,16192,46.79,46.79,46.495,46.495,13722,TRP
2025-02-12T18:00:00.000000000Z,34,2,5158,45.255,45.255,45.13,45.13,30949,ENB
2025-02-12T19:00:00.000000000Z,34,2,5158,45.115,45.18,45.035,45.04,29296,ENB
2025-02-12T19:00:00.000000000Z,34,2,16192,46.49,46.56,46.42,46.49,14241,TRP
2025-02-12T20:00:00.000000000Z,34,2,5158,45.035,45.17,45.025,45.11,113754,ENB
2025-02-12T20:00:00.000000000Z,34,2,16192,46.47,46.87,46.46,46.82,39992,TRP
2025-02-13T12:00:00.000000000Z,34,2,5158,45.28,45.28,45.28,45.28,13,ENB
2025-02-13T13:00:00.000000000Z,34,2,5158,45.15,45.15,45.1,45.1,50,ENB
2025-02-13T14:00:00.000000000Z,34,2,16192,46.83,47.19,46.81,47.08,24646,TRP
2025-02-13T14:00:00.000000000Z,34,2,5158,45.14,45.28,45.09,45.21,28591,ENB
2025-02-13T15:00:00.000000000Z,34,2,5158,45.22,45.54,45.22,45.48,35758,ENB
2025-02-13T15:00:00.000000000Z,34,2,16192,47.18,47.27,47.03,47.18,21048,TRP
2025-02-13T16:00:00.000000000Z,34,2,16192,47.205,47.31,47.08,47.25,18040,TRP
2025-02-13T16:00:00.000000000Z,34,2,5158,45.485,45.62,45.43,45.57,26661,ENB
2025-02-13T17:00:00.000000000Z,34,2,5158,45.57,45.63,45.485,45.525,40719,ENB
2025-02-13T17:00:00.000000000Z,34,2,16192,47.245,47.48,47.245,47.32,21934,TRP
2025-02-13T18:00:00.000000000Z,34,2,16192,47.31,47.36,47.12,47.26,13984,TRP
2025-02-13T18:00:00.000000000Z,34,2,5158,45.52,45.52,45.39,45.48,50056,ENB
2025-02-13T19:00:00.000000000Z,34,2,16192,47.26,47.44,47.25,47.36,36978,TRP
2025-02-13T19:00:00.000000000Z,34,2,5158,45.47,45.67,45.445,45.61,62600,ENB
2025-02-13T20:00:00.000000000Z,34,2,16192,47.35,47.5,47.34,47.39,136665,TRP
2025-02-13T20:00:00.000000000Z,34,2,5158,45.61,45.695,45.51,45.51,102575,ENB
2025-02-13T21:00:00.000000000Z,34,2,5158,45.5,45.7,45.5,45.61,720,ENB
2025-02-13T22:00:00.000000000Z,34,2,5158,45.73,45.73,45.6,45.62,432,ENB
2025-02-13T22:00:00.000000000Z,34,2,16192,47.4,47.55,47.4,47.55,10,TRP
2025-02-13T23:00:00.000000000Z,34,2,5158,45.73,45.74,45.71,45.71,9,ENB
2025-02-14T09:00:00.000000000Z,34,2,16192,48.01,48.01,48.01,48.01,20,TRP
2025-02-14T09:00:00.000000000Z,34,2,5158,45.77,45.77,45.43,45.75,587,ENB
2025-02-14T10:00:00.000000000Z,34,2,16192,48.01,48.01,48.01,48.01,60,TRP
2025-02-14T10:00:00.000000000Z,34,2,5158,45.75,45.75,45.75,45.75,5,ENB
2025-02-14T11:00:00.000000000Z,34,2,5158,45.58,45.82,45.56,45.82,521,ENB
2025-02-14T11:00:00.000000000Z,34,2,16192,48.02,48.02,48.02,48.02,10,TRP
2025-02-14T12:00:00.000000000Z,34,2,5158,45.7,45.7,45.55,45.55,107,ENB
2025-02-14T12:00:00.000000000Z,34,2,16192,48.02,48.02,48.02,48.02,3,TRP
2025-02-14T13:00:00.000000000Z,34,2,5158,45.44,45.44,45.28,45.35,219,ENB
2025-02-14T13:00:00.000000000Z,34,2,16192,48.0,48.0,48.0,48.0,27,TRP
2025-02-14T14:00:00.000000000Z,34,2,5158,45.3,45.35,44.53,44.78,113966,ENB
2025-02-14T14:00:00.000000000Z,34,2,16192,46.9,47.17,45.62,46.8,140355,TRP
2025-02-14T15:00:00.000000000Z,34,2,16192,46.8,46.81,45.97,45.97,85583,TRP
2025-02-14T15:00:00.000000000Z,34,2,5158,44.74,44.765,43.34,43.34,91847,ENB
2025-02-14T16:00:00.000000000Z,34,2,16192,45.99,46.34,45.81,45.9,81558,TRP
2025-02-14T16:00:00.000000000Z,34,2,5158,43.33,43.79,43.33,43.57,57010,ENB
2025-02-14T17:00:00.000000000Z,34,2,5158,43.58,43.59,43.13,43.28,40437,ENB
2025-02-14T17:00:00.000000000Z,34,2,16192,45.92,45.98,45.52,45.75,43978,TRP
2025-02-14T18:00:00.000000000Z,34,2,5158,43.3,43.445,43.07,43.42,44324,ENB
2025-02-14T18:00:00.000000000Z,34,2,16192,45.81,45.96,45.64,45.95,59585,TRP
2025-02-14T19:00:00.000000000Z,34,2,16192,45.955,45.955,45.51,45.71,70344,TRP
2025-02-14T19:00:00.000000000Z,34,2,5158,43.41,43.41,43.185,43.28,47069,ENB
2025-02-14T20:00:00.000000000Z,34,2,16192,45.69,46.07,45.66,45.94,125110,TRP
2025-02-14T20:00:00.000000000Z,34,2,5158,43.275,43.36,43.08,43.095,156837,ENB
2025-02-14T21:00:00.000000000Z,34,2,5158,43.05,43.17,43.0,43.14,754,ENB
2025-02-14T23:00:00.000000000Z,34,2,5158,43.17,43.17,43.17,43.17,5,ENB
2025-02-18T13:00:00.000000000Z,34,2,5158,43.35,43.35,43.35,43.35,100,ENB
2025-02-18T14:00:00.000000000Z,34,2,16192,46.06,46.175,45.43,46.06,33190,TRP
2025-02-18T14:00:00.000000000Z,34,2,5158,43.13,43.13,42.13,42.195,176379,ENB
2025-02-18T15:00:00.000000000Z,34,2,5158,42.2,42.44,41.985,42.36,177717,ENB
2025-02-18T15:00:00.000000000Z,34,2,16192,46.04,46.08,45.48,45.89,36888,TRP
2025-02-18T16:00:00.000000000Z,34,2,16192,45.89,46.235,45.76,46.18,17830,TRP
2025-02-18T16:00:00.000000000Z,34,2,5158,42.36,42.79,42.34,42.78,74832,ENB
2025-02-18T17:00:00.000000000Z,34,2,5158,42.77,42.85,42.625,42.85,55125,ENB
2025-02-18T17:00:00.000000000Z,34,2,16192,46.17,46.53,46.16,46.53,11110,TRP
2025-02-18T18:00:00.000000000Z,34,2,5158,42.85,43.19,42.805,43.135,51753,ENB
2025-02-18T18:00:00.000000000Z,34,2,16192,46.52,46.72,46.4,46.64,33363,TRP
2025-02-18T19:00:00.000000000Z,34,2,5158,43.13,43.235,43.01,43.05,66001,ENB
2025-02-18T19:00:00.000000000Z,34,2,16192,46.64,46.72,46.49,46.59,37381,TRP
2025-02-18T20:00:00.000000000Z,34,2,16192,46.57,46.64,46.31,46.36,107460,TRP
2025-02-18T20:00:00.000000000Z,34,2,5158,43.02,43.065,42.67,42.745,323218,ENB
2025-02-19T13:00:00.000000000Z,34,2,5158,42.85,42.85,42.7,42.7,793,ENB
2025-02-19T14:00:00.000000000Z,34,2,16192,46.28,46.37,45.73,46.04,26595,TRP
2025-02-19T14:00:00.000000000Z,34,2,5158,42.77,42.82,42.38,42.52,53230,ENB
2025-02-19T15:00:00.000000000Z,34,2,16192,46.03,46.53,45.98,46.21,39953,TRP
2025-02-19T15:00:00.000000000Z,34,2,5158,42.5,42.565,42.33,42.35,66018,ENB
2025-02-19T16:00:00.000000000Z,34,2,5158,42.35,42.48,42.305,42.355,46469,ENB
2025-02-19T16:00:00.000000000Z,34,2,16192,46.22,46.29,46.12,46.15,17817,TRP
2025-02-19T17:00:00.000000000Z,34,2,5158,42.36,42.375,42.145,42.16,42965,ENB
2025-02-19T17:00:00.000000000Z,34,2,16192,46.15,46.19,45.85,45.87,19625,TRP
2025-02-19T18:00:00.000000000Z,34,2,5158,42.155,42.225,42.04,42.15,29697,ENB
2025-02-19T18:00:00.000000000Z,34,2,16192,45.88,45.93,45.7,45.71,20579,TRP
2025-02-19T19:00:00.000000000Z,34,2,16192,45.7,45.84,45.7,45.77,14947,TRP
2025-02-19T19:00:00.000000000Z,34,2,5158,42.16,42.29,42.12,42.2,39626,ENB
2025-02-19T20:00:00.000000000Z,34,2,16192,45.77,45.96,45.76,45.87,64105,TRP
2025-02-19T20:00:00.000000000Z,34,2,5158,42.2,42.355,42.195,42.3,169682,ENB
2025-02-19T21:00:00.000000000Z,34,2,5158,42.31,42.31,42.27,42.27,175,ENB
2025-02-19T21:00:00.000000000Z,34,2,16192,46.18,46.18,46.18,46.18,2,TRP
2025-02-20T10:00:00.000000000Z,34,2,5158,42.69,42.69,42.69,42.69,5,ENB
2025-02-20T12:00:00.000000000Z,34,2,16192,45.7,45.88,45.7,45.88,7,TRP
2025-02-20T14:00:00.000000000Z,34,2,16192,45.46,45.83,45.46,45.655,7728,TRP
2025-02-20T14:00:00.000000000Z,34,2,5158,42.34,42.34,41.87,41.92,57114,ENB
2025-02-20T15:00:00.000000000Z,34,2,5158,41.93,42.0,41.81,41.89,37488,ENB
2025-02-20T15:00:00.000000000Z,34,2,16192,45.62,45.66,45.32,45.35,20151,TRP
2025-02-20T16:00:00.000000000Z,34,2,16192,45.32,45.47,45.29,45.43,16981,TRP
2025-02-20T16:00:00.000000000Z,34,2,5158,41.89,41.93,41.755,41.8,36077,ENB
2025-02-20T17:00:00.000000000Z,34,2,16192,45.42,45.56,45.41,45.52,14482,TRP
2025-02-20T17:00:00.000000000Z,34,2,5158,41.81,42.01,41.78,41.975,30210,ENB
2025-02-20T18:00:00.000000000Z,34,2,16192,45.51,45.7,45.47,45.47,24403,TRP
2025-02-20T18:00:00.000000000Z,34,2,5158,41.96,42.14,41.96,42.06,30429,ENB
2025-02-20T19:00:00.000000000Z,34,2,16192,45.47,45.54,45.39,45.5,15454,TRP
2025-02-20T19:00:00.000000000Z,34,2,5158,42.06,42.12,41.925,42.06,53103,ENB
2025-02-20T20:00:00.000000000Z,34,2,16192,45.49,45.66,45.35,45.5,65764,TRP
2025-02-20T20:00:00.000000000Z,34,2,5158,42.05,42.135,41.9,41.97,168569,ENB
2025-02-21T10:00:00.000000000Z,34,2,5158,42.31,42.31,42.31,42.31,1,ENB
2025-02-21T14:00:00.000000000Z,34,2,16192,45.56,45.57,45.3,45.38,12763,TRP
2025-02-21T14:00:00.000000000Z,34,2,5158,42.22,42.22,41.53,41.87,29764,ENB
2025-02-21T15:00:00.000000000Z,34,2,16192,45.37,45.49,45.24,45.43,33127,TRP
2025-02-21T15:00:00.000000000Z,34,2,5158,41.87,42.0,41.78,41.95,60146,ENB
2025-02-21T16:00:00.000000000Z,34,2,16192,45.43,45.53,45.39,45.53,16597,TRP
2025-02-21T16:00:00.000000000Z,34,2,5158,41.96,42.14,41.89,42.07,64211,ENB
2025-02-21T17:00:00.000000000Z,34,2,5158,42.07,42.12,41.86,41.89,39389,ENB
2025-02-21T17:00:00.000000000Z,34,2,16192,45.525,45.53,45.12,45.12,24396,TRP
2025-02-21T18:00:00.000000000Z,34,2,16192,45.13,45.13,44.9,44.92,16684,TRP
2025-02-21T18:00:00.000000000Z,34,2,5158,41.875,41.905,41.74,41.79,33044,ENB
2025-02-21T19:00:00.000000000Z,34,2,5158,41.77,41.79,41.58,41.71,46598,ENB
2025-02-21T19:00:00.000000000Z,34,2,16192,44.925,44.93,44.65,44.8,34360,TRP
2025-02-21T20:00:00.000000000Z,34,2,16192,44.8,45.01,44.75,44.98,103570,TRP
2025-02-21T20:00:00.000000000Z,34,2,5158,41.72,41.82,41.675,41.77,134321,ENB
2025-02-21T21:00:00.000000000Z,34,2,16192,44.99,44.99,44.98,44.98,13,TRP
2025-02-21T21:00:00.000000000Z,34,2,5158,41.98,41.98,41.98,41.98,5,ENB
2025-02-21T22:00:00.000000000Z,34,2,5158,41.85,41.85,41.85,41.85,70,ENB
2025-02-24T11:00:00.000000000Z,34,2,5158,42.02,42.16,42.02,42.15,225,ENB
2025-02-24T13:00:00.000000000Z,34,2,5158,41.99,41.99,41.99,41.99,2,ENB
2025-02-24T14:00:00.000000000Z,34,2,16192,45.12,45.315,44.61,44.625,7752,TRP
2025-02-24T14:00:00.000000000Z,34,2,5158,42.01,42.07,41.63,41.63,29284,ENB
2025-02-24T15:00:00.000000000Z,34,2,5158,41.64,41.705,41.53,41.57,51502,ENB
2025-02-24T15:00:00.000000000Z,34,2,16192,44.71,44.965,44.655,44.66,16940,TRP
2025-02-24T16:00:00.000000000Z,34,2,16192,44.66,45.03,44.64,44.97,17618,TRP
2025-02-24T16:00:00.000000000Z,34,2,5158,41.56,41.71,41.53,41.7,32441,ENB
2025-02-24T17:00:00.000000000Z,34,2,16192,44.97,45.03,44.91,44.95,10271,TRP
2025-02-24T17:00:00.000000000Z,34,2,5158,41.7,41.795,41.655,41.715,44837,ENB
2025-02-24T18:00:00.000000000Z,34,2,16192,44.94,45.01,44.75,44.8,18850,TRP
2025-02-24T18:00:00.000000000Z,34,2,5158,41.72,41.845,41.715,41.735,31009,ENB
2025-02-24T19:00:00.000000000Z,34,2,16192,44.79,44.83,44.5,44.53,12182,TRP
2025-02-24T19:00:00.000000000Z,34,2,5158,41.735,41.79,41.565,41.565,32651,ENB
2025-02-24T20:00:00.000000000Z,34,2,5158,41.56,41.625,41.46,41.535,141556,ENB
2025-02-24T20:00:00.000000000Z,34,2,16192,44.54,44.63,44.26,44.31,88936,TRP
2025-02-24T21:00:00.000000000Z,34,2,5158,41.54,41.54,41.54,41.54,2,ENB
2025-02-24T21:00:00.000000000Z,34,2,16192,44.2,44.2,44.2,44.2,2,TRP
2025-02-24T23:00:00.000000000Z,34,2,5158,41.61,41.61,41.54,41.6,436,ENB
2025-02-24T23:00:00.000000000Z,34,2,16192,44.27,44.35,44.27,44.35,110,TRP
2025-02-25T12:00:00.000000000Z,34,2,16192,44.7,44.7,44.7,44.7,29,TRP
2025-02-25T13:00:00.000000000Z,34,2,16192,44.7,44.7,44.42,44.6,45,TRP
2025-02-25T13:00:00.000000000Z,34,2,5158,41.85,41.85,41.74,41.74,16,ENB
2025-02-25T14:00:00.000000000Z,34,2,5158,41.6,41.8,41.4,41.55,50727,ENB
2025-02-25T14:00:00.000000000Z,34,2,16192,44.42,44.72,44.25,44.41,13554,TRP
2025-02-25T15:00:00.000000000Z,34,2,5158,41.55,41.55,41.115,41.18,67451,ENB
2025-02-25T15:00:00.000000000Z,34,2,16192,44.445,44.445,43.78,44.04,24217,TRP
2025-02-25T16:00:00.000000000Z,34,2,16192,44.01,44.155,43.89,44.0,15676,TRP
2025-02-25T16:00:00.000000000Z,34,2,5158,41.165,41.4,41.12,41.305,42523,ENB
2025-02-25T17:00:00.000000000Z,34,2,5158,41.325,41.53,41.32,41.52,42998,ENB
2025-02-25T17:00:00.000000000Z,34,2,16192,44.01,44.2,43.88,44.18,16635,TRP
2025-02-25T18:00:00.000000000Z,34,2,16192,44.19,44.395,44.19,44.31,14160,TRP
2025-02-25T18:00:00.000000000Z,34,2,5158,41.51,41.745,41.51,41.685,37137,ENB
2025-02-25T19:00:00.000000000Z,34,2,5158,41.68,41.79,41.595,41.73,28322,ENB
2025-02-25T19:00:00.000000000Z,34,2,16192,44.28,44.31,44.11,44.27,15288,TRP
2025-02-25T20:00:00.000000000Z,34,2,5158,41.73,41.81,41.63,41.65,141749,ENB
2025-02-25T20:00:00.000000000Z,34,2,16192,44.26,44.385,44.17,44.29,58308,TRP
2025-02-25T21:00:00.000000000Z,34,2,5158,41.72,41.72,41.72,41.72,1,ENB
2025-02-25T23:00:00.000000000Z,34,2,5158,41.59,41.74,41.59,41.74,670,ENB
2025-02-26T09:00:00.000000000Z,34,2,16192,43.98,44.06,43.98,44.06,6,TRP
2025-02-26T09:00:00.000000000Z,34,2,5158,41.66,41.66,41.66,41.66,4,ENB
2025-02-26T12:00:00.000000000Z,34,2,16192,44.5,44.5,44.3,44.3,14,TRP
2025-02-26T13:00:00.000000000Z,34,2,5158,41.79,41.79,41.74,41.76,156,ENB
2025-02-26T13:00:00.000000000Z,34,2,16192,44.4,44.4,44.4,44.4,10,TRP
2025-02-26T14:00:00.000000000Z,34,2,5158,41.62,41.87,41.48,41.77,28511,ENB
2025-02-26T14:00:00.000000000Z,34,2,16192,44.29,44.68,44.11,44.58,7469,TRP
2025-02-26T15:00:00.000000000Z,34,2,5158,41.77,42.11,41.73,41.94,35713,ENB
2025-02-26T15:00:00.000000000Z,34,2,16192,44.58,44.9,44.53,44.69,10357,TRP
2025-02-26T16:00:00.000000000Z,34,2,5158,41.94,42.015,41.91,41.945,32617,ENB
2025-02-26T16:00:00.000000000Z,34,2,16192,44.71,44.76,44.49,44.49,17965,TRP
2025-02-26T17:00:00.000000000Z,34,2,16192,44.49,44.71,44.44,44.44,20460,TRP
2025-02-26T17:00:00.000000000Z,34,2,5158,41.95,42.125,41.86,41.87,51854,ENB
2025-02-26T18:00:00.000000000Z,34,2,16192,44.44,44.54,44.16,44.18,13416,TRP
2025-02-26T18:00:00.000000000Z,34,2,5158,41.875,41.88,41.62,41.65,27622,ENB
2025-02-26T19:00:00.000000000Z,34,2,5158,41.64,41.79,41.57,41.67,28965,ENB
2025-02-26T19:00:00.000000000Z,34,2,16192,44.17,44.225,44.06,44.08,25035,TRP
2025-02-26T20:00:00.000000000Z,34,2,16192,44.08,44.435,44.06,44.41,54085,TRP
2025-02-26T20:00:00.000000000Z,34,2,5158,41.67,41.865,41.645,41.76,96973,ENB
2025-02-26T22:00:00.000000000Z,34,2,16192,44.43,44.43,44.43,44.43,140,TRP
2025-02-27T09:00:00.000000000Z,34,2,16192,44.15,44.15,44.15,44.15,10,TRP
2025-02-27T11:00:00.000000000Z,34,2,16192,44.87,44.87,44.84,44.84,5,TRP
2025-02-27T12:00:00.000000000Z,34,2,16192,44.43,44.43,44.43,44.43,1,TRP
2025-02-27T13:00:00.000000000Z,34,2,5158,41.89,41.9,41.75,41.75,210,ENB
2025-02-27T14:00:00.000000000Z,34,2,5158,41.72,41.92,41.38,41.58,25155,ENB
2025-02-27T14:00:00.000000000Z,34,2,16192,44.21,44.49,43.96,44.34,23516,TRP
2025-02-27T15:00:00.000000000Z,34,2,5158,41.57,41.85,41.495,41.765,24123,ENB
2025-02-27T15:00:00.000000000Z,34,2,16192,44.34,44.56,44.21,44.44,24757,TRP
2025-02-27T16:00:00.000000000Z,34,2,5158,41.78,41.875,41.735,41.84,16233,ENB
2025-02-27T16:00:00.000000000Z,34,2,16192,44.44,44.62,44.44,44.55,17131,TRP
2025-02-27T17:00:00.000000000Z,34,2,16192,44.52,44.57,44.42,44.51,16090,TRP
2025-02-27T17:00:00.000000000Z,34,2,5158,41.84,41.885,41.795,41.88,18370,ENB
2025-02-27T18:00:00.000000000Z,34,2,16192,44.515,44.6,44.44,44.58,22995,TRP
2025-02-27T18:00:00.000000000Z,34,2,5158,41.87,42.05,41.87,42.02,24901,ENB
2025-02-27T19:00:00.000000000Z,34,2,16192,44.62,44.67,44.47,44.615,21977,TRP
2025-02-27T19:00:00.000000000Z,34,2,5158,42.03,42.04,41.89,41.93,17764,ENB
2025-02-27T20:00:00.000000000Z,34,2,5158,41.92,41.94,41.72,41.74,80177,ENB
2025-02-27T20:00:00.000000000Z,34,2,16192,44.61,44.63,44.315,44.335,72934,TRP
2025-02-28T10:00:00.000000000Z,34,2,5158,41.6,41.6,41.44,41.5,103,ENB
2025-02-28T12:00:00.000000000Z,34,2,5158,41.95,41.95,41.95,41.95,12,ENB
2025-02-28T14:00:00.000000000Z,34,2,16192,44.7,44.7,43.91,44.36,20287,TRP
2025-02-28T14:00:00.000000000Z,34,2,5158,41.79,42.02,41.685,41.975,29777,ENB
2025-02-28T15:00:00.000000000Z,34,2,5158,41.98,42.2,41.92,42.2,38324,ENB
2025-02-28T15:00:00.000000000Z,34,2,16192,44.335,44.56,44.24,44.53,25210,TRP
2025-02-28T16:00:00.000000000Z,34,2,16192,44.53,44.56,44.28,44.42,25035,TRP
2025-02-28T16:00:00.000000000Z,34,2,5158,42.195,42.33,42.16,42.31,27294,ENB
2025-02-28T17:00:00.000000000Z,34,2,5158,42.29,42.57,42.28,42.28,33592,ENB
2025-02-28T17:00:00.000000000Z,34,2,16192,44.4,44.54,44.32,44.32,15082,TRP
2025-02-28T18:00:00.000000000Z,34,2,16192,44.34,44.505,44.18,44.22,36092,TRP
2025-02-28T18:00:00.000000000Z,34,2,5158,42.3,42.54,42.275,42.36,30804,ENB
2025-02-28T19:00:00.000000000Z,34,2,5158,42.36,42.5,42.36,42.49,41385,ENB
2025-02-28T19:00:00.000000000Z,34,2,16192,44.23,44.63,44.23,44.54,32500,TRP
2025-02-28T20:00:00.000000000Z,34,2,5158,42.48,42.785,42.47,42.715,116752,ENB
2025-02-28T20:00:00.000000000Z,34,2,16192,44.52,44.76,44.49,44.76,69389,TRP
2025-02-28T21:00:00.000000000Z,34,2,5158,42.64,42.72,42.64,42.72,217,ENB
2025-03-03T09:00:00.000000000Z,34,2,16192,44.3,44.33,44.3,44.33,102,TRP
2025-03-03T10:00:00.000000000Z,34,2,16192,45.18,45.18,44.41,44.51,6,TRP
2025-03-03T10:00:00.000000000Z,34,2,5158,42.75,42.75,42.75,42.75,5,ENB
2025-03-03T11:00:00.000000000Z,34,2,5158,42.77,42.77,42.77,42.77,2,ENB
2025-03-03T12:00:00.000000000Z,34,2,5158,42.77,42.77,42.77,42.77,145,ENB
2025-03-03T12:00:00.000000000Z,34,2,16192,44.51,44.51,44.51,44.51,60,TRP
2025-03-03T14:00:00.000000000Z,34,2,16192,45.03,45.39,45.005,45.14,13930,TRP
2025-03-03T14:00:00.000000000Z,34,2,5158,42.98,43.33,42.97,43.13,35187,ENB
2025-03-03T15:00:00.000000000Z,34,2,5158,43.12,43.25,43.02,43.21,44419,ENB
2025-03-03T15:00:00.000000000Z,34,2,16192,45.14,45.26,45.0,45.18,18895,TRP
2025-03-03T16:00:00.000000000Z,34,2,16192,45.19,45.37,45.17,45.32,11280,TRP
2025-03-03T16:00:00.000000000Z,34,2,5158,43.22,43.335,43.13,43.145,31316,ENB
2025-03-03T17:00:00.000000000Z,34,2,16192,45.32,45.58,45.32,45.48,14911,TRP
2025-03-03T17:00:00.000000000Z,34,2,5158,43.14,43.34,43.14,43.315,21675,ENB
2025-03-03T18:00:00.000000000Z,34,2,16192,45.49,45.51,45.03,45.14,26886,TRP
2025-03-03T18:00:00.000000000Z,34,2,5158,43.32,43.32,42.745,42.935,50643,ENB
2025-03-03T19:00:00.000000000Z,34,2,5158,42.92,43.05,42.705,42.705,70598,ENB
2025-03-03T19:00:00.000000000Z,34,2,16192,45.11,45.2,44.81,44.85,28523,TRP
2025-03-03T20:00:00.000000000Z,34,2,16192,44.78,44.83,44.43,44.825,92224,TRP
2025-03-03T20:00:00.000000000Z,34,2,5158,42.66,42.69,42.325,42.65,145831,ENB
2025-03-03T21:00:00.000000000Z,34,2,5158,42.79,42.95,42.5,42.95,1235,ENB
2025-03-03T22:00:00.000000000Z,34,2,5158,42.64,42.64,42.32,42.32,602,ENB
2025-03-04T09:00:00.000000000Z,34,2,16192,45.27,45.27,45.27,45.27,1,TRP
2025-03-04T09:00:00.000000000Z,34,2,5158,43.0,43.0,43.0,43.0,6,ENB
2025-03-04T12:00:00.000000000Z,34,2,5158,42.3,42.39,42.3,42.39,90,ENB
2025-03-04T13:00:00.000000000Z,34,2,16192,44.55,44.77,44.44,44.44,896,TRP
2025-03-04T13:00:00.000000000Z,34,2,5158,42.28,42.38,42.28,42.3,1285,ENB
2025-03-04T14:00:00.000000000Z,34,2,16192,44.41,45.04,44.41,44.5,33555,TRP
2025-03-04T14:00:00.000000000Z,34,2,5158,42.34,42.48,41.42,42.06,78635,ENB
2025-03-04T15:00:00.000000000Z,34,2,5158,42.065,42.35,41.87,41.9,132635,ENB
2025-03-04T15:00:00.000000000Z,34,2,16192,44.42,45.19,44.42,44.88,52324,TRP
2025-03-04T16:00:00.000000000Z,34,2,16192,44.89,45.0,44.68,44.7,26860,TRP
2025-03-04T16:00:00.000000000Z,34,2,5158,41.91,41.92,41.585,41.61,59246,ENB
2025-03-04T17:00:00.000000000Z,34,2,16192,44.72,45.05,44.7,44.76,21473,TRP
2025-03-04T17:00:00.000000000Z,34,2,5158,41.605,41.91,41.575,41.61,59859,ENB
2025-03-04T18:00:00.000000000Z,34,2,16192,44.78,44.885,44.62,44.78,13608,TRP
2025-03-04T18:00:00.000000000Z,34,2,5158,41.6,41.675,41.4,41.51,59547,ENB
2025-03-04T19:00:00.000000000Z,34,2,16192,44.795,45.07,44.73,45.01,17341,TRP
2025-03-04T19:00:00.000000000Z,34,2,5158,41.52,41.78,41.52,41.715,64796,ENB
2025-03-04T20:00:00.000000000Z,34,2,16192,45.02,45.32,44.95,44.99,112060,TRP
2025-03-04T20:00:00.000000000Z,34,2,5158,41.72,41.93,41.37,41.53,171808,ENB
2025-03-04T21:00:00.000000000Z,34,2,5158,41.77,41.88,41.72,41.88,1500,ENB
2025-03-04T22:00:00.000000000Z,34,2,5158,41.8,41.8,41.8,41.8,35,ENB
2025-03-04T23:00:00.000000000Z,34,2,5158,41.89,41.97,41.89,41.95,1525,ENB
2025-03-05T12:00:00.000000000Z,34,2,16192,45.0,45.0,45.0,45.0,15,TRP
2025-03-05T12:00:00.000000000Z,34,2,5158,41.97,41.97,41.75,41.75,414,ENB
2025-03-05T13:00:00.000000000Z,34,2,5158,41.85,41.85,41.79,41.79,26,ENB
2025-03-05T14:00:00.000000000Z,34,2,5158,41.74,42.38,41.65,42.11,30768,ENB
2025-03-05T14:00:00.000000000Z,34,2,16192,44.99,46.19,44.99,46.03,34479,TRP
2025-03-05T15:00:00.000000000Z,34,2,5158,42.14,42.365,42.07,42.19,49745,ENB
2025-03-05T15:00:00.000000000Z,34,2,16192,46.04,46.29,45.67,45.89,51492,TRP
2025-03-05T16:00:00.000000000Z,34,2,5158,42.16,42.31,41.97,42.28,59346,ENB
2025-03-05T16:00:00.000000000Z,34,2,16192,45.88,45.88,45.56,45.76,48502,TRP
2025-03-05T17:00:00.000000000Z,34,2,5158,42.275,42.535,42.275,42.53,32646,ENB
2025-03-05T17:00:00.000000000Z,34,2,16192,45.76,46.33,45.72,46.3,57567,TRP
2025-03-05T18:00:00.000000000Z,34,2,16192,46.31,46.38,46.01,46.16,59206,TRP
2025-03-05T18:00:00.000000000Z,34,2,5158,42.52,42.545,42.34,42.49,39361,ENB
2025-03-05T19:00:00.000000000Z,34,2,5158,42.5,42.79,42.49,42.62,38981,ENB
2025-03-05T19:00:00.000000000Z,34,2,16192,46.15,46.5,46.12,46.44,36325,TRP
2025-03-05T20:00:00.000000000Z,34,2,16192,46.43,46.51,46.27,46.33,66271,TRP
2025-03-05T20:00:00.000000000Z,34,2,5158,42.62,42.745,42.495,42.52,128646,ENB
2025-03-05T21:00:00.000000000Z,34,2,5158,42.73,42.73,42.73,42.73,2,ENB
2025-03-06T09:00:00.000000000Z,34,2,16192,46.8,46.8,46.8,46.8,45,TRP
2025-03-06T11:00:00.000000000Z,34,2,5158,42.3,42.31,42.3,42.31,299,ENB
2025-03-06T12:00:00.000000000Z,34,2,5158,42.3,42.3,42.29,42.3,1295,ENB
2025-03-06T12:00:00.000000000Z,34,2,16192,46.34,46.34,46.34,46.34,28,TRP
2025-03-06T13:00:00.000000000Z,34,2,5158,42.3,42.3,42.3,42.3,196,ENB
2025-03-06T14:00:00.000000000Z,34,2,5158,42.41,42.41,41.63,41.64,31426,ENB
2025-03-06T14:00:00.000000000Z,34,2,16192,46.35,46.35,45.0,45.345,23982,TRP
2025-03-06T15:00:00.000000000Z,34,2,5158,41.64,42.08,41.64,42.06,36231,ENB
2025-03-06T15:00:00.000000000Z,34,2,16192,45.34,46.005,45.33,45.94,24272,TRP
2025-03-06T16:00:00.000000000Z,34,2,5158,42.09,42.29,41.94,41.96,29183,ENB
2025-03-06T16:00:00.000000000Z,34,2,16192,45.97,46.07,45.67,45.68,17305,TRP
2025-03-06T17:00:00.000000000Z,34,2,5158,41.98,42.02,41.7,41.75,46133,ENB
2025-03-06T17:00:00.000000000Z,34,2,16192,45.7,45.79,45.54,45.64,27416,TRP
2025-03-06T18:00:00.000000000Z,34,2,16192,45.65,45.76,45.53,45.54,24565,TRP
2025-03-06T18:00:00.000000000Z,34,2,5158,41.77,41.77,41.595,41.6,26245,ENB
2025-03-06T19:00:00.000000000Z,34,2,16192,45.54,45.89,45.39,45.62,22903,TRP
2025-03-06T19:00:00.000000000Z,34,2,5158,41.61,41.8,41.545,41.585,30639,ENB
2025-03-06T20:00:00.000000000Z,34,2,16192,45.625,45.82,45.48,45.48,103709,TRP
2025-03-06T20:00:00.000000000Z,34,2,5158,41.585,41.84,41.57,41.6,132793,ENB
2025-03-06T21:00:00.000000000Z,34,2,5158,41.68,41.68,41.68,41.68,101,ENB
2025-03-06T22:00:00.000000000Z,34,2,16192,45.55,45.55,45.55,45.55,7,TRP
2025-03-06T22:00:00.000000000Z,34,2,5158,41.68,41.68,41.67,41.67,255,ENB
2025-03-07T09:00:00.000000000Z,34,2,5158,42.01,42.01,42.01,42.01,1,ENB
2025-03-07T09:00:00.000000000Z,34,2,16192,46.39,46.39,46.31,46.31,102,TRP
2025-03-07T10:00:00.000000000Z,34,2,16192,45.94,45.94,45.9,45.9,105,TRP
2025-03-07T11:00:00.000000000Z,34,2,16192,45.99,45.99,45.5,45.87,107,TRP
2025-03-07T12:00:00.000000000Z,34,2,16192,45.57,45.57,45.57,45.57,6,TRP
2025-03-07T12:00:00.000000000Z,34,2,5158,41.71,41.75,41.68,41.75,392,ENB
2025-03-07T13:00:00.000000000Z,34,2,16192,45.57,45.57,45.57,45.57,40,TRP
2025-03-07T13:00:00.000000000Z,34,2,5158,41.75,41.75,41.65,41.65,449,ENB
2025-03-07T14:00:00.000000000Z,34,2,5158,41.61,42.04,41.42,41.94,22238,ENB
2025-03-07T14:00:00.000000000Z,34,2,16192,45.57,45.94,45.3,45.84,9826,TRP
2025-03-07T15:00:00.000000000Z,34,2,5158,41.93,42.09,41.785,41.79,38103,ENB
2025-03-07T15:00:00.000000000Z,34,2,16192,45.79,45.82,45.43,45.43,9734,TRP
2025-03-07T16:00:00.000000000Z,34,2,16192,45.42,45.43,45.17,45.26,13254,TRP
2025-03-07T16:00:00.000000000Z,34,2,5158,41.77,41.78,41.64,41.74,23645,ENB
2025-03-07T17:00:00.000000000Z,34,2,16192,45.27,45.69,45.16,45.57,21126,TRP
2025-03-07T17:00:00.000000000Z,34,2,5158,41.75,42.04,41.66,41.955,32784,ENB
2025-03-07T18:00:00.000000000Z,34,2,16192,45.58,46.17,45.57,46.04,27210,TRP
2025-03-07T18:00:00.000000000Z,34,2,5158,41.96,42.22,41.96,42.145,39588,ENB
2025-03-07T19:00:00.000000000Z,34,2,16192,46.05,46.14,45.95,46.06,12881,TRP
2025-03-07T19:00:00.000000000Z,34,2,5158,42.145,42.245,42.025,42.03,29573,ENB
2025-03-07T20:00:00.000000000Z,34,2,16192,46.05,46.08,45.69,45.865,45507,TRP
2025-03-07T20:00:00.000000000Z,34,2,5158,42.03,42.08,41.86,42.01,137404,ENB
2025-03-07T21:00:00.000000000Z,34,2,5158,42.0,42.0,42.0,42.0,64,ENB
2025-03-10T08:00:00.000000000Z,34,2,5158,42.0,42.0,41.99,41.99,17,ENB
2025-03-10T11:00:00.000000000Z,34,2,5158,42.04,42.04,42.04,42.04,100,ENB
2025-03-10T12:00:00.000000000Z,34,2,5158,41.92,41.95,41.9,41.92,829,ENB
2025-03-10T13:00:00.000000000Z,34,2,16192,45.66,45.925,45.3,45.66,13928,TRP
2025-03-10T13:00:00.000000000Z,34,2,5158,41.95,42.06,41.66,41.93,33322,ENB
2025-03-10T14:00:00.000000000Z,34,2,5158,41.925,42.43,41.925,42.32,44777,ENB
2025-03-10T14:00:00.000000000Z,34,2,16192,45.64,46.18,45.63,46.04,30671,TRP
2025-03-10T15:00:00.000000000Z,34,2,16192,46.09,46.19,45.805,45.9,19043,TRP
2025-03-10T15:00:00.000000000Z,34,2,5158,42.33,42.52,42.245,42.295,40590,ENB
2025-03-10T16:00:00.000000000Z,34,2,16192,45.89,46.01,45.8,45.98,14154,TRP
2025-03-10T16:00:00.000000000Z,34,2,5158,42.31,42.425,42.245,42.4,27142,ENB
2025-03-10T17:00:00.000000000Z,34,2,16192,45.97,46.08,45.82,45.82,16344,TRP
2025-03-10T17:00:00.000000000Z,34,2,5158,42.39,42.42,42.305,42.37,37032,ENB
2025-03-10T18:00:00.000000000Z,34,2,16192,45.84,45.96,45.73,45.77,39803,TRP
2025-03-10T18:00:00.000000000Z,34,2,5158,42.37,42.49,42.295,42.34,59484,ENB
2025-03-10T19:00:00.000000000Z,34,2,16192,45.77,46.235,45.575,46.235,83640,TRP
2025-03-10T19:00:00.000000000Z,34,2,5158,42.33,42.695,42.27,42.685,204957,ENB
2025-03-10T20:00:00.000000000Z,34,2,5158,42.68,42.69,42.58,42.58,87,ENB
2025-03-10T21:00:00.000000000Z,34,2,5158,42.61,42.64,42.61,42.64,24,ENB
2025-03-10T23:00:00.000000000Z,34,2,5158,42.62,42.62,42.62,42.62,2,ENB
2025-03-11T08:00:00.000000000Z,34,2,5158,42.94,42.94,42.94,42.94,1,ENB
2025-03-11T09:00:00.000000000Z,34,2,5158,42.94,42.94,42.94,42.94,2,ENB
2025-03-11T10:00:00.000000000Z,34,2,5158,42.96,42.96,42.92,42.92,14,ENB
2025-03-11T12:00:00.000000000Z,34,2,5158,42.81,42.81,42.81,42.81,30,ENB
2025-03-11T12:00:00.000000000Z,34,2,16192,46.23,46.23,46.23,46.23,44,TRP
2025-03-11T13:00:00.000000000Z,34,2,16192,46.23,46.59,46.09,46.55,56180,TRP
2025-03-11T13:00:00.000000000Z,34,2,5158,42.72,42.8,42.565,42.715,26651,ENB
2025-03-11T14:00:00.000000000Z,34,2,5158,42.7,42.75,42.35,42.39,59380,ENB
2025-03-11T14:00:00.000000000Z,34,2,16192,46.56,46.57,46.22,46.3,41699,TRP
2025-03-11T15:00:00.000000000Z,34,2,5158,42.4,42.74,42.36,42.585,47830,ENB
2025-03-11T15:00:00.000000000Z,34,2,16192,46.295,46.62,46.24,46.46,49810,TRP
2025-03-11T16:00:00.000000000Z,34,2,5158,42.575,42.575,42.275,42.3,44500,ENB
2025-03-11T16:00:00.000000000Z,34,2,16192,46.455,46.455,45.95,45.99,43912,TRP
2025-03-11T17:00:00.000000000Z,34,2,16192,45.99,46.04,45.73,45.94,30352,TRP
2025-03-11T17:00:00.000000000Z,34,2,5158,42.29,42.29,42.11,42.18,50035,ENB
2025-03-11T18:00:00.000000000Z,34,2,5158,42.18,42.51,42.15,42.425,39792,ENB
2025-03-11T18:00:00.000000000Z,34,2,16192,45.94,46.49,45.92,46.33,29183,TRP
2025-03-11T19:00:00.000000000Z,34,2,16192,46.28,46.48,46.23,46.305,75366,TRP
2025-03-11T19:00:00.000000000Z,34,2,5158,42.41,42.55,42.31,42.31,158214,ENB
2025-03-12T08:00:00.000000000Z,34,2,16192,45.9,45.97,45.9,45.97,104,TRP
2025-03-12T09:00:00.000000000Z,34,2,16192,46.01,46.7,46.01,46.69,109,TRP
2025-03-12T10:00:00.000000000Z,34,2,16192,46.68,46.68,46.62,46.62,2,TRP
2025-03-12T12:00:00.000000000Z,34,2,5158,42.41,42.5,42.41,42.46,523,ENB
2025-03-12T13:00:00.000000000Z,34,2,16192,46.39,46.57,46.205,46.35,9275,TRP
2025-03-12T13:00:00.000000000Z,34,2,5158,42.4,42.48,42.2,42.33,20052,ENB
2025-03-12T14:00:00.000000000Z,34,2,5158,42.33,42.46,42.175,42.46,31132,ENB
2025-03-12T14:00:00.000000000Z,34,2,16192,46.38,46.45,46.05,46.26,34240,TRP
2025-03-12T15:00:00.000000000Z,34,2,16192,46.295,46.6,46.11,46.6,19249,TRP
2025-03-12T15:00:00.000000000Z,34,2,5158,42.475,42.71,42.405,42.665,28386,ENB
2025-03-12T16:00:00.000000000Z,34,2,16192,46.57,46.74,46.5,46.5,28683,TRP
2025-03-12T16:00:00.000000000Z,34,2,5158,42.66,42.9,42.635,42.64,29443,ENB
2025-03-12T17:00:00.000000000Z,34,2,5158,42.64,42.87,42.595,42.79,28528,ENB
2025-03-12T17:00:00.000000000Z,34,2,16192,46.49,46.75,46.435,46.67,25234,TRP
2025-03-12T18:00:00.000000000Z,34,2,5158,42.8,42.99,42.785,42.93,43489,ENB
2025-03-12T18:00:00.000000000Z,34,2,16192,46.67,46.86,46.62,46.84,34970,TRP
2025-03-12T19:00:00.000000000Z,34,2,16192,46.82,46.86,46.545,46.6,60665,TRP
2025-03-12T19:00:00.000000000Z,34,2,5158,42.92,42.935,42.56,42.565,86890,ENB
2025-03-13T08:00:00.000000000Z,34,2,16192,46.13,46.98,46.13,46.98,3,TRP
2025-03-13T12:00:00.000000000Z,34,2,5158,42.62,42.62,42.6,42.6,125,ENB
2025-03-13T13:00:00.000000000Z,34,2,16192,46.35,46.9,46.27,46.67,18929,TRP
2025-03-13T13:00:00.000000000Z,34,2,5158,42.55,42.94,42.5,42.77,29322,ENB
2025-03-13T14:00:00.000000000Z,34,2,5158,42.76,42.88,42.66,42.75,18227,ENB
2025-03-13T14:00:00.000000000Z,34,2,16192,46.685,46.81,46.495,46.56,36151,TRP
2025-03-13T15:00:00.000000000Z,34,2,5158,42.77,42.77,42.245,42.26,26652,ENB
2025-03-13T15:00:00.000000000Z,34,2,16192,46.59,46.595,46.22,46.23,25630,TRP
2025-03-13T16:00:00.000000000Z,34,2,5158,42.26,42.57,42.26,42.5,9115,ENB
2025-03-13T16:00:00.000000000Z,34,2,16192,46.22,46.7,46.2,46.64,31663,TRP
2025-03-13T17:00:00.000000000Z,34,2,5158,42.525,42.56,42.14,42.14,22853,ENB
2025-03-13T17:00:00.000000000Z,34,2,16192,46.65,46.69,46.36,46.36,22528,TRP
2025-03-13T18:00:00.000000000Z,34,2,5158,42.13,42.45,42.13,42.385,16653,ENB
2025-03-13T18:00:00.000000000Z,34,2,16192,46.35,46.62,46.35,46.54,27680,TRP
2025-03-13T19:00:00.000000000Z,34,2,16192,46.55,46.67,46.4,46.61,110444,TRP
2025-03-13T19:00:00.000000000Z,34,2,5158,42.39,42.565,42.28,42.555,99474,ENB
2025-03-13T20:00:00.000000000Z,34,2,16192,46.23,46.23,46.23,46.23,8,TRP
2025-03-13T21:00:00.000000000Z,34,2,5158,42.55,42.55,42.55,42.55,15,ENB
2025-03-14T08:00:00.000000000Z,34,2,16192,46.51,46.51,46.51,46.51,1,TRP
2025-03-14T13:00:00.000000000Z,34,2,16192,46.8,47.055,46.525,47.005,6400,TRP
2025-03-14T13:00:00.000000000Z,34,2,5158,42.6,42.82,42.39,42.74,10285,ENB
2025-03-14T14:00:00.000000000Z,34,2,5158,42.69,42.91,42.605,42.77,14644,ENB
2025-03-14T14:00:00.000000000Z,34,2,16192,47.02,47.18,46.8,47.14,16016,TRP
2025-03-14T15:00:00.000000000Z,34,2,5158,42.775,42.9,42.77,42.9,18300,ENB
2025-03-14T15:00:00.000000000Z,34,2,16192,47.19,47.35,47.16,47.34,9061,TRP
2025-03-14T16:00:00.000000000Z,34,2,5158,42.91,42.94,42.79,42.87,15658,ENB
2025-03-14T16:00:00.000000000Z,34,2,16192,47.31,47.38,47.11,47.14,13677,TRP
2025-03-14T17:00:00.000000000Z,34,2,16192,47.13,47.28,47.11,47.11,13341,TRP
2025-03-14T17:00:00.000000000Z,34,2,5158,42.865,42.92,42.83,42.835,14831,ENB
2025-03-14T18:00:00.000000000Z,34,2,5158,42.84,42.895,42.825,42.83,13428,ENB
2025-03-14T18:00:00.000000000Z,34,2,16192,47.11,47.21,47.055,47.12,18202,TRP
2025-03-14T19:00:00.000000000Z,34,2,16192,47.11,47.255,47.1,47.13,52221,TRP
2025-03-14T19:00:00.000000000Z,34,2,5158,42.82,42.95,42.765,42.825,65641,ENB
2025-03-14T20:00:00.000000000Z,34,2,16192,47.12,47.12,47.12,47.12,3,TRP
2025-03-14T21:00:00.000000000Z,34,2,5158,42.86,42.86,42.85,42.85,299,ENB
2025-03-17T08:00:00.000000000Z,34,2,16192,46.7,46.7,46.7,46.7,1,TRP
2025-03-17T09:00:00.000000000Z,34,2,16192,47.09,47.1,47.09,47.09,4,TRP
2025-03-17T12:00:00.000000000Z,34,2,16192,47.12,47.12,47.12,47.12,1,TRP
2025-03-17T12:00:00.000000000Z,34,2,5158,42.86,42.93,42.86,42.93,22,ENB
2025-03-17T13:00:00.000000000Z,34,2,16192,47.19,47.65,47.19,47.5,14760,TRP
2025-03-17T13:00:00.000000000Z,34,2,5158,42.92,43.27,42.92,43.215,11365,ENB
2025-03-17T14:00:00.000000000Z,34,2,16192,47.45,47.64,47.37,47.59,19147,TRP
2025-03-17T14:00:00.000000000Z,34,2,5158,43.2,43.32,43.13,43.26,36362,ENB
2025-03-17T15:00:00.000000000Z,34,2,5158,43.27,43.31,43.19,43.26,23997,ENB
2025-03-17T15:00:00.000000000Z,34,2,16192,47.57,47.63,47.46,47.57,21309,TRP
2025-03-17T16:00:00.000000000Z,34,2,5158,43.26,43.41,43.25,43.32,22939,ENB
2025-03-17T16:00:00.000000000Z,34,2,16192,47.57,47.69,47.56,47.6,15837,TRP
2025-03-17T17:00:00.000000000Z,34,2,16192,47.58,47.85,47.58,47.84,12162,TRP
2025-03-17T17:00:00.000000000Z,34,2,5158,43.32,43.5,43.32,43.47,31433,ENB
2025-03-17T18:00:00.000000000Z,34,2,16192,47.84,47.87,47.71,47.75,15741,TRP
2025-03-17T18:00:00.000000000Z,34,2,5158,43.47,43.505,43.445,43.45,31009,ENB
2025-03-17T19:00:00.000000000Z,34,2,5158,43.43,43.5,43.37,43.49,97463,ENB
2025-03-17T19:00:00.000000000Z,34,2,16192,47.74,47.77,47.63,47.75,52763,TRP
2025-03-17T22:00:00.000000000Z,34,2,16192,47.67,47.67,47.67,47.67,131,TRP
2025-03-17T23:00:00.000000000Z,34,2,5158,43.56,43.57,43.56,43.57,40,ENB
2025-03-18T10:00:00.000000000Z,34,2,16192,47.99,47.99,47.99,47.99,1,TRP
2025-03-18T11:00:00.000000000Z,34,2,5158,43.58,43.58,43.58,43.58,13,ENB
2025-03-18T12:00:00.000000000Z,34,2,5158,43.57,43.57,43.57,43.57,50,ENB
2025-03-18T13:00:00.000000000Z,34,2,5158,43.6,43.7,43.42,43.5,22265,ENB
2025-03-18T13:00:00.000000000Z,34,2,16192,47.9,48.11,47.62,47.95,9694,TRP
2025-03-18T14:00:00.000000000Z,34,2,16192,47.92,47.92,47.68,47.7,24690,TRP
2025-03-18T14:00:00.000000000Z,34,2,5158,43.485,43.51,43.26,43.27,33047,ENB
2025-03-18T15:00:00.000000000Z,34,2,16192,47.68,47.71,47.02,47.07,80222,TRP
2025-03-18T15:00:00.000000000Z,34,2,5158,43.28,43.3,42.98,43.0,39060,ENB
2025-03-18T16:00:00.000000000Z,34,2,5158,42.995,43.2,42.96,43.1,27105,ENB
2025-03-18T16:00:00.000000000Z,34,2,16192,47.05,47.47,47.0,47.26,18860,TRP
2025-03-18T17:00:00.000000000Z,34,2,5158,43.1,43.15,43.04,43.12,24351,ENB
2025-03-18T17:00:00.000000000Z,34,2,16192,47.255,47.38,47.19,47.38,12021,TRP
2025-03-18T18:00:00.000000000Z,34,2,16192,47.37,47.53,47.33,47.5,12697,TRP
2025-03-18T18:00:00.000000000Z,34,2,5158,43.12,43.15,43.05,43.07,36858,ENB
2025-03-18T19:00:00.000000000Z,34,2,5158,43.08,43.44,43.065,43.415,71854,ENB
2025-03-18T19:00:00.000000000Z,34,2,16192,47.5,47.755,47.35,47.72,46519,TRP
2025-03-18T20:00:00.000000000Z,34,2,5158,43.24,43.24,43.24,43.24,101,ENB
2025-03-19T08:00:00.000000000Z,34,2,16192,47.29,48.13,47.29,48.13,2,TRP
2025-03-19T10:00:00.000000000Z,34,2,5158,42.87,42.87,42.87,42.87,14,ENB
2025-03-19T11:00:00.000000000Z,34,2,5158,43.3,43.3,43.3,43.3,1,ENB
2025-03-19T12:00:00.000000000Z,34,2,16192,48.0,48.0,47.99,47.99,110,TRP
2025-03-19T13:00:00.000000000Z,34,2,5158,43.24,43.68,43.24,43.65,14809,ENB
2025-03-19T13:00:00.000000000Z,34,2,16192,48.13,48.22,47.79,48.17,7998,TRP
2025-03-19T14:00:00.000000000Z,34,2,5158,43.64,43.8,43.61,43.76,17573,ENB
2025-03-19T14:00:00.000000000Z,34,2,16192,48.185,48.22,48.05,48.11,10800,TRP
2025-03-19T15:00:00.000000000Z,34,2,5158,43.77,43.8,43.7,43.79,14091,ENB
2025-03-19T15:00:00.000000000Z,34,2,16192,48.11,48.15,48.03,48.1,9095,TRP
2025-03-19T16:00:00.000000000Z,34,2,5158,43.79,43.84,43.75,43.76,7108,ENB
2025-03-19T16:00:00.000000000Z,34,2,16192,48.13,48.17,48.08,48.1,4024,TRP
2025-03-19T17:00:00.000000000Z,34,2,5158,43.76,43.78,43.705,43.705,8721,ENB
2025-03-19T17:00:00.000000000Z,34,2,16192,48.11,48.23,48.08,48.1,12705,TRP
2025-03-19T18:00:00.000000000Z,34,2,5158,43.61,43.92,43.61,43.9,21444,ENB
2025-03-19T18:00:00.000000000Z,34,2,16192,48.08,48.41,48.08,48.38,10245,TRP
2025-03-19T19:00:00.000000000Z,34,2,16192,48.38,48.45,48.19,48.32,64304,TRP
2025-03-19T19:00:00.000000000Z,34,2,5158,43.9,43.915,43.715,43.745,65623,ENB
2025-03-19T23:00:00.000000000Z,34,2,5158,43.75,43.75,43.75,43.75,1,ENB
2025-03-20T08:00:00.000000000Z,34,2,16192,48.8,48.8,48.7,48.7,2,TRP
2025-03-20T10:00:00.000000000Z,34,2,5158,43.73,43.73,43.65,43.65,153,ENB
2025-03-20T12:00:00.000000000Z,34,2,5158,43.85,43.89,43.85,43.89,14,ENB
2025-03-20T13:00:00.000000000Z,34,2,16192,48.2,48.505,48.025,48.44,8943,TRP
2025-03-20T13:00:00.000000000Z,34,2,5158,43.6,43.965,43.49,43.92,14859,ENB
2025-03-20T14:00:00.000000000Z,34,2,16192,48.45,48.82,48.44,48.8,14297,TRP
2025-03-20T14:00:00.000000000Z,34,2,5158,43.93,44.07,43.92,44.05,24458,ENB
2025-03-20T15:00:00.000000000Z,34,2,16192,48.81,49.07,48.8,49.03,34045,TRP
2025-03-20T15:00:00.000000000Z,34,2,5158,44.055,44.065,43.885,43.98,15805,ENB
2025-03-20T16:00:00.000000000Z,34,2,5158,43.97,44.04,43.945,43.99,10657,ENB
2025-03-20T16:00:00.000000000Z,34,2,16192,49.0,49.08,48.94,48.96,17167,TRP
2025-03-20T17:00:00.000000000Z,34,2,16192,48.95,49.13,48.905,49.0,11843,TRP
2025-03-20T17:00:00.000000000Z,34,2,5158,44.0,44.125,43.955,44.03,11067,ENB
2025-03-20T18:00:00.000000000Z,34,2,5158,44.03,44.075,43.985,44.05,15308,ENB
2025-03-20T18:00:00.000000000Z,34,2,16192,49.005,49.09,48.97,49.07,11814,TRP
2025-03-20T19:00:00.000000000Z,34,2,16192,49.08,49.32,49.02,49.165,70744,TRP
2025-03-20T19:00:00.000000000Z,34,2,5158,44.06,44.235,44.05,44.23,40845,ENB
2025-03-20T20:00:00.000000000Z,34,2,5158,43.96,43.96,43.96,43.96,450,ENB
2025-03-20T21:00:00.000000000Z,34,2,16192,48.75,48.75,48.75,48.75,30,TRP
2025-03-21T08:00:00.000000000Z,34,2,16192,48.75,48.82,48.75,48.81,183,TRP
2025-03-21T13:00:00.000000000Z,34,2,16192,49.13,49.13,48.63,48.71,5516,TRP
2025-03-21T13:00:00.000000000Z,34,2,5158,44.01,44.16,43.73,43.84,21825,ENB
2025-03-21T14:00:00.000000000Z,34,2,16192,48.69,48.865,48.5,48.8,11639,TRP
2025-03-21T14:00:00.000000000Z,34,2,5158,43.82,43.87,43.58,43.845,18270,ENB
2025-03-21T15:00:00.000000000Z,34,2,16192,48.78,48.82,48.59,48.6,6839,TRP
2025-03-21T15:00:00.000000000Z,34,2,5158,43.845,43.88,43.69,43.69,11980,ENB
2025-03-21T16:00:00.000000000Z,34,2,16192,48.62,48.66,48.535,48.65,4985,TRP
2025-03-21T16:00:00.000000000Z,34,2,5158,43.68,43.86,43.68,43.86,9197,ENB
2025-03-21T17:00:00.000000000Z,34,2,5158,43.85,43.89,43.73,43.87,9601,ENB
2025-03-21T17:00:00.000000000Z,34,2,16192,48.645,48.71,48.58,48.66,3646,TRP
2025-03-21T18:00:00.000000000Z,34,2,16192,48.65,48.65,48.42,48.47,10857,TRP
2025-03-21T18:00:00.000000000Z,34,2,5158,43.86,43.87,43.725,43.74,21162,ENB
2025-03-21T19:00:00.000000000Z,34,2,16192,48.47,48.62,48.38,48.44,49357,TRP
2025-03-21T19:00:00.000000000Z,34,2,5158,43.75,43.96,43.685,43.87,136394,ENB
2025-03-24T08:00:00.000000000Z,34,2,16192,47.55,47.55,47.55,47.55,1,TRP
2025-03-24T09:00:00.000000000Z,34,2,5158,44.0,44.34,44.0,44.34,40,ENB
2025-03-24T10:00:00.000000000Z,34,2,16192,48.4,48.4,48.4,48.4,10,TRP
2025-03-24T12:00:00.000000000Z,34,2,16192,48.88,48.88,48.88,48.88,16,TRP
2025-03-24T13:00:00.000000000Z,34,2,16192,48.6,49.43,48.48,49.38,25441,TRP
2025-03-24T13:00:00.000000000Z,34,2,5158,43.99,44.31,43.815,44.275,16070,ENB
2025-03-24T14:00:00.000000000Z,34,2,16192,49.38,49.52,49.22,49.38,22046,TRP
2025-03-24T14:00:00.000000000Z,34,2,5158,44.26,44.4,44.2,44.31,19093,ENB
2025-03-24T15:00:00.000000000Z,34,2,16192,49.38,49.59,49.32,49.59,9904,TRP
2025-03-24T15:00:00.000000000Z,34,2,5158,44.305,44.48,44.3,44.47,16451,ENB
2025-03-24T16:00:00.000000000Z,34,2,5158,44.47,44.47,44.235,44.245,38163,ENB
2025-03-24T16:00:00.000000000Z,34,2,16192,49.59,49.6,49.29,49.29,10606,TRP
2025-03-24T17:00:00.000000000Z,34,2,5158,44.235,44.235,44.065,44.18,26923,ENB
2025-03-24T17:00:00.000000000Z,34,2,16192,49.3,49.31,49.17,49.3,6010,TRP
2025-03-24T18:00:00.000000000Z,34,2,16192,49.3,49.36,49.18,49.29,8221,TRP
2025-03-24T18:00:00.000000000Z,34,2,5158,44.18,44.285,44.12,44.2,37726,ENB
2025-03-24T19:00:00.000000000Z,34,2,5158,44.2,44.26,44.085,44.26,99012,ENB
2025-03-24T19:00:00.000000000Z,34,2,16192,49.29,49.49,49.19,49.27,61983,TRP
2025-03-25T09:00:00.000000000Z,34,2,5158,44.15,44.15,44.15,44.15,200,ENB
2025-03-25T10:00:00.000000000Z,34,2,5158,44.22,44.22,44.22,44.22,27,ENB
2025-03-25T11:00:00.000000000Z,34,2,5158,44.29,44.3,44.29,44.3,20,ENB
2025-03-25T13:00:00.000000000Z,34,2,5158,44.38,44.65,44.38,44.5,21478,ENB
2025-03-25T13:00:00.000000000Z,34,2,16192,49.68,49.68,49.02,49.025,17920,TRP
2025-03-25T14:00:00.000000000Z,34,2,5158,44.49,44.5,44.34,44.34,28807,ENB
2025-03-25T14:00:00.000000000Z,34,2,16192,49.02,49.05,48.79,48.8,16019,TRP
2025-03-25T15:00:00.000000000Z,34,2,5158,44.31,44.32,44.115,44.315,20984,ENB
2025-03-25T15:00:00.000000000Z,34,2,16192,48.79,48.83,48.58,48.8,11858,TRP
2025-03-25T16:00:00.000000000Z,34,2,5158,44.32,44.455,44.31,44.41,20652,ENB
2025-03-25T16:00:00.000000000Z,34,2,16192,48.795,49.01,48.75,48.89,10353,TRP
2025-03-25T17:00:00.000000000Z,34,2,5158,44.425,44.58,44.42,44.55,25089,ENB
2025-03-25T17:00:00.000000000Z,34,2,16192,48.91,49.1,48.86,49.09,19569,TRP
2025-03-25T18:00:00.000000000Z,34,2,5158,44.54,44.605,44.445,44.47,32113,ENB
2025-03-25T18:00:00.000000000Z,34,2,16192,49.07,49.11,48.82,48.84,18877,TRP
2025-03-25T19:00:00.000000000Z,34,2,16192,48.86,48.99,48.795,48.87,47321,TRP
2025-03-25T19:00:00.000000000Z,34,2,5158,44.47,44.52,44.4,44.42,87635,ENB
2025-03-25T21:00:00.000000000Z,34,2,5158,44.51,44.51,44.51,44.51,40,ENB
2025-03-25T22:00:00.000000000Z,34,2,5158,44.51,44.51,44.51,44.51,28,ENB
2025-03-25T23:00:00.000000000Z,34,2,5158,44.51,44.51,44.45,44.45,35,ENB
2025-03-26T08:00:00.000000000Z,34,2,16192,48.47,48.47,48.47,48.47,1,TRP
2025-03-26T13:00:00.000000000Z,34,2,16192,49.0,49.18,48.835,48.9,4836,TRP
2025-03-26T13:00:00.000000000Z,34,2,5158,44.56,44.765,44.51,44.69,12403,ENB
2025-03-26T14:00:00.000000000Z,34,2,5158,44.69,44.79,44.635,44.645,21936,ENB
2025-03-26T14:00:00.000000000Z,34,2,16192,48.81,48.88,48.6,48.62,19251,TRP
2025-03-26T15:00:00.000000000Z,34,2,16192,48.62,48.82,48.62,48.72,14989,TRP
2025-03-26T15:00:00.000000000Z,34,2,5158,44.65,44.72,44.59,44.64,18898,ENB
2025-03-26T16:00:00.000000000Z,34,2,5158,44.64,44.64,44.53,44.535,21585,ENB
2025-03-26T16:00:00.000000000Z,34,2,16192,48.74,48.76,48.59,48.68,10292,TRP
2025-03-26T17:00:00.000000000Z,34,2,5158,44.54,44.62,44.37,44.39,24551,ENB
2025-03-26T17:00:00.000000000Z,34,2,16192,48.7,48.8,48.51,48.56,8243,TRP
2025-03-26T18:00:00.000000000Z,34,2,16192,48.56,48.64,48.39,48.41,17467,TRP
2025-03-26T18:00:00.000000000Z,34,2,5158,44.38,44.43,44.35,44.385,25243,ENB
2025-03-26T19:00:00.000000000Z,34,2,16192,48.42,48.565,48.395,48.44,64702,TRP
2025-03-26T19:00:00.000000000Z,34,2,5158,44.38,44.525,44.34,44.52,95125,ENB
2025-03-26T20:00:00.000000000Z,34,2,5158,44.45,44.45,44.45,44.45,15,ENB
2025-03-26T22:00:00.000000000Z,34,2,5158,44.23,44.23,44.2,44.2,70,ENB
2025-03-26T23:00:00.000000000Z,34,2,5158,44.41,44.52,44.41,44.52,5,ENB
2025-03-27T08:00:00.000000000Z,34,2,16192,48.75,48.75,48.75,48.75,1,TRP
2025-03-27T08:00:00.000000000Z,34,2,5158,44.53,44.53,44.53,44.53,68,ENB
2025-03-27T09:00:00.000000000Z,34,2,5158,44.5,44.5,44.5,44.5,32,ENB
2025-03-27T10:00:00.000000000Z,34,2,16192,48.31,48.31,48.31,48.31,59,TRP
2025-03-27T11:00:00.000000000Z,34,2,5158,44.5,44.5,44.49,44.49,190,ENB
2025-03-27T12:00:00.000000000Z,34,2,16192,48.35,48.35,48.35,48.35,2,TRP
2025-03-27T13:00:00.000000000Z,34,2,16192,48.18,48.615,48.17,48.58,8486,TRP
2025-03-27T13:00:00.000000000Z,34,2,5158,44.42,44.53,44.25,44.53,9173,ENB
2025-03-27T14:00:00.000000000Z,34,2,5158,44.54,44.56,44.395,44.47,13069,ENB
2025-03-27T14:00:00.000000000Z,34,2,16192,48.59,48.73,48.47,48.69,12198,TRP
2025-03-27T15:00:00.000000000Z,34,2,5158,44.465,44.69,44.42,44.47,11928,ENB
2025-03-27T15:00:00.000000000Z,34,2,16192,48.69,48.79,48.5,48.53,16883,TRP
2025-03-27T16:00:00.000000000Z,34,2,16192,48.53,48.6,48.42,48.42,13358,TRP
2025-03-27T16:00:00.000000000Z,34,2,5158,44.47,44.555,44.44,44.445,5862,ENB
2025-03-27T17:00:00.000000000Z,34,2,5158,44.44,44.475,44.345,44.345,6798,ENB
2025-03-27T17:00:00.000000000Z,34,2,16192,48.42,48.45,48.315,48.34,17807,TRP
2025-03-27T18:00:00.000000000Z,34,2,5158,44.35,44.41,44.23,44.23,6030,ENB
2025-03-27T18:00:00.000000000Z,34,2,16192,48.36,48.41,48.18,48.18,9284,TRP
2025-03-27T19:00:00.000000000Z,34,2,16192,48.22,48.41,48.205,48.28,35232,TRP
2025-03-27T19:00:00.000000000Z,34,2,5158,44.235,44.435,44.235,44.365,38105,ENB
2025-03-27T22:00:00.000000000Z,34,2,5158,44.41,44.41,44.41,44.41,4,ENB
2025-03-27T23:00:00.000000000Z,34,2,5158,44.4,44.4,44.31,44.31,27,ENB
2025-03-28T08:00:00.000000000Z,34,2,5158,44.61,44.61,44.61,44.61,1,ENB
2025-03-28T08:00:00.000000000Z,34,2,16192,48.58,48.58,48.58,48.58,1,TRP
2025-03-28T09:00:00.000000000Z,34,2,5158,44.64,44.64,44.12,44.12,270,ENB
2025-03-28T12:00:00.000000000Z,34,2,5158,44.25,44.25,44.25,44.25,2,ENB
2025-03-28T13:00:00.000000000Z,34,2,5158,44.26,44.45,44.26,44.28,13923,ENB
2025-03-28T13:00:00.000000000Z,34,2,16192,48.2,48.2,47.8,47.9,13729,TRP
2025-03-28T14:00:00.000000000Z,34,2,5158,44.24,44.43,44.21,44.38,17860,ENB
2025-03-28T14:00:00.000000000Z,34,2,16192,47.89,48.04,47.815,47.9,13334,TRP
2025-03-28T15:00:00.000000000Z,34,2,16192,47.92,48.17,47.88,47.9,23853,TRP
2025-03-28T15:00:00.000000000Z,34,2,5158,44.36,44.625,44.33,44.515,37094,ENB
2025-03-28T16:00:00.000000000Z,34,2,16192,47.89,48.01,47.78,47.92,20708,TRP
2025-03-28T16:00:00.000000000Z,34,2,5158,44.52,44.585,44.445,44.52,27977,ENB
2025-03-28T17:00:00.000000000Z,34,2,16192,47.91,48.08,47.86,48.04,26123,TRP
2025-03-28T17:00:00.000000000Z,34,2,5158,44.5,44.5,44.385,44.44,16049,ENB
2025-03-28T18:00:00.000000000Z,34,2,5158,44.45,44.49,44.36,44.415,10856,ENB
2025-03-28T18:00:00.000000000Z,34,2,16192,48.06,48.18,48.0,48.06,20395,TRP
2025-03-28T19:00:00.000000000Z,34,2,5158,44.42,44.575,44.42,44.46,75257,ENB
2025-03-28T19:00:00.000000000Z,34,2,16192,48.07,48.2,48.005,48.055,76871,TRP
2025-03-31T11:00:00.000000000Z,34,2,16192,47.37,47.37,47.37,47.37,42,TRP
2025-03-31T11:00:00.000000000Z,34,2,5158,44.46,44.46,44.46,44.46,15,ENB
2025-03-31T12:00:00.000000000Z,34,2,5158,44.3,44.3,44.3,44.3,1000,ENB
2025-03-31T13:00:00.000000000Z,34,2,16192,47.21,48.15,47.21,48.09,38414,TRP
2025-03-31T13:00:00.000000000Z,34,2,5158,44.3,44.69,44.26,44.64,23222,ENB
2025-03-31T14:00:00.000000000Z,34,2,5158,44.645,44.72,44.56,44.6,31360,ENB
2025-03-31T14:00:00.000000000Z,34,2,16192,48.1,48.105,47.77,47.82,29444,TRP
2025-03-31T15:00:00.000000000Z,34,2,16192,47.81,47.82,47.22,47.22,16213,TRP
2025-03-31T15:00:00.000000000Z,34,2,5158,44.61,44.65,44.265,44.28,27882,ENB
2025-03-31T16:00:00.000000000Z,34,2,5158,44.27,44.315,44.185,44.23,25903,ENB
2025-03-31T16:00:00.000000000Z,34,2,16192,47.23,47.24,47.045,47.06,21559,TRP
2025-03-31T17:00:00.000000000Z,34,2,5158,44.22,44.275,44.115,44.2,27881,ENB
2025-03-31T17:00:00.000000000Z,34,2,16192,47.05,47.18,46.795,46.88,39621,TRP
2025-03-31T18:00:00.000000000Z,34,2,16192,46.88,47.22,46.88,47.155,41980,TRP
2025-03-31T18:00:00.000000000Z,34,2,5158,44.19,44.35,44.19,44.33,21914,ENB
2025-03-31T19:00:00.000000000Z,34,2,5158,44.33,44.365,44.13,44.31,178558,ENB
2025-03-31T19:00:00.000000000Z,34,2,16192,47.16,47.35,47.11,47.21,122290,TRP
2025-03-31T20:00:00.000000000Z,34,2,5158,44.33,44.33,44.33,44.33,3,ENB
2025-03-31T20:00:00.000000000Z,34,2,16192,47.25,47.25,47.25,47.25,200,TRP
2025-03-31T21:00:00.000000000Z,34,2,5158,44.31,44.32,44.31,44.32,48,ENB
2025-04-01T08:00:00.000000000Z,34,2,16192,46.93,46.93,46.93,46.93,1,TRP
2025-04-01T10:00:00.000000000Z,34,2,16192,47.49,47.49,47.49,47.49,2,TRP
2025-04-01T11:00:00.000000000Z,34,2,5158,44.31,44.31,44.31,44.31,5,ENB
2025-04-01T13:00:00.000000000Z,34,2,5158,44.24,44.39,43.82,43.98,16268,ENB
2025-04-01T13:00:00.000000000Z,34,2,16192,47.0,47.145,46.3,46.59,21610,TRP
2025-04-01T14:00:00.000000000Z,34,2,16192,46.59,47.31,46.47,47.31,30817,TRP
2025-04-01T14:00:00.000000000Z,34,2,5158,43.97,44.51,43.87,44.5,20978,ENB
2025-04-01T15:00:00.000000000Z,34,2,16192,47.32,47.67,47.32,47.63,25466,TRP
2025-04-01T15:00:00.000000000Z,34,2,5158,44.49,44.65,44.48,44.49,22444,ENB
2025-04-01T16:00:00.000000000Z,34,2,5158,44.505,44.55,44.43,44.44,11702,ENB
2025-04-01T16:00:00.000000000Z,34,2,16192,47.625,47.685,47.53,47.55,10340,TRP
2025-04-01T17:00:00.000000000Z,34,2,16192,47.555,47.6,47.47,47.55,13965,TRP
2025-04-01T17:00:00.000000000Z,34,2,5158,44.435,44.465,44.33,44.36,14129,ENB
2025-04-01T18:00:00.000000000Z,34,2,5158,44.35,44.35,44.19,44.24,19599,ENB
2025-04-01T18:00:00.000000000Z,34,2,16192,47.54,47.54,47.39,47.505,12218,TRP
2025-04-01T19:00:00.000000000Z,34,2,5158,44.25,44.585,44.25,44.57,97146,ENB
2025-04-01T19:00:00.000000000Z,34,2,16192,47.5,47.84,47.485,47.83,77643,TRP
2025-04-02T08:00:00.000000000Z,34,2,16192,47.52,47.99,47.52,47.52,5,TRP
2025-04-02T08:00:00.000000000Z,34,2,5158,44.46,44.46,44.46,44.46,7,ENB
2025-04-02T12:00:00.000000000Z,34,2,5158,44.45,44.45,44.45,44.45,50,ENB
2025-04-02T13:00:00.000000000Z,34,2,16192,47.92,47.94,47.6,47.79,8970,TRP
2025-04-02T13:00:00.000000000Z,34,2,5158,44.45,44.47,44.23,44.39,10139,ENB
2025-04-02T14:00:00.000000000Z,34,2,16192,47.79,48.645,47.79,48.645,28925,TRP
2025-04-02T14:00:00.000000000Z,34,2,5158,44.37,44.9,44.36,44.895,17405,ENB
2025-04-02T15:00:00.000000000Z,34,2,5158,44.89,44.905,44.79,44.82,15708,ENB
2025-04-02T15:00:00.000000000Z,34,2,16192,48.62,48.71,48.51,48.51,21218,TRP
2025-04-02T16:00:00.000000000Z,34,2,16192,48.53,48.58,48.475,48.52,15530,TRP
2025-04-02T16:00:00.000000000Z,34,2,5158,44.82,44.89,44.79,44.88,13720,ENB
2025-04-02T17:00:00.000000000Z,34,2,16192,48.5,48.53,48.425,48.49,19348,TRP
2025-04-02T17:00:00.000000000Z,34,2,5158,44.88,44.88,44.785,44.8,19383,ENB
2025-04-02T18:00:00.000000000Z,34,2,16192,48.49,48.59,48.435,48.45,23632,TRP
2025-04-02T18:00:00.000000000Z,34,2,5158,44.81,44.935,44.795,44.84,17940,ENB
2025-04-02T19:00:00.000000000Z,34,2,5158,44.81,45.155,44.81,45.14,72382,ENB
2025-04-02T19:00:00.000000000Z,34,2,16192,48.45,48.8,48.45,48.74,71955,TRP
2025-04-02T20:00:00.000000000Z,34,2,5158,45.14,45.2,45.14,45.2,636,ENB
2025-04-02T22:00:00.000000000Z,34,2,5158,44.78,44.78,44.77,44.77,923,ENB
2025-04-03T11:00:00.000000000Z,34,2,5158,44.18,44.18,44.11,44.11,180,ENB
2025-04-03T12:00:00.000000000Z,34,2,5158,44.14,44.46,44.12,44.4,1669,ENB
2025-04-03T12:00:00.000000000Z,34,2,16192,47.5,47.5,47.4,47.4,6,TRP
2025-04-03T13:00:00.000000000Z,34,2,16192,47.76,50.04,47.76,49.99,68278,TRP
2025-04-03T13:00:00.000000000Z,34,2,5158,44.76,46.12,44.76,46.035,43117,ENB
2025-04-03T14:00:00.000000000Z,34,2,5158,46.0,46.1,45.76,45.8,114477,ENB
2025-04-03T14:00:00.000000000Z,34,2,16192,49.99,50.05,49.5,49.52,152946,TRP
2025-04-03T15:00:00.000000000Z,34,2,5158,45.82,45.96,45.54,45.61,70823,ENB
2025-04-03T15:00:00.000000000Z,34,2,16192,49.54,49.89,49.25,49.35,103868,TRP
2025-04-03T16:00:00.000000000Z,34,2,16192,49.34,49.44,48.94,48.94,28742,TRP
2025-04-03T16:00:00.000000000Z,34,2,5158,45.595,45.77,45.48,45.52,75962,ENB
2025-04-03T17:00:00.000000000Z,34,2,5158,45.5,45.56,45.3,45.44,49962,ENB
2025-04-03T17:00:00.000000000Z,34,2,16192,48.94,48.95,48.68,48.75,76305,TRP
2025-04-03T18:00:00.000000000Z,34,2,16192,48.75,48.82,48.525,48.68,28633,TRP
2025-04-03T18:00:00.000000000Z,34,2,5158,45.45,45.565,45.305,45.46,55607,ENB
2025-04-03T19:00:00.000000000Z,34,2,5158,45.46,45.51,45.275,45.35,133619,ENB
2025-04-03T19:00:00.000000000Z,34,2,16192,48.69,48.87,48.54,48.73,107590,TRP
2025-04-03T20:00:00.000000000Z,34,2,5158,45.31,45.31,45.31,45.31,50,ENB
2025-04-03T21:00:00.000000000Z,34,2,5158,45.39,45.39,45.3,45.3,15,ENB
2025-04-03T21:00:00.000000000Z,34,2,16192,48.46,48.46,48.46,48.46,1,TRP
2025-04-04T08:00:00.000000000Z,34,2,16192,48.03,48.03,48.03,48.03,1,TRP
2025-04-04T11:00:00.000000000Z,34,2,5158,44.8,44.8,44.26,44.26,397,ENB
2025-04-04T12:00:00.000000000Z,34,2,5158,44.33,44.34,44.25,44.26,245,ENB
2025-04-04T13:00:00.000000000Z,34,2,5158,44.26,44.73,44.03,44.26,82744,ENB
2025-04-04T13:00:00.000000000Z,34,2,16192,47.5,47.75,46.27,46.5,51598,TRP
2025-04-04T14:00:00.000000000Z,34,2,5158,44.24,44.27,43.52,43.92,153720,ENB
2025-04-04T14:00:00.000000000Z,34,2,16192,46.485,46.58,45.27,45.79,102260,TRP
2025-04-04T15:00:00.000000000Z,34,2,16192,45.79,46.35,45.78,46.14,64316,TRP
2025-04-04T15:00:00.000000000Z,34,2,5158,43.9,44.24,43.76,44.03,90743,ENB
2025-04-04T16:00:00.000000000Z,34,2,5158,44.03,44.14,43.51,43.59,89935,ENB
2025-04-04T16:00:00.000000000Z,34,2,16192,46.16,46.21,45.76,45.84,43718,TRP
2025-04-04T17:00:00.000000000Z,34,2,5158,43.565,44.0,43.2,43.82,64298,ENB
2025-04-04T17:00:00.000000000Z,34,2,16192,45.84,46.35,45.55,46.15,38394,TRP
2025-04-04T18:00:00.000000000Z,34,2,5158,43.84,43.95,43.17,43.27,54711,ENB
2025-04-04T18:00:00.000000000Z,34,2,16192,46.16,46.27,45.74,45.78,60014,TRP
2025-04-04T19:00:00.000000000Z,34,2,5158,43.27,43.6,43.15,43.36,285893,ENB
2025-04-04T19:00:00.000000000Z,34,2,16192,45.77,46.37,45.74,45.96,251832,TRP
2025-04-04T20:00:00.000000000Z,34,2,5158,43.05,44.13,43.05,43.16,45,ENB
2025-04-04T21:00:00.000000000Z,34,2,5158,43.3,43.3,43.3,43.3,140,ENB
2025-04-04T22:00:00.000000000Z,34,2,5158,43.35,43.35,43.35,43.35,1,ENB
2025-04-04T23:00:00.000000000Z,34,2,16192,46.49,46.49,46.49,46.49,14,TRP
2025-04-07T08:00:00.000000000Z,34,2,16192,45.25,45.25,44.35,44.45,245,TRP
2025-04-07T08:00:00.000000000Z,34,2,5158,40.01,40.51,40.01,40.31,2259,ENB
2025-04-07T09:00:00.000000000Z,34,2,5158,40.41,40.5,40.19,40.19,1862,ENB
2025-04-07T09:00:00.000000000Z,34,2,16192,44.35,44.8,44.33,44.5,788,TRP
2025-04-07T10:00:00.000000000Z,34,2,5158,40.64,41.04,40.64,41.04,838,ENB
2025-04-07T10:00:00.000000000Z,34,2,16192,44.5,44.5,44.5,44.5,100,TRP
2025-04-07T11:00:00.000000000Z,34,2,5158,41.64,42.48,41.21,42.02,1745,ENB
2025-04-07T12:00:00.000000000Z,34,2,5158,41.93,41.93,41.16,41.45,2650,ENB
2025-04-07T13:00:00.000000000Z,34,2,5158,41.41,42.09,39.23,42.03,115313,ENB
2025-04-07T13:00:00.000000000Z,34,2,16192,44.29,45.13,43.61,45.07,33592,TRP
2025-04-07T14:00:00.000000000Z,34,2,16192,45.03,46.12,43.87,44.7,56326,TRP
2025-04-07T14:00:00.000000000Z,34,2,5158,42.005,43.09,41.26,41.75,126666,ENB
2025-04-07T15:00:00.000000000Z,34,2,5158,41.71,42.09,41.11,41.81,65592,ENB
2025-04-07T15:00:00.000000000Z,34,2,16192,44.65,45.0,43.955,44.85,39132,TRP
2025-04-07T16:00:00.000000000Z,34,2,16192,44.76,45.0,44.56,44.62,35384,TRP
2025-04-07T16:00:00.000000000Z,34,2,5158,41.77,41.795,41.36,41.39,57689,ENB
2025-04-07T17:00:00.000000000Z,34,2,16192,44.61,45.85,44.61,45.825,48295,TRP
2025-04-07T17:00:00.000000000Z,34,2,5158,41.4,42.33,41.4,42.325,95475,ENB
2025-04-07T18:00:00.000000000Z,34,2,16192,45.84,46.125,45.43,45.5,66870,TRP
2025-04-07T18:00:00.000000000Z,34,2,5158,42.33,42.48,41.95,42.02,67425,ENB
2025-04-07T19:00:00.000000000Z,34,2,16192,45.515,45.92,45.425,45.72,191746,TRP
2025-04-07T19:00:00.000000000Z,34,2,5158,42.01,42.22,41.77,41.945,185329,ENB
2025-04-07T23:00:00.000000000Z,34,2,5158,42.25,42.25,42.25,42.25,1,ENB
2025-04-08T08:00:00.000000000Z,34,2,16192,46.02,46.1,46.02,46.1,101,TRP
2025-04-08T09:00:00.000000000Z,34,2,5158,43.0,43.0,43.0,43.0,250,ENB
2025-04-08T09:00:00.000000000Z,34,2,16192,45.81,47.99,45.81,46.12,210,TRP
2025-04-08T10:00:00.000000000Z,34,2,5158,42.96,42.96,42.96,42.96,4,ENB
2025-04-08T11:00:00.000000000Z,34,2,5158,42.81,42.81,42.81,42.81,80,ENB
2025-04-08T12:00:00.000000000Z,34,2,5158,42.84,42.85,42.68,42.82,280,ENB
2025-04-08T12:00:00.000000000Z,34,2,16192,47.27,47.27,46.28,46.28,150,TRP
2025-04-08T13:00:00.000000000Z,34,2,16192,47.26,47.26,45.69,46.02,37473,TRP
2025-04-08T13:00:00.000000000Z,34,2,5158,42.8,43.0,42.13,42.44,35281,ENB
2025-04-08T14:00:00.000000000Z,34,2,16192,46.03,46.34,45.57,45.6,52610,TRP
2025-04-08T14:00:00.000000000Z,34,2,5158,42.445,42.72,42.06,42.06,54906,ENB
2025-04-08T15:00:00.000000000Z,34,2,16192,45.62,45.86,45.43,45.75,26880,TRP
2025-04-08T15:00:00.000000000Z,34,2,5158,42.105,42.19,41.81,42.09,46689,ENB
2025-04-08T16:00:00.000000000Z,34,2,5158,42.095,42.17,41.57,41.59,43515,ENB
2025-04-08T16:00:00.000000000Z,34,2,16192,45.75,45.83,45.19,45.26,122777,TRP
2025-04-08T17:00:00.000000000Z,34,2,16192,45.27,45.37,44.96,45.17,63767,TRP
2025-04-08T17:00:00.000000000Z,34,2,5158,41.6,41.65,41.22,41.38,49499,ENB
2025-04-08T18:00:00.000000000Z,34,2,5158,41.37,41.55,40.98,41.0,48050,ENB
2025-04-08T18:00:00.000000000Z,34,2,16192,45.17,45.43,44.53,44.56,83713,TRP
2025-04-08T19:00:00.000000000Z,34,2,5158,40.99,41.17,40.61,41.08,157167,ENB
2025-04-08T19:00:00.000000000Z,34,2,16192,44.53,44.76,44.035,44.48,283533,TRP
2025-04-08T20:00:00.000000000Z,34,2,16192,44.49,44.49,44.48,44.48,500,TRP
2025-04-08T21:00:00.000000000Z,34,2,16192,44.88,44.88,44.88,44.88,2,TRP
2025-04-08T22:00:00.000000000Z,34,2,16192,44.52,44.52,44.48,44.48,605,TRP
2025-04-08T23:00:00.000000000Z,34,2,16192,44.48,44.6,44.48,44.6,1005,TRP
2025-04-09T08:00:00.000000000Z,34,2,16192,43.11,44.4,43.11,44.4,57,TRP
2025-04-09T10:00:00.000000000Z,34,2,5158,41.4,41.4,40.85,40.85,3,ENB
2025-04-09T11:00:00.000000000Z,34,2,5158,40.56,40.57,40.56,40.57,300,ENB
2025-04-09T11:00:00.000000000Z,34,2,16192,44.02,44.02,43.7,43.7,11,TRP
2025-04-09T12:00:00.000000000Z,34,2,16192,43.6,43.95,43.6,43.7,229,TRP
2025-04-09T12:00:00.000000000Z,34,2,5158,40.49,40.5,40.48,40.5,1057,ENB
2025-04-09T13:00:00.000000000Z,34,2,5158,40.7,40.92,40.42,40.66,41568,ENB
2025-04-09T13:00:00.000000000Z,34,2,16192,43.94,44.715,43.75,44.58,34484,TRP
2025-04-09T14:00:00.000000000Z,34,2,16192,44.58,44.84,43.95,44.01,91374,TRP
2025-04-09T14:00:00.000000000Z,34,2,5158,40.67,40.89,39.81,39.815,77257,ENB
2025-04-09T15:00:00.000000000Z,34,2,16192,44.03,44.82,44.03,44.4,68588,TRP
2025-04-09T15:00:00.000000000Z,34,2,5158,39.83,40.32,39.83,40.1,82106,ENB
2025-04-09T16:00:00.000000000Z,34,2,16192,44.39,44.56,44.18,44.2,41671,TRP
2025-04-09T16:00:00.000000000Z,34,2,5158,40.09,40.29,39.92,39.96,69576,ENB
2025-04-09T17:00:00.000000000Z,34,2,16192,44.195,46.46,43.94,46.38,98819,TRP
2025-04-09T17:00:00.000000000Z,34,2,5158,39.97,41.9,39.89,41.6,133377,ENB
2025-04-09T18:00:00.000000000Z,34,2,16192,46.45,46.68,45.87,46.32,138333,TRP
2025-04-09T18:00:00.000000000Z,34,2,5158,41.655,41.805,40.98,41.55,85425,ENB
2025-04-09T19:00:00.000000000Z,34,2,5158,41.55,42.09,41.48,41.76,204654,ENB
2025-04-09T19:00:00.000000000Z,34,2,16192,46.27,46.89,46.06,46.09,207268,TRP
2025-04-09T20:00:00.000000000Z,34,2,5158,41.9,41.9,41.9,41.9,500,ENB
2025-04-09T20:00:00.000000000Z,34,2,16192,46.31,46.68,46.31,46.68,113,TRP
2025-04-10T08:00:00.000000000Z,34,2,16192,47.0,47.0,47.0,47.0,100,TRP
2025-04-10T09:00:00.000000000Z,34,2,16192,45.5,46.8,43.11,45.06,140,TRP
2025-04-10T10:00:00.000000000Z,34,2,16192,45.05,45.05,45.05,45.05,10,TRP
2025-04-10T11:00:00.000000000Z,34,2,16192,44.36,45.9,44.36,45.89,4,TRP
2025-04-10T11:00:00.000000000Z,34,2,5158,41.77,41.77,41.77,41.77,2,ENB
2025-04-10T12:00:00.000000000Z,34,2,16192,44.44,45.87,44.44,45.83,406,TRP
2025-04-10T13:00:00.000000000Z,34,2,5158,41.46,41.65,41.03,41.29,78206,ENB
2025-04-10T13:00:00.000000000Z,34,2,16192,45.62,46.2,45.07,45.85,36689,TRP
2025-04-10T14:00:00.000000000Z,34,2,5158,41.28,41.92,41.255,41.51,69438,ENB
2025-04-10T14:00:00.000000000Z,34,2,16192,45.88,46.17,45.59,45.78,72195,TRP
2025-04-10T15:00:00.000000000Z,34,2,16192,45.75,45.9,45.08,45.13,35648,TRP
2025-04-10T15:00:00.000000000Z,34,2,5158,41.49,41.65,41.17,41.23,79376,ENB
2025-04-10T16:00:00.000000000Z,34,2,5158,41.21,41.485,40.83,41.45,62179,ENB
2025-04-10T16:00:00.000000000Z,34,2,16192,45.12,45.29,44.63,45.24,40336,TRP
2025-04-10T17:00:00.000000000Z,34,2,5158,41.45,41.89,41.16,41.8,61948,ENB
2025-04-10T17:00:00.000000000Z,34,2,16192,45.23,45.82,44.96,45.75,34789,TRP
2025-04-10T18:00:00.000000000Z,34,2,16192,45.755,45.98,45.42,45.54,27404,TRP
2025-04-10T18:00:00.000000000Z,34,2,5158,41.8,42.02,41.58,41.715,61708,ENB
2025-04-10T19:00:00.000000000Z,34,2,16192,45.49,45.7,45.02,45.41,92285,TRP
2025-04-10T19:00:00.000000000Z,34,2,5158,41.7,41.86,41.34,41.82,141605,ENB
2025-04-10T21:00:00.000000000Z,34,2,16192,45.01,45.01,45.01,45.01,9,TRP
2025-04-10T23:00:00.000000000Z,34,2,16192,45.03,45.03,45.03,45.03,1,TRP
2025-04-11T12:00:00.000000000Z,34,2,5158,42.12,42.12,42.12,42.12,1,ENB
2025-04-11T13:00:00.000000000Z,34,2,5158,42.02,42.66,42.0,42.36,57836,ENB
2025-04-11T13:00:00.000000000Z,34,2,16192,45.81,46.18,45.77,45.91,17013,TRP
2025-04-11T14:00:00.000000000Z,34,2,5158,42.335,42.67,42.16,42.36,91942,ENB
2025-04-11T14:00:00.000000000Z,34,2,16192,45.795,46.51,45.795,46.3,43842,TRP
2025-04-11T15:00:00.000000000Z,34,2,16192,46.3,46.71,46.14,46.69,35060,TRP
2025-04-11T15:00:00.000000000Z,34,2,5158,42.36,42.625,42.24,42.55,38266,ENB
2025-04-11T16:00:00.000000000Z,34,2,5158,42.55,42.995,42.51,42.97,24191,ENB
2025-04-11T16:00:00.000000000Z,34,2,16192,46.675,47.3,46.64,47.26,10841,TRP
2025-04-11T17:00:00.000000000Z,34,2,16192,47.3,47.62,47.16,47.55,19138,TRP
2025-04-11T17:00:00.000000000Z,34,2,5158,42.99,43.28,42.91,43.12,35254,ENB
2025-04-11T18:00:00.000000000Z,34,2,5158,43.14,43.31,43.08,43.25,43696,ENB
2025-04-11T18:00:00.000000000Z,34,2,16192,47.57,47.79,47.54,47.66,21916,TRP
2025-04-11T19:00:00.000000000Z,34,2,5158,43.255,43.4,43.235,43.24,146428,ENB
2025-04-11T19:00:00.000000000Z,34,2,16192,47.67,47.98,47.34,47.49,89962,TRP
2025-04-11T20:00:00.000000000Z,34,2,5158,43.0,43.25,43.0,43.25,977,ENB
2025-04-11T21:00:00.000000000Z,34,2,5158,43.38,43.38,43.38,43.38,16,ENB
2025-04-11T22:00:00.000000000Z,34,2,5158,43.38,43.38,43.38,43.38,4,ENB
2025-04-11T23:00:00.000000000Z,34,2,5158,43.38,43.38,43.38,43.38,27,ENB
2025-04-14T08:00:00.000000000Z,34,2,5158,44.0,44.0,44.0,44.0,30,ENB
2025-04-14T10:00:00.000000000Z,34,2,16192,47.52,47.52,47.48,47.48,105,TRP
2025-04-14T13:00:00.000000000Z,34,2,16192,47.5,47.79,47.24,47.67,18236,TRP
2025-04-14T13:00:00.000000000Z,34,2,5158,43.6,43.905,43.31,43.905,35248,ENB
2025-04-14T14:00:00.000000000Z,34,2,5158,43.935,43.95,43.615,43.615,58183,ENB
2025-04-14T14:00:00.000000000Z,34,2,16192,47.67,47.97,47.59,47.89,19067,TRP
2025-04-14T15:00:00.000000000Z,34,2,16192,47.86,48.03,47.74,47.8,24568,TRP
2025-04-14T15:00:00.000000000Z,34,2,5158,43.63,43.66,43.395,43.51,26821,ENB
2025-04-14T16:00:00.000000000Z,34,2,5158,43.52,43.74,43.45,43.695,14708,ENB
2025-04-14T16:00:00.000000000Z,34,2,16192,47.8,48.05,47.7,47.94,23861,TRP
2025-04-14T17:00:00.000000000Z,34,2,16192,47.94,48.18,47.94,48.08,60090,TRP
2025-04-14T17:00:00.000000000Z,34,2,5158,43.71,44.05,43.71,43.98,26246,ENB
2025-04-14T18:00:00.000000000Z,34,2,16192,48.09,48.225,48.05,48.15,47797,TRP
2025-04-14T18:00:00.000000000Z,34,2,5158,43.98,44.12,43.965,44.08,26456,ENB
2025-04-14T19:00:00.000000000Z,34,2,16192,48.1,48.22,47.96,48.01,62862,TRP
2025-04-14T19:00:00.000000000Z,34,2,5158,44.07,44.1,43.9,44.015,150773,ENB
2025-04-14T20:00:00.000000000Z,34,2,5158,44.02,44.02,44.02,44.02,40,ENB
2025-04-14T21:00:00.000000000Z,34,2,16192,48.02,48.02,48.02,48.02,41,TRP
2025-04-14T21:00:00.000000000Z,34,2,5158,43.75,43.75,43.75,43.75,8,ENB
2025-04-15T08:00:00.000000000Z,34,2,16192,47.66,47.66,47.66,47.66,1,TRP
2025-04-15T10:00:00.000000000Z,34,2,5158,43.65,43.65,43.4,43.4,200,ENB
2025-04-15T13:00:00.000000000Z,34,2,16192,48.02,48.67,48.02,48.67,7299,TRP
2025-04-15T13:00:00.000000000Z,34,2,5158,44.12,44.43,43.98,44.43,23026,ENB
2025-04-15T14:00:00.000000000Z,34,2,5158,44.45,44.56,44.35,44.41,49231,ENB
2025-04-15T14:00:00.000000000Z,34,2,16192,48.74,48.91,48.57,48.69,22687,TRP
2025-04-15T15:00:00.000000000Z,34,2,5158,44.38,44.43,44.255,44.37,24551,ENB
2025-04-15T15:00:00.000000000Z,34,2,16192,48.69,48.76,48.56,48.715,12453,TRP
2025-04-15T16:00:00.000000000Z,34,2,5158,44.38,44.415,44.28,44.29,33198,ENB
2025-04-15T16:00:00.000000000Z,34,2,16192,48.73,48.74,48.475,48.5,10076,TRP
2025-04-15T17:00:00.000000000Z,34,2,16192,48.49,48.54,48.405,48.43,9693,TRP
2025-04-15T17:00:00.000000000Z,34,2,5158,44.29,44.33,44.22,44.275,18672,ENB
2025-04-15T18:00:00.000000000Z,34,2,16192,48.43,48.61,48.41,48.6,13445,TRP
2025-04-15T18:00:00.000000000Z,34,2,5158,44.27,44.35,44.245,44.26,19795,ENB
2025-04-15T19:00:00.000000000Z,34,2,5158,44.25,44.365,44.185,44.255,138715,ENB
2025-04-15T19:00:00.000000000Z,34,2,16192,48.58,48.66,48.47,48.58,53755,TRP
2025-04-15T22:00:00.000000000Z,34,2,5158,44.27,44.27,44.27,44.27,5,ENB
2025-04-16T08:00:00.000000000Z,34,2,5158,44.28,44.28,44.27,44.28,437,ENB
2025-04-16T08:00:00.000000000Z,34,2,16192,47.47,47.47,47.47,47.47,1,TRP
2025-04-16T13:00:00.000000000Z,34,2,16192,48.71,49.1,48.65,48.99,13868,TRP
2025-04-16T13:00:00.000000000Z,34,2,5158,44.44,44.85,44.44,44.74,14186,ENB
2025-04-16T14:00:00.000000000Z,34,2,5158,44.8,44.88,44.695,44.78,29056,ENB
2025-04-16T14:00:00.000000000Z,34,2,16192,49.01,49.07,48.88,48.94,33455,TRP
2025-04-16T15:00:00.000000000Z,34,2,16192,48.95,49.145,48.89,49.065,18903,TRP
2025-04-16T15:00:00.000000000Z,34,2,5158,44.77,44.895,44.76,44.81,22899,ENB
2025-04-16T16:00:00.000000000Z,34,2,5158,44.82,44.93,44.79,44.87,19495,ENB
2025-04-16T16:00:00.000000000Z,34,2,16192,49.07,49.125,49.02,49.075,10188,TRP
2025-04-16T17:00:00.000000000Z,34,2,5158,44.87,44.92,44.5,44.5,22899,ENB
2025-04-16T17:00:00.000000000Z,34,2,16192,49.08,49.17,48.75,48.77,22272,TRP
2025-04-16T18:00:00.000000000Z,34,2,5158,44.51,44.65,44.49,44.57,33114,ENB
2025-04-16T18:00:00.000000000Z,34,2,16192,48.74,48.97,48.74,48.78,21331,TRP
2025-04-16T19:00:00.000000000Z,34,2,16192,48.79,48.92,48.49,48.9,69808,TRP
2025-04-16T19:00:00.000000000Z,34,2,5158,44.56,44.635,44.365,44.59,111746,ENB
2025-04-16T21:00:00.000000000Z,34,2,5158,44.5,44.5,44.5,44.5,100,ENB
2025-04-16T23:00:00.000000000Z,34,2,5158,44.59,44.59,44.59,44.59,25,ENB
2025-04-17T09:00:00.000000000Z,34,2,5158,44.67,44.67,44.67,44.67,50,ENB
2025-04-17T12:00:00.000000000Z,34,2,5158,44.86,44.89,44.86,44.89,34,ENB
2025-04-17T13:00:00.000000000Z,34,2,16192,49.2,49.435,49.095,49.32,13609,TRP
2025-04-17T13:00:00.000000000Z,34,2,5158,44.86,45.23,44.73,45.23,19792,ENB
2025-04-17T14:00:00.000000000Z,34,2,16192,49.34,49.47,49.185,49.28,19570,TRP
2025-04-17T14:00:00.000000000Z,34,2,5158,45.23,45.3,45.17,45.195,42344,ENB
2025-04-17T15:00:00.000000000Z,34,2,16192,49.29,49.66,49.29,49.5,24332,TRP
2025-04-17T15:00:00.000000000Z,34,2,5158,45.2,45.615,45.2,45.49,83155,ENB
2025-04-17T16:00:00.000000000Z,34,2,16192,49.52,49.85,49.52,49.73,38524,TRP
2025-04-17T16:00:00.000000000Z,34,2,5158,45.49,45.81,45.48,45.74,60834,ENB
2025-04-17T17:00:00.000000000Z,34,2,5158,45.745,45.76,45.58,45.66,56274,ENB
2025-04-17T17:00:00.000000000Z,34,2,16192,49.74,49.76,49.58,49.74,26112,TRP
2025-04-17T18:00:00.000000000Z,34,2,16192,49.75,49.89,49.68,49.73,32778,TRP
2025-04-17T18:00:00.000000000Z,34,2,5158,45.665,45.755,45.58,45.615,77113,ENB
2025-04-17T19:00:00.000000000Z,34,2,16192,49.735,49.795,49.355,49.41,74941,TRP
2025-04-17T19:00:00.000000000Z,34,2,5158,45.61,45.615,45.305,45.38,169263,ENB
2025-04-17T20:00:00.000000000Z,34,2,5158,45.55,45.55,45.54,45.54,6,ENB
2025-04-17T23:00:00.000000000Z,34,2,16192,49.41,49.41,49.41,49.41,100,TRP
2025-04-17T23:00:00.000000000Z,34,2,5158,45.49,45.49,45.49,45.49,10,ENB
2025-04-21T08:00:00.000000000Z,34,2,16192,48.91,48.91,48.91,48.91,1,TRP
2025-04-21T11:00:00.000000000Z,34,2,5158,45.15,45.15,45.15,45.15,1,ENB
2025-04-21T11:00:00.000000000Z,34,2,16192,49.34,49.34,49.34,49.34,20,TRP
2025-04-21T13:00:00.000000000Z,34,2,16192,49.3,49.37,49.06,49.27,13564,TRP
2025-04-21T13:00:00.000000000Z,34,2,5158,45.02,45.62,45.02,45.595,19122,ENB
2025-04-21T14:00:00.000000000Z,34,2,5158,45.58,45.585,45.285,45.285,33476,ENB
2025-04-21T14:00:00.000000000Z,34,2,16192,49.24,49.26,48.94,48.94,26168,TRP
2025-04-21T15:00:00.000000000Z,34,2,5158,45.3,45.31,45.07,45.07,23144,ENB
2025-04-21T15:00:00.000000000Z,34,2,16192,48.95,48.97,48.705,48.72,20327,TRP
2025-04-21T16:00:00.000000000Z,34,2,5158,45.07,45.155,44.985,45.0,17389,ENB
2025-04-21T16:00:00.000000000Z,34,2,16192,48.72,48.78,48.53,48.55,17975,TRP
2025-04-21T17:00:00.000000000Z,34,2,16192,48.54,48.56,48.01,48.1,36967,TRP
2025-04-21T17:00:00.000000000Z,34,2,5158,44.995,44.995,44.67,44.67,22927,ENB
2025-04-21T18:00:00.000000000Z,34,2,5158,44.66,44.89,44.625,44.86,31683,ENB
2025-04-21T18:00:00.000000000Z,34,2,16192,48.1,48.35,48.07,48.31,23372,TRP
2025-04-21T19:00:00.000000000Z,34,2,16192,48.31,48.555,48.29,48.46,51362,TRP
2025-04-21T19:00:00.000000000Z,34,2,5158,44.86,45.075,44.81,44.995,88887,ENB
2025-04-22T08:00:00.000000000Z,34,2,5158,45.11,45.11,44.82,44.82,122,ENB
2025-04-22T08:00:00.000000000Z,34,2,16192,52.33,52.33,51.99,51.99,2,TRP
2025-04-22T12:00:00.000000000Z,34,2,5158,45.37,45.37,45.36,45.36,101,ENB
2025-04-22T13:00:00.000000000Z,34,2,16192,48.78,48.95,48.68,48.68,14422,TRP
2025-04-22T13:00:00.000000000Z,34,2,5158,45.24,45.51,45.21,45.4,10829,ENB
2025-04-22T14:00:00.000000000Z,34,2,16192,48.68,49.07,48.64,49.05,25215,TRP
2025-04-22T14:00:00.000000000Z,34,2,5158,45.39,45.595,45.365,45.59,31712,ENB
2025-04-22T15:00:00.000000000Z,34,2,16192,49.09,49.57,49.03,49.57,33485,TRP
2025-04-22T15:00:00.000000000Z,34,2,5158,45.58,45.94,45.58,45.92,13738,ENB
2025-04-22T16:00:00.000000000Z,34,2,16192,49.58,49.68,49.19,49.31,19363,TRP
2025-04-22T16:00:00.000000000Z,34,2,5158,45.93,46.005,45.67,45.72,12632,ENB
2025-04-22T17:00:00.000000000Z,34,2,5158,45.72,45.77,45.32,45.43,19016,ENB
2025-04-22T17:00:00.000000000Z,34,2,16192,49.31,49.37,49.0,49.03,11843,TRP
2025-04-22T18:00:00.000000000Z,34,2,16192,49.04,49.16,48.95,49.14,15953,TRP
2025-04-22T18:00:00.000000000Z,34,2,5158,45.43,45.65,45.42,45.62,32890,ENB
2025-04-22T19:00:00.000000000Z,34,2,5158,45.62,45.665,45.545,45.65,130037,ENB
2025-04-22T19:00:00.000000000Z,34,2,16192,49.15,49.19,48.985,49.015,53840,TRP
2025-04-22T23:00:00.000000000Z,34,2,5158,45.7,45.7,45.7,45.7,39,ENB
2025-04-23T08:00:00.000000000Z,34,2,16192,49.36,49.6,49.36,49.6,5,TRP
2025-04-23T11:00:00.000000000Z,34,2,16192,49.6,49.6,49.6,49.6,13,TRP
2025-04-23T11:00:00.000000000Z,34,2,5158,45.98,45.99,45.98,45.99,322,ENB
2025-04-23T12:00:00.000000000Z,34,2,5158,45.89,45.89,45.86,45.88,1686,ENB
2025-04-23T12:00:00.000000000Z,34,2,16192,49.6,49.6,49.49,49.49,21,TRP
2025-04-23T13:00:00.000000000Z,34,2,5158,45.91,45.91,45.35,45.6,54982,ENB
2025-04-23T13:00:00.000000000Z,34,2,16192,49.32,49.335,48.35,48.85,21443,TRP
2025-04-23T14:00:00.000000000Z,34,2,5158,45.58,45.78,45.43,45.65,23598,ENB
2025-04-23T14:00:00.000000000Z,34,2,16192,48.89,48.93,48.41,48.54,39617,TRP
2025-04-23T15:00:00.000000000Z,34,2,5158,45.64,45.64,45.2,45.32,39451,ENB
2025-04-23T15:00:00.000000000Z,34,2,16192,48.54,48.55,48.27,48.52,54525,TRP
2025-04-23T16:00:00.000000000Z,34,2,16192,48.53,48.905,48.46,48.82,10198,TRP
2025-04-23T16:00:00.000000000Z,34,2,5158,45.33,45.43,45.23,45.405,14362,ENB
2025-04-23T17:00:00.000000000Z,34,2,5158,45.4,45.51,45.27,45.44,13980,ENB
2025-04-23T17:00:00.000000000Z,34,2,16192,48.79,48.89,48.6,48.85,9151,TRP
2025-04-23T18:00:00.000000000Z,34,2,16192,48.86,48.87,48.66,48.79,11586,TRP
2025-04-23T18:00:00.000000000Z,34,2,5158,45.43,45.54,45.37,45.48,36011,ENB
2025-04-23T19:00:00.000000000Z,34,2,16192,48.805,49.02,48.73,48.905,42357,TRP
2025-04-23T19:00:00.000000000Z,34,2,5158,45.48,45.64,45.4,45.59,69022,ENB
2025-04-24T08:00:00.000000000Z,34,2,16192,49.32,49.32,48.47,48.47,17,TRP
2025-04-24T13:00:00.000000000Z,34,2,16192,48.98,49.07,48.75,48.95,7192,TRP
2025-04-24T13:00:00.000000000Z,34,2,5158,45.8,45.86,45.61,45.81,17343,ENB
2025-04-24T14:00:00.000000000Z,34,2,5158,45.795,46.075,45.755,46.02,48787,ENB
2025-04-24T14:00:00.000000000Z,34,2,16192,48.94,49.1,48.81,49.09,33597,TRP
2025-04-24T15:00:00.000000000Z,34,2,5158,45.995,46.23,45.94,46.23,44575,ENB
2025-04-24T15:00:00.000000000Z,34,2,16192,49.08,49.265,49.0,49.25,13270,TRP
2025-04-24T16:00:00.000000000Z,34,2,5158,46.23,46.4,46.17,46.275,34584,ENB
2025-04-24T16:00:00.000000000Z,34,2,16192,49.28,49.54,49.26,49.49,7582,TRP
2025-04-24T17:00:00.000000000Z,34,2,16192,49.5,49.55,49.4,49.44,12829,TRP
2025-04-24T17:00:00.000000000Z,34,2,5158,46.28,46.29,46.06,46.16,54710,ENB
2025-04-24T18:00:00.000000000Z,34,2,5158,46.165,46.285,46.165,46.27,37030,ENB
2025-04-24T18:00:00.000000000Z,34,2,16192,49.42,49.55,49.35,49.54,16256,TRP
2025-04-24T19:00:00.000000000Z,34,2,16192,49.53,49.625,49.43,49.51,79403,TRP
2025-04-24T19:00:00.000000000Z,34,2,5158,46.26,46.42,46.235,46.37,172409,ENB
2025-04-25T08:00:00.000000000Z,34,2,16192,49.11,49.21,49.11,49.21,2,TRP
2025-04-25T09:00:00.000000000Z,34,2,5158,46.4,46.5,46.4,46.49,234,ENB
2025-04-25T10:00:00.000000000Z,34,2,5158,46.44,46.44,46.4,46.44,27,ENB
2025-04-25T12:00:00.000000000Z,34,2,5158,46.16,46.16,46.16,46.16,50,ENB
2025-04-25T13:00:00.000000000Z,34,2,16192,49.5,49.5,49.0,49.39,19126,TRP
2025-04-25T13:00:00.000000000Z,34,2,5158,46.17,46.48,46.12,46.215,34971,ENB
2025-04-25T14:00:00.000000000Z,34,2,5158,46.22,46.275,46.075,46.14,71915,ENB
2025-04-25T14:00:00.000000000Z,34,2,16192,49.41,49.65,49.39,49.55,26852,TRP
2025-04-25T15:00:00.000000000Z,34,2,16192,49.55,49.7,49.49,49.565,59540,TRP
2025-04-25T15:00:00.000000000Z,34,2,5158,46.165,46.23,46.055,46.09,54780,ENB
2025-04-25T16:00:00.000000000Z,34,2,5158,46.085,46.16,46.005,46.075,45930,ENB
2025-04-25T16:00:00.000000000Z,34,2,16192,49.57,49.66,49.48,49.64,80412,TRP
2025-04-25T17:00:00.000000000Z,34,2,5158,46.07,46.16,45.985,46.0,66230,ENB
2025-04-25T17:00:00.000000000Z,34,2,16192,49.64,49.73,49.33,49.42,65759,TRP
2025-04-25T18:00:00.000000000Z,34,2,5158,46.02,46.16,46.0,46.03,45400,ENB
2025-04-25T18:00:00.000000000Z,34,2,16192,49.42,49.63,49.34,49.49,29940,TRP
2025-04-25T19:00:00.000000000Z,34,2,5158,46.03,46.25,46.01,46.2,124127,ENB
2025-04-25T19:00:00.000000000Z,34,2,16192,49.48,49.69,49.38,49.595,185397,TRP
2025-04-25T20:00:00.000000000Z,34,2,5158,46.2,46.2,46.03,46.03,140,ENB
2025-04-25T21:00:00.000000000Z,34,2,16192,49.18,49.18,49.18,49.18,32,TRP
2025-04-25T21:00:00.000000000Z,34,2,5158,46.17,46.17,46.03,46.03,4,ENB
2025-04-25T23:00:00.000000000Z,34,2,5158,46.18,46.18,46.18,46.18,10,ENB
2025-04-28T11:00:00.000000000Z,34,2,5158,46.19,46.19,46.19,46.19,10,ENB
2025-04-28T12:00:00.000000000Z,34,2,5158,46.19,46.19,46.19,46.19,11,ENB
2025-04-28T13:00:00.000000000Z,34,2,16192,49.585,49.74,49.37,49.44,11298,TRP
2025-04-28T13:00:00.000000000Z,34,2,5158,46.07,46.42,46.07,46.1,40843,ENB
2025-04-28T14:00:00.000000000Z,34,2,5158,46.11,46.41,45.98,46.39,36923,ENB
2025-04-28T14:00:00.000000000Z,34,2,16192,49.45,49.86,49.28,49.85,16316,TRP
2025-04-28T15:00:00.000000000Z,34,2,16192,49.86,49.94,49.78,49.89,8121,TRP
2025-04-28T15:00:00.000000000Z,34,2,5158,46.4,46.41,46.245,46.27,21372,ENB
2025-04-28T16:00:00.000000000Z,34,2,5158,46.27,46.44,46.225,46.44,15697,ENB
2025-04-28T16:00:00.000000000Z,34,2,16192,49.9,50.13,49.79,50.12,8727,TRP
2025-04-28T17:00:00.000000000Z,34,2,5158,46.44,46.555,46.35,46.52,9189,ENB
2025-04-28T17:00:00.000000000Z,34,2,16192,50.12,50.28,50.11,50.17,15171,TRP
2025-04-28T18:00:00.000000000Z,34,2,16192,50.165,50.21,50.13,50.175,8437,TRP
2025-04-28T18:00:00.000000000Z,34,2,5158,46.51,46.565,46.5,46.56,10793,ENB
2025-04-28T19:00:00.000000000Z,34,2,5158,46.56,46.695,46.555,46.635,57898,ENB
2025-04-28T19:00:00.000000000Z,34,2,16192,50.18,50.255,50.08,50.235,59968,TRP
2025-04-28T21:00:00.000000000Z,34,2,5158,46.69,46.69,46.69,46.69,1,ENB
2025-04-28T23:00:00.000000000Z,34,2,16192,50.25,50.25,50.25,50.25,14,TRP
2025-04-29T13:00:00.000000000Z,34,2,5158,46.6,46.76,46.585,46.69,20419,ENB
2025-04-29T13:00:00.000000000Z,34,2,16192,50.1,50.47,50.1,50.26,13093,TRP
2025-04-29T14:00:00.000000000Z,34,2,16192,50.24,50.32,50.07,50.29,23966,TRP
2025-04-29T14:00:00.000000000Z,34,2,5158,46.65,46.795,46.61,46.785,17575,ENB
2025-04-29T15:00:00.000000000Z,34,2,16192,50.28,50.41,50.06,50.06,19273,TRP
2025-04-29T15:00:00.000000000Z,34,2,5158,46.79,46.85,46.62,46.62,13694,ENB
2025-04-29T16:00:00.000000000Z,34,2,5158,46.62,46.72,46.61,46.64,12656,ENB
2025-04-29T16:00:00.000000000Z,34,2,16192,50.05,50.22,50.01,50.19,27711,TRP
2025-04-29T17:00:00.000000000Z,34,2,16192,50.19,50.47,50.17,50.36,21629,TRP
2025-04-29T17:00:00.000000000Z,34,2,5158,46.64,46.81,46.64,46.74,16972,ENB
2025-04-29T18:00:00.000000000Z,34,2,16192,50.365,50.43,50.31,50.385,13546,TRP
2025-04-29T18:00:00.000000000Z,34,2,5158,46.75,46.77,46.615,46.63,25029,ENB
2025-04-29T19:00:00.000000000Z,34,2,16192,50.385,50.45,50.185,50.205,80749,TRP
2025-04-29T19:00:00.000000000Z,34,2,5158,46.635,46.69,46.61,46.64,77162,ENB
2025-04-29T23:00:00.000000000Z,34,2,5158,46.51,46.51,46.5,46.5,2,ENB
2025-04-30T08:00:00.000000000Z,34,2,16192,48.52,49.32,48.52,49.32,4,TRP
2025-04-30T12:00:00.000000000Z,34,2,5158,46.5,46.5,46.4,46.4,130,ENB
2025-04-30T13:00:00.000000000Z,34,2,16192,50.07,50.2,49.54,49.565,18430,TRP
2025-04-30T13:00:00.000000000Z,34,2,5158,46.595,46.71,46.2,46.245,44214,ENB
2025-04-30T14:00:00.000000000Z,34,2,16192,49.61,50.1,49.58,49.93,34490,TRP
2025-04-30T14:00:00.000000000Z,34,2,5158,46.25,46.6,46.25,46.55,37890,ENB
2025-04-30T15:00:00.000000000Z,34,2,16192,49.94,50.16,49.74,49.74,37605,TRP
2025-04-30T15:00:00.000000000Z,34,2,5158,46.6,46.655,46.25,46.28,24534,ENB
2025-04-30T16:00:00.000000000Z,34,2,5158,46.29,46.43,46.24,46.38,28325,ENB
2025-04-30T16:00:00.000000000Z,34,2,16192,49.75,49.99,49.66,49.96,19202,TRP
2025-04-30T17:00:00.000000000Z,34,2,16192,49.93,50.105,49.72,50.1,16322,TRP
2025-04-30T17:00:00.000000000Z,34,2,5158,46.38,46.51,46.215,46.51,18626,ENB
2025-04-30T18:00:00.000000000Z,34,2,5158,46.51,46.7,46.375,46.42,27305,ENB
2025-04-30T18:00:00.000000000Z,34,2,16192,50.1,50.27,49.98,50.03,32149,TRP
2025-04-30T19:00:00.000000000Z,34,2,5158,46.44,46.855,46.41,46.685,121124,ENB
2025-04-30T19:00:00.000000000Z,34,2,16192,50.05,50.5,50.01,50.38,81696,TRP
2025-04-30T20:00:00.000000000Z,34,2,16192,50.41,50.41,50.41,50.41,100,TRP
2025-04-30T20:00:00.000000000Z,34,2,5158,46.47,46.47,46.47,46.47,76,ENB
2025-04-30T21:00:00.000000000Z,34,2,5158,46.46,46.46,46.46,46.46,2,ENB
2025-05-01T08:00:00.000000000Z,34,2,16192,48.01,48.01,48.01,48.01,1,TRP
2025-05-01T10:00:00.000000000Z,34,2,16192,48.41,48.41,48.41,48.41,1,TRP
2025-05-01T11:00:00.000000000Z,34,2,5158,46.5,46.5,46.5,46.5,3,ENB
2025-05-01T13:00:00.000000000Z,34,2,16192,50.0,51.25,49.82,50.53,57079,TRP
2025-05-01T13:00:00.000000000Z,34,2,5158,46.61,46.84,46.36,46.665,25864,ENB
2025-05-01T14:00:00.000000000Z,34,2,16192,50.52,51.08,50.48,51.01,67642,TRP
2025-05-01T14:00:00.000000000Z,34,2,5158,46.71,47.085,46.67,47.01,53123,ENB
2025-05-01T15:00:00.000000000Z,34,2,16192,50.99,51.0,50.15,50.18,35442,TRP
2025-05-01T15:00:00.000000000Z,34,2,5158,47.01,47.01,46.57,46.57,39137,ENB
2025-05-01T16:00:00.000000000Z,34,2,5158,46.56,46.57,46.43,46.45,28944,ENB
2025-05-01T16:00:00.000000000Z,34,2,16192,50.15,50.46,50.03,50.31,31918,TRP
2025-05-01T17:00:00.000000000Z,34,2,5158,46.46,46.615,46.46,46.54,25938,ENB
2025-05-01T17:00:00.000000000Z,34,2,16192,50.31,50.62,50.31,50.31,24785,TRP
2025-05-01T18:00:00.000000000Z,34,2,5158,46.53,46.755,46.53,46.66,31621,ENB
2025-05-01T18:00:00.000000000Z,34,2,16192,50.27,50.67,50.25,50.52,21293,TRP
2025-05-01T19:00:00.000000000Z,34,2,16192,50.5,50.54,50.02,50.035,79338,TRP
2025-05-01T19:00:00.000000000Z,34,2,5158,46.65,46.68,46.465,46.505,86764,ENB
2025-05-02T12:00:00.000000000Z,34,2,16192,50.0,50.0,50.0,50.0,1000,TRP
2025-05-02T13:00:00.000000000Z,34,2,16192,50.88,50.88,49.93,50.24,27710,TRP
2025-05-02T13:00:00.000000000Z,34,2,5158,46.87,46.93,46.58,46.705,21460,ENB
2025-05-02T14:00:00.000000000Z,34,2,5158,46.68,46.895,46.56,46.765,51272,ENB
2025-05-02T14:00:00.000000000Z,34,2,16192,50.22,50.49,50.17,50.49,39194,TRP
2025-05-02T15:00:00.000000000Z,34,2,16192,50.495,50.64,50.26,50.32,33957,TRP
2025-05-02T15:00:00.000000000Z,34,2,5158,46.78,46.805,46.655,46.76,32766,ENB
2025-05-02T16:00:00.000000000Z,34,2,16192,50.32,50.46,50.12,50.18,26558,TRP
2025-05-02T16:00:00.000000000Z,34,2,5158,46.75,46.845,46.48,46.495,30394,ENB
2025-05-02T17:00:00.000000000Z,34,2,16192,50.175,50.43,50.17,50.32,24351,TRP
2025-05-02T17:00:00.000000000Z,34,2,5158,46.5,46.715,46.48,46.655,43986,ENB
2025-05-02T18:00:00.000000000Z,34,2,5158,46.65,46.8,46.645,46.735,47894,ENB
2025-05-02T18:00:00.000000000Z,34,2,16192,50.34,50.65,50.34,50.56,35534,TRP
2025-05-02T19:00:00.000000000Z,34,2,5158,46.735,46.88,46.72,46.86,84226,ENB
2025-05-02T19:00:00.000000000Z,34,2,16192,50.565,50.99,50.54,50.96,96874,TRP
2025-05-02T20:00:00.000000000Z,34,2,5158,46.87,46.87,46.87,46.87,1000,ENB
2025-05-05T09:00:00.000000000Z,34,2,5158,46.69,46.69,46.69,46.69,26,ENB
2025-05-05T10:00:00.000000000Z,34,2,5158,46.69,46.69,46.69,46.69,2,ENB
2025-05-05T11:00:00.000000000Z,34,2,5158,46.69,46.72,46.69,46.72,287,ENB
2025-05-05T13:00:00.000000000Z,34,2,5158,46.75,46.9,46.31,46.35,18369,ENB
2025-05-05T13:00:00.000000000Z,34,2,16192,50.79,50.98,50.08,50.08,16203,TRP
2025-05-05T14:00:00.000000000Z,34,2,5158,46.37,46.47,46.19,46.41,32926,ENB
2025-05-05T14:00:00.000000000Z,34,2,16192,50.1,50.65,50.0,50.495,15810,TRP
2025-05-05T15:00:00.000000000Z,34,2,16192,50.51,50.64,50.42,50.59,8494,TRP
2025-05-05T15:00:00.000000000Z,34,2,5158,46.41,46.54,46.33,46.54,19997,ENB
2025-05-05T16:00:00.000000000Z,34,2,16192,50.6,50.66,50.54,50.57,9359,TRP
2025-05-05T16:00:00.000000000Z,34,2,5158,46.54,46.61,46.54,46.58,11743,ENB
2025-05-05T17:00:00.000000000Z,34,2,16192,50.57,50.705,50.5,50.69,11721,TRP
2025-05-05T17:00:00.000000000Z,34,2,5158,46.58,46.63,46.51,46.61,19346,ENB
2025-05-05T18:00:00.000000000Z,34,2,5158,46.61,46.665,46.565,46.605,13453,ENB
2025-05-05T18:00:00.000000000Z,34,2,16192,50.685,50.85,50.68,50.77,12425,TRP
2025-05-05T19:00:00.000000000Z,34,2,16192,50.79,50.915,50.66,50.91,53836,TRP
2025-05-05T19:00:00.000000000Z,34,2,5158,46.605,46.65,46.55,46.59,64875,ENB
2025-05-06T08:00:00.000000000Z,34,2,5158,46.53,46.53,46.53,46.53,5,ENB
2025-05-06T13:00:00.000000000Z,34,2,16192,50.92,51.12,50.665,50.72,9392,TRP
2025-05-06T13:00:00.000000000Z,34,2,5158,46.71,46.93,46.5,46.63,39692,ENB
2025-05-06T14:00:00.000000000Z,34,2,5158,46.625,46.67,46.51,46.64,28843,ENB
2025-05-06T14:00:00.000000000Z,34,2,16192,50.72,50.72,50.47,50.64,24398,TRP
2025-05-06T15:00:00.000000000Z,34,2,5158,46.65,46.73,46.32,46.335,14328,ENB
2025-05-06T15:00:00.000000000Z,34,2,16192,50.64,50.83,50.475,50.51,9046,TRP
2025-05-06T16:00:00.000000000Z,34,2,16192,50.52,50.72,50.42,50.42,11307,TRP
2025-05-06T16:00:00.000000000Z,34,2,5158,46.33,46.44,46.07,46.07,32731,ENB
2025-05-06T17:00:00.000000000Z,34,2,5158,46.08,46.275,46.075,46.25,42689,ENB
2025-05-06T17:00:00.000000000Z,34,2,16192,50.43,50.66,50.43,50.6,12599,TRP
2025-05-06T18:00:00.000000000Z,34,2,5158,46.245,46.425,46.16,46.425,28735,ENB
2025-05-06T18:00:00.000000000Z,34,2,16192,50.6,50.765,50.575,50.75,17757,TRP
2025-05-06T19:00:00.000000000Z,34,2,5158,46.43,46.44,46.16,46.165,94102,ENB
2025-05-06T19:00:00.000000000Z,34,2,16192,50.76,50.8,50.53,50.54,55499,TRP
2025-05-07T08:00:00.000000000Z,34,2,16192,50.14,51.23,50.14,50.21,103,TRP
2025-05-07T09:00:00.000000000Z,34,2,16192,50.29,50.56,50.29,50.56,2,TRP
2025-05-07T10:00:00.000000000Z,34,2,16192,50.64,50.64,50.64,50.64,100,TRP
2025-05-07T11:00:00.000000000Z,34,2,16192,51.0,51.0,50.79,50.79,3,TRP
2025-05-07T11:00:00.000000000Z,34,2,5158,46.22,46.22,46.22,46.22,1,ENB
2025-05-07T13:00:00.000000000Z,34,2,5158,46.34,46.705,46.14,46.7,24300,ENB
2025-05-07T13:00:00.000000000Z,34,2,16192,50.625,50.95,50.475,50.91,8809,TRP
2025-05-07T14:00:00.000000000Z,34,2,16192,50.91,51.02,50.82,50.92,7690,TRP
2025-05-07T14:00:00.000000000Z,34,2,5158,46.69,46.76,46.47,46.56,22204,ENB
2025-05-07T15:00:00.000000000Z,34,2,16192,50.91,51.34,50.91,51.17,14597,TRP
2025-05-07T15:00:00.000000000Z,34,2,5158,46.57,46.835,46.56,46.78,19398,ENB
2025-05-07T16:00:00.000000000Z,34,2,5158,46.775,46.87,46.73,46.865,16159,ENB
2025-05-07T16:00:00.000000000Z,34,2,16192,51.19,51.28,51.09,51.25,9455,TRP
2025-05-07T17:00:00.000000000Z,34,2,16192,51.28,51.28,50.93,50.95,12471,TRP
2025-05-07T17:00:00.000000000Z,34,2,5158,46.86,46.93,46.71,46.77,17234,ENB
2025-05-07T18:00:00.000000000Z,34,2,16192,50.98,51.12,50.84,51.11,17514,TRP
2025-05-07T18:00:00.000000000Z,34,2,5158,46.76,46.86,46.6,46.825,24994,ENB
2025-05-07T19:00:00.000000000Z,34,2,16192,51.07,51.1,50.75,51.05,34811,TRP
2025-05-07T19:00:00.000000000Z,34,2,5158,46.82,46.83,46.555,46.72,84834,ENB
2025-05-07T21:00:00.000000000Z,34,2,5158,46.69,46.69,46.69,46.69,50,ENB
2025-05-08T08:00:00.000000000Z,34,2,16192,51.09,51.09,51.09,51.09,22,TRP
2025-05-08T11:00:00.000000000Z,34,2,16192,51.31,51.31,51.3,51.3,20,TRP
2025-05-08T11:00:00.000000000Z,34,2,5158,46.97,46.97,46.97,46.97,10,ENB
2025-05-08T13:00:00.000000000Z,34,2,16192,51.34,51.34,50.32,50.32,26815,TRP
2025-05-08T13:00:00.000000000Z,34,2,5158,46.96,46.96,46.64,46.64,16104,ENB
2025-05-08T14:00:00.000000000Z,34,2,5158,46.65,46.66,46.215,46.27,38053,ENB
2025-05-08T14:00:00.000000000Z,34,2,16192,50.31,50.6,50.27,50.36,75612,TRP
2025-05-08T15:00:00.000000000Z,34,2,16192,50.36,50.52,50.05,50.09,48635,TRP
2025-05-08T15:00:00.000000000Z,34,2,5158,46.26,46.42,46.24,46.255,46426,ENB
2025-05-08T16:00:00.000000000Z,34,2,5158,46.26,46.4,46.26,46.34,25281,ENB
2025-05-08T16:00:00.000000000Z,34,2,16192,50.1,50.25,49.95,50.07,16697,TRP
2025-05-08T17:00:00.000000000Z,34,2,16192,50.06,50.06,49.56,49.72,31654,TRP
2025-05-08T17:00:00.000000000Z,34,2,5158,46.33,46.33,46.125,46.18,36016,ENB
2025-05-08T18:00:00.000000000Z,34,2,5158,46.18,46.22,45.9,45.93,26743,ENB
2025-05-08T18:00:00.000000000Z,34,2,16192,49.75,49.8,49.18,49.21,51122,TRP
2025-05-08T19:00:00.000000000Z,34,2,16192,49.22,49.22,48.895,49.035,136834,TRP
2025-05-08T19:00:00.000000000Z,34,2,5158,45.93,45.97,45.76,45.82,129715,ENB
2025-05-08T21:00:00.000000000Z,34,2,5158,45.87,45.87,45.86,45.86,5,ENB
2025-05-08T23:00:00.000000000Z,34,2,5158,45.86,45.86,45.86,45.86,21,ENB
2025-05-09T08:00:00.000000000Z,34,2,5158,46.96,46.96,46.96,46.96,45,ENB
2025-05-09T11:00:00.000000000Z,34,2,5158,45.78,45.78,45.78,45.78,102,ENB
2025-05-09T12:00:00.000000000Z,34,2,16192,49.3,49.3,49.3,49.3,200,TRP
2025-05-09T12:00:00.000000000Z,34,2,5158,46.29,46.29,46.13,46.13,608,ENB
2025-05-09T13:00:00.000000000Z,34,2,16192,49.38,49.57,49.12,49.47,18428,TRP
2025-05-09T13:00:00.000000000Z,34,2,5158,46.5,46.6,45.605,46.19,125730,ENB
2025-05-09T14:00:00.000000000Z,34,2,16192,49.44,49.47,49.11,49.21,11598,TRP
2025-05-09T14:00:00.000000000Z,34,2,5158,46.18,46.27,45.76,45.875,115858,ENB
2025-05-09T15:00:00.000000000Z,34,2,16192,49.22,49.29,49.06,49.26,10579,TRP
2025-05-09T15:00:00.000000000Z,34,2,5158,45.875,46.07,45.695,45.98,61755,ENB
2025-05-09T16:00:00.000000000Z,34,2,5158,45.98,45.99,45.67,45.865,48739,ENB
2025-05-09T16:00:00.000000000Z,34,2,16192,49.27,49.28,49.065,49.1,14039,TRP
2025-05-09T17:00:00.000000000Z,34,2,5158,45.865,46.07,45.83,46.06,48273,ENB
2025-05-09T17:00:00.000000000Z,34,2,16192,49.12,49.36,49.11,49.34,14153,TRP
2025-05-09T18:00:00.000000000Z,34,2,5158,46.07,46.11,45.935,45.935,43393,ENB
2025-05-09T18:00:00.000000000Z,34,2,16192,49.36,49.43,49.285,49.285,13302,TRP
2025-05-09T19:00:00.000000000Z,34,2,16192,49.285,49.44,49.255,49.405,73850,TRP
2025-05-09T19:00:00.000000000Z,34,2,5158,45.94,46.155,45.92,46.14,143904,ENB
2025-05-09T21:00:00.000000000Z,34,2,5158,46.04,46.05,46.04,46.05,101,ENB
2025-05-12T09:00:00.000000000Z,34,2,5158,46.52,46.52,46.52,46.52,80,ENB
2025-05-12T11:00:00.000000000Z,34,2,5158,46.6,46.64,46.6,46.64,109,ENB
2025-05-12T12:00:00.000000000Z,34,2,5158,46.54,46.64,46.54,46.56,707,ENB
2025-05-12T13:00:00.000000000Z,34,2,5158,46.62,46.62,44.67,44.77,185215,ENB
2025-05-12T13:00:00.000000000Z,34,2,16192,49.62,49.63,48.52,48.72,37343,TRP
2025-05-12T14:00:00.000000000Z,34,2,16192,48.72,48.875,48.48,48.51,29832,TRP
2025-05-12T14:00:00.000000000Z,34,2,5158,44.76,44.92,44.37,44.48,224715,ENB
2025-05-12T15:00:00.000000000Z,34,2,5158,44.46,44.59,44.29,44.38,85394,ENB
2025-05-12T15:00:00.000000000Z,34,2,16192,48.5,48.61,48.26,48.29,16332,TRP
2025-05-12T16:00:00.000000000Z,34,2,5158,44.37,44.405,44.13,44.14,101636,ENB
2025-05-12T16:00:00.000000000Z,34,2,16192,48.28,48.37,48.07,48.275,18342,TRP
2025-05-12T17:00:00.000000000Z,34,2,5158,44.15,44.15,43.865,43.94,89564,ENB
2025-05-12T17:00:00.000000000Z,34,2,16192,48.27,48.27,47.98,48.03,12584,TRP
2025-05-12T18:00:00.000000000Z,34,2,5158,43.94,44.215,43.93,44.175,64470,ENB
2025-05-12T18:00:00.000000000Z,34,2,16192,48.01,48.21,47.99,48.14,13503,TRP
2025-05-12T19:00:00.000000000Z,34,2,5158,44.17,44.565,44.17,44.55,253746,ENB
2025-05-12T19:00:00.000000000Z,34,2,16192,48.14,48.225,48.03,48.13,73095,TRP
2025-05-12T20:00:00.000000000Z,34,2,5158,44.57,44.99,44.57,44.9,269,ENB
2025-05-12T21:00:00.000000000Z,34,2,5158,44.87,44.93,44.71,44.87,1823,ENB
2025-05-12T22:00:00.000000000Z,34,2,5158,44.84,44.84,44.84,44.84,200,ENB
2025-05-13T08:00:00.000000000Z,34,2,16192,48.41,48.41,48.41,48.41,1,TRP
2025-05-13T11:00:00.000000000Z,34,2,5158,44.79,44.79,44.79,44.79,27,ENB
2025-05-13T12:00:00.000000000Z,34,2,5158,44.79,44.8,44.71,44.71,164,ENB
2025-05-13T13:00:00.000000000Z,34,2,16192,48.2,48.33,48.03,48.23,9844,TRP
2025-05-13T13:00:00.000000000Z,34,2,5158,44.75,44.8,44.46,44.545,40534,ENB
2025-05-13T14:00:00.000000000Z,34,2,16192,48.26,48.34,48.01,48.23,13004,TRP
2025-05-13T14:00:00.000000000Z,34,2,5158,44.57,44.82,44.52,44.77,41762,ENB
2025-05-13T15:00:00.000000000Z,34,2,16192,48.23,48.35,48.16,48.24,10561,TRP
2025-05-13T15:00:00.000000000Z,34,2,5158,44.765,44.91,44.565,44.65,67502,ENB
2025-05-13T16:00:00.000000000Z,34,2,5158,44.645,44.695,44.355,44.54,117584,ENB
2025-05-13T16:00:00.000000000Z,34,2,16192,48.24,48.3,47.93,48.02,15842,TRP
2025-05-13T17:00:00.000000000Z,34,2,5158,44.535,44.72,44.53,44.67,55660,ENB
2025-05-13T17:00:00.000000000Z,34,2,16192,48.02,48.26,48.0,48.2,14544,TRP
2025-05-13T18:00:00.000000000Z,34,2,5158,44.66,44.78,44.635,44.69,53071,ENB
2025-05-13T18:00:00.000000000Z,34,2,16192,48.22,48.49,48.15,48.46,24988,TRP
2025-05-13T19:00:00.000000000Z,34,2,16192,48.44,48.64,48.435,48.58,102989,TRP
2025-05-13T19:00:00.000000000Z,34,2,5158,44.69,44.715,44.56,44.585,133014,ENB
2025-05-13T22:00:00.000000000Z,34,2,5158,44.78,44.78,44.78,44.78,265,ENB
2025-05-13T23:00:00.000000000Z,34,2,5158,44.77,44.77,44.77,44.77,1047,ENB
2025-05-14T09:00:00.000000000Z,34,2,5158,44.83,44.83,44.79,44.79,489,ENB
2025-05-14T11:00:00.000000000Z,34,2,5158,44.83,44.83,44.72,44.72,94,ENB
2025-05-14T12:00:00.000000000Z,34,2,5158,44.72,44.72,44.72,44.72,89,ENB
2025-05-14T12:00:00.000000000Z,34,2,16192,48.57,48.57,48.41,48.41,24,TRP
2025-05-14T13:00:00.000000000Z,34,2,16192,48.54,48.58,48.35,48.52,5475,TRP
2025-05-14T13:00:00.000000000Z,34,2,5158,44.72,44.72,44.38,44.5,53196,ENB
2025-05-14T14:00:00.000000000Z,34,2,5158,44.45,44.49,44.325,44.41,47586,ENB
2025-05-14T14:00:00.000000000Z,34,2,16192,48.49,48.74,48.46,48.73,16368,TRP
2025-05-14T15:00:00.000000000Z,34,2,16192,48.73,48.81,48.55,48.58,19370,TRP
2025-05-14T15:00:00.000000000Z,34,2,5158,44.41,44.625,44.32,44.57,45191,ENB
2025-05-14T16:00:00.000000000Z,34,2,5158,44.56,44.63,44.46,44.535,44615,ENB
2025-05-14T16:00:00.000000000Z,34,2,16192,48.56,48.675,48.47,48.555,9747,TRP
2025-05-14T17:00:00.000000000Z,34,2,16192,48.57,48.85,48.57,48.84,16197,TRP
2025-05-14T17:00:00.000000000Z,34,2,5158,44.54,44.63,44.54,44.63,22234,ENB
2025-05-14T18:00:00.000000000Z,34,2,16192,48.86,48.92,48.74,48.76,10681,TRP
2025-05-14T18:00:00.000000000Z,34,2,5158,44.635,44.765,44.635,44.75,23931,ENB
2025-05-14T19:00:00.000000000Z,34,2,16192,48.75,49.0,48.72,48.915,59211,TRP
2025-05-14T19:00:00.000000000Z,34,2,5158,44.75,44.91,44.71,44.885,85023,ENB
2025-05-14T20:00:00.000000000Z,34,2,16192,48.92,48.92,48.92,48.92,20,TRP
2025-05-14T23:00:00.000000000Z,34,2,5158,44.8,44.8,44.79,44.79,9,ENB
2025-05-15T08:00:00.000000000Z,34,2,5158,44.04,44.04,44.04,44.04,100,ENB
2025-05-15T09:00:00.000000000Z,34,2,5158,44.1,44.1,44.06,44.06,87,ENB
2025-05-15T11:00:00.000000000Z,34,2,5158,44.06,44.08,44.06,44.08,401,ENB
2025-05-15T13:00:00.000000000Z,34,2,16192,49.01,49.69,49.01,49.6,11510,TRP
2025-05-15T13:00:00.000000000Z,34,2,5158,44.11,44.54,44.05,44.49,36340,ENB
2025-05-15T14:00:00.000000000Z,34,2,16192,49.6,49.62,49.41,49.435,12834,TRP
2025-05-15T14:00:00.000000000Z,34,2,5158,44.5,44.63,44.455,44.48,71182,ENB
2025-05-15T15:00:00.000000000Z,34,2,5158,44.48,44.48,44.315,44.46,27054,ENB
2025-05-15T15:00:00.000000000Z,34,2,16192,49.41,49.62,49.28,49.61,10976,TRP
2025-05-15T16:00:00.000000000Z,34,2,16192,49.59,49.675,49.59,49.64,10940,TRP
2025-05-15T16:00:00.000000000Z,34,2,5158,44.47,44.52,44.415,44.5,28257,ENB
2025-05-15T17:00:00.000000000Z,34,2,16192,49.65,49.93,49.64,49.9,11293,TRP
2025-05-15T17:00:00.000000000Z,34,2,5158,44.52,44.75,44.52,44.71,28756,ENB
2025-05-15T18:00:00.000000000Z,34,2,16192,49.89,49.97,49.75,49.79,22206,TRP
2025-05-15T18:00:00.000000000Z,34,2,5158,44.7,44.81,44.69,44.74,37014,ENB
2025-05-15T19:00:00.000000000Z,34,2,16192,49.8,49.91,49.75,49.91,50395,TRP
2025-05-15T19:00:00.000000000Z,34,2,5158,44.74,44.93,44.71,44.93,83548,ENB
2025-05-15T20:00:00.000000000Z,34,2,5158,44.95,44.95,44.95,44.95,10,ENB
2025-05-15T22:00:00.000000000Z,34,2,5158,44.93,44.93,44.93,44.93,2,ENB
2025-05-15T23:00:00.000000000Z,34,2,5158,44.93,44.95,44.93,44.95,5,ENB
2025-05-16T11:00:00.000000000Z,34,2,5158,44.89,44.89,44.8,44.89,631,ENB
2025-05-16T12:00:00.000000000Z,34,2,5158,44.82,44.85,44.8,44.83,891,ENB
2025-05-16T13:00:00.000000000Z,34,2,16192,49.86,50.19,49.86,49.895,9839,TRP
2025-05-16T13:00:00.000000000Z,34,2,5158,44.95,45.03,44.845,44.93,42702,ENB
2025-05-16T14:00:00.000000000Z,34,2,5158,44.92,45.02,44.825,44.84,68608,ENB
2025-05-16T14:00:00.000000000Z,34,2,16192,49.89,49.96,49.67,49.71,14371,TRP
2025-05-16T15:00:00.000000000Z,34,2,16192,49.72,49.81,49.65,49.69,8473,TRP
2025-05-16T15:00:00.000000000Z,34,2,5158,44.84,44.92,44.78,44.815,34415,ENB
2025-05-16T16:00:00.000000000Z,34,2,16192,49.69,49.92,49.69,49.81,8412,TRP
2025-05-16T16:00:00.000000000Z,34,2,5158,44.82,44.92,44.82,44.865,26283,ENB
2025-05-16T17:00:00.000000000Z,34,2,16192,49.82,49.895,49.79,49.8,5471,TRP
2025-05-16T17:00:00.000000000Z,34,2,5158,44.865,44.97,44.865,44.9,19146,ENB
2025-05-16T18:00:00.000000000Z,34,2,16192,49.785,49.89,49.695,49.86,5947,TRP
2025-05-16T18:00:00.000000000Z,34,2,5158,44.9,44.91,44.84,44.89,32946,ENB
2025-05-16T19:00:00.000000000Z,34,2,5158,44.89,44.965,44.85,44.85,144539,ENB
2025-05-16T19:00:00.000000000Z,34,2,16192,49.87,49.915,49.825,49.85,23301,TRP
2025-05-16T20:00:00.000000000Z,34,2,5158,44.9,44.9,44.8,44.8,150,ENB
2025-05-19T11:00:00.000000000Z,34,2,5158,44.85,44.85,44.85,44.85,2,ENB
2025-05-19T12:00:00.000000000Z,34,2,5158,44.79,44.79,44.79,44.79,50,ENB
2025-05-19T12:00:00.000000000Z,34,2,16192,49.16,49.16,49.16,49.16,100,TRP
2025-05-19T13:00:00.000000000Z,34,2,5158,44.75,44.75,44.56,44.675,5793,ENB
2025-05-19T13:00:00.000000000Z,34,2,16192,49.48,49.625,49.47,49.605,2915,TRP
2025-05-19T14:00:00.000000000Z,34,2,5158,44.705,44.82,44.69,44.79,22575,ENB
2025-05-19T14:00:00.000000000Z,34,2,16192,49.595,49.65,49.45,49.46,9198,TRP
2025-05-19T15:00:00.000000000Z,34,2,5158,44.79,44.88,44.73,44.83,13361,ENB
2025-05-19T15:00:00.000000000Z,34,2,16192,49.46,49.47,49.22,49.46,11871,TRP
2025-05-19T16:00:00.000000000Z,34,2,5158,44.835,44.835,44.75,44.78,21335,ENB
2025-05-19T16:00:00.000000000Z,34,2,16192,49.455,49.455,49.35,49.42,6251,TRP
2025-05-19T17:00:00.000000000Z,34,2,5158,44.78,44.915,44.75,44.8,20732,ENB
2025-05-19T17:00:00.000000000Z,34,2,16192,49.43,49.52,49.39,49.41,6964,TRP
2025-05-19T18:00:00.000000000Z,34,2,5158,44.8,44.83,44.765,44.815,14821,ENB
2025-05-19T18:00:00.000000000Z,34,2,16192,49.42,49.45,49.145,49.175,31848,TRP
2025-05-19T19:00:00.000000000Z,34,2,5158,44.815,44.945,44.8,44.945,63336,ENB
2025-05-19T19:00:00.000000000Z,34,2,16192,49.175,49.515,49.175,49.46,45101,TRP
2025-05-19T20:00:00.000000000Z,34,2,5158,44.9,44.9,44.9,44.9,500,ENB
2025-05-19T21:00:00.000000000Z,34,2,5158,44.9,44.9,44.9,44.9,84,ENB
2025-05-20T12:00:00.000000000Z,34,2,5158,44.8,44.8,44.8,44.8,118,ENB
2025-05-20T13:00:00.000000000Z,34,2,16192,49.82,49.91,49.13,49.75,19825,TRP
2025-05-20T13:00:00.000000000Z,34,2,5158,44.88,45.41,44.88,45.4,31442,ENB
2025-05-20T14:00:00.000000000Z,34,2,5158,45.41,45.485,45.19,45.205,62653,ENB
2025-05-20T14:00:00.000000000Z,34,2,16192,49.75,49.75,49.635,49.67,13106,TRP
2025-05-20T15:00:00.000000000Z,34,2,16192,49.66,49.79,49.63,49.79,9482,TRP
2025-05-20T15:00:00.000000000Z,34,2,5158,45.205,45.35,45.175,45.35,36995,ENB
2025-05-20T16:00:00.000000000Z,34,2,5158,45.34,45.64,45.335,45.62,36969,ENB
2025-05-20T16:00:00.000000000Z,34,2,16192,49.78,49.97,49.78,49.95,11441,TRP
2025-05-20T17:00:00.000000000Z,34,2,5158,45.62,45.78,45.615,45.72,35914,ENB
2025-05-20T17:00:00.000000000Z,34,2,16192,49.96,50.135,49.94,50.1,9186,TRP
2025-05-20T18:00:00.000000000Z,34,2,5158,45.71,45.755,45.53,45.59,34755,ENB
2025-05-20T18:00:00.000000000Z,34,2,16192,50.1,50.18,50.04,50.09,19930,TRP
2025-05-20T19:00:00.000000000Z,34,2,16192,50.09,50.13,49.95,50.07,83510,TRP
2025-05-20T19:00:00.000000000Z,34,2,5158,45.59,45.66,45.56,45.61,126677,ENB
2025-05-20T20:00:00.000000000Z,34,2,16192,50.07,50.1,50.07,50.1,202,TRP
2025-05-20T20:00:00.000000000Z,34,2,5158,45.65,45.65,45.65,45.65,250,ENB
2025-05-21T09:00:00.000000000Z,34,2,5158,45.5,45.5,45.5,45.5,20,ENB
2025-05-21T11:00:00.000000000Z,34,2,5158,45.5,45.5,45.5,45.5,2,ENB
2025-05-21T12:00:00.000000000Z,34,2,5158,45.63,45.63,45.63,45.63,33,ENB
2025-05-21T12:00:00.000000000Z,34,2,16192,50.07,50.07,50.07,50.07,4,TRP
2025-05-21T13:00:00.000000000Z,34,2,16192,50.13,50.28,49.745,49.77,10203,TRP
2025-05-21T13:00:00.000000000Z,34,2,5158,45.64,46.0,45.48,45.48,15601,ENB
2025-05-21T14:00:00.000000000Z,34,2,5158,45.44,45.47,45.07,45.08,48543,ENB
2025-05-21T14:00:00.000000000Z,34,2,16192,49.78,49.92,49.36,49.38,19849,TRP
2025-05-21T15:00:00.000000000Z,34,2,16192,49.35,49.74,49.25,49.58,11752,TRP
2025-05-21T15:00:00.000000000Z,34,2,5158,45.07,45.21,45.04,45.11,38883,ENB
2025-05-21T16:00:00.000000000Z,34,2,16192,49.58,49.75,49.56,49.73,32180,TRP
2025-05-21T16:00:00.000000000Z,34,2,5158,45.11,45.54,45.11,45.52,63943,ENB
2025-05-21T17:00:00.000000000Z,34,2,5158,45.53,45.64,45.42,45.545,121325,ENB
2025-05-21T17:00:00.000000000Z,34,2,16192,49.75,49.78,49.62,49.67,8094,TRP
2025-05-21T18:00:00.000000000Z,34,2,5158,45.55,45.715,45.51,45.7,68539,ENB
2025-05-21T18:00:00.000000000Z,34,2,16192,49.68,49.82,49.65,49.74,12703,TRP
2025-05-21T19:00:00.000000000Z,34,2,5158,45.71,45.845,45.56,45.57,211458,ENB
2025-05-21T19:00:00.000000000Z,34,2,16192,49.74,49.915,49.72,49.83,61396,TRP
2025-05-21T20:00:00.000000000Z,34,2,5158,45.5,45.84,45.5,45.84,400,ENB
2025-05-21T21:00:00.000000000Z,34,2,5158,45.68,45.68,45.68,45.68,2,ENB
2025-05-22T09:00:00.000000000Z,34,2,5158,45.39,45.39,45.39,45.39,20,ENB
2025-05-22T13:00:00.000000000Z,34,2,16192,49.11,49.72,49.11,49.28,17507,TRP
2025-05-22T13:00:00.000000000Z,34,2,5158,45.14,45.76,45.14,45.2,51344,ENB
2025-05-22T14:00:00.000000000Z,34,2,5158,45.2,45.255,45.03,45.25,30303,ENB
2025-05-22T14:00:00.000000000Z,34,2,16192,49.32,49.56,49.29,49.54,30051,TRP
2025-05-22T15:00:00.000000000Z,34,2,16192,49.55,49.59,49.41,49.49,13626,TRP
2025-05-22T15:00:00.000000000Z,34,2,5158,45.26,45.315,45.105,45.27,28611,ENB
2025-05-22T16:00:00.000000000Z,34,2,5158,45.27,45.335,45.095,45.11,28047,ENB
2025-05-22T16:00:00.000000000Z,34,2,16192,49.5,49.6,49.43,49.43,13421,TRP
2025-05-22T17:00:00.000000000Z,34,2,5158,45.1,45.215,45.085,45.195,16377,ENB
2025-05-22T17:00:00.000000000Z,34,2,16192,49.43,49.52,49.39,49.49,13008,TRP
2025-05-22T18:00:00.000000000Z,34,2,5158,45.195,45.375,45.195,45.355,20408,ENB
2025-05-22T18:00:00.000000000Z,34,2,16192,49.485,49.64,49.485,49.63,12492,TRP
2025-05-22T19:00:00.000000000Z,34,2,16192,49.63,49.69,49.495,49.53,91895,TRP
2025-05-22T19:00:00.000000000Z,34,2,5158,45.355,45.4,45.17,45.18,92184,ENB
2025-05-23T11:00:00.000000000Z,34,2,5158,45.21,45.21,45.17,45.17,351,ENB
2025-05-23T11:00:00.000000000Z,34,2,16192,49.4,49.4,49.4,49.4,4,TRP
2025-05-23T12:00:00.000000000Z,34,2,5158,45.17,45.17,45.17,45.17,1,ENB
2025-05-23T13:00:00.000000000Z,34,2,5158,45.21,45.31,45.165,45.31,10930,ENB
2025-05-23T13:00:00.000000000Z,34,2,16192,49.66,49.805,49.6,49.805,8054,TRP
2025-05-23T14:00:00.000000000Z,34,2,5158,45.3,45.495,45.3,45.445,21179,ENB
2025-05-23T14:00:00.000000000Z,34,2,16192,49.77,49.86,49.74,49.86,26557,TRP
2025-05-23T15:00:00.000000000Z,34,2,16192,49.87,50.05,49.83,50.01,20918,TRP
2025-05-23T15:00:00.000000000Z,34,2,5158,45.45,45.65,45.44,45.575,29384,ENB
2025-05-23T16:00:00.000000000Z,34,2,5158,45.575,45.73,45.54,45.71,24535,ENB
2025-05-23T16:00:00.000000000Z,34,2,16192,50.02,50.14,49.93,50.1,11526,TRP
2025-05-23T17:00:00.000000000Z,34,2,5158,45.71,45.93,45.69,45.86,26403,ENB
2025-05-23T17:00:00.000000000Z,34,2,16192,50.075,50.32,50.06,50.25,14723,TRP
2025-05-23T18:00:00.000000000Z,34,2,5158,45.87,45.97,45.86,45.87,40727,ENB
2025-05-23T18:00:00.000000000Z,34,2,16192,50.25,50.4,50.25,50.33,17814,TRP
2025-05-23T19:00:00.000000000Z,34,2,16192,50.325,50.495,50.325,50.445,55377,TRP
2025-05-23T19:00:00.000000000Z,34,2,5158,45.855,46.06,45.855,46.055,151857,ENB
2025-05-23T20:00:00.000000000Z,34,2,16192,50.09,50.09,50.01,50.01,1308,TRP
2025-05-23T20:00:00.000000000Z,34,2,5158,46.05,46.1,45.77,45.8,3275,ENB
2025-05-27T08:00:00.000000000Z,34,2,5158,46.06,46.06,46.06,46.06,2,ENB
2025-05-27T10:00:00.000000000Z,34,2,5158,46.0,46.0,46.0,46.0,100,ENB
2025-05-27T11:00:00.000000000Z,34,2,5158,46.12,46.12,46.12,46.12,8,ENB
2025-05-27T12:00:00.000000000Z,34,2,16192,50.49,50.49,50.49,50.49,4,TRP
2025-05-27T12:00:00.000000000Z,34,2,5158,46.12,46.22,46.12,46.22,125,ENB
2025-05-27T13:00:00.000000000Z,34,2,5158,46.2,46.37,46.08,46.32,25599,ENB
2025-05-27T13:00:00.000000000Z,34,2,16192,50.59,50.76,50.31,50.61,14363,TRP
2025-05-27T14:00:00.000000000Z,34,2,5158,46.33,46.45,46.27,46.345,35962,ENB
2025-05-27T14:00:00.000000000Z,34,2,16192,50.61,50.68,50.53,50.6,23605,TRP
2025-05-27T15:00:00.000000000Z,34,2,16192,50.59,50.63,50.46,50.49,19206,TRP
2025-05-27T15:00:00.000000000Z,34,2,5158,46.34,46.34,46.09,46.13,44453,ENB
2025-05-27T16:00:00.000000000Z,34,2,5158,46.13,46.26,46.13,46.2,28954,ENB
2025-05-27T16:00:00.000000000Z,34,2,16192,50.485,50.56,50.485,50.49,14951,TRP
2025-05-27T17:00:00.000000000Z,34,2,5158,46.2,46.23,46.13,46.195,33912,ENB
2025-05-27T17:00:00.000000000Z,34,2,16192,50.5,50.54,50.32,50.4,14230,TRP
2025-05-27T18:00:00.000000000Z,34,2,5158,46.2,46.28,46.2,46.25,26193,ENB
2025-05-27T18:00:00.000000000Z,34,2,16192,50.41,50.49,50.38,50.48,14765,TRP
2025-05-27T19:00:00.000000000Z,34,2,16192,50.47,50.55,50.03,50.07,80533,TRP
2025-05-27T19:00:00.000000000Z,34,2,5158,46.25,46.28,46.01,46.04,155098,ENB
2025-05-28T09:00:00.000000000Z,34,2,5158,45.65,45.65,45.65,45.65,40,ENB
2025-05-28T13:00:00.000000000Z,34,2,16192,50.51,50.51,49.8,49.94,10368,TRP
2025-05-28T13:00:00.000000000Z,34,2,5158,45.92,45.935,45.66,45.66,40402,ENB
2025-05-28T14:00:00.000000000Z,34,2,5158,45.66,46.0,45.66,45.905,75022,ENB
2025-05-28T14:00:00.000000000Z,34,2,16192,49.94,50.135,49.92,50.04,19659,TRP
2025-05-28T15:00:00.000000000Z,34,2,16192,50.03,50.08,49.84,49.855,24686,TRP
2025-05-28T15:00:00.000000000Z,34,2,5158,45.91,45.95,45.72,45.735,52317,ENB
2025-05-28T16:00:00.000000000Z,34,2,5158,45.74,45.8,45.695,45.755,35811,ENB
2025-05-28T16:00:00.000000000Z,34,2,16192,49.87,49.955,49.87,49.93,15130,TRP
2025-05-28T17:00:00.000000000Z,34,2,16192,49.94,50.0,49.94,49.975,13209,TRP
2025-05-28T17:00:00.000000000Z,34,2,5158,45.76,45.85,45.74,45.745,32939,ENB
2025-05-28T18:00:00.000000000Z,34,2,5158,45.745,45.76,45.53,45.635,46985,ENB
2025-05-28T18:00:00.000000000Z,34,2,16192,49.98,50.01,49.82,49.93,21323,TRP
2025-05-28T19:00:00.000000000Z,34,2,16192,49.93,50.02,49.845,49.89,58911,TRP
2025-05-28T19:00:00.000000000Z,34,2,5158,45.63,45.68,45.545,45.58,157527,ENB
2025-05-28T20:00:00.000000000Z,34,2,5158,45.56,45.57,45.56,45.56,340,ENB
2025-05-28T21:00:00.000000000Z,34,2,5158,45.7,45.7,45.7,45.7,50,ENB
2025-05-29T08:00:00.000000000Z,34,2,5158,45.63,45.63,45.63,45.63,161,ENB
2025-05-29T09:00:00.000000000Z,34,2,5158,46.05,46.05,46.05,46.05,2,ENB
2025-05-29T12:00:00.000000000Z,34,2,5158,45.8,45.8,45.79,45.79,795,ENB
2025-05-29T13:00:00.000000000Z,34,2,5158,45.8,45.81,45.485,45.66,16490,ENB
2025-05-29T13:00:00.000000000Z,34,2,16192,50.01,50.21,49.72,49.87,10974,TRP
2025-05-29T14:00:00.000000000Z,34,2,5158,45.665,45.81,45.65,45.745,32698,ENB
2025-05-29T14:00:00.000000000Z,34,2,16192,49.91,50.0,49.81,49.94,21612,TRP
2025-05-29T15:00:00.000000000Z,34,2,16192,49.96,49.96,49.785,49.81,13884,TRP
2025-05-29T15:00:00.000000000Z,34,2,5158,45.75,45.76,45.645,45.73,44109,ENB
2025-05-29T16:00:00.000000000Z,34,2,5158,45.71,45.85,45.68,45.73,34302,ENB
2025-05-29T16:00:00.000000000Z,34,2,16192,49.84,50.08,49.8,49.91,21071,TRP
2025-05-29T17:00:00.000000000Z,34,2,16192,49.91,49.98,49.815,49.915,12644,TRP
2025-05-29T17:00:00.000000000Z,34,2,5158,45.72,45.865,45.69,45.805,25938,ENB
2025-05-29T18:00:00.000000000Z,34,2,5158,45.81,45.885,45.795,45.82,55392,ENB
2025-05-29T18:00:00.000000000Z,34,2,16192,49.92,50.04,49.91,49.99,19015,TRP
2025-05-29T19:00:00.000000000Z,34,2,5158,45.82,45.86,45.735,45.84,133308,ENB
2025-05-29T19:00:00.000000000Z,34,2,16192,49.995,50.04,49.81,49.825,88865,TRP
2025-05-30T11:00:00.000000000Z,34,2,5158,45.86,45.86,45.86,45.86,3,ENB
2025-05-30T12:00:00.000000000Z,34,2,16192,49.85,49.85,49.85,49.85,1,TRP
2025-05-30T13:00:00.000000000Z,34,2,5158,45.835,46.1,45.785,45.87,14209,ENB
2025-05-30T13:00:00.000000000Z,34,2,16192,49.84,50.23,49.84,49.965,10571,TRP
2025-05-30T14:00:00.000000000Z,34,2,16192,49.95,50.24,49.94,50.16,18052,TRP
2025-05-30T14:00:00.000000000Z,34,2,5158,45.88,46.045,45.87,45.97,22281,ENB
2025-05-30T15:00:00.000000000Z,34,2,16192,50.15,50.19,49.96,50.08,13025,TRP
2025-05-30T15:00:00.000000000Z,34,2,5158,45.975,46.075,45.955,46.05,37292,ENB
2025-05-30T16:00:00.000000000Z,34,2,5158,46.05,46.05,45.845,45.97,37173,ENB
2025-05-30T16:00:00.000000000Z,34,2,16192,50.075,50.26,50.0,50.2,16566,TRP
2025-05-30T17:00:00.000000000Z,34,2,16192,50.21,50.45,50.19,50.3,23096,TRP
2025-05-30T17:00:00.000000000Z,34,2,5158,45.95,46.175,45.945,46.155,25229,ENB
2025-05-30T18:00:00.000000000Z,34,2,16192,50.31,50.62,50.31,50.535,40271,TRP
2025-05-30T18:00:00.000000000Z,34,2,5158,46.155,46.41,46.155,46.285,35714,ENB
2025-05-30T19:00:00.000000000Z,34,2,16192,50.53,50.705,50.51,50.63,121004,TRP
2025-05-30T19:00:00.000000000Z,34,2,5158,46.285,46.565,46.285,46.48,156544,ENB
2025-05-30T20:00:00.000000000Z,34,2,5158,46.36,46.36,46.36,46.36,42,ENB
2025-05-30T22:00:00.000000000Z,34,2,5158,46.35,46.35,46.35,46.35,3,ENB
2025-06-02T09:00:00.000000000Z,34,2,5158,46.58,46.58,46.58,46.58,2,ENB
2025-06-02T11:00:00.000000000Z,34,2,5158,46.6,46.6,46.35,46.35,241,ENB
2025-06-02T13:00:00.000000000Z,34,2,16192,50.76,50.88,50.57,50.62,10668,TRP
2025-06-02T13:00:00.000000000Z,34,2,5158,46.49,46.67,46.49,46.56,26635,ENB
2025-06-02T14:00:00.000000000Z,34,2,5158,46.48,46.755,46.385,46.685,67124,ENB
2025-06-02T14:00:00.000000000Z,34,2,16192,50.66,51.01,50.53,50.94,24986,TRP
2025-06-02T15:00:00.000000000Z,34,2,16192,50.96,51.345,50.92,51.345,39707,TRP
2025-06-02T15:00:00.000000000Z,34,2,5158,46.685,46.94,46.645,46.94,64933,ENB
2025-06-02T16:00:00.000000000Z,34,2,5158,46.94,47.035,46.9,46.985,44076,ENB
2025-06-02T16:00:00.000000000Z,34,2,16192,51.34,51.46,51.25,51.28,19314,TRP
2025-06-02T17:00:00.000000000Z,34,2,5158,46.985,47.005,46.855,46.985,41478,ENB
2025-06-02T17:00:00.000000000Z,34,2,16192,51.27,51.29,51.03,51.14,26247,TRP
2025-06-02T18:00:00.000000000Z,34,2,5158,46.985,47.11,46.8,47.105,60031,ENB
2025-06-02T18:00:00.000000000Z,34,2,16192,51.13,51.305,50.99,51.29,15763,TRP
2025-06-02T19:00:00.000000000Z,34,2,16192,51.3,51.435,51.275,51.41,87964,TRP
2025-06-02T19:00:00.000000000Z,34,2,5158,47.11,47.225,47.08,47.165,140458,ENB
2025-06-02T20:00:00.000000000Z,34,2,16192,51.45,51.45,51.45,51.45,50,TRP
2025-06-02T23:00:00.000000000Z,34,2,5158,47.16,47.16,47.16,47.16,4,ENB
2025-06-03T09:00:00.000000000Z,34,2,5158,46.69,46.69,46.69,46.69,4,ENB
2025-06-03T10:00:00.000000000Z,34,2,5158,47.16,47.16,47.16,47.16,3,ENB
2025-06-03T13:00:00.000000000Z,34,2,16192,51.23,51.51,51.12,51.33,13089,TRP
2025-06-03T13:00:00.000000000Z,34,2,5158,47.15,47.44,47.04,47.17,52550,ENB
2025-06-03T14:00:00.000000000Z,34,2,5158,47.13,47.25,47.11,47.135,29698,ENB
2025-06-03T14:00:00.000000000Z,34,2,16192,51.315,51.41,51.125,51.125,18604,TRP
2025-06-03T15:00:00.000000000Z,34,2,5158,47.13,47.29,47.11,47.27,35135,ENB
2025-06-03T15:00:00.000000000Z,34,2,16192,51.13,51.34,51.11,51.32,17803,TRP
2025-06-03T16:00:00.000000000Z,34,2,16192,51.32,51.33,51.19,51.24,12504,TRP
2025-06-03T16:00:00.000000000Z,34,2,5158,47.26,47.26,47.15,47.225,25927,ENB
2025-06-03T17:00:00.000000000Z,34,2,16192,51.25,51.44,51.23,51.26,13408,TRP
2025-06-03T17:00:00.000000000Z,34,2,5158,47.23,47.395,47.23,47.3,20885,ENB
2025-06-03T18:00:00.000000000Z,34,2,16192,51.265,51.275,51.14,51.205,46438,TRP
2025-06-03T18:00:00.000000000Z,34,2,5158,47.31,47.325,47.135,47.18,38944,ENB
2025-06-03T19:00:00.000000000Z,34,2,16192,51.215,51.465,51.19,51.3,139139,TRP
2025-06-03T19:00:00.000000000Z,34,2,5158,47.18,47.275,47.07,47.07,82427,ENB
2025-06-04T10:00:00.000000000Z,34,2,5158,47.0,47.0,47.0,47.0,126,ENB
2025-06-04T11:00:00.000000000Z,34,2,5158,47.06,47.06,47.01,47.01,165,ENB
2025-06-04T12:00:00.000000000Z,34,2,5158,47.27,47.27,47.27,47.27,10,ENB
2025-06-04T13:00:00.000000000Z,34,2,5158,47.28,47.28,46.95,47.11,9498,ENB
2025-06-04T13:00:00.000000000Z,34,2,16192,51.315,51.48,51.18,51.465,8748,TRP
2025-06-04T14:00:00.000000000Z,34,2,16192,51.41,51.99,51.41,51.83,32026,TRP
2025-06-04T14:00:00.000000000Z,34,2,5158,47.07,47.42,47.04,47.27,39537,ENB
2025-06-04T15:00:00.000000000Z,34,2,16192,51.82,51.82,51.4,51.4,34191,TRP
2025-06-04T15:00:00.000000000Z,34,2,5158,47.27,47.3,46.96,46.965,35987,ENB
2025-06-04T16:00:00.000000000Z,34,2,5158,46.97,47.245,46.825,47.24,38617,ENB
2025-06-04T16:00:00.000000000Z,34,2,16192,51.39,51.735,51.2,51.68,29007,TRP
2025-06-04T17:00:00.000000000Z,34,2,16192,51.67,51.87,51.49,51.51,33949,TRP
2025-06-04T17:00:00.000000000Z,34,2,5158,47.24,47.335,47.125,47.135,27650,ENB
2025-06-04T18:00:00.000000000Z,34,2,5158,47.135,47.19,47.015,47.025,23617,ENB
2025-06-04T18:00:00.000000000Z,34,2,16192,51.51,51.66,51.48,51.51,22562,TRP
2025-06-04T19:00:00.000000000Z,34,2,5158,47.03,47.065,46.675,46.68,143986,ENB
2025-06-04T19:00:00.000000000Z,34,2,16192,51.52,51.585,51.36,51.37,68370,TRP
2025-06-04T20:00:00.000000000Z,34,2,5158,46.8,46.8,46.8,46.8,50,ENB
2025-06-05T10:00:00.000000000Z,34,2,5158,46.41,46.64,46.41,46.64,15,ENB
2025-06-05T12:00:00.000000000Z,34,2,5158,46.63,46.68,46.63,46.68,249,ENB
2025-06-05T13:00:00.000000000Z,34,2,5158,46.77,46.98,46.68,46.84,12486,ENB
2025-06-05T13:00:00.000000000Z,34,2,16192,51.56,51.66,51.36,51.58,7933,TRP
2025-06-05T14:00:00.000000000Z,34,2,5158,46.86,46.94,46.71,46.82,42684,ENB
2025-06-05T14:00:00.000000000Z,34,2,16192,51.57,51.59,51.33,51.4,19833,TRP
2025-06-05T15:00:00.000000000Z,34,2,5158,46.81,46.86,46.73,46.78,17769,ENB
2025-06-05T15:00:00.000000000Z,34,2,16192,51.39,51.44,51.34,51.37,8250,TRP
2025-06-05T16:00:00.000000000Z,34,2,5158,46.77,46.89,46.745,46.85,14074,ENB
2025-06-05T16:00:00.000000000Z,34,2,16192,51.375,51.545,51.36,51.505,7052,TRP
2025-06-05T17:00:00.000000000Z,34,2,16192,51.51,51.6,51.48,51.495,7091,TRP
2025-06-05T17:00:00.000000000Z,34,2,5158,46.86,46.955,46.86,46.895,18102,ENB
2025-06-05T18:00:00.000000000Z,34,2,5158,46.89,46.89,46.74,46.845,15647,ENB
2025-06-05T18:00:00.000000000Z,34,2,16192,51.49,51.49,51.26,51.425,9887,TRP
2025-06-05T19:00:00.000000000Z,34,2,16192,51.42,51.53,51.32,51.38,40271,TRP
2025-06-05T19:00:00.000000000Z,34,2,5158,46.845,46.88,46.73,46.86,90574,ENB
2025-06-05T20:00:00.000000000Z,34,2,16192,50.91,50.91,50.91,50.91,2,TRP
2025-06-06T11:00:00.000000000Z,34,2,5158,46.76,46.76,46.76,46.76,39,ENB
2025-06-06T13:00:00.000000000Z,34,2,16192,51.39,51.44,51.24,51.3,5118,TRP
2025-06-06T13:00:00.000000000Z,34,2,5158,46.775,46.86,46.635,46.83,16931,ENB
2025-06-06T14:00:00.000000000Z,34,2,16192,51.29,51.55,51.08,51.08,21460,TRP
2025-06-06T14:00:00.000000000Z,34,2,5158,46.83,46.92,46.62,46.62,18018,ENB
2025-06-06T15:00:00.000000000Z,34,2,5158,46.63,46.81,46.595,46.67,75908,ENB
2025-06-06T15:00:00.000000000Z,34,2,16192,51.09,51.26,50.85,50.96,30351,TRP
2025-06-06T16:00:00.000000000Z,34,2,16192,50.95,50.96,50.85,50.85,14421,TRP
2025-06-06T16:00:00.000000000Z,34,2,5158,46.67,46.715,46.59,46.605,22151,ENB
2025-06-06T17:00:00.000000000Z,34,2,16192,50.86,51.11,50.8,50.99,18612,TRP
2025-06-06T17:00:00.000000000Z,34,2,5158,46.62,46.655,46.59,46.63,15706,ENB
2025-06-06T18:00:00.000000000Z,34,2,5158,46.65,46.66,46.61,46.64,12451,ENB
2025-06-06T18:00:00.000000000Z,34,2,16192,50.99,51.105,50.87,51.085,15247,TRP
2025-06-06T19:00:00.000000000Z,34,2,16192,51.085,51.11,50.65,50.735,158105,TRP
2025-06-06T19:00:00.000000000Z,34,2,5158,46.63,46.645,46.42,46.51,92605,ENB
2025-06-09T08:00:00.000000000Z,34,2,5158,46.48,46.5,46.48,46.5,2,ENB
2025-06-09T11:00:00.000000000Z,34,2,16192,50.6,50.6,50.6,50.6,37,TRP
2025-06-09T13:00:00.000000000Z,34,2,16192,50.73,50.73,49.44,49.71,49301,TRP
2025-06-09T13:00:00.000000000Z,34,2,5158,46.435,46.5,45.81,45.92,28388,ENB
2025-06-09T14:00:00.000000000Z,34,2,5158,45.93,46.14,45.86,46.12,30975,ENB
2025-06-09T14:00:00.000000000Z,34,2,16192,49.76,49.92,49.62,49.88,35700,TRP
2025-06-09T15:00:00.000000000Z,34,2,5158,46.155,46.31,46.065,46.31,24203,ENB
2025-06-09T15:00:00.000000000Z,34,2,16192,49.92,49.94,49.79,49.87,30560,TRP
2025-06-09T16:00:00.000000000Z,34,2,16192,49.86,50.05,49.84,49.99,20639,TRP
2025-06-09T16:00:00.000000000Z,34,2,5158,46.31,46.37,46.26,46.34,12813,ENB
2025-06-09T17:00:00.000000000Z,34,2,5158,46.34,46.395,46.23,46.23,24220,ENB
2025-06-09T17:00:00.000000000Z,34,2,16192,50.0,50.07,49.78,49.78,22905,TRP
2025-06-09T18:00:00.000000000Z,34,2,5158,46.22,46.24,46.06,46.06,34228,ENB
2025-06-09T18:00:00.000000000Z,34,2,16192,49.77,49.825,49.67,49.7,19173,TRP
2025-06-09T19:00:00.000000000Z,34,2,5158,46.05,46.05,45.78,45.805,167957,ENB
2025-06-09T19:00:00.000000000Z,34,2,16192,49.69,49.72,49.37,49.46,76400,TRP
2025-06-09T22:00:00.000000000Z,34,2,5158,45.83,45.83,45.83,45.83,3,ENB
2025-06-10T11:00:00.000000000Z,34,2,5158,45.93,46.04,45.93,45.93,303,ENB
2025-06-10T12:00:00.000000000Z,34,2,5158,46.3,46.3,45.9,45.9,47,ENB
2025-06-10T13:00:00.000000000Z,34,2,16192,49.88,49.92,49.62,49.83,22461,TRP
2025-06-10T13:00:00.000000000Z,34,2,5158,45.9,46.18,45.88,46.0,31842,ENB
2025-06-10T14:00:00.000000000Z,34,2,5158,46.0,46.01,45.63,45.64,26573,ENB
2025-06-10T14:00:00.000000000Z,34,2,16192,49.82,49.82,49.28,49.34,70864,TRP
2025-06-10T15:00:00.000000000Z,34,2,16192,49.345,49.44,49.225,49.26,49832,TRP
2025-06-10T15:00:00.000000000Z,34,2,5158,45.65,45.74,45.57,45.685,34513,ENB
2025-06-10T16:00:00.000000000Z,34,2,5158,45.68,45.775,45.61,45.61,25079,ENB
2025-06-10T16:00:00.000000000Z,34,2,16192,49.26,49.29,49.13,49.14,73209,TRP
2025-06-10T17:00:00.000000000Z,34,2,16192,49.13,49.245,49.1,49.12,54320,TRP
2025-06-10T17:00:00.000000000Z,34,2,5158,45.61,45.775,45.585,45.735,12721,ENB
2025-06-10T18:00:00.000000000Z,34,2,5158,45.72,45.8,45.715,45.73,28864,ENB
2025-06-10T18:00:00.000000000Z,34,2,16192,49.115,49.51,49.085,49.5,47653,TRP
2025-06-10T19:00:00.000000000Z,34,2,16192,49.5,49.61,49.39,49.6,105445,TRP
2025-06-10T19:00:00.000000000Z,34,2,5158,45.74,45.87,45.74,45.845,158858,ENB
2025-06-11T12:00:00.000000000Z,34,2,5158,45.85,46.13,45.85,46.12,513,ENB
2025-06-11T13:00:00.000000000Z,34,2,5158,46.06,46.06,45.72,45.87,18895,ENB
2025-06-11T13:00:00.000000000Z,34,2,16192,49.76,49.76,49.44,49.62,13659,TRP
2025-06-11T14:00:00.000000000Z,34,2,5158,45.855,45.93,45.66,45.66,26575,ENB
2025-06-11T14:00:00.000000000Z,34,2,16192,49.62,49.62,49.13,49.16,50280,TRP
2025-06-11T15:00:00.000000000Z,34,2,5158,45.65,45.75,45.645,45.69,30877,ENB
2025-06-11T15:00:00.000000000Z,34,2,16192,49.15,49.32,49.08,49.29,55612,TRP
2025-06-11T16:00:00.000000000Z,34,2,5158,45.68,45.725,45.615,45.72,30536,ENB
2025-06-11T16:00:00.000000000Z,34,2,16192,49.295,49.425,49.175,49.395,32761,TRP
2025-06-11T17:00:00.000000000Z,34,2,16192,49.395,49.46,49.365,49.39,26640,TRP
2025-06-11T17:00:00.000000000Z,34,2,5158,45.715,45.87,45.7,45.82,21263,ENB
2025-06-11T18:00:00.000000000Z,34,2,5158,45.84,45.88,45.71,45.775,39338,ENB
2025-06-11T18:00:00.000000000Z,34,2,16192,49.395,49.49,49.15,49.18,74472,TRP
2025-06-11T19:00:00.000000000Z,34,2,5158,45.79,45.95,45.76,45.875,68780,ENB
2025-06-11T19:00:00.000000000Z,34,2,16192,49.17,49.58,49.135,49.57,78387,TRP
2025-06-12T11:00:00.000000000Z,34,2,5158,45.72,45.72,45.7,45.7,599,ENB
2025-06-12T12:00:00.000000000Z,34,2,5158,45.88,45.88,45.88,45.88,14,ENB
2025-06-12T13:00:00.000000000Z,34,2,16192,49.78,50.15,49.75,49.86,9472,TRP
2025-06-12T13:00:00.000000000Z,34,2,5158,46.09,46.455,46.09,46.37,31369,ENB
2025-06-12T14:00:00.000000000Z,34,2,16192,49.875,49.95,49.68,49.79,13487,TRP
2025-06-12T14:00:00.000000000Z,34,2,5158,46.37,46.42,46.27,46.305,33736,ENB
2025-06-12T15:00:00.000000000Z,34,2,16192,49.81,49.85,49.67,49.82,14583,TRP
2025-06-12T15:00:00.000000000Z,34,2,5158,46.31,46.515,46.29,46.5,23910,ENB
2025-06-12T16:00:00.000000000Z,34,2,5158,46.5,46.595,46.49,46.53,30331,ENB
2025-06-12T16:00:00.000000000Z,34,2,16192,49.83,49.9,49.8,49.81,12567,TRP
2025-06-12T17:00:00.000000000Z,34,2,16192,49.82,49.91,49.75,49.88,10826,TRP
2025-06-12T17:00:00.000000000Z,34,2,5158,46.53,46.61,46.45,46.55,25381,ENB
2025-06-12T18:00:00.000000000Z,34,2,5158,46.56,46.655,46.56,46.625,17943,ENB
2025-06-12T18:00:00.000000000Z,34,2,16192,49.9,49.94,49.82,49.86,8587,TRP
2025-06-12T19:00:00.000000000Z,34,2,16192,49.86,50.05,49.8,50.03,77102,TRP
2025-06-12T19:00:00.000000000Z,34,2,5158,46.61,46.81,46.56,46.8,127377,ENB
2025-06-12T20:00:00.000000000Z,34,2,16192,50.03,50.03,50.03,50.03,100,TRP
2025-06-12T23:00:00.000000000Z,34,2,5158,46.79,46.83,46.79,46.83,194,ENB
2025-06-13T08:00:00.000000000Z,34,2,5158,47.02,47.02,47.01,47.01,52,ENB
2025-06-13T08:00:00.000000000Z,34,2,16192,50.26,50.26,50.26,50.26,8,TRP
2025-06-13T11:00:00.000000000Z,34,2,5158,46.79,46.79,46.79,46.79,7,ENB
2025-06-13T11:00:00.000000000Z,34,2,16192,50.26,50.26,50.25,50.25,665,TRP
2025-06-13T12:00:00.000000000Z,34,2,5158,46.79,46.85,46.78,46.85,34,ENB
2025-06-13T12:00:00.000000000Z,34,2,16192,50.25,50.25,50.25,50.25,15,TRP
2025-06-13T13:00:00.000000000Z,34,2,16192,49.85,50.07,49.36,49.5,18812,TRP
2025-06-13T13:00:00.000000000Z,34,2,5158,46.8,46.88,46.51,46.56,26554,ENB
2025-06-13T14:00:00.000000000Z,34,2,5158,46.59,46.82,46.53,46.7,48182,ENB
2025-06-13T14:00:00.000000000Z,34,2,16192,49.49,49.92,49.49,49.71,19827,TRP
2025-06-13T15:00:00.000000000Z,34,2,5158,46.72,46.815,46.67,46.72,23863,ENB
2025-06-13T15:00:00.000000000Z,34,2,16192,49.72,49.86,49.695,49.75,21854,TRP
2025-06-13T16:00:00.000000000Z,34,2,5158,46.73,46.73,46.505,46.51,28405,ENB
2025-06-13T16:00:00.000000000Z,34,2,16192,49.745,49.76,49.57,49.57,26351,TRP
2025-06-13T17:00:00.000000000Z,34,2,16192,49.56,49.57,49.355,49.45,26020,TRP
2025-06-13T17:00:00.000000000Z,34,2,5158,46.52,46.55,46.37,46.45,30786,ENB
2025-06-13T18:00:00.000000000Z,34,2,16192,49.44,49.5,49.31,49.5,52821,TRP
2025-06-13T18:00:00.000000000Z,34,2,5158,46.445,46.705,46.445,46.705,30708,ENB
2025-06-13T19:00:00.000000000Z,34,2,16192,49.5,49.69,49.455,49.57,65226,TRP
2025-06-13T19:00:00.000000000Z,34,2,5158,46.7,46.735,46.58,46.66,137778,ENB
2025-06-13T20:00:00.000000000Z,34,2,5158,46.8,46.8,46.8,46.8,15,ENB
2025-06-16T10:00:00.000000000Z,34,2,5158,47.26,47.26,46.99,46.99,49,ENB
2025-06-16T11:00:00.000000000Z,34,2,5158,46.85,46.85,46.85,46.85,300,ENB
2025-06-16T12:00:00.000000000Z,34,2,5158,46.67,46.68,46.67,46.68,254,ENB
2025-06-16T13:00:00.000000000Z,34,2,16192,49.83,49.94,49.64,49.67,29368,TRP
2025-06-16T13:00:00.000000000Z,34,2,5158,46.76,47.05,46.75,46.83,27421,ENB
2025-06-16T14:00:00.000000000Z,34,2,5158,46.845,46.91,46.67,46.69,16220,ENB
2025-06-16T14:00:00.000000000Z,34,2,16192,49.68,49.88,49.535,49.59,56923,TRP
2025-06-16T15:00:00.000000000Z,34,2,16192,49.585,49.585,49.23,49.3,55600,TRP
2025-06-16T15:00:00.000000000Z,34,2,5158,46.69,46.69,46.355,46.445,25399,ENB
2025-06-16T16:00:00.000000000Z,34,2,16192,49.34,49.55,49.26,49.54,49247,TRP
2025-06-16T16:00:00.000000000Z,34,2,5158,46.445,46.495,46.29,46.325,34586,ENB
2025-06-16T17:00:00.000000000Z,34,2,16192,49.56,49.64,49.425,49.425,43514,TRP
2025-06-16T17:00:00.000000000Z,34,2,5158,46.335,46.355,46.08,46.08,28640,ENB
2025-06-16T18:00:00.000000000Z,34,2,5158,46.085,46.145,45.99,45.995,43239,ENB
2025-06-16T18:00:00.000000000Z,34,2,16192,49.425,49.47,49.265,49.32,59162,TRP
2025-06-16T19:00:00.000000000Z,34,2,5158,45.99,45.99,45.86,45.965,93756,ENB
2025-06-16T19:00:00.000000000Z,34,2,16192,49.315,49.315,49.085,49.19,140630,TRP
2025-06-16T20:00:00.000000000Z,34,2,16192,49.65,49.65,49.65,49.65,29,TRP
2025-06-16T20:00:00.000000000Z,34,2,5158,45.93,45.93,45.93,45.93,6,ENB
2025-06-16T21:00:00.000000000Z,34,2,5158,45.97,46.08,45.97,46.08,32,ENB
2025-06-17T08:00:00.000000000Z,34,2,5158,46.01,46.01,45.96,45.96,350,ENB
2025-06-17T09:00:00.000000000Z,34,2,5158,46.64,46.64,46.64,46.64,1,ENB
2025-06-17T13:00:00.000000000Z,34,2,5158,46.0,46.14,45.91,46.08,13466,ENB
2025-06-17T13:00:00.000000000Z,34,2,16192,49.3,49.3,49.08,49.25,11563,TRP
2025-06-17T14:00:00.000000000Z,34,2,5158,46.095,46.22,46.01,46.01,23299,ENB
2025-06-17T14:00:00.000000000Z,34,2,16192,49.26,49.32,48.96,48.96,17077,TRP
2025-06-17T15:00:00.000000000Z,34,2,5158,46.0,46.03,45.915,46.0,26587,ENB
2025-06-17T15:00:00.000000000Z,34,2,16192,48.935,48.98,48.79,48.81,10200,TRP
2025-06-17T16:00:00.000000000Z,34,2,16192,48.84,48.88,48.73,48.74,15909,TRP
2025-06-17T16:00:00.000000000Z,34,2,5158,46.005,46.16,46.005,46.07,27751,ENB
2025-06-17T17:00:00.000000000Z,34,2,16192,48.8,48.82,48.43,48.52,18899,TRP
2025-06-17T17:00:00.000000000Z,34,2,5158,46.065,46.12,45.875,45.93,15193,ENB
2025-06-17T18:00:00.000000000Z,34,2,5158,45.92,45.985,45.88,45.95,16011,ENB
2025-06-17T18:00:00.000000000Z,34,2,16192,48.52,48.56,48.45,48.54,39513,TRP
2025-06-17T19:00:00.000000000Z,34,2,16192,48.55,48.55,48.235,48.33,103364,TRP
2025-06-17T19:00:00.000000000Z,34,2,5158,45.95,46.04,45.92,45.975,98941,ENB
2025-06-17T20:00:00.000000000Z,34,2,16192,48.25,48.25,48.25,48.25,71,TRP
2025-06-17T22:00:00.000000000Z,34,2,5158,46.17,46.17,46.17,46.17,5,ENB
2025-06-18T12:00:00.000000000Z,34,2,5158,46.05,46.05,46.05,46.05,3,ENB
2025-06-18T13:00:00.000000000Z,34,2,16192,48.35,48.38,47.42,47.89,55463,TRP
2025-06-18T13:00:00.000000000Z,34,2,5158,46.01,46.01,45.01,45.22,153935,ENB
2025-06-18T14:00:00.000000000Z,34,2,5158,45.21,45.23,44.995,45.07,38794,ENB
2025-06-18T14:00:00.000000000Z,34,2,16192,47.9,47.955,47.57,47.74,46831,TRP
2025-06-18T15:00:00.000000000Z,34,2,5158,45.065,45.2,44.775,44.79,52749,ENB
2025-06-18T15:00:00.000000000Z,34,2,16192,47.74,47.77,47.42,47.46,39017,TRP
2025-06-18T16:00:00.000000000Z,34,2,5158,44.79,44.915,44.68,44.88,27981,ENB
2025-06-18T16:00:00.000000000Z,34,2,16192,47.46,47.68,47.445,47.64,20104,TRP
2025-06-18T17:00:00.000000000Z,34,2,5158,44.9,44.975,44.765,44.935,32889,ENB
2025-06-18T17:00:00.000000000Z,34,2,16192,47.635,47.78,47.57,47.68,39600,TRP
2025-06-18T18:00:00.000000000Z,34,2,5158,44.93,45.07,44.89,44.985,37351,ENB
2025-06-18T18:00:00.000000000Z,34,2,16192,47.69,47.75,47.59,47.64,30456,TRP
2025-06-18T19:00:00.000000000Z,34,2,16192,47.645,47.85,47.52,47.75,142013,TRP
2025-06-18T19:00:00.000000000Z,34,2,5158,44.98,45.135,44.915,44.975,142541,ENB
2025-06-18T20:00:00.000000000Z,34,2,16192,47.745,47.745,47.745,47.745,75,TRP
2025-06-18T23:00:00.000000000Z,34,2,5158,45.0,45.0,45.0,45.0,5,ENB
2025-06-20T09:00:00.000000000Z,34,2,5158,45.03,45.03,45.03,45.03,100,ENB
2025-06-20T11:00:00.000000000Z,34,2,16192,47.75,47.75,47.73,47.73,3,TRP
2025-06-20T11:00:00.000000000Z,34,2,5158,44.9,44.93,44.9,44.93,223,ENB
2025-06-20T12:00:00.000000000Z,34,2,5158,44.94,44.94,44.93,44.94,370,ENB
2025-06-20T13:00:00.000000000Z,34,2,5158,44.98,45.14,44.7,44.705,39541,ENB
2025-06-20T13:00:00.000000000Z,34,2,16192,47.6,47.625,47.425,47.425,13630,TRP
2025-06-20T14:00:00.000000000Z,34,2,16192,47.45,47.55,47.39,47.48,18534,TRP
2025-06-20T14:00:00.000000000Z,34,2,5158,44.71,44.95,44.71,44.93,44311,ENB
2025-06-20T15:00:00.000000000Z,34,2,5158,44.93,44.945,44.73,44.73,17137,ENB
2025-06-20T15:00:00.000000000Z,34,2,16192,47.49,47.53,47.43,47.43,8494,TRP
2025-06-20T16:00:00.000000000Z,34,2,16192,47.42,47.6,47.4,47.51,15073,TRP
2025-06-20T16:00:00.000000000Z,34,2,5158,44.75,44.83,44.74,44.79,18583,ENB
2025-06-20T17:00:00.000000000Z,34,2,16192,47.52,47.54,47.43,47.51,10376,TRP
2025-06-20T17:00:00.000000000Z,34,2,5158,44.79,44.855,44.76,44.85,22648,ENB
2025-06-20T18:00:00.000000000Z,34,2,5158,44.85,44.935,44.84,44.875,32861,ENB
2025-06-20T18:00:00.000000000Z,34,2,16192,47.5,47.59,47.48,47.505,17252,TRP
2025-06-20T19:00:00.000000000Z,34,2,16192,47.51,47.54,47.365,47.41,76754,TRP
2025-06-20T19:00:00.000000000Z,34,2,5158,44.87,44.9,44.685,44.775,184966,ENB
2025-06-20T20:00:00.000000000Z,34,2,5158,44.85,44.85,44.84,44.84,354,ENB
2025-06-20T21:00:00.000000000Z,34,2,5158,44.83,44.83,44.83,44.83,600,ENB
2025-06-23T12:00:00.000000000Z,34,2,5158,44.82,44.87,44.72,44.72,5035,ENB
2025-06-23T13:00:00.000000000Z,34,2,5158,44.74,45.39,44.74,45.27,20286,ENB
2025-06-23T13:00:00.000000000Z,34,2,16192,47.98,48.21,47.44,47.81,30618,TRP
2025-06-23T14:00:00.000000000Z,34,2,5158,45.29,45.3,45.035,45.115,32847,ENB
2025-06-23T14:00:00.000000000Z,34,2,16192,47.825,47.9,47.61,47.68,58206,TRP
2025-06-23T15:00:00.000000000Z,34,2,5158,45.12,45.31,45.12,45.185,19517,ENB
2025-06-23T15:00:00.000000000Z,34,2,16192,47.68,47.94,47.68,47.78,45562,TRP
2025-06-23T16:00:00.000000000Z,34,2,16192,47.78,47.81,47.355,47.355,38503,TRP
2025-06-23T16:00:00.000000000Z,34,2,5158,45.18,45.24,44.98,44.98,21302,ENB
2025-06-23T17:00:00.000000000Z,34,2,16192,47.35,47.505,47.24,47.4,57518,TRP
2025-06-23T17:00:00.000000000Z,34,2,5158,44.97,45.195,44.92,45.02,23422,ENB
2025-06-23T18:00:00.000000000Z,34,2,16192,47.41,47.44,47.045,47.24,69018,TRP
2025-06-23T18:00:00.000000000Z,34,2,5158,45.015,45.035,44.755,44.825,32453,ENB
2025-06-23T19:00:00.000000000Z,34,2,5158,44.825,44.955,44.815,44.935,101030,ENB
2025-06-23T19:00:00.000000000Z,34,2,16192,47.235,47.33,47.195,47.21,137894,TRP
2025-06-23T20:00:00.000000000Z,34,2,16192,47.3,47.3,47.3,47.3,1,TRP
2025-06-23T21:00:00.000000000Z,34,2,16192,47.43,47.43,47.43,47.43,2,TRP
2025-06-23T22:00:00.000000000Z,34,2,5158,44.95,44.95,44.95,44.95,15,ENB
2025-06-24T12:00:00.000000000Z,34,2,5158,45.17,45.17,45.17,45.17,34,ENB
2025-06-24T13:00:00.000000000Z,34,2,16192,47.11,47.23,46.77,46.88,47077,TRP
2025-06-24T13:00:00.000000000Z,34,2,5158,45.17,45.17,44.69,44.82,11269,ENB
2025-06-24T14:00:00.000000000Z,34,2,5158,44.82,45.14,44.79,45.045,15760,ENB
2025-06-24T14:00:00.000000000Z,34,2,16192,46.89,47.22,46.88,47.115,29592,TRP
2025-06-24T15:00:00.000000000Z,34,2,16192,47.11,47.23,46.985,46.995,18282,TRP
2025-06-24T15:00:00.000000000Z,34,2,5158,45.05,45.06,44.87,44.885,13282,ENB
2025-06-24T16:00:00.000000000Z,34,2,5158,44.9,45.075,44.875,45.05,14576,ENB
2025-06-24T16:00:00.000000000Z,34,2,16192,47.02,47.4,47.01,47.34,45911,TRP
2025-06-24T17:00:00.000000000Z,34,2,16192,47.33,47.45,47.27,47.445,26138,TRP
2025-06-24T17:00:00.000000000Z,34,2,5158,45.04,45.17,45.0,45.155,15925,ENB
2025-06-24T18:00:00.000000000Z,34,2,5158,45.16,45.165,45.11,45.14,19992,ENB
2025-06-24T18:00:00.000000000Z,34,2,16192,47.445,47.45,47.31,47.32,27913,TRP
2025-06-24T19:00:00.000000000Z,34,2,16192,47.325,47.355,47.145,47.195,104311,TRP
2025-06-24T19:00:00.000000000Z,34,2,5158,45.15,45.18,45.05,45.06,105254,ENB
2025-06-25T13:00:00.000000000Z,34,2,5158,44.95,44.95,44.39,44.46,41031,ENB
2025-06-25T13:00:00.000000000Z,34,2,16192,47.12,47.12,46.65,46.67,26545,TRP
2025-06-25T14:00:00.000000000Z,34,2,5158,44.48,44.6,44.415,44.45,26882,ENB
2025-06-25T14:00:00.000000000Z,34,2,16192,46.67,46.89,46.64,46.79,37765,TRP
2025-06-25T15:00:00.000000000Z,34,2,16192,46.8,46.82,46.535,46.8,30853,TRP
2025-06-25T15:00:00.000000000Z,34,2,5158,44.45,44.46,44.29,44.425,15194,ENB
2025-06-25T16:00:00.000000000Z,34,2,16192,46.805,47.02,46.805,46.82,24409,TRP
2025-06-25T16:00:00.000000000Z,34,2,5158,44.44,44.555,44.385,44.395,21242,ENB
2025-06-25T17:00:00.000000000Z,34,2,5158,44.4,44.485,44.345,44.45,14846,ENB
2025-06-25T17:00:00.000000000Z,34,2,16192,46.8,46.915,46.76,46.79,22092,TRP
2025-06-25T18:00:00.000000000Z,34,2,5158,44.45,44.46,44.315,44.38,40676,ENB
2025-06-25T18:00:00.000000000Z,34,2,16192,46.8,46.84,46.655,46.78,32514,TRP
2025-06-25T19:00:00.000000000Z,34,2,16192,46.78,47.1,46.78,47.0,154505,TRP
2025-06-25T19:00:00.000000000Z,34,2,5158,44.385,44.57,44.37,44.49,145609,ENB
2025-06-25T21:00:00.000000000Z,34,2,5158,44.43,44.43,44.43,44.43,3,ENB
2025-06-26T13:00:00.000000000Z,34,2,5158,44.71,45.02,44.71,44.93,21327,ENB
2025-06-26T13:00:00.000000000Z,34,2,16192,47.1,47.99,47.1,47.77,16679,TRP
2025-06-26T14:00:00.000000000Z,34,2,5158,44.93,45.08,44.855,45.04,27368,ENB
2025-06-26T14:00:00.000000000Z,34,2,16192,47.79,48.05,47.69,47.92,80622,TRP
2025-06-26T15:00:00.000000000Z,34,2,16192,47.92,48.1,47.79,48.1,32318,TRP
2025-06-26T15:00:00.000000000Z,34,2,5158,45.015,45.16,44.965,45.16,23341,ENB
2025-06-26T16:00:00.000000000Z,34,2,16192,48.075,48.18,48.07,48.135,24603,TRP
2025-06-26T16:00:00.000000000Z,34,2,5158,45.17,45.2,45.105,45.125,21384,ENB
2025-06-26T17:00:00.000000000Z,34,2,16192,48.14,48.2,48.09,48.1,36639,TRP
2025-06-26T17:00:00.000000000Z,34,2,5158,45.105,45.11,45.0,45.095,31396,ENB
2025-06-26T18:00:00.000000000Z,34,2,5158,45.095,45.13,44.945,44.98,33414,ENB
2025-06-26T18:00:00.000000000Z,34,2,16192,48.11,48.205,47.935,47.975,34987,TRP
2025-06-26T19:00:00.000000000Z,34,2,16192,47.98,47.995,47.855,47.95,171726,TRP
2025-06-26T19:00:00.000000000Z,34,2,5158,44.98,45.115,44.92,45.09,116615,ENB
2025-06-27T11:00:00.000000000Z,34,2,16192,48.48,48.6,48.48,48.6,176,TRP
2025-06-27T12:00:00.000000000Z,34,2,16192,48.5,49.19,48.5,49.19,2830,TRP
2025-06-27T13:00:00.000000000Z,34,2,16192,49.22,49.985,48.75,49.38,282947,TRP
2025-06-27T13:00:00.000000000Z,34,2,5158,45.1,45.3,44.76,45.185,79499,ENB
2025-06-27T14:00:00.000000000Z,34,2,16192,49.4,49.78,49.3,49.52,111772,TRP
2025-06-27T14:00:00.000000000Z,34,2,5158,45.2,45.325,45.135,45.145,30114,ENB
2025-06-27T15:00:00.000000000Z,34,2,16192,49.52,49.78,49.37,49.39,90913,TRP
2025-06-27T15:00:00.000000000Z,34,2,5158,45.145,45.26,45.055,45.06,37955,ENB
2025-06-27T16:00:00.000000000Z,34,2,5158,45.05,45.14,44.875,44.9,23580,ENB
2025-06-27T16:00:00.000000000Z,34,2,16192,49.37,49.46,49.15,49.29,65674,TRP
2025-06-27T17:00:00.000000000Z,34,2,16192,49.29,49.31,48.835,48.93,50161,TRP
2025-06-27T17:00:00.000000000Z,34,2,5158,44.9,44.9,44.51,44.55,45756,ENB
2025-06-27T18:00:00.000000000Z,34,2,5158,44.56,44.59,44.43,44.56,46332,ENB
2025-06-27T18:00:00.000000000Z,34,2,16192,48.94,48.975,48.625,48.79,79348,TRP
2025-06-27T19:00:00.000000000Z,34,2,16192,48.79,49.02,48.72,48.885,267255,TRP
2025-06-27T19:00:00.000000000Z,34,2,5158,44.56,44.79,44.545,44.785,96379,ENB
2025-06-27T21:00:00.000000000Z,34,2,5158,44.65,44.65,44.6,44.6,7468,ENB
2025-06-27T22:00:00.000000000Z,34,2,16192,48.88,48.88,48.88,48.88,1,TRP
2025-06-27T23:00:00.000000000Z,34,2,5158,44.83,44.83,44.82,44.82,4463,ENB
2025-06-30T12:00:00.000000000Z,34,2,5158,44.9,44.9,44.77,44.86,717,ENB
2025-06-30T13:00:00.000000000Z,34,2,5158,44.8,44.8,44.55,44.65,12445,ENB
2025-06-30T13:00:00.000000000Z,34,2,16192,48.26,48.68,47.92,48.49,34194,TRP
2025-06-30T14:00:00.000000000Z,34,2,5158,44.67,44.97,44.64,44.97,62821,ENB
2025-06-30T14:00:00.000000000Z,34,2,16192,48.465,48.47,48.2,48.46,47842,TRP
2025-06-30T15:00:00.000000000Z,34,2,5158,44.96,45.025,44.875,44.99,23823,ENB
2025-06-30T15:00:00.000000000Z,34,2,16192,48.47,48.67,48.38,48.655,40780,TRP
2025-06-30T16:00:00.000000000Z,34,2,5158,44.99,45.25,44.945,45.245,23281,ENB
2025-06-30T16:00:00.000000000Z,34,2,16192,48.64,48.95,48.58,48.94,36529,TRP
2025-06-30T17:00:00.000000000Z,34,2,16192,48.92,49.0,48.815,48.82,39526,TRP
2025-06-30T17:00:00.000000000Z,34,2,5158,45.245,45.28,45.1,45.1,37519,ENB
2025-06-30T18:00:00.000000000Z,34,2,5158,45.11,45.32,45.11,45.28,34966,ENB
2025-06-30T18:00:00.000000000Z,34,2,16192,48.83,49.08,48.81,48.97,33623,TRP
2025-06-30T19:00:00.000000000Z,34,2,16192,48.97,48.98,48.77,48.78,144583,TRP
2025-06-30T19:00:00.000000000Z,34,2,5158,45.28,45.355,45.17,45.32,130680,ENB
2025-06-30T21:00:00.000000000Z,34,2,5158,45.3,45.3,45.06,45.06,101,ENB
2025-07-01T13:00:00.000000000Z,34,2,5158,45.12,45.23,44.75,44.91,14302,ENB
2025-07-01T13:00:00.000000000Z,34,2,16192,48.56,48.675,48.19,48.31,11146,TRP
2025-07-01T14:00:00.000000000Z,34,2,5158,44.9,44.92,44.66,44.92,30877,ENB
2025-07-01T14:00:00.000000000Z,34,2,16192,48.305,48.305,47.99,48.24,29743,TRP
2025-07-01T15:00:00.000000000Z,34,2,16192,48.24,48.42,47.86,47.96,63880,TRP
2025-07-01T15:00:00.000000000Z,34,2,5158,44.93,45.03,44.71,44.87,30806,ENB
2025-07-01T16:00:00.000000000Z,34,2,5158,44.88,44.96,44.625,44.83,35549,ENB
2025-07-01T16:00:00.000000000Z,34,2,16192,47.97,48.33,47.81,48.22,42708,TRP
2025-07-01T17:00:00.000000000Z,34,2,16192,48.22,48.23,47.99,48.11,50722,TRP
2025-07-01T17:00:00.000000000Z,34,2,5158,44.84,44.915,44.79,44.81,26837,ENB
2025-07-01T18:00:00.000000000Z,34,2,5158,44.82,44.99,44.785,44.95,36925,ENB
2025-07-01T18:00:00.000000000Z,34,2,16192,48.12,48.18,48.0,48.08,64718,TRP
2025-07-01T19:00:00.000000000Z,34,2,5158,44.94,45.04,44.91,44.93,63082,ENB
2025-07-01T19:00:00.000000000Z,34,2,16192,48.07,48.12,47.86,47.89,104914,TRP
2025-07-02T10:00:00.000000000Z,34,2,5158,45.27,45.27,45.27,45.27,3,ENB
2025-07-02T12:00:00.000000000Z,34,2,5158,45.0,45.0,45.0,45.0,2,ENB
2025-07-02T13:00:00.000000000Z,34,2,5158,45.02,45.05,44.41,44.47,48171,ENB
2025-07-02T13:00:00.000000000Z,34,2,16192,48.4,48.71,47.34,47.39,27728,TRP
2025-07-02T14:00:00.000000000Z,34,2,16192,47.38,47.6,47.13,47.135,75834,TRP
2025-07-02T14:00:00.000000000Z,34,2,5158,44.48,44.555,44.265,44.265,50804,ENB
2025-07-02T15:00:00.000000000Z,34,2,16192,47.14,47.59,46.9,47.59,44887,TRP
2025-07-02T15:00:00.000000000Z,34,2,5158,44.27,44.58,44.125,44.56,42467,ENB
2025-07-02T16:00:00.000000000Z,34,2,16192,47.58,47.78,47.43,47.73,34262,TRP
2025-07-02T16:00:00.000000000Z,34,2,5158,44.56,44.75,44.5,44.72,23711,ENB
2025-07-02T17:00:00.000000000Z,34,2,16192,47.75,47.89,47.72,47.81,29190,TRP
2025-07-02T17:00:00.000000000Z,34,2,5158,44.73,44.795,44.7,44.765,29818,ENB
2025-07-02T18:00:00.000000000Z,34,2,5158,44.76,44.96,44.69,44.92,34918,ENB
2025-07-02T18:00:00.000000000Z,34,2,16192,47.8,48.31,47.77,48.305,34642,TRP
2025-07-02T19:00:00.000000000Z,34,2,5158,44.92,44.975,44.77,44.785,145808,ENB
2025-07-02T19:00:00.000000000Z,34,2,16192,48.31,48.56,47.93,47.97,188625,TRP
2025-07-02T22:00:00.000000000Z,34,2,5158,44.79,44.79,44.79,44.79,1,ENB
2025-07-02T23:00:00.000000000Z,34,2,5158,44.8,44.8,44.8,44.8,54,ENB
2025-07-03T10:00:00.000000000Z,34,2,5158,44.84,44.85,44.84,44.85,2,ENB
2025-07-03T13:00:00.000000000Z,34,2,16192,47.94,48.26,47.94,48.05,10439,TRP
2025-07-03T13:00:00.000000000Z,34,2,5158,44.79,44.94,44.74,44.76,19592,ENB
2025-07-03T14:00:00.000000000Z,34,2,5158,44.77,44.83,44.63,44.815,35123,ENB
2025-07-03T14:00:00.000000000Z,34,2,16192,48.04,48.42,48.0,48.36,33736,TRP
2025-07-03T15:00:00.000000000Z,34,2,16192,48.375,48.5,48.13,48.17,37235,TRP
2025-07-03T15:00:00.000000000Z,34,2,5158,44.81,44.87,44.71,44.725,21164,ENB
2025-07-03T16:00:00.000000000Z,34,2,5158,44.72,44.765,44.645,44.76,36264,ENB
2025-07-03T16:00:00.000000000Z,34,2,16192,48.16,48.25,47.97,48.17,94311,TRP
2025-07-03T17:00:00.000000000Z,34,2,5158,44.79,44.79,44.77,44.77,100,ENB
2025-07-03T18:00:00.000000000Z,34,2,5158,44.87,44.87,44.87,44.87,101,ENB
2025-07-03T19:00:00.000000000Z,34,2,5158,44.82,44.86,44.72,44.86,228,ENB
2025-07-03T20:00:00.000000000Z,34,2,5158,44.75,44.75,44.75,44.75,5,ENB
2025-07-07T08:00:00.000000000Z,34,2,5158,44.74,44.74,44.74,44.74,1,ENB
2025-07-07T09:00:00.000000000Z,34,2,5158,44.65,44.65,44.65,44.65,22,ENB
2025-07-07T12:00:00.000000000Z,34,2,5158,44.67,44.67,44.65,44.65,24,ENB
2025-07-07T13:00:00.000000000Z,34,2,5158,44.61,44.62,44.31,44.45,27478,ENB
2025-07-07T13:00:00.000000000Z,34,2,16192,48.0,48.0,47.62,47.91,13435,TRP
2025-07-07T14:00:00.000000000Z,34,2,16192,47.89,47.89,47.69,47.7,21121,TRP
2025-07-07T14:00:00.000000000Z,34,2,5158,44.45,44.47,44.325,44.365,26601,ENB
2025-07-07T15:00:00.000000000Z,34,2,5158,44.335,44.335,44.185,44.21,27912,ENB
2025-07-07T15:00:00.000000000Z,34,2,16192,47.67,47.71,47.44,47.46,11013,TRP
2025-07-07T16:00:00.000000000Z,34,2,16192,47.45,47.48,47.29,47.365,8141,TRP
2025-07-07T16:00:00.000000000Z,34,2,5158,44.22,44.22,44.03,44.115,32616,ENB
2025-07-07T17:00:00.000000000Z,34,2,16192,47.37,47.47,47.24,47.24,14960,TRP
2025-07-07T17:00:00.000000000Z,34,2,5158,44.115,44.22,44.095,44.115,20171,ENB
2025-07-07T18:00:00.000000000Z,34,2,16192,47.25,47.37,47.21,47.3,16492,TRP
2025-07-07T18:00:00.000000000Z,34,2,5158,44.12,44.16,43.955,44.05,42235,ENB
2025-07-07T19:00:00.000000000Z,34,2,16192,47.31,47.435,47.28,47.39,64035,TRP
2025-07-07T19:00:00.000000000Z,34,2,5158,44.04,44.15,44.015,44.15,118064,ENB
2025-07-07T20:00:00.000000000Z,34,2,5158,44.18,44.18,44.18,44.18,2,ENB
2025-07-07T20:00:00.000000000Z,34,2,16192,47.48,47.48,47.48,47.48,1,TRP
2025-07-08T12:00:00.000000000Z,34,2,5158,44.15,44.15,44.15,44.15,26,ENB
2025-07-08T13:00:00.000000000Z,34,2,16192,47.75,47.75,47.12,47.21,17117,TRP
2025-07-08T13:00:00.000000000Z,34,2,5158,44.12,44.16,43.98,44.06,22232,ENB
2025-07-08T14:00:00.000000000Z,34,2,16192,47.16,47.17,46.91,46.93,21347,TRP
2025-07-08T14:00:00.000000000Z,34,2,5158,44.03,44.04,43.95,44.015,39645,ENB
2025-07-08T15:00:00.000000000Z,34,2,16192,46.92,47.27,46.89,47.27,22321,TRP
2025-07-08T15:00:00.000000000Z,34,2,5158,44.02,44.17,43.96,44.15,19827,ENB
2025-07-08T16:00:00.000000000Z,34,2,5158,44.145,44.145,43.98,44.03,11492,ENB
2025-07-08T16:00:00.000000000Z,34,2,16192,47.25,47.32,47.115,47.32,19862,TRP
2025-07-08T17:00:00.000000000Z,34,2,16192,47.31,47.54,47.285,47.385,25581,TRP
2025-07-08T17:00:00.000000000Z,34,2,5158,44.04,44.23,44.02,44.155,13815,ENB
2025-07-08T18:00:00.000000000Z,34,2,5158,44.16,44.245,44.1,44.23,13778,ENB
2025-07-08T18:00:00.000000000Z,34,2,16192,47.39,47.48,47.22,47.435,20067,TRP
2025-07-08T19:00:00.000000000Z,34,2,16192,47.44,47.47,47.22,47.22,94484,TRP
2025-07-08T19:00:00.000000000Z,34,2,5158,44.23,44.305,44.165,44.21,98056,ENB
2025-07-08T22:00:00.000000000Z,34,2,5158,44.48,44.48,44.48,44.48,22,ENB
2025-07-09T10:00:00.000000000Z,34,2,5158,44.2,44.2,44.2,44.2,9,ENB
2025-07-09T11:00:00.000000000Z,34,2,5158,44.3,44.3,44.3,44.3,2,ENB
2025-07-09T12:00:00.000000000Z,34,2,5158,44.3,44.3,44.3,44.3,12,ENB
2025-07-09T13:00:00.000000000Z,34,2,5158,44.32,44.35,44.155,44.155,9499,ENB
2025-07-09T13:00:00.000000000Z,34,2,16192,47.28,47.28,47.03,47.06,16261,TRP
2025-07-09T14:00:00.000000000Z,34,2,16192,47.05,47.08,46.83,46.9,18878,TRP
2025-07-09T14:00:00.000000000Z,34,2,5158,44.15,44.17,44.04,44.07,20540,ENB
2025-07-09T15:00:00.000000000Z,34,2,5158,44.07,44.095,43.93,43.98,15719,ENB
2025-07-09T15:00:00.000000000Z,34,2,16192,46.9,46.945,46.765,46.89,15690,TRP
2025-07-09T16:00:00.000000000Z,34,2,5158,43.985,44.02,43.925,43.97,15592,ENB
2025-07-09T16:00:00.000000000Z,34,2,16192,46.87,47.05,46.82,46.92,28873,TRP
2025-07-09T17:00:00.000000000Z,34,2,16192,46.92,46.985,46.81,46.81,24106,TRP
2025-07-09T17:00:00.000000000Z,34,2,5158,43.96,43.97,43.785,43.835,15972,ENB
2025-07-09T18:00:00.000000000Z,34,2,5158,43.82,43.87,43.805,43.815,23453,ENB
2025-07-09T18:00:00.000000000Z,34,2,16192,46.805,46.83,46.655,46.745,19835,TRP
2025-07-09T19:00:00.000000000Z,34,2,16192,46.75,46.84,46.56,46.58,95886,TRP
2025-07-09T19:00:00.000000000Z,34,2,5158,43.815,43.895,43.79,43.79,96835,ENB
2025-07-09T20:00:00.000000000Z,34,2,5158,43.79,43.79,43.79,43.79,1151,ENB
2025-07-09T23:00:00.000000000Z,34,2,5158,43.85,43.85,43.85,43.85,3,ENB
2025-07-10T08:00:00.000000000Z,34,2,5158,43.82,43.82,43.82,43.82,32,ENB
2025-07-10T09:00:00.000000000Z,34,2,5158,43.93,43.93,43.93,43.93,4,ENB
2025-07-10T11:00:00.000000000Z,34,2,16192,46.12,46.5,46.12,46.5,87,TRP
2025-07-10T11:00:00.000000000Z,34,2,5158,43.8,43.8,43.8,43.8,6,ENB
2025-07-10T13:00:00.000000000Z,34,2,16192,46.53,46.65,46.33,46.34,10170,TRP
2025-07-10T13:00:00.000000000Z,34,2,5158,43.78,43.83,43.6,43.61,17660,ENB
2025-07-10T14:00:00.000000000Z,34,2,16192,46.33,46.58,46.33,46.46,25809,TRP
2025-07-10T14:00:00.000000000Z,34,2,5158,43.605,43.83,43.59,43.67,34199,ENB
2025-07-10T15:00:00.000000000Z,34,2,16192,46.45,46.51,46.29,46.49,23621,TRP
2025-07-10T15:00:00.000000000Z,34,2,5158,43.67,43.785,43.61,43.725,32272,ENB
2025-07-10T16:00:00.000000000Z,34,2,5158,43.73,43.87,43.725,43.76,13640,ENB
2025-07-10T16:00:00.000000000Z,34,2,16192,46.5,46.76,46.5,46.68,27282,TRP
2025-07-10T17:00:00.000000000Z,34,2,16192,46.69,46.89,46.69,46.795,21795,TRP
2025-07-10T17:00:00.000000000Z,34,2,5158,43.76,43.885,43.76,43.885,20600,ENB
2025-07-10T18:00:00.000000000Z,34,2,16192,46.8,47.02,46.79,46.985,20182,TRP
2025-07-10T18:00:00.000000000Z,34,2,5158,43.89,44.195,43.865,44.165,38778,ENB
2025-07-10T19:00:00.000000000Z,34,2,5158,44.165,44.525,44.135,44.5,254196,ENB
2025-07-10T19:00:00.000000000Z,34,2,16192,46.98,47.3,46.945,47.285,135737,TRP
2025-07-10T20:00:00.000000000Z,34,2,5158,44.48,44.63,44.47,44.47,146,ENB
2025-07-10T21:00:00.000000000Z,34,2,5158,44.49,44.49,44.49,44.49,1,ENB
2025-07-10T22:00:00.000000000Z,34,2,16192,47.27,47.27,47.27,47.27,4,TRP
2025-07-10T22:00:00.000000000Z,34,2,5158,44.49,44.49,44.49,44.49,5,ENB
2025-07-11T08:00:00.000000000Z,34,2,5158,44.39,44.39,44.39,44.39,2,ENB
2025-07-11T11:00:00.000000000Z,34,2,16192,47.27,47.27,47.27,47.27,2,TRP
2025-07-11T12:00:00.000000000Z,34,2,5158,44.31,44.4,44.31,44.4,62,ENB
2025-07-11T13:00:00.000000000Z,34,2,16192,47.31,47.34,46.955,47.125,19984,TRP
2025-07-11T13:00:00.000000000Z,34,2,5158,44.41,44.46,44.125,44.23,29709,ENB
2025-07-11T14:00:00.000000000Z,34,2,5158,44.25,44.535,44.15,44.53,52034,ENB
2025-07-11T14:00:00.000000000Z,34,2,16192,47.115,47.37,47.065,47.315,22050,TRP
2025-07-11T15:00:00.000000000Z,34,2,16192,47.305,47.44,47.21,47.365,10175,TRP
2025-07-11T15:00:00.000000000Z,34,2,5158,44.52,44.59,44.475,44.515,44221,ENB
2025-07-11T16:00:00.000000000Z,34,2,5158,44.51,44.52,44.415,44.52,70346,ENB
2025-07-11T16:00:00.000000000Z,34,2,16192,47.34,47.41,47.21,47.41,10951,TRP
2025-07-11T17:00:00.000000000Z,34,2,16192,47.43,47.43,47.24,47.34,7278,TRP
2025-07-11T17:00:00.000000000Z,34,2,5158,44.525,44.56,44.45,44.555,30761,ENB
2025-07-11T18:00:00.000000000Z,34,2,5158,44.56,44.595,44.48,44.56,37854,ENB
2025-07-11T18:00:00.000000000Z,34,2,16192,47.37,47.48,47.29,47.41,14712,TRP
2025-07-11T19:00:00.000000000Z,34,2,16192,47.42,47.47,47.305,47.32,73584,TRP
2025-07-11T19:00:00.000000000Z,34,2,5158,44.555,44.615,44.5,44.56,195376,ENB
2025-07-11T20:00:00.000000000Z,34,2,5158,44.4,44.4,44.39,44.39,383,ENB
2025-07-11T20:00:00.000000000Z,34,2,16192,47.45,47.45,47.45,47.45,7,TRP
2025-07-14T09:00:00.000000000Z,34,2,5158,44.54,44.54,44.54,44.54,2,ENB
2025-07-14T11:00:00.000000000Z,34,2,5158,44.48,44.49,44.48,44.49,302,ENB
2025-07-14T13:00:00.000000000Z,34,2,16192,47.1,47.72,47.09,47.71,6896,TRP
2025-07-14T13:00:00.000000000Z,34,2,5158,44.6,44.855,44.38,44.855,22284,ENB
2025-07-14T14:00:00.000000000Z,34,2,5158,44.86,45.17,44.86,45.075,56891,ENB
2025-07-14T14:00:00.000000000Z,34,2,16192,47.725,48.145,47.72,47.98,26414,TRP
2025-07-14T15:00:00.000000000Z,34,2,5158,45.07,45.26,44.985,44.985,22123,ENB
2025-07-14T15:00:00.000000000Z,34,2,16192,47.98,48.19,47.9,47.91,33557,TRP
2025-07-14T16:00:00.000000000Z,34,2,5158,44.985,45.015,44.915,44.95,23493,ENB
2025-07-14T16:00:00.000000000Z,34,2,16192,47.915,47.97,47.84,47.91,12621,TRP
2025-07-14T17:00:00.000000000Z,34,2,5158,44.96,44.995,44.91,44.945,12406,ENB
2025-07-14T17:00:00.000000000Z,34,2,16192,47.92,48.07,47.87,47.95,15930,TRP
2025-07-14T18:00:00.000000000Z,34,2,16192,47.945,48.12,47.925,48.105,27129,TRP
2025-07-14T18:00:00.000000000Z,34,2,5158,44.95,45.085,44.945,45.045,13587,ENB
2025-07-14T19:00:00.000000000Z,34,2,16192,48.11,48.45,48.11,48.445,107400,TRP
2025-07-14T19:00:00.000000000Z,34,2,5158,45.05,45.215,45.045,45.205,65997,ENB
2025-07-15T08:00:00.000000000Z,34,2,5158,45.33,45.33,45.33,45.33,20,ENB
2025-07-15T13:00:00.000000000Z,34,2,16192,48.36,48.52,48.24,48.29,15967,TRP
2025-07-15T13:00:00.000000000Z,34,2,5158,45.14,45.25,44.84,44.865,19949,ENB
2025-07-15T14:00:00.000000000Z,34,2,16192,48.28,48.44,47.99,48.44,19125,TRP
2025-07-15T14:00:00.000000000Z,34,2,5158,44.855,44.87,44.575,44.735,35424,ENB
2025-07-15T15:00:00.000000000Z,34,2,5158,44.77,44.82,44.585,44.82,14550,ENB
2025-07-15T15:00:00.000000000Z,34,2,16192,48.47,48.57,48.33,48.565,16821,TRP
2025-07-15T16:00:00.000000000Z,34,2,16192,48.56,48.57,48.38,48.45,13862,TRP
2025-07-15T16:00:00.000000000Z,34,2,5158,44.81,44.88,44.72,44.76,22255,ENB
2025-07-15T17:00:00.000000000Z,34,2,16192,48.46,48.665,48.43,48.66,12935,TRP
2025-07-15T17:00:00.000000000Z,34,2,5158,44.76,45.175,44.74,45.175,35223,ENB
2025-07-15T18:00:00.000000000Z,34,2,5158,45.175,45.255,45.12,45.16,77185,ENB
2025-07-15T18:00:00.000000000Z,34,2,16192,48.66,48.66,48.505,48.59,12940,TRP
2025-07-15T19:00:00.000000000Z,34,2,16192,48.58,48.83,48.56,48.61,87953,TRP
2025-07-15T19:00:00.000000000Z,34,2,5158,45.16,45.355,45.15,45.275,143597,ENB
2025-07-15T20:00:00.000000000Z,34,2,5158,45.26,45.26,45.25,45.25,56,ENB
2025-07-15T21:00:00.000000000Z,34,2,5158,45.25,45.25,45.24,45.24,10,ENB
2025-07-16T09:00:00.000000000Z,34,2,5158,45.07,45.07,45.05,45.05,19,ENB
2025-07-16T10:00:00.000000000Z,34,2,5158,45.13,45.13,45.12,45.13,143,ENB
2025-07-16T11:00:00.000000000Z,34,2,5158,45.13,45.13,45.13,45.13,507,ENB
2025-07-16T12:00:00.000000000Z,34,2,5158,45.27,45.27,45.27,45.27,10,ENB
2025-07-16T13:00:00.000000000Z,34,2,5158,45.16,45.28,44.835,44.835,32421,ENB
2025-07-16T13:00:00.000000000Z,34,2,16192,48.37,48.49,48.03,48.03,18089,TRP
2025-07-16T14:00:00.000000000Z,34,2,5158,44.845,45.03,44.78,45.025,43344,ENB
2025-07-16T14:00:00.000000000Z,34,2,16192,48.05,48.36,48.02,48.34,27851,TRP
2025-07-16T15:00:00.000000000Z,34,2,16192,48.35,48.615,48.35,48.59,14940,TRP
2025-07-16T15:00:00.000000000Z,34,2,5158,45.02,45.32,45.01,45.3,50297,ENB
2025-07-16T16:00:00.000000000Z,34,2,16192,48.58,48.83,48.5,48.81,19129,TRP
2025-07-16T16:00:00.000000000Z,34,2,5158,45.3,45.44,45.25,45.4,21230,ENB
2025-07-16T17:00:00.000000000Z,34,2,16192,48.81,48.91,48.72,48.76,11268,TRP
2025-07-16T17:00:00.000000000Z,34,2,5158,45.39,45.49,45.26,45.28,18819,ENB
2025-07-16T18:00:00.000000000Z,34,2,5158,45.28,45.36,45.125,45.27,30067,ENB
2025-07-16T18:00:00.000000000Z,34,2,16192,48.75,48.8,48.42,48.515,24778,TRP
2025-07-16T19:00:00.000000000Z,34,2,16192,48.51,48.58,48.38,48.41,115486,TRP
2025-07-16T19:00:00.000000000Z,34,2,5158,45.27,45.37,45.185,45.25,118913,ENB
2025-07-17T11:00:00.000000000Z,34,2,5158,45.21,45.21,45.21,45.21,39,ENB
2025-07-17T12:00:00.000000000Z,34,2,5158,45.1,45.12,45.1,45.12,5,ENB
2025-07-17T13:00:00.000000000Z,34,2,5158,45.11,45.11,44.65,44.815,32850,ENB
2025-07-17T13:00:00.000000000Z,34,2,16192,48.11,48.11,47.56,47.84,13510,TRP
2025-07-17T14:00:00.000000000Z,34,2,16192,47.82,48.22,47.77,48.02,18740,TRP
2025-07-17T14:00:00.000000000Z,34,2,5158,44.8,45.14,44.79,44.955,24113,ENB
2025-07-17T15:00:00.000000000Z,34,2,16192,48.02,48.03,47.7,47.76,17125,TRP
2025-07-17T15:00:00.000000000Z,34,2,5158,44.95,45.04,44.79,44.91,14616,ENB
2025-07-17T16:00:00.000000000Z,34,2,16192,47.77,47.84,47.66,47.68,13662,TRP
2025-07-17T16:00:00.000000000Z,34,2,5158,44.905,44.99,44.79,44.815,15021,ENB
2025-07-17T17:00:00.000000000Z,34,2,16192,47.68,47.84,47.67,47.75,11629,TRP
2025-07-17T17:00:00.000000000Z,34,2,5158,44.82,44.915,44.81,44.85,13680,ENB
2025-07-17T18:00:00.000000000Z,34,2,5158,44.85,44.96,44.85,44.92,23957,ENB
2025-07-17T18:00:00.000000000Z,34,2,16192,47.75,47.96,47.75,47.92,19287,TRP
2025-07-17T19:00:00.000000000Z,34,2,16192,47.92,48.02,47.705,47.72,74302,TRP
2025-07-17T19:00:00.000000000Z,34,2,5158,44.925,44.95,44.77,44.78,117603,ENB
2025-07-17T21:00:00.000000000Z,34,2,5158,44.78,44.78,44.78,44.78,2,ENB
2025-07-18T08:00:00.000000000Z,34,2,5158,45.0,45.0,45.0,45.0,1,ENB
2025-07-18T11:00:00.000000000Z,34,2,16192,47.44,47.44,47.0,47.0,52,TRP
2025-07-18T12:00:00.000000000Z,34,2,5158,44.78,44.78,44.78,44.78,19,ENB
2025-07-18T13:00:00.000000000Z,34,2,16192,47.86,47.95,47.75,47.86,18338,TRP
2025-07-18T13:00:00.000000000Z,34,2,5158,45.0,45.07,44.85,45.045,10046,ENB
2025-07-18T14:00:00.000000000Z,34,2,5158,45.06,45.3,45.06,45.22,17369,ENB
2025-07-18T14:00:00.000000000Z,34,2,16192,47.88,48.16,47.87,48.05,24392,TRP
2025-07-18T15:00:00.000000000Z,34,2,16192,48.04,48.07,47.9,47.91,12628,TRP
2025-07-18T15:00:00.000000000Z,34,2,5158,45.21,45.24,45.13,45.14,9950,ENB
2025-07-18T16:00:00.000000000Z,34,2,5158,45.13,45.13,44.93,44.96,9930,ENB
2025-07-18T16:00:00.000000000Z,34,2,16192,47.92,47.965,47.73,47.745,22249,TRP
2025-07-18T17:00:00.000000000Z,34,2,5158,44.96,45.1,44.915,45.09,12216,ENB
2025-07-18T17:00:00.000000000Z,34,2,16192,47.75,47.84,47.705,47.84,10768,TRP
2025-07-18T18:00:00.000000000Z,34,2,16192,47.845,47.86,47.71,47.78,18809,TRP
2025-07-18T18:00:00.000000000Z,34,2,5158,45.09,45.11,44.99,45.06,10419,ENB
2025-07-18T19:00:00.000000000Z,34,2,16192,47.78,47.885,47.675,47.76,85636,TRP
2025-07-18T19:00:00.000000000Z,34,2,5158,45.065,45.135,44.995,45.085,61887,ENB
2025-07-21T10:00:00.000000000Z,34,2,5158,45.06,45.06,45.06,45.06,1,ENB
2025-07-21T11:00:00.000000000Z,34,2,5158,45.06,45.06,45.06,45.06,20,ENB
2025-07-21T12:00:00.000000000Z,34,2,5158,45.2,45.22,45.2,45.22,216,ENB
2025-07-21T13:00:00.000000000Z,34,2,5158,45.16,45.28,44.825,44.885,21794,ENB
2025-07-21T13:00:00.000000000Z,34,2,16192,48.28,48.28,47.39,47.59,12697,TRP
2025-07-21T14:00:00.000000000Z,34,2,5158,44.885,44.95,44.77,44.895,47041,ENB
2025-07-21T14:00:00.000000000Z,34,2,16192,47.6,47.6,47.32,47.47,26499,TRP
2025-07-21T15:00:00.000000000Z,34,2,16192,47.5,47.66,47.5,47.59,23529,TRP
2025-07-21T15:00:00.000000000Z,34,2,5158,44.9,45.015,44.885,44.905,30031,ENB
2025-07-21T16:00:00.000000000Z,34,2,16192,47.6,47.71,47.49,47.56,10146,TRP
2025-07-21T16:00:00.000000000Z,34,2,5158,44.91,44.98,44.85,44.88,29193,ENB
2025-07-21T17:00:00.000000000Z,34,2,16192,47.55,47.55,47.4,47.48,6587,TRP
2025-07-21T17:00:00.000000000Z,34,2,5158,44.88,44.895,44.735,44.78,27393,ENB
2025-07-21T18:00:00.000000000Z,34,2,5158,44.78,44.78,44.585,44.59,28340,ENB
2025-07-21T18:00:00.000000000Z,34,2,16192,47.48,47.48,47.355,47.37,8370,TRP
2025-07-21T19:00:00.000000000Z,34,2,16192,47.37,47.46,47.3,47.42,44087,TRP
2025-07-21T19:00:00.000000000Z,34,2,5158,44.58,44.635,44.54,44.585,73594,ENB
2025-07-21T20:00:00.000000000Z,34,2,5158,44.84,44.84,44.84,44.84,2,ENB
2025-07-21T23:00:00.000000000Z,34,2,5158,44.55,44.55,44.55,44.55,30,ENB
2025-07-22T11:00:00.000000000Z,34,2,5158,44.94,45.15,44.81,45.0,4004,ENB
2025-07-22T12:00:00.000000000Z,34,2,5158,44.62,44.62,44.62,44.62,1,ENB
2025-07-22T13:00:00.000000000Z,34,2,16192,47.56,47.79,47.53,47.65,4649,TRP
2025-07-22T13:00:00.000000000Z,34,2,5158,44.76,45.06,44.58,45.01,66296,ENB
2025-07-22T14:00:00.000000000Z,34,2,5158,45.01,45.17,44.97,45.13,52819,ENB
2025-07-22T14:00:00.000000000Z,34,2,16192,47.62,47.81,47.62,47.76,8279,TRP
2025-07-22T15:00:00.000000000Z,34,2,16192,47.765,47.89,47.64,47.74,10955,TRP
2025-07-22T15:00:00.000000000Z,34,2,5158,45.13,45.235,45.025,45.04,41500,ENB
2025-07-22T16:00:00.000000000Z,34,2,5158,45.025,45.14,44.935,44.94,52179,ENB
2025-07-22T16:00:00.000000000Z,34,2,16192,47.725,47.76,47.6,47.6,11359,TRP
2025-07-22T17:00:00.000000000Z,34,2,16192,47.61,47.865,47.61,47.8,7204,TRP
2025-07-22T17:00:00.000000000Z,34,2,5158,44.945,45.1,44.945,45.035,46873,ENB
2025-07-22T18:00:00.000000000Z,34,2,5158,45.035,45.215,45.015,45.185,60944,ENB
2025-07-22T18:00:00.000000000Z,34,2,16192,47.8,47.995,47.8,47.95,13156,TRP
2025-07-22T19:00:00.000000000Z,34,2,16192,47.95,47.99,47.9,47.96,33733,TRP
2025-07-22T19:00:00.000000000Z,34,2,5158,45.175,45.225,45.125,45.2,99039,ENB
2025-07-22T21:00:00.000000000Z,34,2,5158,45.36,45.36,45.36,45.36,101,ENB
2025-07-22T22:00:00.000000000Z,34,2,5158,45.36,45.36,45.36,45.36,74,ENB
2025-07-23T08:00:00.000000000Z,34,2,5158,45.35,45.35,45.35,45.35,6,ENB
2025-07-23T11:00:00.000000000Z,34,2,5158,45.59,45.6,45.59,45.6,805,ENB
2025-07-23T12:00:00.000000000Z,34,2,5158,45.47,45.47,45.39,45.39,663,ENB
2025-07-23T13:00:00.000000000Z,34,2,5158,45.36,45.81,45.35,45.59,70528,ENB
2025-07-23T13:00:00.000000000Z,34,2,16192,47.96,48.115,47.835,47.91,6341,TRP
2025-07-23T14:00:00.000000000Z,34,2,5158,45.6,45.64,45.37,45.39,69542,ENB
2025-07-23T14:00:00.000000000Z,34,2,16192,47.94,47.96,47.69,47.78,17847,TRP
2025-07-23T15:00:00.000000000Z,34,2,5158,45.35,45.46,45.305,45.45,46781,ENB
2025-07-23T15:00:00.000000000Z,34,2,16192,47.78,47.97,47.74,47.93,12629,TRP
2025-07-23T16:00:00.000000000Z,34,2,16192,47.93,48.0,47.9,47.94,5662,TRP
2025-07-23T16:00:00.000000000Z,34,2,5158,45.44,45.495,45.345,45.375,37803,ENB
2025-07-23T17:00:00.000000000Z,34,2,16192,47.935,48.155,47.935,48.115,6686,TRP
2025-07-23T17:00:00.000000000Z,34,2,5158,45.375,45.57,45.375,45.535,45194,ENB
2025-07-23T18:00:00.000000000Z,34,2,5158,45.53,45.595,45.49,45.495,29414,ENB
2025-07-23T18:00:00.000000000Z,34,2,16192,48.12,48.195,48.07,48.09,8363,TRP
2025-07-23T19:00:00.000000000Z,34,2,5158,45.5,45.53,45.45,45.475,77705,ENB
2025-07-23T19:00:00.000000000Z,34,2,16192,48.09,48.17,47.97,48.12,34003,TRP
2025-07-23T21:00:00.000000000Z,34,2,5158,45.49,45.49,45.49,45.49,100,ENB
2025-07-23T22:00:00.000000000Z,34,2,5158,45.52,45.52,45.5,45.5,100,ENB
2025-07-24T13:00:00.000000000Z,34,2,16192,48.04,48.04,47.775,47.79,6403,TRP
2025-07-24T13:00:00.000000000Z,34,2,5158,45.28,45.42,45.21,45.3,20612,ENB
2025-07-24T14:00:00.000000000Z,34,2,5158,45.305,45.465,45.295,45.445,50264,ENB
2025-07-24T14:00:00.000000000Z,34,2,16192,47.81,47.92,47.7,47.91,10226,TRP
2025-07-24T15:00:00.000000000Z,34,2,16192,47.92,48.06,47.85,48.03,25821,TRP
2025-07-24T15:00:00.000000000Z,34,2,5158,45.445,45.555,45.385,45.525,53926,ENB
2025-07-24T16:00:00.000000000Z,34,2,5158,45.535,45.585,45.42,45.525,55159,ENB
2025-07-24T16:00:00.000000000Z,34,2,16192,48.06,48.09,47.86,48.02,13439,TRP
2025-07-24T17:00:00.000000000Z,34,2,16192,48.0,48.07,47.97,47.97,7451,TRP
2025-07-24T17:00:00.000000000Z,34,2,5158,45.52,45.575,45.485,45.49,30662,ENB
2025-07-24T18:00:00.000000000Z,34,2,16192,47.96,47.97,47.6,47.615,16088,TRP
2025-07-24T18:00:00.000000000Z,34,2,5158,45.495,45.52,45.415,45.425,38623,ENB
2025-07-24T19:00:00.000000000Z,34,2,16192,47.61,47.745,47.55,47.565,95703,TRP
2025-07-24T19:00:00.000000000Z,34,2,5158,45.42,45.545,45.395,45.47,79968,ENB
2025-07-24T20:00:00.000000000Z,34,2,5158,45.47,45.47,45.47,45.47,2,ENB
2025-07-24T20:00:00.000000000Z,34,2,16192,47.58,47.85,47.58,47.74,1078,TRP
2025-07-24T21:00:00.000000000Z,34,2,5158,45.47,45.47,45.47,45.47,49,ENB
2025-07-24T22:00:00.000000000Z,34,2,5158,45.51,45.51,45.51,45.51,1,ENB
2025-07-25T08:00:00.000000000Z,34,2,5158,45.77,45.79,45.77,45.79,455,ENB
2025-07-25T10:00:00.000000000Z,34,2,16192,47.99,47.99,47.99,47.99,1,TRP
2025-07-25T12:00:00.000000000Z,34,2,5158,45.47,45.47,45.47,45.47,53,ENB
2025-07-25T13:00:00.000000000Z,34,2,5158,45.45,45.45,45.21,45.295,29875,ENB
2025-07-25T13:00:00.000000000Z,34,2,16192,47.54,47.62,47.37,47.48,7088,TRP
2025-07-25T14:00:00.000000000Z,34,2,16192,47.495,47.54,47.35,47.41,12069,TRP
2025-07-25T14:00:00.000000000Z,34,2,5158,45.31,45.34,45.22,45.245,20038,ENB
2025-07-25T15:00:00.000000000Z,34,2,16192,47.39,47.4,47.27,47.27,9109,TRP
2025-07-25T15:00:00.000000000Z,34,2,5158,45.24,45.3,45.175,45.185,30542,ENB
2025-07-25T16:00:00.000000000Z,34,2,16192,47.265,47.265,47.14,47.15,9229,TRP
2025-07-25T16:00:00.000000000Z,34,2,5158,45.195,45.2,44.955,44.975,27594,ENB
2025-07-25T17:00:00.000000000Z,34,2,5158,44.975,45.075,44.965,45.045,30327,ENB
2025-07-25T17:00:00.000000000Z,34,2,16192,47.14,47.31,47.14,47.3,7041,TRP
2025-07-25T18:00:00.000000000Z,34,2,16192,47.31,47.355,47.28,47.32,12784,TRP
2025-07-25T18:00:00.000000000Z,34,2,5158,45.05,45.13,45.03,45.07,32705,ENB
2025-07-25T19:00:00.000000000Z,34,2,5158,45.06,45.14,44.985,44.99,109773,ENB
2025-07-25T19:00:00.000000000Z,34,2,16192,47.325,47.34,47.22,47.245,52292,TRP
2025-07-25T20:00:00.000000000Z,34,2,5158,44.98,44.98,44.97,44.97,1612,ENB
2025-07-25T21:00:00.000000000Z,34,2,16192,47.35,47.35,47.35,47.35,3,TRP
2025-07-25T22:00:00.000000000Z,34,2,16192,47.35,47.35,47.35,47.35,6,TRP
2025-07-25T23:00:00.000000000Z,34,2,5158,45.06,45.06,45.06,45.06,237,ENB
2025-07-28T08:00:00.000000000Z,34,2,5158,45.34,45.34,45.34,45.34,25,ENB
2025-07-28T10:00:00.000000000Z,34,2,5158,45.26,45.26,45.26,45.26,40,ENB
2025-07-28T11:00:00.000000000Z,34,2,16192,47.89,47.89,47.89,47.89,3,TRP
2025-07-28T11:00:00.000000000Z,34,2,5158,45.1,45.1,45.1,45.1,3,ENB
2025-07-28T12:00:00.000000000Z,34,2,5158,45.01,45.01,45.01,45.01,39,ENB
2025-07-28T12:00:00.000000000Z,34,2,16192,47.47,47.47,47.47,47.47,7,TRP
2025-07-28T13:00:00.000000000Z,34,2,16192,47.46,47.46,46.91,46.97,5648,TRP
2025-07-28T13:00:00.000000000Z,34,2,5158,45.02,45.02,44.82,44.85,24481,ENB
2025-07-28T14:00:00.000000000Z,34,2,5158,44.84,44.94,44.805,44.88,27082,ENB
2025-07-28T14:00:00.000000000Z,34,2,16192,46.94,47.1,46.81,47.06,11032,TRP
2025-07-28T15:00:00.000000000Z,34,2,16192,47.01,47.17,47.01,47.1,7742,TRP
2025-07-28T15:00:00.000000000Z,34,2,5158,44.88,44.89,44.78,44.8,27567,ENB
2025-07-28T16:00:00.000000000Z,34,2,5158,44.8,44.8,44.64,44.7,24052,ENB
2025-07-28T16:00:00.000000000Z,34,2,16192,47.08,47.09,46.87,46.93,6612,TRP
2025-07-28T17:00:00.000000000Z,34,2,16192,46.94,46.99,46.85,46.85,7022,TRP
2025-07-28T17:00:00.000000000Z,34,2,5158,44.71,44.745,44.635,44.635,15384,ENB
2025-07-28T18:00:00.000000000Z,34,2,5158,44.64,44.665,44.585,44.645,17743,ENB
2025-07-28T18:00:00.000000000Z,34,2,16192,46.86,46.97,46.83,46.89,7680,TRP
2025-07-28T19:00:00.000000000Z,34,2,16192,46.9,46.98,46.815,46.83,48749,TRP
2025-07-28T19:00:00.000000000Z,34,2,5158,44.65,44.69,44.615,44.64,69605,ENB
2025-07-28T23:00:00.000000000Z,34,2,5158,44.69,44.69,44.69,44.69,1,ENB
2025-07-29T13:00:00.000000000Z,34,2,16192,46.79,46.93,46.675,46.9,6652,TRP
2025-07-29T13:00:00.000000000Z,34,2,5158,44.7,44.895,44.595,44.87,14230,ENB
2025-07-29T14:00:00.000000000Z,34,2,5158,44.86,45.03,44.86,44.93,46679,ENB
2025-07-29T14:00:00.000000000Z,34,2,16192,46.885,47.1,46.85,46.88,10956,TRP
2025-07-29T15:00:00.000000000Z,34,2,16192,46.87,47.05,46.855,47.0,10944,TRP
2025-07-29T15:00:00.000000000Z,34,2,5158,44.935,45.155,44.915,45.06,33328,ENB
2025-07-29T16:00:00.000000000Z,34,2,16192,46.99,47.075,46.94,46.97,8650,TRP
2025-07-29T16:00:00.000000000Z,34,2,5158,45.06,45.11,45.03,45.08,16015,ENB
2025-07-29T17:00:00.000000000Z,34,2,16192,47.02,47.09,46.97,47.06,9554,TRP
2025-07-29T17:00:00.000000000Z,34,2,5158,45.075,45.13,45.06,45.09,35843,ENB
2025-07-29T18:00:00.000000000Z,34,2,5158,45.09,45.14,45.02,45.045,29742,ENB
2025-07-29T18:00:00.000000000Z,34,2,16192,47.05,47.06,46.885,46.89,12207,TRP
2025-07-29T19:00:00.000000000Z,34,2,5158,45.045,45.075,44.905,45.07,90522,ENB
2025-07-29T19:00:00.000000000Z,34,2,16192,46.89,47.04,46.78,47.03,136577,TRP
2025-07-29T22:00:00.000000000Z,34,2,5158,45.1,45.1,45.1,45.1,1,ENB
2025-07-30T12:00:00.000000000Z,34,2,5158,45.06,45.17,45.06,45.17,77,ENB
2025-07-30T13:00:00.000000000Z,34,2,16192,46.86,47.14,46.86,47.095,6397,TRP
2025-07-30T13:00:00.000000000Z,34,2,5158,44.9,45.22,44.9,45.22,15942,ENB
2025-07-30T14:00:00.000000000Z,34,2,5158,45.215,45.245,45.01,45.03,27442,ENB
2025-07-30T14:00:00.000000000Z,34,2,16192,47.11,47.15,46.98,47.02,4924,TRP
2025-07-30T15:00:00.000000000Z,34,2,5158,45.03,45.05,44.935,44.935,34231,ENB
2025-07-30T15:00:00.000000000Z,34,2,16192,47.03,47.1,46.945,46.95,8013,TRP
2025-07-30T16:00:00.000000000Z,34,2,16192,46.95,46.98,46.85,46.96,6350,TRP
2025-07-30T16:00:00.000000000Z,34,2,5158,44.94,45.0,44.88,44.975,14953,ENB
2025-07-30T17:00:00.000000000Z,34,2,16192,46.95,47.13,46.895,47.055,5491,TRP
2025-07-30T17:00:00.000000000Z,34,2,5158,44.975,45.04,44.91,45.01,16639,ENB
2025-07-30T18:00:00.000000000Z,34,2,5158,45.01,45.12,44.975,45.0,31577,ENB
2025-07-30T18:00:00.000000000Z,34,2,16192,47.07,47.205,46.93,46.95,16768,TRP
2025-07-30T19:00:00.000000000Z,34,2,5158,44.995,45.035,44.89,44.985,85743,ENB
2025-07-30T19:00:00.000000000Z,34,2,16192,46.95,47.05,46.825,47.0,75642,TRP
2025-07-31T13:00:00.000000000Z,34,2,5158,45.04,45.22,44.805,45.2,22136,ENB
2025-07-31T13:00:00.000000000Z,34,2,16192,47.38,48.165,46.94,47.87,28666,TRP
2025-07-31T14:00:00.000000000Z,34,2,16192,47.87,47.89,47.26,47.4,37556,TRP
2025-07-31T14:00:00.000000000Z,34,2,5158,45.21,45.32,45.09,45.18,38359,ENB
2025-07-31T15:00:00.000000000Z,34,2,16192,47.375,47.775,47.375,47.7,38252,TRP
2025-07-31T15:00:00.000000000Z,34,2,5158,45.175,45.315,45.11,45.28,35519,ENB
2025-07-31T16:00:00.000000000Z,34,2,5158,45.275,45.47,45.275,45.465,23896,ENB
2025-07-31T16:00:00.000000000Z,34,2,16192,47.69,48.16,47.665,48.14,21338,TRP
2025-07-31T17:00:00.000000000Z,34,2,16192,48.13,48.13,47.73,47.775,19379,TRP
2025-07-31T17:00:00.000000000Z,34,2,5158,45.465,45.47,45.205,45.23,30150,ENB
2025-07-31T18:00:00.000000000Z,34,2,16192,47.79,47.97,47.68,47.86,25734,TRP
2025-07-31T18:00:00.000000000Z,34,2,5158,45.225,45.3,45.2,45.29,35159,ENB
2025-07-31T19:00:00.000000000Z,34,2,16192,47.85,48.07,47.69,47.87,84415,TRP
2025-07-31T19:00:00.000000000Z,34,2,5158,45.3,45.445,45.25,45.32,96498,ENB
2025-07-31T23:00:00.000000000Z,34,2,16192,47.32,47.32,47.32,47.32,337,TRP
2025-08-01T10:00:00.000000000Z,34,2,5158,45.19,45.19,45.19,45.19,2,ENB
2025-08-01T11:00:00.000000000Z,34,2,5158,45.45,45.45,45.45,45.45,10,ENB
2025-08-01T12:00:00.000000000Z,34,2,5158,45.25,45.48,45.25,45.48,196,ENB
2025-08-01T13:00:00.000000000Z,34,2,16192,48.01,48.47,47.755,47.96,14497,TRP
2025-08-01T13:00:00.000000000Z,34,2,5158,45.45,46.08,45.12,45.39,71136,ENB
2025-08-01T14:00:00.000000000Z,34,2,5158,45.39,45.95,45.35,45.565,111188,ENB
2025-08-01T14:00:00.000000000Z,34,2,16192,47.95,48.445,47.91,47.91,39652,TRP
2025-08-01T15:00:00.000000000Z,34,2,16192,47.94,48.31,47.93,48.26,26311,TRP
2025-08-01T15:00:00.000000000Z,34,2,5158,45.56,45.88,45.56,45.79,54975,ENB
2025-08-01T16:00:00.000000000Z,34,2,5158,45.78,45.98,45.74,45.87,35456,ENB
2025-08-01T16:00:00.000000000Z,34,2,16192,48.25,48.475,48.22,48.32,12267,TRP
2025-08-01T17:00:00.000000000Z,34,2,16192,48.32,48.32,48.07,48.09,11293,TRP
2025-08-01T17:00:00.000000000Z,34,2,5158,45.87,45.87,45.73,45.81,43141,ENB
2025-08-01T18:00:00.000000000Z,34,2,5158,45.825,45.995,45.715,45.83,62735,ENB
2025-08-01T18:00:00.000000000Z,34,2,16192,48.11,48.355,48.03,48.2,29841,TRP
2025-08-01T19:00:00.000000000Z,34,2,5158,45.83,46.205,45.82,46.2,149538,ENB
2025-08-01T19:00:00.000000000Z,34,2,16192,48.2,48.47,48.2,48.38,49231,TRP
2025-08-01T20:00:00.000000000Z,34,2,5158,46.21,46.21,46.0,46.0,125,ENB
2025-08-04T12:00:00.000000000Z,34,2,16192,48.5,48.5,48.5,48.5,30,TRP
2025-08-04T13:00:00.000000000Z,34,2,5158,46.11,46.41,46.11,46.41,9283,ENB
2025-08-04T13:00:00.000000000Z,34,2,16192,48.37,48.835,48.37,48.7,2807,TRP
2025-08-04T14:00:00.000000000Z,34,2,5158,46.4,46.665,46.4,46.61,30951,ENB
2025-08-04T14:00:00.000000000Z,34,2,16192,48.705,48.8,48.615,48.71,8853,TRP
2025-08-04T15:00:00.000000000Z,34,2,5158,46.605,46.61,46.47,46.56,13143,ENB
2025-08-04T15:00:00.000000000Z,34,2,16192,48.7,48.71,48.59,48.63,7549,TRP
2025-08-04T16:00:00.000000000Z,34,2,5158,46.555,46.59,46.42,46.45,12452,ENB
2025-08-04T16:00:00.000000000Z,34,2,16192,48.64,48.64,48.515,48.545,5165,TRP
2025-08-04T17:00:00.000000000Z,34,2,5158,46.44,46.49,46.305,46.47,21704,ENB
2025-08-04T17:00:00.000000000Z,34,2,16192,48.55,48.55,48.375,48.4,7245,TRP
2025-08-04T18:00:00.000000000Z,34,2,16192,48.4,48.56,48.4,48.45,14834,TRP
2025-08-04T18:00:00.000000000Z,34,2,5158,46.48,46.585,46.47,46.5,15919,ENB
2025-08-04T19:00:00.000000000Z,34,2,16192,48.46,48.62,48.42,48.53,47300,TRP
2025-08-04T19:00:00.000000000Z,34,2,5158,46.51,46.67,46.51,46.64,47593,ENB
2025-08-04T20:00:00.000000000Z,34,2,5158,46.67,46.68,46.67,46.68,10,ENB
2025-08-04T22:00:00.000000000Z,34,2,5158,46.7,46.7,46.68,46.68,3,ENB
2025-08-04T23:00:00.000000000Z,34,2,5158,46.68,46.68,46.68,46.68,203,ENB
2025-08-05T10:00:00.000000000Z,34,2,5158,46.5,46.5,46.5,46.5,11,ENB
2025-08-05T11:00:00.000000000Z,34,2,5158,46.38,46.45,46.38,46.43,3050,ENB
2025-08-05T12:00:00.000000000Z,34,2,5158,46.45,46.45,46.45,46.45,12,ENB
2025-08-05T13:00:00.000000000Z,34,2,16192,48.73,49.47,48.56,49.18,21888,TRP
2025-08-05T13:00:00.000000000Z,34,2,5158,46.45,47.42,46.45,46.975,36794,ENB
2025-08-05T14:00:00.000000000Z,34,2,5158,46.96,47.2,46.92,46.97,45057,ENB
2025-08-05T14:00:00.000000000Z,34,2,16192,49.18,49.33,49.08,49.14,26987,TRP
2025-08-05T15:00:00.000000000Z,34,2,16192,49.14,49.15,48.78,49.09,25285,TRP
2025-08-05T15:00:00.000000000Z,34,2,5158,46.96,46.985,46.73,46.985,47529,ENB
2025-08-05T16:00:00.000000000Z,34,2,5158,46.98,46.98,46.77,46.77,32899,ENB
2025-08-05T16:00:00.000000000Z,34,2,16192,49.09,49.09,48.875,48.875,25172,TRP
2025-08-05T17:00:00.000000000Z,34,2,5158,46.77,46.81,46.635,46.67,26811,ENB
2025-08-05T17:00:00.000000000Z,34,2,16192,48.86,48.88,48.67,48.69,17641,TRP
2025-08-05T18:00:00.000000000Z,34,2,5158,46.67,46.755,46.6,46.69,38680,ENB
2025-08-05T18:00:00.000000000Z,34,2,16192,48.685,48.86,48.58,48.83,23767,TRP
2025-08-05T19:00:00.000000000Z,34,2,16192,48.825,48.965,48.72,48.93,47710,TRP
2025-08-05T19:00:00.000000000Z,34,2,5158,46.69,46.755,46.58,46.74,86622,ENB
2025-08-06T13:00:00.000000000Z,34,2,16192,49.35,49.35,48.5,48.88,7016,TRP
2025-08-06T13:00:00.000000000Z,34,2,5158,46.88,46.99,46.36,46.8,42032,ENB
2025-08-06T14:00:00.000000000Z,34,2,16192,48.89,49.01,48.81,48.94,16102,TRP
2025-08-06T14:00:00.000000000Z,34,2,5158,46.765,46.95,46.76,46.9,17850,ENB
2025-08-06T15:00:00.000000000Z,34,2,16192,48.93,49.285,48.93,49.25,8600,TRP
2025-08-06T15:00:00.000000000Z,34,2,5158,46.9,47.01,46.78,46.945,21409,ENB
2025-08-06T16:00:00.000000000Z,34,2,16192,49.24,49.45,49.21,49.3,8307,TRP
2025-08-06T16:00:00.000000000Z,34,2,5158,46.945,47.04,46.925,46.96,14151,ENB
2025-08-06T17:00:00.000000000Z,34,2,5158,46.945,46.945,46.81,46.86,23802,ENB
2025-08-06T17:00:00.000000000Z,34,2,16192,49.3,49.37,49.23,49.28,8466,TRP
2025-08-06T18:00:00.000000000Z,34,2,16192,49.26,49.42,49.21,49.4,12040,TRP
2025-08-06T18:00:00.000000000Z,34,2,5158,46.87,46.88,46.675,46.79,47291,ENB
2025-08-06T19:00:00.000000000Z,34,2,16192,49.39,49.84,49.3,49.8,88521,TRP
2025-08-06T19:00:00.000000000Z,34,2,5158,46.79,47.04,46.705,47.02,166542,ENB
2025-08-06T22:00:00.000000000Z,34,2,5158,47.0,47.0,47.0,47.0,8,ENB
2025-08-07T11:00:00.000000000Z,34,2,5158,47.02,47.02,47.02,47.02,4,ENB
2025-08-07T13:00:00.000000000Z,34,2,5158,47.07,47.205,46.86,46.96,32222,ENB
2025-08-07T13:00:00.000000000Z,34,2,16192,49.75,49.89,49.46,49.52,9673,TRP
2025-08-07T14:00:00.000000000Z,34,2,5158,46.95,46.99,46.69,46.765,24776,ENB
2025-08-07T14:00:00.000000000Z,34,2,16192,49.53,49.71,49.42,49.43,8843,TRP
2025-08-07T15:00:00.000000000Z,34,2,16192,49.44,49.62,49.41,49.6,7546,TRP
2025-08-07T15:00:00.000000000Z,34,2,5158,46.78,46.99,46.77,46.96,15981,ENB
2025-08-07T16:00:00.000000000Z,34,2,5158,46.955,47.14,46.945,47.105,14264,ENB
2025-08-07T16:00:00.000000000Z,34,2,16192,49.6,49.82,49.59,49.76,8917,TRP
2025-08-07T17:00:00.000000000Z,34,2,5158,47.11,47.12,47.03,47.085,6921,ENB
2025-08-07T17:00:00.000000000Z,34,2,16192,49.77,49.84,49.69,49.78,7802,TRP
2025-08-07T18:00:00.000000000Z,34,2,5158,47.085,47.085,46.945,46.95,15218,ENB
2025-08-07T18:00:00.000000000Z,34,2,16192,49.74,49.74,49.57,49.57,8387,TRP
2025-08-07T19:00:00.000000000Z,34,2,16192,49.57,49.785,49.505,49.715,72778,TRP
2025-08-07T19:00:00.000000000Z,34,2,5158,46.945,47.14,46.915,47.1,79390,ENB
2025-08-08T09:00:00.000000000Z,34,2,5158,47.08,47.08,47.08,47.08,1,ENB
2025-08-08T12:00:00.000000000Z,34,2,5158,47.18,47.18,47.18,47.18,26,ENB
2025-08-08T13:00:00.000000000Z,34,2,5158,47.17,47.21,47.05,47.19,7376,ENB
2025-08-08T13:00:00.000000000Z,34,2,16192,49.84,49.85,49.63,49.79,6689,TRP
2025-08-08T14:00:00.000000000Z,34,2,5158,47.21,47.33,47.12,47.19,23178,ENB
2025-08-08T14:00:00.000000000Z,34,2,16192,49.79,49.88,49.5,49.53,13584,TRP
2025-08-08T15:00:00.000000000Z,34,2,16192,49.55,49.62,49.49,49.58,7914,TRP
2025-08-08T15:00:00.000000000Z,34,2,5158,47.17,47.24,47.12,47.215,8878,ENB
2025-08-08T16:00:00.000000000Z,34,2,16192,49.58,49.64,49.505,49.52,8129,TRP
2025-08-08T16:00:00.000000000Z,34,2,5158,47.22,47.27,47.19,47.19,7215,ENB
2025-08-08T17:00:00.000000000Z,34,2,16192,49.52,49.655,49.51,49.61,8758,TRP
2025-08-08T17:00:00.000000000Z,34,2,5158,47.195,47.305,47.19,47.275,10402,ENB
2025-08-08T18:00:00.000000000Z,34,2,5158,47.28,47.31,47.14,47.16,11214,ENB
2025-08-08T18:00:00.000000000Z,34,2,16192,49.6,49.67,49.45,49.485,13106,TRP
2025-08-08T19:00:00.000000000Z,34,2,5158,47.16,47.17,47.01,47.01,59849,ENB
2025-08-08T19:00:00.000000000Z,34,2,16192,49.475,49.48,49.3,49.38,59917,TRP
2025-08-11T12:00:00.000000000Z,34,2,5158,47.13,47.15,47.13,47.15,177,ENB
2025-08-11T13:00:00.000000000Z,34,2,16192,49.33,49.645,49.33,49.57,2924,TRP
2025-08-11T13:00:00.000000000Z,34,2,5158,47.15,47.17,46.98,47.055,15790,ENB
2025-08-11T14:00:00.000000000Z,34,2,5158,47.075,47.15,47.025,47.12,17990,ENB
2025-08-11T14:00:00.000000000Z,34,2,16192,49.58,49.65,49.5,49.61,11051,TRP
2025-08-11T15:00:00.000000000Z,34,2,16192,49.6,49.86,49.565,49.84,14634,TRP
2025-08-11T15:00:00.000000000Z,34,2,5158,47.11,47.385,47.1,47.37,20564,ENB
2025-08-11T16:00:00.000000000Z,34,2,5158,47.365,47.485,47.315,47.47,40733,ENB
2025-08-11T16:00:00.000000000Z,34,2,16192,49.85,50.07,49.83,50.0,7403,TRP
2025-08-11T17:00:00.000000000Z,34,2,16192,49.99,50.2,49.955,50.19,9349,TRP
2025-08-11T17:00:00.000000000Z,34,2,5158,47.46,47.56,47.435,47.54,24491,ENB
2025-08-11T18:00:00.000000000Z,34,2,5158,47.53,47.575,47.5,47.555,29127,ENB
2025-08-11T18:00:00.000000000Z,34,2,16192,50.19,50.22,50.06,50.115,8658,TRP
2025-08-11T19:00:00.000000000Z,34,2,16192,50.115,50.185,49.92,49.98,38248,TRP
2025-08-11T19:00:00.000000000Z,34,2,5158,47.555,47.62,47.485,47.5,152673,ENB
2025-08-12T13:00:00.000000000Z,34,2,16192,50.0,50.02,49.84,49.99,4234,TRP
2025-08-12T13:00:00.000000000Z,34,2,5158,47.5,47.6,47.45,47.6,9321,ENB
2025-08-12T14:00:00.000000000Z,34,2,5158,47.6,47.6,47.12,47.185,34088,ENB
2025-08-12T14:00:00.000000000Z,34,2,16192,49.99,50.0,49.64,49.69,8622,TRP
2025-08-12T15:00:00.000000000Z,34,2,16192,49.695,49.9,49.64,49.87,16426,TRP
2025-08-12T15:00:00.000000000Z,34,2,5158,47.195,47.305,47.145,47.225,48492,ENB
2025-08-12T16:00:00.000000000Z,34,2,16192,49.87,49.89,49.63,49.8,17932,TRP
2025-08-12T16:00:00.000000000Z,34,2,5158,47.235,47.235,47.075,47.18,23209,ENB
2025-08-12T17:00:00.000000000Z,34,2,16192,49.8,50.23,49.78,50.22,8485,TRP
2025-08-12T17:00:00.000000000Z,34,2,5158,47.175,47.36,47.155,47.35,9534,ENB
2025-08-12T18:00:00.000000000Z,34,2,5158,47.35,47.42,47.335,47.4,11164,ENB
2025-08-12T18:00:00.000000000Z,34,2,16192,50.21,50.28,50.15,50.21,12549,TRP
2025-08-12T19:00:00.000000000Z,34,2,5158,47.405,47.435,47.31,47.33,83929,ENB
2025-08-12T19:00:00.000000000Z,34,2,16192,50.2,50.23,50.05,50.1,34785,TRP
2025-08-12T21:00:00.000000000Z,34,2,16192,49.67,49.67,49.67,49.67,3,TRP
2025-08-13T12:00:00.000000000Z,34,2,5158,47.37,47.45,47.37,47.45,128,ENB
2025-08-13T13:00:00.000000000Z,34,2,16192,50.26,50.71,50.215,50.69,10425,TRP
2025-08-13T13:00:00.000000000Z,34,2,5158,47.4,47.64,47.295,47.62,18624,ENB
2025-08-13T14:00:00.000000000Z,34,2,5158,47.64,47.87,47.635,47.835,43969,ENB
2025-08-13T14:00:00.000000000Z,34,2,16192,50.7,50.965,50.68,50.81,18405,TRP
2025-08-13T15:00:00.000000000Z,34,2,16192,50.82,51.025,50.765,50.96,40390,TRP
2025-08-13T15:00:00.000000000Z,34,2,5158,47.84,47.875,47.8,47.81,46009,ENB
2025-08-13T16:00:00.000000000Z,34,2,5158,47.81,47.84,47.72,47.785,23860,ENB
2025-08-13T16:00:00.000000000Z,34,2,16192,50.96,51.05,50.815,51.01,14359,TRP
2025-08-13T17:00:00.000000000Z,34,2,16192,51.02,51.02,50.77,50.85,16754,TRP
2025-08-13T17:00:00.000000000Z,34,2,5158,47.78,47.79,47.665,47.68,18449,ENB
2025-08-13T18:00:00.000000000Z,34,2,16192,50.85,50.99,50.825,50.965,19253,TRP
2025-08-13T18:00:00.000000000Z,34,2,5158,47.68,47.795,47.675,47.765,14294,ENB
2025-08-13T19:00:00.000000000Z,34,2,16192,50.965,51.2,50.965,51.04,75735,TRP
2025-08-13T19:00:00.000000000Z,34,2,5158,47.765,47.83,47.68,47.685,89253,ENB
2025-08-13T20:00:00.000000000Z,34,2,5158,47.68,47.68,47.68,47.68,1,ENB
2025-08-14T08:00:00.000000000Z,34,2,5158,47.83,47.83,47.8,47.8,27,ENB
2025-08-14T12:00:00.000000000Z,34,2,5158,47.8,47.8,47.67,47.67,81,ENB
2025-08-14T13:00:00.000000000Z,34,2,5158,47.66,47.72,47.575,47.7,10538,ENB
2025-08-14T13:00:00.000000000Z,34,2,16192,50.6,50.96,50.6,50.89,2558,TRP
2025-08-14T14:00:00.000000000Z,34,2,16192,50.89,51.1,50.89,50.97,10737,TRP
2025-08-14T14:00:00.000000000Z,34,2,5158,47.7,47.95,47.7,47.8,49112,ENB
2025-08-14T15:00:00.000000000Z,34,2,16192,50.97,51.14,50.94,51.11,6778,TRP
2025-08-14T15:00:00.000000000Z,34,2,5158,47.81,47.93,47.775,47.93,24750,ENB
2025-08-14T16:00:00.000000000Z,34,2,16192,51.11,51.12,50.95,51.06,6188,TRP
2025-08-14T16:00:00.000000000Z,34,2,5158,47.93,47.97,47.86,47.925,20439,ENB
2025-08-14T17:00:00.000000000Z,34,2,16192,51.07,51.29,51.07,51.28,6850,TRP
2025-08-14T17:00:00.000000000Z,34,2,5158,47.915,48.115,47.915,48.115,26973,ENB
2025-08-14T18:00:00.000000000Z,34,2,16192,51.28,51.28,51.095,51.175,8281,TRP
2025-08-14T18:00:00.000000000Z,34,2,5158,48.12,48.12,47.955,47.98,29863,ENB
2025-08-14T19:00:00.000000000Z,34,2,5158,47.99,48.205,47.99,48.19,110430,ENB
2025-08-14T19:00:00.000000000Z,34,2,16192,51.18,51.41,51.18,51.24,53586,TRP
2025-08-14T20:00:00.000000000Z,34,2,5158,48.09,48.1,48.09,48.1,305,ENB
2025-08-14T20:00:00.000000000Z,34,2,16192,51.21,51.21,51.21,51.21,1,TRP
2025-08-14T21:00:00.000000000Z,34,2,5158,48.22,48.22,48.22,48.22,80,ENB
2025-08-14T21:00:00.000000000Z,34,2,16192,50.82,50.82,50.82,50.82,31,TRP
2025-08-14T22:00:00.000000000Z,34,2,5158,48.22,48.22,48.22,48.22,220,ENB
2025-08-15T08:00:00.000000000Z,34,2,5158,47.92,47.92,47.92,47.92,25,ENB
2025-08-15T10:00:00.000000000Z,34,2,5158,47.92,47.92,47.92,47.92,1,ENB
2025-08-15T12:00:00.000000000Z,34,2,5158,47.4,47.4,47.4,47.4,500,ENB
2025-08-15T13:00:00.000000000Z,34,2,16192,51.26,51.3,51.075,51.24,4433,TRP
2025-08-15T13:00:00.000000000Z,34,2,5158,47.575,47.62,47.14,47.26,33896,ENB
2025-08-15T14:00:00.000000000Z,34,2,16192,51.17,51.21,50.87,50.975,15444,TRP
2025-08-15T14:00:00.000000000Z,34,2,5158,47.24,47.3,46.965,47.065,28900,ENB
2025-08-15T15:00:00.000000000Z,34,2,5158,47.05,47.125,46.93,47.105,32659,ENB
2025-08-15T15:00:00.000000000Z,34,2,16192,50.95,51.08,50.93,51.07,11135,TRP
2025-08-15T16:00:00.000000000Z,34,2,5158,47.11,47.285,47.11,47.14,14487,ENB
2025-08-15T16:00:00.000000000Z,34,2,16192,51.08,51.25,51.08,51.11,12490,TRP
2025-08-15T17:00:00.000000000Z,34,2,16192,51.12,51.14,51.04,51.04,8999,TRP
2025-08-15T17:00:00.000000000Z,34,2,5158,47.145,47.15,47.005,47.015,18298,ENB
2025-08-15T18:00:00.000000000Z,34,2,5158,47.01,47.09,46.995,47.09,29707,ENB
2025-08-15T18:00:00.000000000Z,34,2,16192,51.03,51.05,50.92,51.03,17917,TRP
2025-08-15T19:00:00.000000000Z,34,2,16192,51.025,51.08,50.93,51.07,46323,TRP
2025-08-15T19:00:00.000000000Z,34,2,5158,47.07,47.07,46.955,47.055,94721,ENB
2025-08-15T20:00:00.000000000Z,34,2,5158,47.15,47.16,47.15,47.15,782,ENB
2025-08-15T21:00:00.000000000Z,34,2,5158,47.16,47.16,47.15,47.15,497,ENB
2025-08-15T22:00:00.000000000Z,34,2,5158,47.17,47.17,47.16,47.16,69,ENB
2025-08-15T23:00:00.000000000Z,34,2,5158,47.16,47.16,47.16,47.16,1,ENB
2025-08-18T11:00:00.000000000Z,34,2,5158,47.21,47.21,47.21,47.21,80,ENB
2025-08-18T11:00:00.000000000Z,34,2,16192,51.0,51.0,51.0,51.0,6,TRP
2025-08-18T12:00:00.000000000Z,34,2,5158,47.21,47.21,47.21,47.21,3,ENB
2025-08-18T13:00:00.000000000Z,34,2,16192,50.99,51.0,50.75,50.97,3304,TRP
2025-08-18T13:00:00.000000000Z,34,2,5158,47.21,47.21,46.73,46.89,12373,ENB
2025-08-18T14:00:00.000000000Z,34,2,16192,51.0,51.03,50.83,50.985,10771,TRP
2025-08-18T14:00:00.000000000Z,34,2,5158,46.91,46.96,46.855,46.95,39555,ENB
2025-08-18T15:00:00.000000000Z,34,2,16192,50.99,50.99,50.605,50.66,11415,TRP
2025-08-18T15:00:00.000000000Z,34,2,5158,46.97,46.97,46.82,46.88,11821,ENB
2025-08-18T16:00:00.000000000Z,34,2,5158,46.88,46.905,46.775,46.795,12922,ENB
2025-08-18T16:00:00.000000000Z,34,2,16192,50.665,50.71,50.54,50.54,14721,TRP
2025-08-18T17:00:00.000000000Z,34,2,16192,50.55,50.57,50.34,50.505,14125,TRP
2025-08-18T17:00:00.000000000Z,34,2,5158,46.8,46.815,46.69,46.755,16624,ENB
2025-08-18T18:00:00.000000000Z,34,2,5158,46.75,46.755,46.685,46.745,17637,ENB
2025-08-18T18:00:00.000000000Z,34,2,16192,50.5,50.5,50.39,50.45,24692,TRP
2025-08-18T19:00:00.000000000Z,34,2,16192,50.45,50.545,50.4,50.43,53632,TRP
2025-08-18T19:00:00.000000000Z,34,2,5158,46.745,46.785,46.675,46.675,55902,ENB
2025-08-18T21:00:00.000000000Z,34,2,5158,46.66,46.66,46.66,46.66,97,ENB
2025-08-19T13:00:00.000000000Z,34,2,5158,46.635,46.905,46.53,46.8,13874,ENB
2025-08-19T13:00:00.000000000Z,34,2,16192,50.27,50.75,50.27,50.72,1643,TRP
2025-08-19T14:00:00.000000000Z,34,2,5158,46.865,46.985,46.77,46.945,15735,ENB
2025-08-19T14:00:00.000000000Z,34,2,16192,50.73,50.89,50.72,50.81,11554,TRP
2025-08-19T15:00:00.000000000Z,34,2,16192,50.82,50.95,50.8,50.86,10462,TRP
2025-08-19T15:00:00.000000000Z,34,2,5158,46.95,47.02,46.91,46.93,20950,ENB
2025-08-19T16:00:00.000000000Z,34,2,5158,46.93,47.095,46.93,47.07,28843,ENB
2025-08-19T16:00:00.000000000Z,34,2,16192,50.87,51.07,50.86,51.04,7634,TRP
2025-08-19T17:00:00.000000000Z,34,2,5158,47.07,47.285,47.055,47.19,38294,ENB
2025-08-19T17:00:00.000000000Z,34,2,16192,51.03,51.25,51.03,51.17,11686,TRP
2025-08-19T18:00:00.000000000Z,34,2,5158,47.18,47.315,47.12,47.225,32726,ENB
2025-08-19T18:00:00.000000000Z,34,2,16192,51.16,51.18,51.02,51.12,12145,TRP
2025-08-19T19:00:00.000000000Z,34,2,16192,51.11,51.24,51.055,51.16,80768,TRP
2025-08-19T19:00:00.000000000Z,34,2,5158,47.225,47.31,47.165,47.185,129580,ENB
2025-08-19T23:00:00.000000000Z,34,2,16192,51.18,51.18,51.18,51.18,1,TRP
2025-08-20T11:00:00.000000000Z,34,2,5158,47.19,47.2,47.19,47.2,31,ENB
2025-08-20T13:00:00.000000000Z,34,2,16192,51.21,51.75,51.21,51.615,10537,TRP
2025-08-20T13:00:00.000000000Z,34,2,5158,47.405,47.9,47.37,47.8,23809,ENB
2025-08-20T14:00:00.000000000Z,34,2,5158,47.81,48.01,47.79,47.96,30632,ENB
2025-08-20T14:00:00.000000000Z,34,2,16192,51.63,51.78,51.51,51.69,30882,TRP
2025-08-20T15:00:00.000000000Z,34,2,16192,51.67,51.81,51.59,51.65,29122,TRP
2025-08-20T15:00:00.000000000Z,34,2,5158,47.95,48.005,47.875,47.93,22227,ENB
2025-08-20T16:00:00.000000000Z,34,2,16192,51.65,51.95,51.65,51.93,12435,TRP
2025-08-20T16:00:00.000000000Z,34,2,5158,47.94,48.115,47.93,48.105,25859,ENB
2025-08-20T17:00:00.000000000Z,34,2,5158,48.12,48.125,47.955,48.04,15964,ENB
2025-08-20T17:00:00.000000000Z,34,2,16192,51.945,51.96,51.695,51.81,13502,TRP
2025-08-20T18:00:00.000000000Z,34,2,5158,48.04,48.135,48.025,48.135,13472,ENB
2025-08-20T18:00:00.000000000Z,34,2,16192,51.79,52.02,51.785,52.005,13070,TRP
2025-08-20T19:00:00.000000000Z,34,2,16192,52.01,52.09,51.805,51.86,77260,TRP
2025-08-20T19:00:00.000000000Z,34,2,5158,48.14,48.195,47.99,48.025,108185,ENB
2025-08-20T20:00:00.000000000Z,34,2,16192,51.77,51.77,51.66,51.67,1896,TRP
2025-08-20T22:00:00.000000000Z,34,2,5158,48.09,48.09,48.09,48.09,3,ENB
2025-08-21T13:00:00.000000000Z,34,2,16192,51.34,51.79,51.34,51.68,7440,TRP
2025-08-21T13:00:00.000000000Z,34,2,5158,47.94,48.15,47.94,48.07,11535,ENB
2025-08-21T14:00:00.000000000Z,34,2,16192,51.7,51.75,51.43,51.59,18234,TRP
2025-08-21T14:00:00.000000000Z,34,2,5158,48.08,48.14,47.82,47.88,19108,ENB
2025-08-21T15:00:00.000000000Z,34,2,5158,47.86,47.935,47.78,47.875,13185,ENB
2025-08-21T15:00:00.000000000Z,34,2,16192,51.58,51.66,51.34,51.43,15045,TRP
2025-08-21T16:00:00.000000000Z,34,2,5158,47.865,47.92,47.825,47.835,10956,ENB
2025-08-21T16:00:00.000000000Z,34,2,16192,51.425,51.45,51.32,51.34,5046,TRP
2025-08-21T17:00:00.000000000Z,34,2,16192,51.35,51.64,51.35,51.57,6486,TRP
2025-08-21T17:00:00.000000000Z,34,2,5158,47.84,48.03,47.84,47.985,12908,ENB
2025-08-21T18:00:00.000000000Z,34,2,5158,47.99,48.06,47.98,48.04,14510,ENB
2025-08-21T18:00:00.000000000Z,34,2,16192,51.56,51.77,51.56,51.62,8217,TRP
2025-08-21T19:00:00.000000000Z,34,2,5158,48.04,48.04,47.935,47.95,70985,ENB
2025-08-21T19:00:00.000000000Z,34,2,16192,51.62,51.665,51.4,51.51,54000,TRP
2025-08-22T10:00:00.000000000Z,34,2,5158,47.94,47.94,47.94,47.94,23,ENB
2025-08-22T13:00:00.000000000Z,34,2,16192,51.71,51.745,51.46,51.55,10206,TRP
2025-08-22T13:00:00.000000000Z,34,2,5158,47.965,48.14,47.965,48.1,6444,ENB
2025-08-22T14:00:00.000000000Z,34,2,5158,48.12,48.28,47.96,48.12,43070,ENB
2025-08-22T14:00:00.000000000Z,34,2,16192,51.565,51.73,51.38,51.66,11301,TRP
2025-08-22T15:00:00.000000000Z,34,2,16192,51.64,51.73,51.48,51.52,16756,TRP
2025-08-22T15:00:00.000000000Z,34,2,5158,48.13,48.22,48.085,48.2,24247,ENB
2025-08-22T16:00:00.000000000Z,34,2,5158,48.21,48.27,48.1,48.15,13348,ENB
2025-08-22T16:00:00.000000000Z,34,2,16192,51.52,51.54,51.3,51.37,14089,TRP
2025-08-22T17:00:00.000000000Z,34,2,16192,51.37,51.37,51.18,51.23,16480,TRP
2025-08-22T17:00:00.000000000Z,34,2,5158,48.16,48.17,48.05,48.065,13366,ENB
2025-08-22T18:00:00.000000000Z,34,2,16192,51.23,51.31,51.18,51.235,15785,TRP
2025-08-22T18:00:00.000000000Z,34,2,5158,48.06,48.075,47.975,48.0,12048,ENB
2025-08-22T19:00:00.000000000Z,34,2,5158,48.0,48.005,47.9,47.97,53907,ENB
2025-08-22T19:00:00.000000000Z,34,2,16192,51.23,51.29,51.1,51.23,56967,TRP
2025-08-22T22:00:00.000000000Z,34,2,5158,48.06,48.06,48.06,48.06,5,ENB
2025-08-25T08:00:00.000000000Z,34,2,5158,47.99,47.99,47.99,47.99,1,ENB
2025-08-25T11:00:00.000000000Z,34,2,5158,47.97,47.97,47.97,47.97,6,ENB
2025-08-25T13:00:00.000000000Z,34,2,16192,51.11,51.21,50.9,50.99,19772,TRP
2025-08-25T13:00:00.000000000Z,34,2,5158,47.83,47.96,47.78,47.86,8764,ENB
2025-08-25T14:00:00.000000000Z,34,2,16192,51.01,51.01,50.765,50.83,32812,TRP
2025-08-25T14:00:00.000000000Z,34,2,5158,47.84,47.84,47.6,47.65,7664,ENB
2025-08-25T15:00:00.000000000Z,34,2,5158,47.655,47.72,47.62,47.7,6987,ENB
2025-08-25T15:00:00.000000000Z,34,2,16192,50.85,51.01,50.78,50.99,20792,TRP
2025-08-25T16:00:00.000000000Z,34,2,16192,51.01,51.07,50.93,51.0,11745,TRP
2025-08-25T16:00:00.000000000Z,34,2,5158,47.725,47.73,47.635,47.68,3517,ENB
2025-08-25T17:00:00.000000000Z,34,2,5158,47.67,47.69,47.61,47.62,5948,ENB
2025-08-25T17:00:00.000000000Z,34,2,16192,50.995,51.03,50.89,50.92,9560,TRP
2025-08-25T18:00:00.000000000Z,34,2,5158,47.62,47.68,47.61,47.63,5296,ENB
2025-08-25T18:00:00.000000000Z,34,2,16192,50.915,50.99,50.865,50.875,12387,TRP
2025-08-25T19:00:00.000000000Z,34,2,16192,50.87,50.875,50.77,50.78,62173,TRP
2025-08-25T19:00:00.000000000Z,34,2,5158,47.63,47.705,47.59,47.6,44631,ENB
2025-08-25T22:00:00.000000000Z,34,2,5158,47.61,47.61,47.61,47.61,19,ENB
2025-08-25T23:00:00.000000000Z,34,2,5158,47.61,47.61,47.61,47.61,20,ENB
2025-08-26T09:00:00.000000000Z,34,2,5158,47.69,47.69,47.69,47.69,24,ENB
2025-08-26T10:00:00.000000000Z,34,2,5158,47.6,47.6,47.6,47.6,4,ENB
2025-08-26T13:00:00.000000000Z,34,2,5158,47.59,47.7,47.24,47.28,8544,ENB
2025-08-26T13:00:00.000000000Z,34,2,16192,50.63,50.68,50.36,50.46,10603,TRP
2025-08-26T14:00:00.000000000Z,34,2,5158,47.29,47.32,47.155,47.2,17581,ENB
2025-08-26T14:00:00.000000000Z,34,2,16192,50.41,50.55,50.39,50.5,11575,TRP
2025-08-26T15:00:00.000000000Z,34,2,5158,47.2,47.28,47.12,47.125,8952,ENB
2025-08-26T15:00:00.000000000Z,34,2,16192,50.505,50.785,50.425,50.55,18086,TRP
2025-08-26T16:00:00.000000000Z,34,2,5158,47.13,47.315,47.095,47.275,13703,ENB
2025-08-26T16:00:00.000000000Z,34,2,16192,50.57,50.68,50.47,50.62,14398,TRP
2025-08-26T17:00:00.000000000Z,34,2,16192,50.61,50.77,50.6,50.64,9452,TRP
2025-08-26T17:00:00.000000000Z,34,2,5158,47.27,47.405,47.25,47.3,10733,ENB
2025-08-26T18:00:00.000000000Z,34,2,5158,47.3,47.39,47.265,47.37,9580,ENB
2025-08-26T18:00:00.000000000Z,34,2,16192,50.64,50.745,50.615,50.725,11279,TRP
2025-08-26T19:00:00.000000000Z,34,2,5158,47.36,47.52,47.345,47.455,94212,ENB
2025-08-26T19:00:00.000000000Z,34,2,16192,50.725,51.0,50.675,50.925,71676,TRP
2025-08-26T20:00:00.000000000Z,34,2,5158,47.69,47.69,47.69,47.69,500,ENB
2025-08-27T13:00:00.000000000Z,34,2,16192,50.9,51.04,50.82,50.91,5585,TRP
2025-08-27T13:00:00.000000000Z,34,2,5158,47.42,47.49,47.27,47.385,14197,ENB
2025-08-27T14:00:00.000000000Z,34,2,16192,50.93,51.16,50.9,51.15,9889,TRP
2025-08-27T14:00:00.000000000Z,34,2,5158,47.37,47.535,47.33,47.485,12306,ENB
2025-08-27T15:00:00.000000000Z,34,2,16192,51.12,51.3,51.08,51.19,12067,TRP
2025-08-27T15:00:00.000000000Z,34,2,5158,47.45,47.575,47.41,47.555,12501,ENB
2025-08-27T16:00:00.000000000Z,34,2,16192,51.2,51.36,51.19,51.305,7800,TRP
2025-08-27T16:00:00.000000000Z,34,2,5158,47.565,47.73,47.555,47.69,9779,ENB
2025-08-27T17:00:00.000000000Z,34,2,16192,51.3,51.44,51.29,51.44,12011,TRP
2025-08-27T17:00:00.000000000Z,34,2,5158,47.685,47.825,47.67,47.79,11733,ENB
2025-08-27T18:00:00.000000000Z,34,2,5158,47.79,47.825,47.715,47.715,36059,ENB
2025-08-27T18:00:00.000000000Z,34,2,16192,51.435,51.475,51.3,51.31,18410,TRP
2025-08-27T19:00:00.000000000Z,34,2,16192,51.3,51.435,51.195,51.28,50479,TRP
2025-08-27T19:00:00.000000000Z,34,2,5158,47.71,47.795,47.58,47.625,167586,ENB
2025-08-28T13:00:00.000000000Z,34,2,16192,51.08,51.21,50.98,51.15,3462,TRP
2025-08-28T13:00:00.000000000Z,34,2,5158,47.63,47.63,47.42,47.57,14784,ENB
2025-08-28T14:00:00.000000000Z,34,2,5158,47.57,47.75,47.47,47.625,17538,ENB
2025-08-28T14:00:00.000000000Z,34,2,16192,51.12,51.38,51.08,51.35,19399,TRP
2025-08-28T15:00:00.000000000Z,34,2,5158,47.65,47.76,47.575,47.675,21690,ENB
2025-08-28T15:00:00.000000000Z,34,2,16192,51.335,51.49,51.29,51.44,19455,TRP
2025-08-28T16:00:00.000000000Z,34,2,5158,47.68,47.705,47.62,47.635,15187,ENB
2025-08-28T16:00:00.000000000Z,34,2,16192,51.44,51.46,51.355,51.42,9422,TRP
2025-08-28T17:00:00.000000000Z,34,2,5158,47.64,47.745,47.575,47.745,15928,ENB
2025-08-28T17:00:00.000000000Z,34,2,16192,51.42,51.53,51.39,51.53,13925,TRP
2025-08-28T18:00:00.000000000Z,34,2,5158,47.74,47.85,47.74,47.83,18771,ENB
2025-08-28T18:00:00.000000000Z,34,2,16192,51.52,51.63,51.52,51.62,16445,TRP
2025-08-28T19:00:00.000000000Z,34,2,16192,51.63,51.79,51.615,51.65,60759,TRP
2025-08-28T19:00:00.000000000Z,34,2,5158,47.845,47.94,47.805,47.82,110445,ENB
2025-08-29T13:00:00.000000000Z,34,2,16192,51.66,52.12,51.66,52.04,5408,TRP
2025-08-29T13:00:00.000000000Z,34,2,5158,47.82,48.205,47.805,48.2,10922,ENB
2025-08-29T14:00:00.000000000Z,34,2,16192,52.06,52.2,51.82,51.96,19663,TRP
2025-08-29T14:00:00.000000000Z,34,2,5158,48.21,48.35,48.195,48.35,19094,ENB
2025-08-29T15:00:00.000000000Z,34,2,16192,51.955,52.17,51.935,52.15,17728,TRP
2025-08-29T15:00:00.000000000Z,34,2,5158,48.35,48.41,48.275,48.39,11999,ENB
2025-08-29T16:00:00.000000000Z,34,2,5158,48.39,48.58,48.37,48.56,27163,ENB
2025-08-29T16:00:00.000000000Z,34,2,16192,52.15,52.22,52.09,52.19,17604,TRP
2025-08-29T17:00:00.000000000Z,34,2,16192,52.2,52.26,52.18,52.18,15408,TRP
2025-08-29T17:00:00.000000000Z,34,2,5158,48.55,48.555,48.465,48.47,16187,ENB
2025-08-29T18:00:00.000000000Z,34,2,5158,48.47,48.47,48.385,48.405,18221,ENB
2025-08-29T18:00:00.000000000Z,34,2,16192,52.19,52.2,52.105,52.145,19032,TRP
2025-08-29T19:00:00.000000000Z,34,2,16192,52.14,52.19,52.065,52.07,90691,TRP
2025-08-29T19:00:00.000000000Z,34,2,5158,48.4,48.435,48.335,48.35,117201,ENB
2025-08-29T20:00:00.000000000Z,34,2,5158,48.36,48.36,48.3,48.3,300,ENB
2025-08-29T21:00:00.000000000Z,34,2,5158,48.49,48.49,48.49,48.49,2,ENB
2025-09-02T11:00:00.000000000Z,34,2,5158,48.36,48.36,48.35,48.35,61,ENB
2025-09-02T12:00:00.000000000Z,34,2,5158,48.32,48.32,48.32,48.32,1,ENB
2025-09-02T13:00:00.000000000Z,34,2,16192,51.71,51.81,51.5,51.81,6713,TRP
2025-09-02T13:00:00.000000000Z,34,2,5158,48.25,48.305,47.95,48.305,15048,ENB
2025-09-02T14:00:00.000000000Z,34,2,5158,48.32,48.44,48.3,48.315,38794,ENB
2025-09-02T14:00:00.000000000Z,34,2,16192,51.82,52.03,51.82,51.905,9101,TRP
2025-09-02T15:00:00.000000000Z,34,2,16192,51.91,51.96,51.74,51.74,11162,TRP
2025-09-02T15:00:00.000000000Z,34,2,5158,48.3,48.42,48.22,48.29,26464,ENB
2025-09-02T16:00:00.000000000Z,34,2,16192,51.74,51.74,51.58,51.59,10994,TRP
2025-09-02T16:00:00.000000000Z,34,2,5158,48.29,48.39,48.195,48.235,40956,ENB
2025-09-02T17:00:00.000000000Z,34,2,16192,51.61,51.63,51.47,51.535,9267,TRP
2025-09-02T17:00:00.000000000Z,34,2,5158,48.24,48.27,48.125,48.15,19712,ENB
2025-09-02T18:00:00.000000000Z,34,2,5158,48.16,48.17,48.035,48.095,35351,ENB
2025-09-02T18:00:00.000000000Z,34,2,16192,51.52,51.56,51.4,51.55,24258,TRP
2025-09-02T19:00:00.000000000Z,34,2,16192,51.56,51.715,51.52,51.68,73319,TRP
2025-09-02T19:00:00.000000000Z,34,2,5158,48.1,48.305,48.075,48.3,116385,ENB
2025-09-02T20:00:00.000000000Z,34,2,5158,48.17,48.3,48.02,48.3,30,ENB
2025-09-03T09:00:00.000000000Z,34,2,5158,48.32,48.32,48.32,48.32,2,ENB
2025-09-03T13:00:00.000000000Z,34,2,16192,51.66,51.83,51.49,51.68,8339,TRP
2025-09-03T13:00:00.000000000Z,34,2,5158,48.15,48.355,47.975,48.055,28355,ENB
2025-09-03T14:00:00.000000000Z,34,2,16192,51.7,51.96,51.6,51.89,12865,TRP
2025-09-03T14:00:00.000000000Z,34,2,5158,48.08,48.335,47.98,48.25,32819,ENB
2025-09-03T15:00:00.000000000Z,34,2,5158,48.25,48.495,48.25,48.485,26403,ENB
2025-09-03T15:00:00.000000000Z,34,2,16192,51.9,52.2,51.89,52.19,12358,TRP
2025-09-03T16:00:00.000000000Z,34,2,16192,52.2,52.26,51.91,51.93,6510,TRP
2025-09-03T16:00:00.000000000Z,34,2,5158,48.485,48.515,48.22,48.225,27421,ENB
2025-09-03T17:00:00.000000000Z,34,2,5158,48.23,48.27,48.205,48.23,16048,ENB
2025-09-03T17:00:00.000000000Z,34,2,16192,51.91,51.95,51.84,51.88,7323,TRP
2025-09-03T18:00:00.000000000Z,34,2,5158,48.23,48.37,48.215,48.225,16835,ENB
2025-09-03T18:00:00.000000000Z,34,2,16192,51.89,52.05,51.835,51.84,5626,TRP
2025-09-03T19:00:00.000000000Z,34,2,5158,48.23,48.335,48.165,48.315,61917,ENB
2025-09-03T19:00:00.000000000Z,34,2,16192,51.85,52.13,51.81,52.08,42225,TRP
2025-09-03T20:00:00.000000000Z,34,2,5158,48.45,48.5,48.45,48.5,2,ENB
2025-09-03T21:00:00.000000000Z,34,2,5158,48.49,48.49,48.49,48.49,1,ENB
2025-09-04T12:00:00.000000000Z,34,2,5158,48.37,48.37,48.37,48.37,1000,ENB
2025-09-04T13:00:00.000000000Z,34,2,16192,52.18,52.27,51.915,51.99,11491,TRP
2025-09-04T13:00:00.000000000Z,34,2,5158,48.39,48.56,48.3,48.42,8871,ENB
2025-09-04T14:00:00.000000000Z,34,2,5158,48.42,48.43,48.095,48.12,34668,ENB
2025-09-04T14:00:00.000000000Z,34,2,16192,51.99,51.99,51.4,51.42,37616,TRP
2025-09-04T15:00:00.000000000Z,34,2,16192,51.42,51.68,51.365,51.655,29582,TRP
2025-09-04T15:00:00.000000000Z,34,2,5158,48.13,48.275,48.125,48.24,17563,ENB
2025-09-04T16:00:00.000000000Z,34,2,16192,51.66,51.73,51.42,51.48,38650,TRP
2025-09-04T16:00:00.000000000Z,34,2,5158,48.245,48.285,48.16,48.23,9161,ENB
2025-09-04T17:00:00.000000000Z,34,2,16192,51.48,51.515,51.42,51.46,27190,TRP
2025-09-04T17:00:00.000000000Z,34,2,5158,48.23,48.26,48.19,48.205,20557,ENB
2025-09-04T18:00:00.000000000Z,34,2,5158,48.21,48.28,48.195,48.23,19380,ENB
2025-09-04T18:00:00.000000000Z,34,2,16192,51.47,51.55,51.41,51.45,29023,TRP
2025-09-04T19:00:00.000000000Z,34,2,5158,48.22,48.27,48.12,48.16,103255,ENB
2025-09-04T19:00:00.000000000Z,34,2,16192,51.445,51.5,51.32,51.4,66207,TRP
2025-09-04T20:00:00.000000000Z,34,2,16192,51.17,51.17,51.17,51.17,8,TRP
2025-09-04T21:00:00.000000000Z,34,2,5158,48.17,48.17,48.16,48.16,400,ENB
2025-09-04T22:00:00.000000000Z,34,2,5158,48.17,48.17,48.17,48.17,40,ENB
2025-09-04T23:00:00.000000000Z,34,2,5158,48.16,48.16,48.16,48.16,217,ENB
2025-09-05T13:00:00.000000000Z,34,2,16192,51.575,51.71,51.44,51.54,3879,TRP
2025-09-05T13:00:00.000000000Z,34,2,5158,48.25,48.435,48.25,48.405,7187,ENB
2025-09-05T14:00:00.000000000Z,34,2,5158,48.38,48.38,48.07,48.16,16762,ENB
2025-09-05T14:00:00.000000000Z,34,2,16192,51.52,51.52,51.24,51.36,13842,TRP
2025-09-05T15:00:00.000000000Z,34,2,5158,48.155,48.155,48.005,48.04,26233,ENB
2025-09-05T15:00:00.000000000Z,34,2,16192,51.35,51.37,51.08,51.23,16101,TRP
2025-09-05T16:00:00.000000000Z,34,2,16192,51.25,51.48,51.24,51.47,6405,TRP
2025-09-05T16:00:00.000000000Z,34,2,5158,48.055,48.16,47.995,48.1,18306,ENB
2025-09-05T17:00:00.000000000Z,34,2,16192,51.48,51.5,51.37,51.5,4950,TRP
2025-09-05T17:00:00.000000000Z,34,2,5158,48.1,48.12,47.96,48.065,19080,ENB
2025-09-05T18:00:00.000000000Z,34,2,5158,48.07,48.105,47.985,48.08,19353,ENB
2025-09-05T18:00:00.000000000Z,34,2,16192,51.5,51.62,51.42,51.58,7382,TRP
2025-09-05T19:00:00.000000000Z,34,2,16192,51.58,51.97,51.56,51.87,61952,TRP
2025-09-05T19:00:00.000000000Z,34,2,5158,48.09,48.31,48.075,48.275,76437,ENB
2025-09-05T21:00:00.000000000Z,34,2,5158,48.12,48.12,48.05,48.05,318,ENB
2025-09-08T12:00:00.000000000Z,34,2,5158,48.44,48.44,48.44,48.44,9,ENB
2025-09-08T13:00:00.000000000Z,34,2,5158,48.48,48.67,48.37,48.47,13349,ENB
2025-09-08T13:00:00.000000000Z,34,2,16192,51.83,52.13,51.72,51.72,7076,TRP
2025-09-08T14:00:00.000000000Z,34,2,5158,48.43,48.45,48.255,48.295,22845,ENB
2025-09-08T14:00:00.000000000Z,34,2,16192,51.69,51.7,51.46,51.53,12357,TRP
2025-09-08T15:00:00.000000000Z,34,2,16192,51.525,51.55,51.38,51.43,6217,TRP
2025-09-08T15:00:00.000000000Z,34,2,5158,48.3,48.325,48.05,48.075,13399,ENB
2025-09-08T16:00:00.000000000Z,34,2,16192,51.45,51.65,51.45,51.65,3055,TRP
2025-09-08T16:00:00.000000000Z,34,2,5158,48.09,48.24,48.07,48.24,7786,ENB
2025-09-08T17:00:00.000000000Z,34,2,16192,51.64,51.68,51.57,51.68,5367,TRP
2025-09-08T17:00:00.000000000Z,34,2,5158,48.24,48.255,48.17,48.19,9666,ENB
2025-09-08T18:00:00.000000000Z,34,2,16192,51.68,51.81,51.67,51.8,4224,TRP
2025-09-08T18:00:00.000000000Z,34,2,5158,48.19,48.315,48.19,48.275,14048,ENB
2025-09-08T19:00:00.000000000Z,34,2,5158,48.27,48.375,48.225,48.33,44190,ENB
2025-09-08T19:00:00.000000000Z,34,2,16192,51.8,51.99,51.74,51.88,39810,TRP
2025-09-09T13:00:00.000000000Z,34,2,5158,48.26,48.375,48.13,48.355,9515,ENB
2025-09-09T13:00:00.000000000Z,34,2,16192,51.84,51.92,51.68,51.77,2172,TRP
2025-09-09T14:00:00.000000000Z,34,2,5158,48.36,48.415,48.25,48.27,12399,ENB
2025-09-09T14:00:00.000000000Z,34,2,16192,51.79,51.92,51.61,51.75,9210,TRP
2025-09-09T15:00:00.000000000Z,34,2,16192,51.76,51.94,51.71,51.92,6491,TRP
2025-09-09T15:00:00.000000000Z,34,2,5158,48.28,48.49,48.25,48.47,15420,ENB
2025-09-09T16:00:00.000000000Z,34,2,5158,48.47,48.575,48.45,48.53,8760,ENB
2025-09-09T16:00:00.000000000Z,34,2,16192,51.92,51.99,51.86,51.95,6314,TRP
2025-09-09T17:00:00.000000000Z,34,2,16192,51.95,52.0,51.915,51.96,6148,TRP
2025-09-09T17:00:00.000000000Z,34,2,5158,48.53,48.59,48.505,48.56,10186,ENB
2025-09-09T18:00:00.000000000Z,34,2,5158,48.57,48.635,48.57,48.62,13392,ENB
2025-09-09T18:00:00.000000000Z,34,2,16192,51.965,52.12,51.96,52.11,11425,TRP
2025-09-09T19:00:00.000000000Z,34,2,16192,52.09,52.09,51.75,51.82,43067,TRP
2025-09-09T19:00:00.000000000Z,34,2,5158,48.59,48.595,48.305,48.325,64913,ENB
2025-09-09T23:00:00.000000000Z,34,2,5158,48.72,48.75,48.72,48.75,125,ENB
2025-09-10T11:00:00.000000000Z,34,2,5158,48.4,48.4,48.4,48.4,7,ENB
2025-09-10T13:00:00.000000000Z,34,2,5158,48.37,48.6,48.33,48.465,17055,ENB
2025-09-10T13:00:00.000000000Z,34,2,16192,51.89,52.28,51.81,52.215,13634,TRP
2025-09-10T14:00:00.000000000Z,34,2,16192,52.185,52.39,52.01,52.015,44385,TRP
2025-09-10T14:00:00.000000000Z,34,2,5158,48.47,48.57,48.38,48.43,41998,ENB
2025-09-10T15:00:00.000000000Z,34,2,16192,52.01,52.05,51.88,51.97,38337,TRP
2025-09-10T15:00:00.000000000Z,34,2,5158,48.43,48.51,48.38,48.49,20053,ENB
2025-09-10T16:00:00.000000000Z,34,2,5158,48.49,48.51,48.4,48.44,11474,ENB
2025-09-10T16:00:00.000000000Z,34,2,16192,51.975,52.01,51.795,51.94,38609,TRP
2025-09-10T17:00:00.000000000Z,34,2,16192,51.94,51.99,51.815,51.885,39949,TRP
2025-09-10T17:00:00.000000000Z,34,2,5158,48.425,48.52,48.42,48.515,12057,ENB
2025-09-10T18:00:00.000000000Z,34,2,5158,48.51,48.64,48.5,48.61,16374,ENB
2025-09-10T18:00:00.000000000Z,34,2,16192,51.885,52.08,51.875,52.01,32741,TRP
2025-09-10T19:00:00.000000000Z,34,2,16192,52.015,52.05,51.885,51.95,52558,TRP
2025-09-10T19:00:00.000000000Z,34,2,5158,48.62,48.63,48.535,48.58,87549,ENB
2025-09-11T11:00:00.000000000Z,34,2,16192,51.95,51.95,51.95,51.95,2,TRP
2025-09-11T13:00:00.000000000Z,34,2,16192,51.93,52.025,51.69,52.01,6774,TRP
2025-09-11T13:00:00.000000000Z,34,2,5158,48.65,48.7,48.46,48.63,10398,ENB
2025-09-11T14:00:00.000000000Z,34,2,5158,48.64,48.66,48.5,48.61,9321,ENB
2025-09-11T14:00:00.000000000Z,34,2,16192,52.01,52.08,51.92,52.0,26001,TRP
2025-09-11T15:00:00.000000000Z,34,2,5158,48.61,48.745,48.59,48.745,11183,ENB
2025-09-11T15:00:00.000000000Z,34,2,16192,51.995,52.1,51.96,52.075,45047,TRP
2025-09-11T16:00:00.000000000Z,34,2,5158,48.74,48.81,48.735,48.76,5327,ENB
2025-09-11T16:00:00.000000000Z,34,2,16192,52.075,52.19,52.035,52.14,37836,TRP
2025-09-11T17:00:00.000000000Z,34,2,5158,48.76,48.765,48.65,48.68,6074,ENB
2025-09-11T17:00:00.000000000Z,34,2,16192,52.135,52.15,52.015,52.05,20462,TRP
2025-09-11T18:00:00.000000000Z,34,2,5158,48.69,48.76,48.66,48.67,9679,ENB
2025-09-11T18:00:00.000000000Z,34,2,16192,52.055,52.135,52.02,52.045,21178,TRP
2025-09-11T19:00:00.000000000Z,34,2,16192,52.04,52.1,51.9,52.1,53390,TRP
2025-09-11T19:00:00.000000000Z,34,2,5158,48.67,48.795,48.61,48.795,50001,ENB
2025-09-11T23:00:00.000000000Z,34,2,5158,48.84,48.84,48.84,48.84,6,ENB
2025-09-12T10:00:00.000000000Z,34,2,5158,48.82,48.94,48.82,48.94,4,ENB
2025-09-12T13:00:00.000000000Z,34,2,5158,48.78,48.9,48.75,48.77,9564,ENB
2025-09-12T13:00:00.000000000Z,34,2,16192,51.9,52.19,51.7,52.1,10765,TRP
2025-09-12T14:00:00.000000000Z,34,2,16192,52.08,52.44,52.06,52.415,29880,TRP
2025-09-12T14:00:00.000000000Z,34,2,5158,48.75,49.065,48.75,49.06,15090,ENB
2025-09-12T15:00:00.000000000Z,34,2,5158,49.065,49.11,48.915,48.92,8811,ENB
2025-09-12T15:00:00.000000000Z,34,2,16192,52.425,52.48,52.235,52.25,37333,TRP
2025-09-12T16:00:00.000000000Z,34,2,5158,48.915,48.94,48.84,48.92,12680,ENB
2025-09-12T16:00:00.000000000Z,34,2,16192,52.265,52.265,52.13,52.195,24112,TRP
2025-09-12T17:00:00.000000000Z,34,2,16192,52.19,52.225,52.115,52.2,20240,TRP
2025-09-12T17:00:00.000000000Z,34,2,5158,48.9,48.955,48.84,48.915,9996,ENB
2025-09-12T18:00:00.000000000Z,34,2,5158,48.92,49.04,48.92,49.04,8239,ENB
2025-09-12T18:00:00.000000000Z,34,2,16192,52.205,52.29,52.205,52.235,17819,TRP
2025-09-12T19:00:00.000000000Z,34,2,16192,52.235,52.365,52.215,52.32,54094,TRP
2025-09-12T19:00:00.000000000Z,34,2,5158,49.03,49.105,48.985,49.095,52672,ENB
2025-09-12T21:00:00.000000000Z,34,2,5158,49.0,49.0,49.0,49.0,4,ENB
2025-09-15T08:00:00.000000000Z,34,2,5158,49.1,49.1,49.1,49.1,5,ENB
2025-09-15T09:00:00.000000000Z,34,2,5158,49.1,49.1,49.1,49.1,20,ENB
2025-09-15T10:00:00.000000000Z,34,2,5158,49.47,49.47,49.09,49.09,12,ENB
2025-09-15T11:00:00.000000000Z,34,2,5158,49.06,49.06,49.03,49.03,102,ENB
2025-09-15T12:00:00.000000000Z,34,2,16192,52.31,52.31,52.31,52.31,8,TRP
2025-09-15T13:00:00.000000000Z,34,2,5158,49.08,49.15,48.735,48.91,17713,ENB
2025-09-15T13:00:00.000000000Z,34,2,16192,52.32,52.4,52.04,52.15,14224,TRP
2025-09-15T14:00:00.000000000Z,34,2,5158,48.91,48.91,48.74,48.85,23389,ENB
2025-09-15T14:00:00.000000000Z,34,2,16192,52.13,52.175,51.98,52.14,39167,TRP
2025-09-15T15:00:00.000000000Z,34,2,16192,52.135,52.34,52.115,52.315,43481,TRP
2025-09-15T15:00:00.000000000Z,34,2,5158,48.855,48.96,48.83,48.94,22892,ENB
2025-09-15T16:00:00.000000000Z,34,2,16192,52.32,52.37,52.11,52.125,39693,TRP
2025-09-15T16:00:00.000000000Z,34,2,5158,48.94,48.98,48.88,48.94,12058,ENB
2025-09-15T17:00:00.000000000Z,34,2,16192,52.12,52.19,52.025,52.055,42364,TRP
2025-09-15T17:00:00.000000000Z,34,2,5158,48.94,49.0,48.895,48.94,12703,ENB
2025-09-15T18:00:00.000000000Z,34,2,16192,52.07,52.24,52.055,52.16,35350,TRP
2025-09-15T18:00:00.000000000Z,34,2,5158,48.945,49.07,48.94,48.96,6811,ENB
2025-09-15T19:00:00.000000000Z,34,2,5158,48.96,49.085,48.945,49.085,57577,ENB
2025-09-15T19:00:00.000000000Z,34,2,16192,52.15,52.285,52.115,52.275,74810,TRP
2025-09-15T20:00:00.000000000Z,34,2,5158,49.0,49.0,49.0,49.0,50,ENB
2025-09-15T21:00:00.000000000Z,34,2,5158,48.9,49.2,48.9,49.2,210,ENB
2025-09-16T11:00:00.000000000Z,34,2,5158,49.01,49.01,49.01,49.01,50,ENB
2025-09-16T12:00:00.000000000Z,34,2,5158,49.03,49.03,49.01,49.02,23,ENB
2025-09-16T13:00:00.000000000Z,34,2,16192,52.39,52.47,52.01,52.19,9997,TRP
2025-09-16T13:00:00.000000000Z,34,2,5158,49.2,49.21,48.96,49.08,8922,ENB
2025-09-16T14:00:00.000000000Z,34,2,5158,49.08,49.17,49.01,49.04,15911,ENB
2025-09-16T14:00:00.000000000Z,34,2,16192,52.21,52.35,52.11,52.23,35845,TRP
2025-09-16T15:00:00.000000000Z,34,2,5158,49.04,49.07,48.91,49.06,13659,ENB
2025-09-16T15:00:00.000000000Z,34,2,16192,52.23,52.235,52.055,52.12,44990,TRP
2025-09-16T16:00:00.000000000Z,34,2,16192,52.115,52.33,52.075,52.2,48612,TRP
2025-09-16T16:00:00.000000000Z,34,2,5158,49.08,49.175,49.045,49.09,22402,ENB
2025-09-16T17:00:00.000000000Z,34,2,16192,52.195,52.22,52.075,52.095,27981,TRP
2025-09-16T17:00:00.000000000Z,34,2,5158,49.085,49.11,49.02,49.05,10422,ENB
2025-09-16T18:00:00.000000000Z,34,2,5158,49.04,49.14,48.97,48.98,20045,ENB
2025-09-16T18:00:00.000000000Z,34,2,16192,52.09,52.29,52.075,52.13,43655,TRP
2025-09-16T19:00:00.000000000Z,34,2,5158,48.99,49.045,48.87,48.9,79331,ENB
2025-09-16T19:00:00.000000000Z,34,2,16192,52.135,52.235,52.08,52.105,62431,TRP
2025-09-16T20:00:00.000000000Z,34,2,5158,49.18,49.18,49.18,49.18,100,ENB
2025-09-16T23:00:00.000000000Z,34,2,5158,49.04,49.04,49.04,49.04,1,ENB
2025-09-17T12:00:00.000000000Z,34,2,5158,49.0,49.0,49.0,49.0,15,ENB
2025-09-17T13:00:00.000000000Z,34,2,5158,48.92,49.225,48.9,49.14,13312,ENB
2025-09-17T13:00:00.000000000Z,34,2,16192,52.18,52.44,52.18,52.325,11848,TRP
2025-09-17T14:00:00.000000000Z,34,2,5158,49.14,49.24,49.04,49.22,21234,ENB
2025-09-17T14:00:00.000000000Z,34,2,16192,52.34,52.56,52.23,52.51,23290,TRP
2025-09-17T15:00:00.000000000Z,34,2,16192,52.53,52.55,52.32,52.32,6660,TRP
2025-09-17T15:00:00.000000000Z,34,2,5158,49.22,49.25,49.09,49.18,22037,ENB
2025-09-17T16:00:00.000000000Z,34,2,16192,52.31,52.41,52.295,52.33,8169,TRP
2025-09-17T16:00:00.000000000Z,34,2,5158,49.17,49.28,49.145,49.17,46288,ENB
2025-09-17T17:00:00.000000000Z,34,2,16192,52.34,52.34,52.21,52.29,5602,TRP
2025-09-17T17:00:00.000000000Z,34,2,5158,49.18,49.18,49.07,49.13,13899,ENB
2025-09-17T18:00:00.000000000Z,34,2,16192,52.32,52.56,52.23,52.3,11715,TRP
2025-09-17T18:00:00.000000000Z,34,2,5158,49.2,49.255,49.06,49.12,36051,ENB
2025-09-17T19:00:00.000000000Z,34,2,16192,52.33,52.505,52.31,52.375,70745,TRP
2025-09-17T19:00:00.000000000Z,34,2,5158,49.16,49.35,49.045,49.095,216658,ENB
2025-09-17T20:00:00.000000000Z,34,2,5158,49.11,49.11,49.11,49.11,5,ENB
2025-09-18T08:00:00.000000000Z,34,2,5158,49.14,49.14,49.14,49.14,2,ENB
2025-09-18T11:00:00.000000000Z,34,2,5158,48.99,48.99,48.99,48.99,25,ENB
2025-09-18T12:00:00.000000000Z,34,2,5158,49.14,49.14,49.09,49.09,14,ENB
2025-09-18T13:00:00.000000000Z,34,2,5158,49.0,49.0,48.68,48.83,31107,ENB
2025-09-18T13:00:00.000000000Z,34,2,16192,52.2,52.43,52.15,52.405,5801,TRP
2025-09-18T14:00:00.000000000Z,34,2,5158,48.84,48.93,48.755,48.92,39575,ENB
2025-09-18T14:00:00.000000000Z,34,2,16192,52.415,52.415,52.23,52.32,11809,TRP
2025-09-18T15:00:00.000000000Z,34,2,5158,48.92,49.08,48.86,49.08,29832,ENB
2025-09-18T15:00:00.000000000Z,34,2,16192,52.35,52.485,52.31,52.48,9118,TRP
2025-09-18T16:00:00.000000000Z,34,2,16192,52.46,52.65,52.45,52.635,5135,TRP
2025-09-18T16:00:00.000000000Z,34,2,5158,49.085,49.125,49.035,49.12,23670,ENB
2025-09-18T17:00:00.000000000Z,34,2,16192,52.625,52.75,52.625,52.69,6291,TRP
2025-09-18T17:00:00.000000000Z,34,2,5158,49.11,49.155,49.085,49.12,18663,ENB
2025-09-18T18:00:00.000000000Z,34,2,5158,49.12,49.17,49.07,49.135,27286,ENB
2025-09-18T18:00:00.000000000Z,34,2,16192,52.7,52.71,52.54,52.59,7615,TRP
2025-09-18T19:00:00.000000000Z,34,2,16192,52.59,52.7,52.59,52.655,38054,TRP
2025-09-18T19:00:00.000000000Z,34,2,5158,49.135,49.21,49.11,49.13,68579,ENB
2025-09-18T20:00:00.000000000Z,34,2,5158,49.12,49.18,49.12,49.18,864,ENB
2025-09-19T13:00:00.000000000Z,34,2,16192,52.8,53.04,52.43,52.65,8402,TRP
2025-09-19T13:00:00.000000000Z,34,2,5158,49.38,49.47,49.055,49.18,52348,ENB
2025-09-19T14:00:00.000000000Z,34,2,5158,49.18,49.25,49.035,49.15,34427,ENB
2025-09-19T14:00:00.000000000Z,34,2,16192,52.59,52.71,52.48,52.58,9307,TRP
2025-09-19T15:00:00.000000000Z,34,2,16192,52.6,52.67,52.46,52.5,9633,TRP
2025-09-19T15:00:00.000000000Z,34,2,5158,49.15,49.18,49.08,49.15,13084,ENB
2025-09-19T16:00:00.000000000Z,34,2,5158,49.14,49.33,49.11,49.32,16936,ENB
2025-09-19T16:00:00.000000000Z,34,2,16192,52.485,52.505,52.355,52.5,6583,TRP
2025-09-19T17:00:00.000000000Z,34,2,5158,49.36,49.41,49.34,49.39,8065,ENB
2025-09-19T17:00:00.000000000Z,34,2,16192,52.53,52.565,52.47,52.525,7731,TRP
2025-09-19T18:00:00.000000000Z,34,2,16192,52.53,52.68,52.53,52.64,8630,TRP
2025-09-19T18:00:00.000000000Z,34,2,5158,49.4,49.435,49.295,49.315,11484,ENB
2025-09-19T19:00:00.000000000Z,34,2,5158,49.32,49.55,49.31,49.48,101891,ENB
2025-09-19T19:00:00.000000000Z,34,2,16192,52.645,52.75,52.545,52.545,38569,TRP
2025-09-19T23:00:00.000000000Z,34,2,5158,49.3,49.3,49.3,49.3,5,ENB
2025-09-22T09:00:00.000000000Z,34,2,5158,49.46,49.46,49.46,49.46,14,ENB
2025-09-22T12:00:00.000000000Z,34,2,5158,49.46,49.46,49.46,49.46,3,ENB
2025-09-22T13:00:00.000000000Z,34,2,16192,52.51,52.605,52.31,52.57,6331,TRP
2025-09-22T13:00:00.000000000Z,34,2,5158,49.52,49.52,49.28,49.385,23095,ENB
2025-09-22T14:00:00.000000000Z,34,2,16192,52.6,53.09,52.6,52.98,57015,TRP
2025-09-22T14:00:00.000000000Z,34,2,5158,49.38,49.41,49.22,49.31,25646,ENB
2025-09-22T15:00:00.000000000Z,34,2,16192,52.98,53.085,52.9,53.08,24748,TRP
2025-09-22T15:00:00.000000000Z,34,2,5158,49.315,49.455,49.31,49.45,19107,ENB
2025-09-22T16:00:00.000000000Z,34,2,16192,53.08,53.21,53.075,53.11,16218,TRP
2025-09-22T16:00:00.000000000Z,34,2,5158,49.45,49.58,49.445,49.51,53651,ENB
2025-09-22T17:00:00.000000000Z,34,2,16192,53.125,53.3,53.125,53.3,12762,TRP
2025-09-22T17:00:00.000000000Z,34,2,5158,49.505,49.59,49.465,49.555,32675,ENB
2025-09-22T18:00:00.000000000Z,34,2,5158,49.56,49.59,49.515,49.515,23186,ENB
2025-09-22T18:00:00.000000000Z,34,2,16192,53.285,53.33,53.17,53.22,22674,TRP
2025-09-22T19:00:00.000000000Z,34,2,16192,53.21,53.23,52.86,52.9,56721,TRP
2025-09-22T19:00:00.000000000Z,34,2,5158,49.52,49.52,49.19,49.2,143639,ENB
2025-09-22T20:00:00.000000000Z,34,2,5158,49.18,49.18,49.16,49.16,300,ENB
2025-09-22T20:00:00.000000000Z,34,2,16192,52.9,52.9,52.9,52.9,34,TRP
2025-09-22T21:00:00.000000000Z,34,2,5158,49.13,49.13,49.09,49.09,266,ENB
2025-09-22T22:00:00.000000000Z,34,2,5158,49.1,49.1,49.01,49.01,17,ENB
2025-09-23T11:00:00.000000000Z,34,2,5158,49.26,49.3,49.25,49.3,28,ENB
2025-09-23T12:00:00.000000000Z,34,2,5158,49.31,49.31,49.31,49.31,15,ENB
2025-09-23T13:00:00.000000000Z,34,2,16192,52.88,52.94,52.59,52.94,7459,TRP
2025-09-23T13:00:00.000000000Z,34,2,5158,49.25,49.41,49.02,49.41,18265,ENB
2025-09-23T14:00:00.000000000Z,34,2,16192,52.93,53.21,52.86,53.21,25688,TRP
2025-09-23T14:00:00.000000000Z,34,2,5158,49.43,49.58,49.29,49.575,42152,ENB
2025-09-23T15:00:00.000000000Z,34,2,5158,49.57,49.59,49.48,49.555,37530,ENB
2025-09-23T15:00:00.000000000Z,34,2,16192,53.185,53.25,53.1,53.18,17950,TRP
2025-09-23T16:00:00.000000000Z,34,2,16192,53.17,53.48,53.165,53.32,13040,TRP
2025-09-23T16:00:00.000000000Z,34,2,5158,49.55,49.82,49.535,49.725,21224,ENB
2025-09-23T17:00:00.000000000Z,34,2,16192,53.33,53.4,53.3,53.39,9063,TRP
2025-09-23T17:00:00.000000000Z,34,2,5158,49.735,49.79,49.695,49.765,21942,ENB
2025-09-23T18:00:00.000000000Z,34,2,16192,53.395,53.44,53.3,53.32,11986,TRP
2025-09-23T18:00:00.000000000Z,34,2,5158,49.755,49.76,49.63,49.67,28309,ENB
2025-09-23T19:00:00.000000000Z,34,2,16192,53.33,53.34,53.155,53.32,65126,TRP
2025-09-23T19:00:00.000000000Z,34,2,5158,49.67,49.68,49.51,49.605,132749,ENB
2025-09-23T22:00:00.000000000Z,34,2,5158,49.6,49.6,49.6,49.6,2,ENB
2025-09-23T23:00:00.000000000Z,34,2,5158,49.6,49.6,49.6,49.6,15,ENB
2025-09-24T10:00:00.000000000Z,34,2,5158,49.6,49.68,49.6,49.68,14,ENB
2025-09-24T11:00:00.000000000Z,34,2,5158,49.7,49.77,49.7,49.75,2215,ENB
2025-09-24T13:00:00.000000000Z,34,2,5158,49.575,49.91,49.54,49.84,17045,ENB
2025-09-24T13:00:00.000000000Z,34,2,16192,53.26,53.67,53.26,53.58,5097,TRP
2025-09-24T14:00:00.000000000Z,34,2,16192,53.57,53.8,53.55,53.72,15378,TRP
2025-09-24T14:00:00.000000000Z,34,2,5158,49.85,50.145,49.75,50.1,37395,ENB
2025-09-24T15:00:00.000000000Z,34,2,5158,50.1,50.135,49.87,49.91,33622,ENB
2025-09-24T15:00:00.000000000Z,34,2,16192,53.725,53.8,53.58,53.68,22650,TRP
2025-09-24T16:00:00.000000000Z,34,2,5158,49.92,50.025,49.91,49.97,19483,ENB
2025-09-24T16:00:00.000000000Z,34,2,16192,53.68,53.79,53.68,53.735,13383,TRP
2025-09-24T17:00:00.000000000Z,34,2,5158,49.97,50.14,49.955,50.105,38192,ENB
2025-09-24T17:00:00.000000000Z,34,2,16192,53.73,53.75,53.63,53.71,12423,TRP
2025-09-24T18:00:00.000000000Z,34,2,5158,50.1,50.1,49.945,49.99,29172,ENB
2025-09-24T18:00:00.000000000Z,34,2,16192,53.7,53.7,53.55,53.615,7560,TRP
2025-09-24T19:00:00.000000000Z,34,2,16192,53.63,53.705,53.515,53.54,76105,TRP
2025-09-24T19:00:00.000000000Z,34,2,5158,49.99,50.105,49.93,49.98,129468,ENB
2025-09-25T10:00:00.000000000Z,34,2,5158,49.98,50.2,49.78,49.78,150,ENB
2025-09-25T12:00:00.000000000Z,34,2,5158,49.9,49.9,49.9,49.9,48,ENB
2025-09-25T13:00:00.000000000Z,34,2,16192,53.62,54.02,53.37,53.45,19389,TRP
2025-09-25T13:00:00.000000000Z,34,2,5158,49.87,50.09,49.35,49.4,43044,ENB
2025-09-25T14:00:00.000000000Z,34,2,16192,53.46,53.75,53.46,53.64,22718,TRP
2025-09-25T14:00:00.000000000Z,34,2,5158,49.44,49.63,49.42,49.445,39292,ENB
2025-09-25T15:00:00.000000000Z,34,2,16192,53.66,53.86,53.54,53.86,9688,TRP
2025-09-25T15:00:00.000000000Z,34,2,5158,49.44,49.59,49.3,49.585,23632,ENB
2025-09-25T16:00:00.000000000Z,34,2,5158,49.59,49.67,49.5,49.56,26528,ENB
2025-09-25T16:00:00.000000000Z,34,2,16192,53.86,53.9,53.67,53.7,9630,TRP
2025-09-25T17:00:00.000000000Z,34,2,16192,53.69,53.72,53.615,53.67,10528,TRP
2025-09-25T17:00:00.000000000Z,34,2,5158,49.56,49.67,49.51,49.625,40055,ENB
2025-09-25T18:00:00.000000000Z,34,2,16192,53.66,53.76,53.585,53.585,10774,TRP
2025-09-25T18:00:00.000000000Z,34,2,5158,49.62,49.73,49.6,49.62,22211,ENB
2025-09-25T19:00:00.000000000Z,34,2,16192,53.585,53.695,53.535,53.685,33956,TRP
2025-09-25T19:00:00.000000000Z,34,2,5158,49.62,49.685,49.55,49.565,131843,ENB
2025-09-25T20:00:00.000000000Z,34,2,5158,49.5,49.5,49.5,49.5,1,ENB
2025-09-25T22:00:00.000000000Z,34,2,5158,49.68,49.68,49.68,49.68,1,ENB
2025-09-26T10:00:00.000000000Z,34,2,5158,49.65,49.65,49.28,49.28,68,ENB
2025-09-26T11:00:00.000000000Z,34,2,5158,49.71,49.77,49.71,49.77,17,ENB
2025-09-26T13:00:00.000000000Z,34,2,5158,49.78,50.0,49.755,49.81,17322,ENB
2025-09-26T13:00:00.000000000Z,34,2,16192,53.84,54.16,53.84,53.98,7302,TRP
2025-09-26T14:00:00.000000000Z,34,2,5158,49.83,49.97,49.78,49.81,46618,ENB
2025-09-26T14:00:00.000000000Z,34,2,16192,54.005,54.12,53.88,53.95,15908,TRP
2025-09-26T15:00:00.000000000Z,34,2,16192,53.94,54.04,53.82,53.83,19489,TRP
2025-09-26T15:00:00.000000000Z,34,2,5158,49.8,49.8,49.65,49.695,59839,ENB
2025-09-26T16:00:00.000000000Z,34,2,5158,49.7,49.82,49.67,49.82,16389,ENB
2025-09-26T16:00:00.000000000Z,34,2,16192,53.83,54.0,53.8,54.0,14959,TRP
2025-09-26T17:00:00.000000000Z,34,2,5158,49.83,49.86,49.735,49.765,24277,ENB
2025-09-26T17:00:00.000000000Z,34,2,16192,54.0,54.03,53.875,53.91,13218,TRP
2025-09-26T18:00:00.000000000Z,34,2,16192,53.9,53.9,53.69,53.69,14966,TRP
2025-09-26T18:00:00.000000000Z,34,2,5158,49.76,49.76,49.615,49.62,20016,ENB
2025-09-26T19:00:00.000000000Z,34,2,16192,53.695,53.7,53.27,53.395,65461,TRP
2025-09-26T19:00:00.000000000Z,34,2,5158,49.62,49.625,49.43,49.585,89743,ENB
2025-09-26T20:00:00.000000000Z,34,2,5158,49.59,49.59,49.59,49.59,10,ENB
2025-09-26T23:00:00.000000000Z,34,2,5158,49.69,49.69,49.69,49.69,1,ENB
2025-09-29T09:00:00.000000000Z,34,2,5158,49.89,49.9,49.89,49.9,281,ENB
2025-09-29T10:00:00.000000000Z,34,2,5158,49.74,49.79,49.74,49.79,18,ENB
2025-09-29T13:00:00.000000000Z,34,2,16192,52.58,53.48,52.58,52.79,42397,TRP
2025-09-29T13:00:00.000000000Z,34,2,5158,49.78,49.78,49.44,49.44,25521,ENB
2025-09-29T14:00:00.000000000Z,34,2,5158,49.42,49.71,49.42,49.68,29842,ENB
2025-09-29T14:00:00.000000000Z,34,2,16192,52.76,53.05,52.72,53.01,46924,TRP
2025-09-29T15:00:00.000000000Z,34,2,5158,49.675,49.795,49.66,49.69,13569,ENB
2025-09-29T15:00:00.000000000Z,34,2,16192,53.01,53.23,53.01,53.12,17932,TRP
2025-09-29T16:00:00.000000000Z,34,2,16192,53.13,53.285,53.11,53.24,23232,TRP
2025-09-29T16:00:00.000000000Z,34,2,5158,49.69,49.695,49.605,49.66,14468,ENB
2025-09-29T17:00:00.000000000Z,34,2,5158,49.66,49.68,49.57,49.575,10924,ENB
2025-09-29T17:00:00.000000000Z,34,2,16192,53.25,53.305,53.09,53.13,36793,TRP
2025-09-29T18:00:00.000000000Z,34,2,16192,53.13,53.335,53.11,53.31,25654,TRP
2025-09-29T18:00:00.000000000Z,34,2,5158,49.575,49.81,49.575,49.81,13860,ENB
2025-09-29T19:00:00.000000000Z,34,2,16192,53.305,53.485,53.27,53.45,77893,TRP
2025-09-29T19:00:00.000000000Z,34,2,5158,49.8,49.84,49.72,49.725,66503,ENB
2025-09-30T08:00:00.000000000Z,34,2,5158,49.5,49.75,49.5,49.75,74,ENB
2025-09-30T13:00:00.000000000Z,34,2,5158,49.75,50.13,49.75,49.99,27110,ENB
2025-09-30T13:00:00.000000000Z,34,2,16192,53.38,53.85,53.38,53.85,12662,TRP
2025-09-30T14:00:00.000000000Z,34,2,16192,53.81,53.95,53.685,53.91,5319,TRP
2025-09-30T14:00:00.000000000Z,34,2,5158,49.99,50.13,49.92,50.085,59822,ENB
2025-09-30T15:00:00.000000000Z,34,2,5158,50.085,50.165,50.02,50.045,39293,ENB
2025-09-30T15:00:00.000000000Z,34,2,16192,53.9,54.07,53.79,53.84,15742,TRP
2025-09-30T16:00:00.000000000Z,34,2,5158,50.05,50.24,50.045,50.19,55466,ENB
2025-09-30T16:00:00.000000000Z,34,2,16192,53.85,54.05,53.8,53.98,8840,TRP
2025-09-30T17:00:00.000000000Z,34,2,5158,50.185,50.235,50.135,50.235,26586,ENB
2025-09-30T17:00:00.000000000Z,34,2,16192,53.98,54.04,53.94,54.04,10030,TRP
2025-09-30T18:00:00.000000000Z,34,2,16192,54.04,54.3,54.02,54.28,10900,TRP
2025-09-30T18:00:00.000000000Z,34,2,5158,50.23,50.42,50.23,50.42,33027,ENB
2025-09-30T19:00:00.000000000Z,34,2,5158,50.43,50.495,50.315,50.465,138020,ENB
2025-09-30T19:00:00.000000000Z,34,2,16192,54.28,54.405,54.08,54.4,93414,TRP
2025-09-30T23:00:00.000000000Z,34,2,5158,50.45,50.45,50.45,50.45,10,ENB
2025-10-01T08:00:00.000000000Z,34,2,5158,50.5,50.5,50.5,50.5,2,ENB
2025-10-01T11:00:00.000000000Z,34,2,5158,50.39,50.39,50.28,50.28,23,ENB
2025-10-01T12:00:00.000000000Z,34,2,5158,50.21,50.21,50.21,50.21,1100,ENB
2025-10-01T13:00:00.000000000Z,34,2,16192,54.15,54.9,54.15,54.57,14567,TRP
2025-10-01T13:00:00.000000000Z,34,2,5158,50.34,50.53,50.18,50.265,36393,ENB
2025-10-01T14:00:00.000000000Z,34,2,16192,54.56,54.63,53.98,54.0,14856,TRP
2025-10-01T14:00:00.000000000Z,34,2,5158,50.265,50.28,49.59,49.705,97072,ENB
2025-10-01T15:00:00.000000000Z,34,2,16192,53.99,54.13,53.83,53.83,14811,TRP
2025-10-01T15:00:00.000000000Z,34,2,5158,49.7,49.805,49.42,49.42,107050,ENB
2025-10-01T16:00:00.000000000Z,34,2,5158,49.42,49.7,49.385,49.66,87629,ENB
2025-10-01T16:00:00.000000000Z,34,2,16192,53.805,54.08,53.79,54.05,12119,TRP
2025-10-01T17:00:00.000000000Z,34,2,5158,49.665,49.8,49.66,49.79,35605,ENB
2025-10-01T17:00:00.000000000Z,34,2,16192,54.05,54.14,54.0,54.06,13044,TRP
2025-10-01T18:00:00.000000000Z,34,2,5158,49.795,49.87,49.72,49.84,46446,ENB
2025-10-01T18:00:00.000000000Z,34,2,16192,54.07,54.14,53.99,54.13,12094,TRP
2025-10-01T19:00:00.000000000Z,34,2,16192,54.13,54.33,53.85,53.9,118527,TRP
2025-10-01T19:00:00.000000000Z,34,2,5158,49.84,49.975,49.565,49.585,187403,ENB
2025-10-01T22:00:00.000000000Z,34,2,5158,49.96,49.96,49.96,49.96,1,ENB
2025-10-02T08:00:00.000000000Z,34,2,5158,49.98,49.98,49.98,49.98,8,ENB
2025-10-02T09:00:00.000000000Z,34,2,5158,49.98,49.98,49.98,49.98,31,ENB
2025-10-02T10:00:00.000000000Z,34,2,5158,49.89,49.96,49.89,49.96,12,ENB
2025-10-02T11:00:00.000000000Z,34,2,5158,49.96,49.96,49.96,49.96,33,ENB
2025-10-02T12:00:00.000000000Z,34,2,5158,49.93,49.93,49.93,49.93,8,ENB
2025-10-02T13:00:00.000000000Z,34,2,5158,49.76,49.93,49.73,49.89,14390,ENB
2025-10-02T13:00:00.000000000Z,34,2,16192,53.92,54.48,53.8,54.35,9034,TRP
2025-10-02T14:00:00.000000000Z,34,2,16192,54.35,54.53,54.18,54.18,19769,TRP
2025-10-02T14:00:00.000000000Z,34,2,5158,49.87,49.98,49.73,49.74,22025,ENB
2025-10-02T15:00:00.000000000Z,34,2,16192,54.175,54.26,54.09,54.155,12509,TRP
2025-10-02T15:00:00.000000000Z,34,2,5158,49.73,49.8,49.62,49.64,13511,ENB
2025-10-02T16:00:00.000000000Z,34,2,5158,49.645,49.67,49.56,49.565,19357,ENB
2025-10-02T16:00:00.000000000Z,34,2,16192,54.15,54.16,54.03,54.04,13168,TRP
2025-10-02T17:00:00.000000000Z,34,2,16192,54.03,54.22,53.99,54.09,35087,TRP
2025-10-02T17:00:00.000000000Z,34,2,5158,49.565,49.665,49.465,49.505,29446,ENB
2025-10-02T18:00:00.000000000Z,34,2,5158,49.5,49.67,49.475,49.65,23406,ENB
2025-10-02T18:00:00.000000000Z,34,2,16192,54.095,54.27,54.06,54.25,22907,TRP
2025-10-02T19:00:00.000000000Z,34,2,16192,54.25,54.3,54.135,54.265,66393,TRP
2025-10-02T19:00:00.000000000Z,34,2,5158,49.66,49.71,49.56,49.7,116662,ENB
2025-10-02T20:00:00.000000000Z,34,2,16192,54.265,54.265,54.26,54.26,1000,TRP
2025-10-03T09:00:00.000000000Z,34,2,5158,49.7,49.7,49.7,49.7,3,ENB
2025-10-03T13:00:00.000000000Z,34,2,16192,54.19,54.475,54.07,54.42,7338,TRP
2025-10-03T13:00:00.000000000Z,34,2,5158,49.585,49.775,49.43,49.75,23334,ENB
2025-10-03T14:00:00.000000000Z,34,2,5158,49.76,50.1,49.735,49.955,29162,ENB
2025-10-03T14:00:00.000000000Z,34,2,16192,54.475,54.81,54.475,54.68,14244,TRP
2025-10-03T15:00:00.000000000Z,34,2,16192,54.68,55.07,54.63,55.05,11191,TRP
2025-10-03T15:00:00.000000000Z,34,2,5158,49.97,50.145,49.945,50.13,20758,ENB
2025-10-03T16:00:00.000000000Z,34,2,5158,50.14,50.175,50.07,50.125,15921,ENB
2025-10-03T16:00:00.000000000Z,34,2,16192,55.07,55.11,54.99,55.05,6829,TRP
2025-10-03T17:00:00.000000000Z,34,2,5158,50.125,50.16,50.075,50.115,19308,ENB
2025-10-03T17:00:00.000000000Z,34,2,16192,55.04,55.11,54.91,54.94,7949,TRP
2025-10-03T18:00:00.000000000Z,34,2,16192,54.93,55.33,54.93,55.26,15778,TRP
2025-10-03T18:00:00.000000000Z,34,2,5158,50.12,50.4,50.12,50.185,53278,ENB
2025-10-03T19:00:00.000000000Z,34,2,16192,55.26,55.26,55.04,55.1,59859,TRP
2025-10-03T19:00:00.000000000Z,34,2,5158,50.19,50.245,50.07,50.075,94309,ENB
2025-10-03T21:00:00.000000000Z,34,2,5158,50.07,50.07,50.07,50.07,2,ENB
2025-10-03T22:00:00.000000000Z,34,2,5158,50.07,50.07,50.07,50.07,5,ENB
2025-10-06T08:00:00.000000000Z,34,2,5158,50.11,50.11,50.11,50.11,18,ENB
2025-10-06T11:00:00.000000000Z,34,2,5158,50.13,50.13,50.13,50.13,33,ENB
2025-10-06T12:00:00.000000000Z,34,2,5158,50.07,50.07,50.07,50.07,3,ENB
2025-10-06T13:00:00.000000000Z,34,2,16192,55.25,55.25,54.75,54.77,8060,TRP
2025-10-06T13:00:00.000000000Z,34,2,5158,50.2,50.2,49.62,49.63,12720,ENB
2025-10-06T14:00:00.000000000Z,34,2,16192,54.72,54.82,54.54,54.64,20103,TRP
2025-10-06T14:00:00.000000000Z,34,2,5158,49.62,49.79,49.455,49.78,51893,ENB
2025-10-06T15:00:00.000000000Z,34,2,16192,54.64,54.69,54.41,54.48,14115,TRP
2025-10-06T15:00:00.000000000Z,34,2,5158,49.78,49.86,49.69,49.75,17585,ENB
2025-10-06T16:00:00.000000000Z,34,2,5158,49.75,49.81,49.71,49.78,10294,ENB
2025-10-06T16:00:00.000000000Z,34,2,16192,54.48,54.53,54.38,54.49,19629,TRP
2025-10-06T17:00:00.000000000Z,34,2,16192,54.48,54.575,54.48,54.56,12927,TRP
2025-10-06T17:00:00.000000000Z,34,2,5158,49.775,49.88,49.765,49.87,12499,ENB
2025-10-06T18:00:00.000000000Z,34,2,5158,49.875,49.885,49.78,49.805,13531,ENB
2025-10-06T18:00:00.000000000Z,34,2,16192,54.56,54.58,54.475,54.53,15228,TRP
2025-10-06T19:00:00.000000000Z,34,2,5158,49.805,49.86,49.735,49.765,88627,ENB
2025-10-06T19:00:00.000000000Z,34,2,16192,54.53,54.595,54.4,54.46,47050,TRP
2025-10-07T11:00:00.000000000Z,34,2,5158,49.84,49.84,49.79,49.79,53,ENB
2025-10-07T12:00:00.000000000Z,34,2,5158,49.84,49.84,49.84,49.84,97,ENB
2025-10-07T13:00:00.000000000Z,34,2,5158,49.83,49.83,49.55,49.64,15789,ENB
2025-10-07T13:00:00.000000000Z,34,2,16192,54.49,54.95,54.49,54.58,6445,TRP
2025-10-07T14:00:00.000000000Z,34,2,16192,54.58,54.74,54.46,54.66,7279,TRP
2025-10-07T14:00:00.000000000Z,34,2,5158,49.63,49.73,49.45,49.55,27683,ENB
2025-10-07T15:00:00.000000000Z,34,2,16192,54.66,54.76,54.58,54.58,6593,TRP
2025-10-07T15:00:00.000000000Z,34,2,5158,49.545,49.69,49.54,49.585,24019,ENB
2025-10-07T16:00:00.000000000Z,34,2,5158,49.59,49.605,49.33,49.405,28631,ENB
2025-10-07T16:00:00.000000000Z,34,2,16192,54.59,54.7,54.35,54.44,9095,TRP
2025-10-07T17:00:00.000000000Z,34,2,5158,49.405,49.52,49.385,49.495,25134,ENB
2025-10-07T17:00:00.000000000Z,34,2,16192,54.45,54.59,54.42,54.56,14163,TRP
2025-10-07T18:00:00.000000000Z,34,2,5158,49.5,49.525,49.43,49.465,20817,ENB
2025-10-07T18:00:00.000000000Z,34,2,16192,54.56,54.61,54.525,54.55,9108,TRP
2025-10-07T19:00:00.000000000Z,34,2,5158,49.465,49.485,49.27,49.44,100111,ENB
2025-10-07T19:00:00.000000000Z,34,2,16192,54.555,54.705,54.31,54.655,72218,TRP
2025-10-08T10:00:00.000000000Z,34,2,5158,49.45,49.45,49.45,49.45,14,ENB
2025-10-08T11:00:00.000000000Z,34,2,5158,49.45,49.45,49.45,49.45,18,ENB
2025-10-08T12:00:00.000000000Z,34,2,5158,49.57,49.57,49.57,49.57,55,ENB
2025-10-08T13:00:00.000000000Z,34,2,5158,49.68,49.68,49.04,49.08,34284,ENB
2025-10-08T13:00:00.000000000Z,34,2,16192,54.55,54.62,54.05,54.08,2404,TRP
2025-10-08T14:00:00.000000000Z,34,2,16192,54.04,54.32,53.95,54.22,14505,TRP
2025-10-08T14:00:00.000000000Z,34,2,5158,49.08,49.095,48.82,49.0,108044,ENB
2025-10-08T15:00:00.000000000Z,34,2,5158,49.0,49.065,48.885,48.92,42664,ENB
2025-10-08T15:00:00.000000000Z,34,2,16192,54.21,54.27,54.04,54.05,7385,TRP
2025-10-08T16:00:00.000000000Z,34,2,5158,48.92,48.975,48.865,48.895,32981,ENB
2025-10-08T16:00:00.000000000Z,34,2,16192,54.06,54.31,54.04,54.25,10327,TRP
2025-10-08T17:00:00.000000000Z,34,2,5158,48.9,48.975,48.825,48.84,25816,ENB
2025-10-08T17:00:00.000000000Z,34,2,16192,54.25,54.27,54.12,54.21,13369,TRP
2025-10-08T18:00:00.000000000Z,34,2,5158,48.84,48.915,48.79,48.885,21240,ENB
2025-10-08T18:00:00.000000000Z,34,2,16192,54.2,54.33,54.12,54.25,21296,TRP
2025-10-08T19:00:00.000000000Z,34,2,16192,54.25,54.29,53.98,54.205,55498,TRP
2025-10-08T19:00:00.000000000Z,34,2,5158,48.885,49.055,48.855,49.035,103683,ENB
2025-10-08T20:00:00.000000000Z,34,2,5158,49.0,49.0,48.89,48.89,500,ENB
2025-10-08T22:00:00.000000000Z,34,2,5158,49.1,49.1,49.1,49.1,5,ENB
2025-10-08T23:00:00.000000000Z,34,2,5158,49.1,49.1,49.07,49.07,8,ENB
2025-10-09T08:00:00.000000000Z,34,2,5158,49.02,49.02,49.02,49.02,3,ENB
2025-10-09T13:00:00.000000000Z,34,2,16192,54.2,54.2,53.62,53.64,5250,TRP
2025-10-09T13:00:00.000000000Z,34,2,5158,49.0,49.0,48.1,48.37,51315,ENB
2025-10-09T14:00:00.000000000Z,34,2,5158,48.37,48.605,48.34,48.44,36895,ENB
2025-10-09T14:00:00.000000000Z,34,2,16192,53.64,53.68,53.43,53.51,8404,TRP
2025-10-09T15:00:00.000000000Z,34,2,5158,48.43,48.495,48.185,48.29,29317,ENB
2025-10-09T15:00:00.000000000Z,34,2,16192,53.54,53.54,53.2,53.28,9313,TRP
2025-10-09T16:00:00.000000000Z,34,2,16192,53.26,53.31,52.99,53.03,19239,TRP
2025-10-09T16:00:00.000000000Z,34,2,5158,48.285,48.295,48.18,48.205,22201,ENB
2025-10-09T17:00:00.000000000Z,34,2,16192,53.04,53.1,52.94,52.95,14497,TRP
2025-10-09T17:00:00.000000000Z,34,2,5158,48.21,48.315,48.11,48.16,32547,ENB
2025-10-09T18:00:00.000000000Z,34,2,5158,48.165,48.23,48.075,48.085,30920,ENB
2025-10-09T18:00:00.000000000Z,34,2,16192,52.96,53.02,52.83,52.85,20601,TRP
2025-10-09T19:00:00.000000000Z,34,2,16192,52.86,52.86,52.61,52.705,50743,TRP
2025-10-09T19:00:00.000000000Z,34,2,5158,48.085,48.09,47.945,47.995,74127,ENB
2025-10-09T20:00:00.000000000Z,34,2,16192,52.81,52.81,52.8,52.8,341,TRP
2025-10-09T20:00:00.000000000Z,34,2,5158,48.02,48.04,47.92,48.04,170,ENB
2025-10-09T21:00:00.000000000Z,34,2,16192,52.49,52.7,52.49,52.7,315,TRP
2025-10-09T21:00:00.000000000Z,34,2,5158,48.34,48.34,48.34,48.34,16,ENB
2025-10-09T22:00:00.000000000Z,34,2,5158,48.04,48.04,48.04,48.04,3,ENB
2025-10-09T22:00:00.000000000Z,34,2,16192,52.97,52.97,52.97,52.97,5,TRP
2025-10-10T11:00:00.000000000Z,34,2,16192,52.7,52.7,52.7,52.7,14,TRP
2025-10-10T11:00:00.000000000Z,34,2,5158,48.0,48.0,48.0,48.0,200,ENB
2025-10-10T12:00:00.000000000Z,34,2,5158,48.01,48.01,47.87,47.99,1305,ENB
2025-10-10T13:00:00.000000000Z,34,2,5158,48.0,48.13,47.89,47.96,18460,ENB
2025-10-10T13:00:00.000000000Z,34,2,16192,53.05,53.305,52.82,53.25,4439,TRP
2025-10-10T14:00:00.000000000Z,34,2,5158,47.95,48.0,47.885,47.905,25652,ENB
2025-10-10T14:00:00.000000000Z,34,2,16192,53.235,53.46,53.15,53.3,12218,TRP
2025-10-10T15:00:00.000000000Z,34,2,16192,53.31,53.58,53.07,53.1,16882,TRP
2025-10-10T15:00:00.000000000Z,34,2,5158,47.9,48.085,47.825,47.84,58946,ENB
2025-10-10T16:00:00.000000000Z,34,2,16192,53.075,53.215,52.98,53.01,18751,TRP
2025-10-10T16:00:00.000000000Z,34,2,5158,47.84,47.98,47.815,47.82,33447,ENB
2025-10-10T17:00:00.000000000Z,34,2,16192,53.02,53.1,52.87,53.03,12511,TRP
2025-10-10T17:00:00.000000000Z,34,2,5158,47.835,47.92,47.735,47.85,48168,ENB
2025-10-10T18:00:00.000000000Z,34,2,16192,53.03,53.03,52.83,52.94,13654,TRP
2025-10-10T18:00:00.000000000Z,34,2,5158,47.855,47.855,47.75,47.815,30395,ENB
2025-10-10T19:00:00.000000000Z,34,2,16192,52.955,52.97,52.68,52.79,70501,TRP
2025-10-10T19:00:00.000000000Z,34,2,5158,47.82,47.83,47.62,47.685,86615,ENB
2025-10-10T20:00:00.000000000Z,34,2,5158,47.52,47.81,47.52,47.81,21,ENB
2025-10-10T20:00:00.000000000Z,34,2,16192,53.47,53.47,53.47,53.47,17,TRP
2025-10-10T21:00:00.000000000Z,34,2,16192,52.81,52.81,52.81,52.81,22,TRP
2025-10-10T22:00:00.000000000Z,34,2,5158,47.62,47.63,47.62,47.63,26,ENB
2025-10-13T09:00:00.000000000Z,34,2,5158,47.91,47.91,47.91,47.91,33,ENB
2025-10-13T12:00:00.000000000Z,34,2,16192,53.45,53.45,53.45,53.45,10,TRP
2025-10-13T12:00:00.000000000Z,34,2,5158,47.67,47.67,47.65,47.65,21,ENB
2025-10-13T13:00:00.000000000Z,34,2,16192,53.11,53.19,52.61,52.78,4633,TRP
2025-10-13T13:00:00.000000000Z,34,2,5158,47.71,47.87,47.62,47.77,9768,ENB
2025-10-13T14:00:00.000000000Z,34,2,5158,47.77,47.78,47.46,47.725,30544,ENB
2025-10-13T14:00:00.000000000Z,34,2,16192,52.74,52.785,52.56,52.61,9741,TRP
2025-10-13T15:00:00.000000000Z,34,2,16192,52.6,52.65,52.46,52.555,6452,TRP
2025-10-13T15:00:00.000000000Z,34,2,5158,47.74,47.91,47.69,47.885,26121,ENB
2025-10-13T16:00:00.000000000Z,34,2,16192,52.545,52.72,52.545,52.63,6485,TRP
2025-10-13T16:00:00.000000000Z,34,2,5158,47.88,47.915,47.835,47.835,12921,ENB
2025-10-13T17:00:00.000000000Z,34,2,16192,52.63,52.72,52.61,52.69,5969,TRP
2025-10-13T17:00:00.000000000Z,34,2,5158,47.84,47.94,47.82,47.885,8727,ENB
2025-10-13T18:00:00.000000000Z,34,2,16192,52.7,52.835,52.68,52.7,5111,TRP
2025-10-13T18:00:00.000000000Z,34,2,5158,47.885,47.965,47.835,47.84,6741,ENB
2025-10-13T19:00:00.000000000Z,34,2,16192,52.7,52.765,52.615,52.76,20935,TRP
2025-10-13T19:00:00.000000000Z,34,2,5158,47.85,47.885,47.715,47.745,26275,ENB
2025-10-13T20:00:00.000000000Z,34,2,5158,47.93,47.93,47.76,47.76,7,ENB
2025-10-13T21:00:00.000000000Z,34,2,5158,47.97,47.97,47.97,47.97,1,ENB
2025-10-13T22:00:00.000000000Z,34,2,16192,52.79,52.79,52.79,52.79,1,TRP
2025-10-13T23:00:00.000000000Z,34,2,16192,52.79,52.79,52.79,52.79,2,TRP
2025-10-14T11:00:00.000000000Z,34,2,5158,47.65,47.65,47.65,47.65,2,ENB
2025-10-14T12:00:00.000000000Z,34,2,5158,47.66,47.66,47.55,47.55,7,ENB
2025-10-14T13:00:00.000000000Z,34,2,5158,47.64,47.77,47.36,47.75,18451,ENB
2025-10-14T13:00:00.000000000Z,34,2,16192,52.29,52.71,52.05,52.495,10411,TRP
2025-10-14T14:00:00.000000000Z,34,2,16192,52.49,52.53,51.985,52.225,26723,TRP
2025-10-14T14:00:00.000000000Z,34,2,5158,47.75,47.78,47.46,47.59,27836,ENB
2025-10-14T15:00:00.000000000Z,34,2,16192,52.25,52.27,51.79,51.875,20800,TRP
2025-10-14T15:00:00.000000000Z,34,2,5158,47.6,47.62,47.24,47.36,24568,ENB
2025-10-14T16:00:00.000000000Z,34,2,5158,47.365,47.555,47.29,47.53,28791,ENB
2025-10-14T16:00:00.000000000Z,34,2,16192,51.885,52.25,51.83,52.195,23919,TRP
2025-10-14T17:00:00.000000000Z,34,2,16192,52.19,52.28,52.13,52.215,14440,TRP
2025-10-14T17:00:00.000000000Z,34,2,5158,47.535,47.585,47.5,47.56,19570,ENB
2025-10-14T18:00:00.000000000Z,34,2,5158,47.565,47.585,47.455,47.555,25693,ENB
2025-10-14T18:00:00.000000000Z,34,2,16192,52.215,52.28,51.98,52.24,25817,TRP
2025-10-14T19:00:00.000000000Z,34,2,16192,52.245,52.28,51.88,52.06,86763,TRP
2025-10-14T19:00:00.000000000Z,34,2,5158,47.56,47.59,47.45,47.525,67231,ENB
2025-10-14T22:00:00.000000000Z,34,2,5158,47.8,47.85,47.8,47.85,5,ENB
2025-10-14T23:00:00.000000000Z,34,2,5158,47.75,47.75,47.75,47.75,225,ENB
2025-10-15T09:00:00.000000000Z,34,2,5158,47.73,47.83,47.73,47.77,10,ENB
2025-10-15T11:00:00.000000000Z,34,2,5158,47.57,47.57,47.17,47.17,2758,ENB
2025-10-15T12:00:00.000000000Z,34,2,5158,47.26,47.28,47.22,47.28,2306,ENB
2025-10-15T13:00:00.000000000Z,34,2,16192,52.1,52.61,52.1,52.41,31550,TRP
2025-10-15T13:00:00.000000000Z,34,2,5158,47.43,47.97,47.43,47.82,9444,ENB
2025-10-15T14:00:00.000000000Z,34,2,16192,52.41,52.52,52.16,52.17,5192,TRP
2025-10-15T14:00:00.000000000Z,34,2,5158,47.81,47.95,47.76,47.8,36252,ENB
2025-10-15T15:00:00.000000000Z,34,2,16192,52.16,52.25,52.04,52.07,8418,TRP
2025-10-15T15:00:00.000000000Z,34,2,5158,47.76,47.82,47.63,47.65,20439,ENB
2025-10-15T16:00:00.000000000Z,34,2,16192,52.04,52.1,51.89,51.9,4657,TRP
2025-10-15T16:00:00.000000000Z,34,2,5158,47.64,47.7,47.575,47.605,16379,ENB
2025-10-15T17:00:00.000000000Z,34,2,5158,47.595,47.6,47.48,47.53,16908,ENB
2025-10-15T17:00:00.000000000Z,34,2,16192,51.9,52.0,51.74,51.98,6094,TRP
2025-10-15T18:00:00.000000000Z,34,2,16192,51.98,52.02,51.76,51.97,10474,TRP
2025-10-15T18:00:00.000000000Z,34,2,5158,47.53,47.555,47.425,47.515,12640,ENB
2025-10-15T19:00:00.000000000Z,34,2,5158,47.52,47.655,47.415,47.61,72089,ENB
2025-10-15T19:00:00.000000000Z,34,2,16192,51.97,52.0,51.72,51.73,73702,TRP
2025-10-15T23:00:00.000000000Z,34,2,5158,47.64,47.64,47.64,47.64,71,ENB
2025-10-16T09:00:00.000000000Z,34,2,5158,47.61,47.61,47.61,47.61,5,ENB
2025-10-16T10:00:00.000000000Z,34,2,16192,51.69,51.76,51.69,51.76,21,TRP
2025-10-16T11:00:00.000000000Z,34,2,16192,51.73,51.73,51.73,51.73,40,TRP
2025-10-16T13:00:00.000000000Z,34,2,5158,47.75,47.75,47.5,47.61,8334,ENB
2025-10-16T13:00:00.000000000Z,34,2,16192,51.72,51.76,51.33,51.61,17175,TRP
2025-10-16T14:00:00.000000000Z,34,2,5158,47.62,47.69,47.55,47.68,14643,ENB
2025-10-16T14:00:00.000000000Z,34,2,16192,51.62,51.75,51.51,51.7,10982,TRP
2025-10-16T15:00:00.000000000Z,34,2,16192,51.7,51.73,51.42,51.57,23238,TRP
2025-10-16T15:00:00.000000000Z,34,2,5158,47.68,47.69,47.33,47.43,31234,ENB
2025-10-16T16:00:00.000000000Z,34,2,5158,47.42,47.425,47.22,47.34,26545,ENB
2025-10-16T16:00:00.000000000Z,34,2,16192,51.58,51.62,51.29,51.41,9853,TRP
2025-10-16T17:00:00.000000000Z,34,2,16192,51.43,51.47,51.335,51.405,11890,TRP
2025-10-16T17:00:00.000000000Z,34,2,5158,47.34,47.365,47.245,47.32,19818,ENB
2025-10-16T18:00:00.000000000Z,34,2,5158,47.33,47.33,47.17,47.28,35819,ENB
2025-10-16T18:00:00.000000000Z,34,2,16192,51.42,51.445,51.24,51.38,13779,TRP
2025-10-16T19:00:00.000000000Z,34,2,5158,47.29,47.34,47.155,47.215,95704,ENB
2025-10-16T19:00:00.000000000Z,34,2,16192,51.38,51.51,51.29,51.45,47731,TRP
2025-10-17T08:00:00.000000000Z,34,2,5158,47.22,47.22,47.22,47.22,2,ENB
2025-10-17T10:00:00.000000000Z,34,2,5158,47.22,47.22,47.22,47.22,2,ENB
2025-10-17T11:00:00.000000000Z,34,2,5158,47.23,47.23,47.23,47.23,2,ENB
2025-10-17T13:00:00.000000000Z,34,2,16192,51.1,51.61,51.1,51.45,16167,TRP
2025-10-17T13:00:00.000000000Z,34,2,5158,47.3,47.3,47.05,47.175,8128,ENB
2025-10-17T14:00:00.000000000Z,34,2,16192,51.45,51.65,51.305,51.305,49011,TRP
2025-10-17T14:00:00.000000000Z,34,2,5158,47.14,47.26,46.88,46.88,38922,ENB
2025-10-17T15:00:00.000000000Z,34,2,5158,46.88,46.975,46.74,46.825,54712,ENB
2025-10-17T15:00:00.000000000Z,34,2,16192,51.315,51.345,51.1,51.165,47484,TRP
2025-10-17T16:00:00.000000000Z,34,2,5158,46.83,47.05,46.815,47.0,30444,ENB
2025-10-17T16:00:00.000000000Z,34,2,16192,51.165,51.38,51.125,51.275,48319,TRP
2025-10-17T17:00:00.000000000Z,34,2,5158,47.0,47.01,46.875,46.95,29469,ENB
2025-10-17T17:00:00.000000000Z,34,2,16192,51.275,51.32,51.22,51.31,39109,TRP
2025-10-17T18:00:00.000000000Z,34,2,16192,51.32,51.47,51.315,51.425,66319,TRP
2025-10-17T18:00:00.000000000Z,34,2,5158,46.965,47.08,46.965,47.055,31615,ENB
2025-10-17T19:00:00.000000000Z,34,2,16192,51.425,51.53,51.325,51.4,103746,TRP
2025-10-17T19:00:00.000000000Z,34,2,5158,47.055,47.135,47.035,47.065,59911,ENB
2025-10-20T10:00:00.000000000Z,34,2,5158,47.4,47.4,47.4,47.4,1000,ENB
2025-10-20T11:00:00.000000000Z,34,2,5158,47.34,47.34,47.34,47.34,200,ENB
2025-10-20T13:00:00.000000000Z,34,2,16192,51.57,51.76,51.51,51.54,9108,TRP
2025-10-20T13:00:00.000000000Z,34,2,5158,47.36,47.43,47.155,47.175,17921,ENB
2025-10-20T14:00:00.000000000Z,34,2,16192,51.54,51.67,51.37,51.51,14633,TRP
2025-10-20T14:00:00.000000000Z,34,2,5158,47.18,47.255,47.02,47.09,30602,ENB
2025-10-20T15:00:00.000000000Z,34,2,16192,51.52,51.59,51.48,51.555,10571,TRP
2025-10-20T15:00:00.000000000Z,34,2,5158,47.07,47.165,47.03,47.155,21409,ENB
2025-10-20T16:00:00.000000000Z,34,2,5158,47.15,47.175,47.075,47.105,17996,ENB
2025-10-20T16:00:00.000000000Z,34,2,16192,51.56,51.59,51.43,51.47,7989,TRP
2025-10-20T17:00:00.000000000Z,34,2,5158,47.11,47.29,47.105,47.29,13132,ENB
2025-10-20T17:00:00.000000000Z,34,2,16192,51.46,51.585,51.46,51.545,8853,TRP
2025-10-20T18:00:00.000000000Z,34,2,5158,47.29,47.335,47.225,47.26,16467,ENB
2025-10-20T18:00:00.000000000Z,34,2,16192,51.54,51.82,51.53,51.81,23148,TRP
2025-10-20T19:00:00.000000000Z,34,2,5158,47.265,47.275,47.155,47.2,69770,ENB
2025-10-20T19:00:00.000000000Z,34,2,16192,51.81,51.81,51.45,51.54,35357,TRP
2025-10-21T08:00:00.000000000Z,34,2,5158,47.22,47.22,47.22,47.22,1,ENB
2025-10-21T09:00:00.000000000Z,34,2,5158,47.33,47.33,47.33,47.33,600,ENB
2025-10-21T11:00:00.000000000Z,34,2,5158,47.33,47.33,47.33,47.33,4,ENB
2025-10-21T12:00:00.000000000Z,34,2,5158,47.33,47.33,47.33,47.33,70,ENB
2025-10-21T13:00:00.000000000Z,34,2,5158,47.2,47.22,46.87,46.985,15427,ENB
2025-10-21T13:00:00.000000000Z,34,2,16192,51.52,51.52,51.15,51.28,6000,TRP
2025-10-21T14:00:00.000000000Z,34,2,5158,46.98,47.13,46.925,47.065,54873,ENB
2025-10-21T14:00:00.000000000Z,34,2,16192,51.22,51.39,51.19,51.35,7232,TRP
2025-10-21T15:00:00.000000000Z,34,2,16192,51.34,51.45,51.32,51.34,10057,TRP
2025-10-21T15:00:00.000000000Z,34,2,5158,47.07,47.15,47.035,47.08,39842,ENB
2025-10-21T16:00:00.000000000Z,34,2,5158,47.07,47.11,46.955,46.965,39838,ENB
2025-10-21T16:00:00.000000000Z,34,2,16192,51.34,51.415,51.16,51.17,6406,TRP
2025-10-21T17:00:00.000000000Z,34,2,16192,51.18,51.29,51.12,51.23,10988,TRP
2025-10-21T17:00:00.000000000Z,34,2,5158,46.96,46.99,46.905,46.975,34174,ENB
2025-10-21T18:00:00.000000000Z,34,2,5158,46.98,47.09,46.98,47.075,31211,ENB
2025-10-21T18:00:00.000000000Z,34,2,16192,51.25,51.35,51.25,51.31,9388,TRP
2025-10-21T19:00:00.000000000Z,34,2,5158,47.07,47.31,47.045,47.265,91504,ENB
2025-10-21T19:00:00.000000000Z,34,2,16192,51.31,51.48,51.27,51.38,48256,TRP
2025-10-21T22:00:00.000000000Z,34,2,5158,47.37,47.44,47.37,47.44,4,ENB
2025-10-21T23:00:00.000000000Z,34,2,5158,47.28,47.28,47.28,47.28,41,ENB
2025-10-22T08:00:00.000000000Z,34,2,5158,47.5,47.5,47.5,47.5,2,ENB
2025-10-22T12:00:00.000000000Z,34,2,16192,51.6,51.6,51.6,51.6,8,TRP
2025-10-22T13:00:00.000000000Z,34,2,16192,51.35,51.72,51.35,51.71,4403,TRP
2025-10-22T13:00:00.000000000Z,34,2,5158,47.27,47.545,47.22,47.495,33919,ENB
2025-10-22T14:00:00.000000000Z,34,2,5158,47.49,47.53,47.405,47.475,73428,ENB
2025-10-22T14:00:00.000000000Z,34,2,16192,51.7,51.77,51.54,51.6,8849,TRP
2025-10-22T15:00:00.000000000Z,34,2,16192,51.595,51.87,51.59,51.74,7679,TRP
2025-10-22T15:00:00.000000000Z,34,2,5158,47.47,47.73,47.45,47.64,45050,ENB
2025-10-22T16:00:00.000000000Z,34,2,16192,51.75,51.94,51.69,51.92,10974,TRP
2025-10-22T16:00:00.000000000Z,34,2,5158,47.645,47.745,47.575,47.745,50707,ENB
2025-10-22T17:00:00.000000000Z,34,2,5158,47.745,47.78,47.62,47.665,46302,ENB
2025-10-22T17:00:00.000000000Z,34,2,16192,51.935,51.935,51.49,51.73,239020,TRP
2025-10-22T18:00:00.000000000Z,34,2,5158,47.675,47.68,47.525,47.645,38097,ENB
2025-10-22T18:00:00.000000000Z,34,2,16192,51.74,51.805,51.48,51.64,189743,TRP
2025-10-22T19:00:00.000000000Z,34,2,16192,51.64,51.98,51.47,51.755,522828,TRP
2025-10-22T19:00:00.000000000Z,34,2,5158,47.64,47.875,47.605,47.71,104801,ENB
2025-10-23T11:00:00.000000000Z,34,2,5158,47.91,48.0,47.91,48.0,53,ENB
2025-10-23T13:00:00.000000000Z,34,2,5158,47.835,47.91,47.46,47.56,28880,ENB
2025-10-23T13:00:00.000000000Z,34,2,16192,51.82,52.01,51.36,51.54,20072,TRP
2025-10-23T14:00:00.000000000Z,34,2,5158,47.56,47.685,47.435,47.615,60011,ENB
2025-10-23T14:00:00.000000000Z,34,2,16192,51.53,51.58,51.3,51.405,32567,TRP
2025-10-23T15:00:00.000000000Z,34,2,5158,47.615,47.76,47.55,47.62,34414,ENB
2025-10-23T15:00:00.000000000Z,34,2,16192,51.4,51.595,51.3,51.51,18091,TRP
2025-10-23T16:00:00.000000000Z,34,2,5158,47.61,47.66,47.545,47.565,35539,ENB
2025-10-23T16:00:00.000000000Z,34,2,16192,51.5,51.53,51.34,51.365,12507,TRP
2025-10-23T17:00:00.000000000Z,34,2,5158,47.575,47.625,47.555,47.615,55953,ENB
2025-10-23T17:00:00.000000000Z,34,2,16192,51.365,51.435,51.315,51.4,17252,TRP
2025-10-23T18:00:00.000000000Z,34,2,16192,51.405,51.56,51.395,51.475,16323,TRP
2025-10-23T18:00:00.000000000Z,34,2,5158,47.615,47.635,47.57,47.625,56070,ENB
2025-10-23T19:00:00.000000000Z,34,2,16192,51.485,51.485,50.895,50.99,58753,TRP
2025-10-23T19:00:00.000000000Z,34,2,5158,47.625,47.625,47.17,47.17,134487,ENB
2025-10-23T20:00:00.000000000Z,34,2,5158,47.17,47.17,47.17,47.17,100,ENB
2025-10-23T21:00:00.000000000Z,34,2,5158,47.19,47.19,47.19,47.19,230,ENB
2025-10-23T22:00:00.000000000Z,34,2,5158,47.19,47.19,47.19,47.19,2,ENB
2025-10-24T13:00:00.000000000Z,34,2,16192,51.09,51.09,50.7,50.74,15116,TRP
2025-10-24T13:00:00.000000000Z,34,2,5158,47.34,47.35,46.93,47.04,20666,ENB
2025-10-24T14:00:00.000000000Z,34,2,16192,50.76,50.76,50.2,50.2,15882,TRP
2025-10-24T14:00:00.000000000Z,34,2,5158,47.045,47.045,46.785,46.855,61606,ENB
2025-10-24T15:00:00.000000000Z,34,2,16192,50.19,50.26,49.98,50.15,28474,TRP
2025-10-24T15:00:00.000000000Z,34,2,5158,46.855,46.905,46.775,46.855,63113,ENB
2025-10-24T16:00:00.000000000Z,34,2,16192,50.16,50.16,49.89,49.895,19004,TRP
2025-10-24T16:00:00.000000000Z,34,2,5158,46.855,46.965,46.81,46.84,41917,ENB
2025-10-24T17:00:00.000000000Z,34,2,16192,49.89,50.105,49.84,50.09,14386,TRP
2025-10-24T17:00:00.000000000Z,34,2,5158,46.845,46.94,46.825,46.86,38764,ENB
2025-10-24T18:00:00.000000000Z,34,2,16192,50.11,50.32,50.04,50.23,30365,TRP
2025-10-24T18:00:00.000000000Z,34,2,5158,46.865,46.885,46.805,46.855,46369,ENB
2025-10-24T19:00:00.000000000Z,34,2,5158,46.855,46.915,46.845,46.9,75026,ENB
2025-10-24T19:00:00.000000000Z,34,2,16192,50.25,50.405,50.195,50.395,39555,TRP
2025-10-24T21:00:00.000000000Z,34,2,16192,50.5,50.5,50.5,50.5,60,TRP
2025-10-24T21:00:00.000000000Z,34,2,5158,46.99,46.99,46.99,46.99,144,ENB
2025-10-24T23:00:00.000000000Z,34,2,5158,46.91,46.91,46.91,46.91,500,ENB
2025-10-27T11:00:00.000000000Z,34,2,5158,47.0,47.25,47.0,47.25,55,ENB
2025-10-27T12:00:00.000000000Z,34,2,5158,47.07,47.07,47.07,47.07,3,ENB
2025-10-27T13:00:00.000000000Z,34,2,5158,46.93,46.99,46.735,46.85,18682,ENB
2025-10-27T13:00:00.000000000Z,34,2,16192,50.4,50.4,50.095,50.225,9254,TRP
2025-10-27T14:00:00.000000000Z,34,2,16192,50.24,50.27,50.07,50.19,21439,TRP
2025-10-27T14:00:00.000000000Z,34,2,5158,46.845,46.93,46.77,46.93,49602,ENB
2025-10-27T15:00:00.000000000Z,34,2,16192,50.19,50.25,50.0,50.18,18038,TRP
2025-10-27T15:00:00.000000000Z,34,2,5158,46.925,47.045,46.81,47.035,47508,ENB
2025-10-27T16:00:00.000000000Z,34,2,5158,47.035,47.065,46.98,47.065,36876,ENB
2025-10-27T16:00:00.000000000Z,34,2,16192,50.185,50.36,50.16,50.355,18535,TRP
2025-10-27T17:00:00.000000000Z,34,2,5158,47.065,47.17,47.025,47.14,35431,ENB
2025-10-27T17:00:00.000000000Z,34,2,16192,50.355,50.64,50.315,50.58,17773,TRP
2025-10-27T18:00:00.000000000Z,34,2,16192,50.59,50.59,50.37,50.405,10198,TRP
2025-10-27T18:00:00.000000000Z,34,2,5158,47.145,47.145,46.985,47.065,37488,ENB
2025-10-27T19:00:00.000000000Z,34,2,16192,50.4,50.54,50.39,50.5,46872,TRP
2025-10-27T19:00:00.000000000Z,34,2,5158,47.065,47.295,47.045,47.28,92804,ENB
2025-10-28T12:00:00.000000000Z,34,2,5158,47.29,47.29,47.29,47.29,64,ENB
2025-10-28T13:00:00.000000000Z,34,2,16192,50.55,50.71,50.31,50.47,8649,TRP
2025-10-28T13:00:00.000000000Z,34,2,5158,47.24,47.44,47.02,47.14,38932,ENB
2025-10-28T14:00:00.000000000Z,34,2,5158,47.14,47.48,47.14,47.3,35765,ENB
2025-10-28T14:00:00.000000000Z,34,2,16192,50.465,50.94,50.45,50.85,12295,TRP
2025-10-28T15:00:00.000000000Z,34,2,16192,50.855,50.92,50.675,50.77,7960,TRP
2025-10-28T15:00:00.000000000Z,34,2,5158,47.31,47.37,47.115,47.255,43330,ENB
2025-10-28T16:00:00.000000000Z,34,2,16192,50.765,50.79,50.605,50.68,13165,TRP
2025-10-28T16:00:00.000000000Z,34,2,5158,47.26,47.28,47.105,47.175,37339,ENB
2025-10-28T17:00:00.000000000Z,34,2,16192,50.675,50.81,50.64,50.75,11775,TRP
2025-10-28T17:00:00.000000000Z,34,2,5158,47.175,47.275,47.145,47.235,27362,ENB
2025-10-28T18:00:00.000000000Z,34,2,16192,50.75,50.82,50.635,50.64,12101,TRP
2025-10-28T18:00:00.000000000Z,34,2,5158,47.235,47.29,47.185,47.21,35842,ENB
2025-10-28T19:00:00.000000000Z,34,2,5158,47.22,47.28,47.095,47.095,96986,ENB
2025-10-28T19:00:00.000000000Z,34,2,16192,50.65,50.915,50.63,50.84,47947,TRP
2025-10-29T12:00:00.000000000Z,34,2,5158,47.01,47.01,47.01,47.01,5,ENB
2025-10-29T13:00:00.000000000Z,34,2,16192,50.94,51.07,50.72,50.77,9911,TRP
2025-10-29T13:00:00.000000000Z,34,2,5158,47.02,47.26,46.86,46.88,24730,ENB
2025-10-29T14:00:00.000000000Z,34,2,16192,50.775,50.82,50.68,50.75,12952,TRP
2025-10-29T14:00:00.000000000Z,34,2,5158,46.86,47.12,46.835,47.11,64957,ENB
2025-10-29T15:00:00.000000000Z,34,2,16192,50.75,50.815,50.61,50.76,8766,TRP
2025-10-29T15:00:00.000000000Z,34,2,5158,47.11,47.15,46.965,46.985,57201,ENB
2025-10-29T16:00:00.000000000Z,34,2,5158,46.98,47.08,46.975,47.01,41600,ENB
2025-10-29T16:00:00.000000000Z,34,2,16192,50.78,50.89,50.76,50.79,5891,TRP
2025-10-29T17:00:00.000000000Z,34,2,16192,50.785,50.795,50.585,50.585,8352,TRP
2025-10-29T17:00:00.000000000Z,34,2,5158,47.01,47.055,46.925,46.93,37360,ENB
2025-10-29T18:00:00.000000000Z,34,2,16192,50.595,50.595,50.325,50.45,16300,TRP
2025-10-29T18:00:00.000000000Z,34,2,5158,46.92,46.93,46.635,46.75,60894,ENB
2025-10-29T19:00:00.000000000Z,34,2,16192,50.47,50.49,50.22,50.365,94194,TRP
2025-10-29T19:00:00.000000000Z,34,2,5158,46.76,46.795,46.535,46.68,104540,ENB
2025-10-29T21:00:00.000000000Z,34,2,5158,46.7,46.7,46.7,46.7,20,ENB
2025-10-29T22:00:00.000000000Z,34,2,5158,46.71,46.71,46.71,46.71,10,ENB
2025-10-30T09:00:00.000000000Z,34,2,5158,47.04,47.04,47.04,47.04,1,ENB
2025-10-30T10:00:00.000000000Z,34,2,5158,46.78,46.78,46.78,46.78,1,ENB
2025-10-30T13:00:00.000000000Z,34,2,5158,46.72,46.96,46.64,46.88,31595,ENB
2025-10-30T13:00:00.000000000Z,34,2,16192,50.15,50.5,50.15,50.43,16670,TRP
2025-10-30T14:00:00.000000000Z,34,2,16192,50.48,50.6,50.4,50.57,19218,TRP
2025-10-30T14:00:00.000000000Z,34,2,5158,46.91,47.065,46.9,47.055,56795,ENB
2025-10-30T15:00:00.000000000Z,34,2,16192,50.57,50.71,50.54,50.67,24062,TRP
2025-10-30T15:00:00.000000000Z,34,2,5158,47.06,47.15,47.02,47.105,51074,ENB
2025-10-30T16:00:00.000000000Z,34,2,5158,47.105,47.18,47.055,47.065,55762,ENB
2025-10-30T16:00:00.000000000Z,34,2,16192,50.67,50.865,50.53,50.55,13280,TRP
2025-10-30T17:00:00.000000000Z,34,2,16192,50.57,50.63,50.41,50.55,25253,TRP
2025-10-30T17:00:00.000000000Z,34,2,5158,47.075,47.09,46.935,46.995,51168,ENB
2025-10-30T18:00:00.000000000Z,34,2,16192,50.55,50.68,50.485,50.49,36162,TRP
2025-10-30T18:00:00.000000000Z,34,2,5158,46.98,47.035,46.955,46.975,45117,ENB
2025-10-30T19:00:00.000000000Z,34,2,16192,50.5,50.535,50.38,50.52,56291,TRP
2025-10-30T19:00:00.000000000Z,34,2,5158,46.975,46.985,46.885,46.98,82995,ENB
2025-10-30T20:00:00.000000000Z,34,2,5158,46.98,46.98,46.98,46.98,300,ENB
2025-10-30T23:00:00.000000000Z,34,2,16192,50.03,50.03,50.03,50.03,1,TRP
2025-10-31T12:00:00.000000000Z,34,2,5158,47.05,47.05,47.05,47.05,2,ENB
2025-10-31T13:00:00.000000000Z,34,2,16192,50.5,50.5,50.14,50.46,7792,TRP
2025-10-31T13:00:00.000000000Z,34,2,5158,46.91,46.94,46.71,46.935,20799,ENB
2025-10-31T14:00:00.000000000Z,34,2,5158,46.935,46.96,46.775,46.895,46113,ENB
2025-10-31T14:00:00.000000000Z,34,2,16192,50.46,50.57,50.3,50.57,19980,TRP
2025-10-31T15:00:00.000000000Z,34,2,16192,50.56,50.64,50.42,50.43,10829,TRP
2025-10-31T15:00:00.000000000Z,34,2,5158,46.885,46.915,46.675,46.735,56194,ENB
2025-10-31T16:00:00.000000000Z,34,2,5158,46.735,46.745,46.545,46.65,55600,ENB
2025-10-31T16:00:00.000000000Z,34,2,16192,50.45,50.455,50.28,50.32,7589,TRP
2025-10-31T17:00:00.000000000Z,34,2,5158,46.655,46.81,46.605,46.77,35870,ENB
2025-10-31T17:00:00.000000000Z,34,2,16192,50.32,50.535,50.265,50.44,15162,TRP
2025-10-31T18:00:00.000000000Z,34,2,16192,50.45,50.6,50.31,50.33,15688,TRP
2025-10-31T18:00:00.000000000Z,34,2,5158,46.77,46.86,46.715,46.715,42651,ENB
2025-10-31T19:00:00.000000000Z,34,2,16192,50.33,50.45,50.155,50.19,49281,TRP
2025-10-31T19:00:00.000000000Z,34,2,5158,46.715,46.78,46.625,46.625,97649,ENB
2025-10-31T20:00:00.000000000Z,34,2,5158,46.6,46.6,46.6,46.6,4,ENB
2025-10-31T20:00:00.000000000Z,34,2,16192,50.48,50.48,50.48,50.48,99,TRP
2025-11-03T10:00:00.000000000Z,34,2,5158,46.82,46.83,46.82,46.83,220,ENB
2025-11-03T11:00:00.000000000Z,34,2,5158,46.83,46.83,46.83,46.83,53,ENB
2025-11-03T12:00:00.000000000Z,34,2,5158,46.59,46.59,46.59,46.59,5,ENB
2025-11-03T14:00:00.000000000Z,34,2,16192,50.16,50.3,49.83,50.08,17314,TRP
2025-11-03T14:00:00.000000000Z,34,2,5158,46.69,46.72,46.22,46.35,26029,ENB
2025-11-03T15:00:00.000000000Z,34,2,5158,46.35,46.47,46.295,46.36,32804,ENB
2025-11-03T15:00:00.000000000Z,34,2,16192,50.095,50.335,50.095,50.25,17413,TRP
2025-11-03T16:00:00.000000000Z,34,2,16192,50.26,50.55,50.2,50.295,17949,TRP
2025-11-03T16:00:00.000000000Z,34,2,5158,46.365,46.64,46.285,46.535,41335,ENB
2025-11-03T17:00:00.000000000Z,34,2,5158,46.52,46.57,46.41,46.57,22311,ENB
2025-11-03T17:00:00.000000000Z,34,2,16192,50.29,50.29,50.05,50.2,35295,TRP
2025-11-03T18:00:00.000000000Z,34,2,5158,46.57,46.63,46.505,46.62,31332,ENB
2025-11-03T18:00:00.000000000Z,34,2,16192,50.21,50.255,50.08,50.22,7444,TRP
2025-11-03T19:00:00.000000000Z,34,2,16192,50.23,50.255,50.005,50.02,11561,TRP
2025-11-03T19:00:00.000000000Z,34,2,5158,46.62,46.635,46.54,46.555,21472,ENB
2025-11-03T20:00:00.000000000Z,34,2,16192,50.03,50.13,49.92,50.055,65043,TRP
2025-11-03T20:00:00.000000000Z,34,2,5158,46.55,46.66,46.515,46.62,90114,ENB
2025-11-03T21:00:00.000000000Z,34,2,5158,46.87,46.87,46.87,46.87,3,ENB
2025-11-04T14:00:00.000000000Z,34,2,16192,49.76,49.76,49.3,49.425,15117,TRP
2025-11-04T14:00:00.000000000Z,34,2,5158,46.39,46.55,46.13,46.19,156665,ENB
2025-11-04T15:00:00.000000000Z,34,2,5158,46.18,46.37,46.02,46.37,79528,ENB
2025-11-04T15:00:00.000000000Z,34,2,16192,49.425,49.62,49.27,49.615,14355,TRP
2025-11-04T16:00:00.000000000Z,34,2,5158,46.37,46.47,46.335,46.41,38175,ENB
2025-11-04T16:00:00.000000000Z,34,2,16192,49.65,49.81,49.58,49.81,10744,TRP
2025-11-04T17:00:00.000000000Z,34,2,5158,46.42,46.445,46.23,46.29,31308,ENB
2025-11-04T17:00:00.000000000Z,34,2,16192,49.8,49.825,49.59,49.64,8130,TRP
2025-11-04T18:00:00.000000000Z,34,2,16192,49.64,49.75,49.54,49.655,17304,TRP
2025-11-04T18:00:00.000000000Z,34,2,5158,46.3,46.395,46.285,46.325,48313,ENB
2025-11-04T19:00:00.000000000Z,34,2,5158,46.325,46.37,46.25,46.295,49088,ENB
2025-11-04T19:00:00.000000000Z,34,2,16192,49.65,49.67,49.505,49.58,17873,TRP
2025-11-04T20:00:00.000000000Z,34,2,16192,49.57,49.815,49.55,49.785,56392,TRP
2025-11-04T20:00:00.000000000Z,34,2,5158,46.295,46.435,46.285,46.39,114459,ENB
2025-11-04T21:00:00.000000000Z,34,2,5158,46.59,46.59,46.59,46.59,12,ENB
2025-11-05T13:00:00.000000000Z,34,2,5158,46.41,46.41,46.3,46.3,100,ENB
2025-11-05T14:00:00.000000000Z,34,2,16192,49.72,50.02,49.72,49.895,7098,TRP
2025-11-05T14:00:00.000000000Z,34,2,5158,46.31,46.65,46.3,46.55,17338,ENB
2025-11-05T15:00:00.000000000Z,34,2,5158,46.55,46.835,46.53,46.8,54196,ENB
2025-11-05T15:00:00.000000000Z,34,2,16192,49.92,50.09,49.92,50.085,18641,TRP
2025-11-05T16:00:00.000000000Z,34,2,5158,46.81,46.945,46.765,46.9,60944,ENB
2025-11-05T16:00:00.000000000Z,34,2,16192,50.09,50.24,50.05,50.18,31363,TRP
2025-11-05T17:00:00.000000000Z,34,2,5158,46.88,46.88,46.685,46.69,51173,ENB
2025-11-05T17:00:00.000000000Z,34,2,16192,50.13,50.35,50.12,50.3,16132,TRP
2025-11-05T18:00:00.000000000Z,34,2,16192,50.3,50.34,50.175,50.19,30831,TRP
2025-11-05T18:00:00.000000000Z,34,2,5158,46.68,46.685,46.445,46.47,60011,ENB
2025-11-05T19:00:00.000000000Z,34,2,5158,46.45,46.465,46.305,46.465,57316,ENB
2025-11-05T19:00:00.000000000Z,34,2,16192,50.19,50.26,50.035,50.2,31369,TRP
2025-11-05T20:00:00.000000000Z,34,2,16192,50.2,50.43,50.19,50.38,108326,TRP
2025-11-05T20:00:00.000000000Z,34,2,5158,46.47,46.62,46.415,46.58,108131,ENB
2025-11-05T21:00:00.000000000Z,34,2,5158,46.8,46.8,46.8,46.8,1,ENB
2025-11-05T23:00:00.000000000Z,34,2,5158,46.81,46.81,46.81,46.81,28,ENB
2025-11-06T14:00:00.000000000Z,34,2,16192,49.91,50.33,49.76,49.815,28284,TRP
2025-11-06T14:00:00.000000000Z,34,2,5158,46.6,46.6,46.26,46.57,57270,ENB
2025-11-06T15:00:00.000000000Z,34,2,5158,46.55,46.685,46.43,46.65,84461,ENB
2025-11-06T15:00:00.000000000Z,34,2,16192,49.85,50.18,49.65,50.14,40652,TRP
2025-11-06T16:00:00.000000000Z,34,2,16192,50.12,50.34,49.93,50.32,49851,TRP
2025-11-06T16:00:00.000000000Z,34,2,5158,46.64,46.775,46.605,46.76,67703,ENB
2025-11-06T17:00:00.000000000Z,34,2,5158,46.76,46.825,46.53,46.535,46414,ENB
2025-11-06T17:00:00.000000000Z,34,2,16192,50.34,50.56,50.05,50.215,24072,TRP
2025-11-06T18:00:00.000000000Z,34,2,16192,50.21,50.24,49.82,50.02,40707,TRP
2025-11-06T18:00:00.000000000Z,34,2,5158,46.535,46.65,46.46,46.64,41093,ENB
2025-11-06T19:00:00.000000000Z,34,2,5158,46.63,46.71,46.61,46.705,31720,ENB
2025-11-06T19:00:00.000000000Z,34,2,16192,50.005,50.18,49.88,50.14,24771,TRP
2025-11-06T20:00:00.000000000Z,34,2,16192,50.15,50.52,50.09,50.49,105937,TRP
2025-11-06T20:00:00.000000000Z,34,2,5158,46.705,46.995,46.65,46.915,231746,ENB
2025-11-06T21:00:00.000000000Z,34,2,16192,50.5,50.56,50.5,50.56,80,TRP
2025-11-06T22:00:00.000000000Z,34,2,5158,46.91,46.91,46.9,46.9,979,ENB
2025-11-07T09:00:00.000000000Z,34,2,5158,47.12,47.12,46.44,46.44,107,ENB
2025-11-07T10:00:00.000000000Z,34,2,5158,46.82,46.82,46.54,46.54,312,ENB
2025-11-07T11:00:00.000000000Z,34,2,5158,46.54,47.2,46.02,46.36,470,ENB
2025-11-07T12:00:00.000000000Z,34,2,16192,50.6,50.6,50.6,50.6,20,TRP
2025-11-07T12:00:00.000000000Z,34,2,5158,46.44,46.44,45.9,46.0,339,ENB
2025-11-07T13:00:00.000000000Z,34,2,5158,46.0,46.0,45.85,45.85,252,ENB
2025-11-07T14:00:00.000000000Z,34,2,16192,50.9,51.58,50.67,51.49,37705,TRP
2025-11-07T14:00:00.000000000Z,34,2,5158,46.36,46.57,45.47,46.41,143118,ENB
2025-11-07T15:00:00.000000000Z,34,2,5158,46.43,47.07,46.34,46.955,100116,ENB
2025-11-07T15:00:00.000000000Z,34,2,16192,51.46,51.775,51.34,51.39,56831,TRP
2025-11-07T16:00:00.000000000Z,34,2,5158,46.95,47.29,46.85,47.23,71282,ENB
2025-11-07T16:00:00.000000000Z,34,2,16192,51.39,51.73,51.275,51.52,46295,TRP
2025-11-07T17:00:00.000000000Z,34,2,16192,51.52,51.71,51.36,51.47,29960,TRP
2025-11-07T17:00:00.000000000Z,34,2,5158,47.22,47.31,47.02,47.18,47840,ENB
2025-11-07T18:00:00.000000000Z,34,2,5158,47.18,47.37,47.01,47.33,74081,ENB
2025-11-07T18:00:00.000000000Z,34,2,16192,51.48,51.63,51.22,51.55,22588,TRP
2025-11-07T19:00:00.000000000Z,34,2,5158,47.315,47.57,47.295,47.485,66202,ENB
2025-11-07T19:00:00.000000000Z,34,2,16192,51.55,51.89,51.49,51.76,22301,TRP
2025-11-07T20:00:00.000000000Z,34,2,16192,51.77,52.23,51.73,52.225,108505,TRP
2025-11-07T20:00:00.000000000Z,34,2,5158,47.485,47.81,47.455,47.72,195209,ENB
2025-11-10T13:00:00.000000000Z,34,2,5158,47.86,47.9,47.86,47.9,33,ENB
2025-11-10T14:00:00.000000000Z,34,2,16192,52.18,52.47,52.035,52.3,15490,TRP
2025-11-10T14:00:00.000000000Z,34,2,5158,47.63,47.9,47.62,47.635,26993,ENB
2025-11-10T15:00:00.000000000Z,34,2,16192,52.26,53.06,52.25,53.06,34724,TRP
2025-11-10T15:00:00.000000000Z,34,2,5158,47.63,48.09,47.615,47.99,46197,ENB
2025-11-10T16:00:00.000000000Z,34,2,16192,53.08,53.185,52.91,53.005,31622,TRP
2025-11-10T16:00:00.000000000Z,34,2,5158,47.99,48.06,47.79,47.83,38983,ENB
2025-11-10T17:00:00.000000000Z,34,2,5158,47.825,47.83,47.3,47.53,157840,ENB
2025-11-10T17:00:00.000000000Z,34,2,16192,53.0,53.095,52.78,53.08,32681,TRP
2025-11-10T18:00:00.000000000Z,34,2,16192,53.075,53.32,53.075,53.315,28122,TRP
2025-11-10T18:00:00.000000000Z,34,2,5158,47.53,48.0,47.505,47.62,96855,ENB
2025-11-10T19:00:00.000000000Z,34,2,5158,47.62,47.795,47.59,47.78,34134,ENB
2025-11-10T19:00:00.000000000Z,34,2,16192,53.32,53.38,53.19,53.37,28392,TRP
2025-11-10T20:00:00.000000000Z,34,2,16192,53.37,53.65,53.34,53.35,136596,TRP
2025-11-10T20:00:00.000000000Z,34,2,5158,47.78,47.98,47.715,47.905,109588,ENB
2025-11-11T14:00:00.000000000Z,34,2,16192,53.36,53.66,53.32,53.605,15509,TRP
2025-11-11T14:00:00.000000000Z,34,2,5158,47.95,48.38,47.95,48.265,26031,ENB
2025-11-11T15:00:00.000000000Z,34,2,5158,48.265,48.415,48.155,48.155,65450,ENB
2025-11-11T15:00:00.000000000Z,34,2,16192,53.555,53.78,53.37,53.42,38447,TRP
2025-11-11T16:00:00.000000000Z,34,2,16192,53.42,53.5,53.215,53.405,37953,TRP
2025-11-11T16:00:00.000000000Z,34,2,5158,48.155,48.16,47.94,48.055,105544,ENB
2025-11-11T17:00:00.000000000Z,34,2,16192,53.4,53.595,53.36,53.51,23472,TRP
2025-11-11T17:00:00.000000000Z,34,2,5158,48.055,48.22,47.98,48.2,59225,ENB
2025-11-11T18:00:00.000000000Z,34,2,5158,48.2,48.375,48.09,48.33,82565,ENB
2025-11-11T18:00:00.000000000Z,34,2,16192,53.5,53.535,53.4,53.5,14666,TRP
2025-11-11T19:00:00.000000000Z,34,2,5158,48.33,48.365,48.255,48.275,38323,ENB
2025-11-11T19:00:00.000000000Z,34,2,16192,53.495,53.565,53.39,53.39,22908,TRP
2025-11-11T20:00:00.000000000Z,34,2,16192,53.38,53.555,53.325,53.545,79270,TRP
2025-11-11T20:00:00.000000000Z,34,2,5158,48.28,48.31,48.15,48.3,83880,ENB
2025-11-12T12:00:00.000000000Z,34,2,5158,48.29,48.29,48.29,48.29,1,ENB
2025-11-12T14:00:00.000000000Z,34,2,16192,53.55,53.76,53.42,53.54,7170,TRP
2025-11-12T14:00:00.000000000Z,34,2,5158,48.42,48.49,48.03,48.11,43736,ENB
2025-11-12T15:00:00.000000000Z,34,2,5158,48.1,48.64,48.09,48.62,124397,ENB
2025-11-12T15:00:00.000000000Z,34,2,16192,53.52,54.19,53.5,54.18,20040,TRP
2025-11-12T16:00:00.000000000Z,34,2,16192,54.21,54.56,54.21,54.53,36393,TRP
2025-11-12T16:00:00.000000000Z,34,2,5158,48.62,48.83,48.615,48.83,64006,ENB
2025-11-12T17:00:00.000000000Z,34,2,16192,54.55,54.69,54.46,54.57,20113,TRP
2025-11-12T17:00:00.000000000Z,34,2,5158,48.84,48.84,48.645,48.735,58509,ENB
2025-11-12T18:00:00.000000000Z,34,2,16192,54.57,54.635,54.48,54.51,16373,TRP
2025-11-12T18:00:00.000000000Z,34,2,5158,48.74,48.74,48.535,48.58,65754,ENB
2025-11-12T19:00:00.000000000Z,34,2,5158,48.58,48.705,48.55,48.665,85074,ENB
2025-11-12T19:00:00.000000000Z,34,2,16192,54.51,54.74,54.49,54.65,13285,TRP
2025-11-12T20:00:00.000000000Z,34,2,5158,48.67,48.815,48.67,48.72,163786,ENB
2025-11-12T20:00:00.000000000Z,34,2,16192,54.66,54.9,54.66,54.785,63989,TRP
2025-11-12T21:00:00.000000000Z,34,2,5158,48.72,48.72,48.72,48.72,700,ENB
2025-11-12T22:00:00.000000000Z,34,2,5158,48.73,48.73,48.73,48.73,1,ENB
2025-11-13T10:00:00.000000000Z,34,2,5158,49.0,49.0,49.0,49.0,1,ENB
2025-11-13T12:00:00.000000000Z,34,2,16192,54.5,54.5,54.5,54.5,9,TRP
2025-11-13T12:00:00.000000000Z,34,2,5158,48.99,48.99,48.78,48.78,1104,ENB
2025-11-13T13:00:00.000000000Z,34,2,5158,48.81,48.88,48.8,48.88,101,ENB
2025-11-13T14:00:00.000000000Z,34,2,16192,54.03,55.095,54.03,55.02,12748,TRP
2025-11-13T14:00:00.000000000Z,34,2,5158,48.77,48.9,48.74,48.75,35151,ENB
2025-11-13T15:00:00.000000000Z,34,2,5158,48.75,48.78,48.595,48.63,42043,ENB
2025-11-13T15:00:00.000000000Z,34,2,16192,54.97,54.99,54.71,54.71,18205,TRP
2025-11-13T16:00:00.000000000Z,34,2,5158,48.62,48.65,48.49,48.6,54994,ENB
2025-11-13T16:00:00.000000000Z,34,2,16192,54.68,54.8,54.62,54.75,16726,TRP
2025-11-13T17:00:00.000000000Z,34,2,5158,48.61,48.73,48.29,48.315,48350,ENB
2025-11-13T17:00:00.000000000Z,34,2,16192,54.74,54.91,54.62,54.625,29856,TRP
2025-11-13T18:00:00.000000000Z,34,2,16192,54.63,54.7,54.39,54.43,57337,TRP
2025-11-13T18:00:00.000000000Z,34,2,5158,48.31,48.415,48.22,48.25,65099,ENB
2025-11-13T19:00:00.000000000Z,34,2,5158,48.245,48.255,48.005,48.01,61150,ENB
2025-11-13T19:00:00.000000000Z,34,2,16192,54.43,54.46,54.06,54.07,43309,TRP
2025-11-13T20:00:00.000000000Z,34,2,16192,54.1,54.535,53.99,54.44,75929,TRP
2025-11-13T20:00:00.000000000Z,34,2,5158,48.03,48.315,47.955,48.28,128619,ENB
2025-11-13T21:00:00.000000000Z,34,2,5158,48.3,48.3,48.28,48.28,262,ENB
2025-11-13T23:00:00.000000000Z,34,2,5158,48.33,48.33,48.33,48.33,70,ENB
2025-11-14T10:00:00.000000000Z,34,2,5158,48.21,48.21,48.21,48.21,15,ENB
2025-11-14T11:00:00.000000000Z,34,2,5158,48.1,48.1,47.8,47.94,408,ENB
2025-11-14T12:00:00.000000000Z,34,2,5158,47.82,47.82,47.58,47.58,190,ENB
2025-11-14T14:00:00.000000000Z,34,2,16192,54.34,54.63,54.09,54.44,14945,TRP
2025-11-14T14:00:00.000000000Z,34,2,5158,47.31,47.55,46.9,47.005,58961,ENB
2025-11-14T15:00:00.000000000Z,34,2,5158,47.01,47.585,46.99,47.585,77873,ENB
2025-11-14T15:00:00.000000000Z,34,2,16192,54.46,54.76,54.255,54.76,21025,TRP
2025-11-14T16:00:00.000000000Z,34,2,16192,54.77,55.3,54.73,55.225,16442,TRP
2025-11-14T16:00:00.000000000Z,34,2,5158,47.6,47.835,47.57,47.835,46254,ENB
2025-11-14T17:00:00.000000000Z,34,2,5158,47.83,47.83,47.67,47.67,23781,ENB
2025-11-14T17:00:00.000000000Z,34,2,16192,55.21,55.23,54.79,54.81,27773,TRP
2025-11-14T18:00:00.000000000Z,34,2,5158,47.675,47.695,47.57,47.67,34149,ENB
2025-11-14T18:00:00.000000000Z,34,2,16192,54.81,54.95,54.695,54.94,13162,TRP
2025-11-14T19:00:00.000000000Z,34,2,16192,54.95,55.07,54.9,55.015,8560,TRP
2025-11-14T19:00:00.000000000Z,34,2,5158,47.675,47.77,47.66,47.76,25075,ENB
2025-11-14T20:00:00.000000000Z,34,2,5158,47.765,47.88,47.65,47.87,106972,ENB
2025-11-14T20:00:00.000000000Z,34,2,16192,55.015,55.25,54.96,55.24,50545,TRP
2025-11-14T21:00:00.000000000Z,34,2,16192,55.5,55.5,55.5,55.5,4,TRP
2025-11-17T14:00:00.000000000Z,34,2,16192,55.18,55.29,54.8,55.12,11927,TRP
2025-11-17T14:00:00.000000000Z,34,2,5158,47.73,48.415,47.73,48.31,52007,ENB
2025-11-17T15:00:00.000000000Z,34,2,5158,48.305,48.455,48.05,48.08,66704,ENB
2025-11-17T15:00:00.000000000Z,34,2,16192,55.115,55.25,54.95,55.0,14624,TRP
2025-11-17T16:00:00.000000000Z,34,2,5158,48.07,48.1,47.915,47.92,49365,ENB
2025-11-17T16:00:00.000000000Z,34,2,16192,54.99,55.06,54.89,55.0,10073,TRP
2025-11-17T17:00:00.000000000Z,34,2,5158,47.94,48.145,47.905,47.965,43217,ENB
2025-11-17T17:00:00.000000000Z,34,2,16192,55.03,55.13,54.96,55.02,9224,TRP
2025-11-17T18:00:00.000000000Z,34,2,16192,55.02,55.03,54.86,54.89,9725,TRP
2025-11-17T18:00:00.000000000Z,34,2,5158,47.97,48.01,47.875,47.89,24909,ENB
2025-11-17T19:00:00.000000000Z,34,2,5158,47.87,47.93,47.68,47.685,46039,ENB
2025-11-17T19:00:00.000000000Z,34,2,16192,54.88,54.96,54.64,54.65,11022,TRP
2025-11-17T20:00:00.000000000Z,34,2,16192,54.61,54.7,54.48,54.505,48357,TRP
2025-11-17T20:00:00.000000000Z,34,2,5158,47.68,47.85,47.665,47.75,185408,ENB
2025-11-17T21:00:00.000000000Z,34,2,5158,47.66,47.66,47.66,47.66,32,ENB
2025-11-18T14:00:00.000000000Z,34,2,16192,54.3,54.8,54.08,54.6,20074,TRP
2025-11-18T14:00:00.000000000Z,34,2,5158,47.6,48.205,47.47,48.14,26357,ENB
2025-11-18T15:00:00.000000000Z,34,2,16192,54.62,54.665,54.28,54.28,39243,TRP
2025-11-18T15:00:00.000000000Z,34,2,5158,48.13,48.215,47.95,47.98,48971,ENB
2025-11-18T16:00:00.000000000Z,34,2,5158,47.97,48.19,47.88,48.16,67876,ENB
2025-11-18T16:00:00.000000000Z,34,2,16192,54.275,54.52,54.125,54.465,27378,TRP
2025-11-18T17:00:00.000000000Z,34,2,16192,54.465,54.55,54.375,54.49,19584,TRP
2025-11-18T17:00:00.000000000Z,34,2,5158,48.16,48.27,48.07,48.14,73261,ENB
2025-11-18T18:00:00.000000000Z,34,2,16192,54.48,54.49,54.13,54.14,22439,TRP
2025-11-18T18:00:00.000000000Z,34,2,5158,48.14,48.16,48.025,48.09,51191,ENB
2025-11-18T19:00:00.000000000Z,34,2,5158,48.085,48.26,47.985,48.245,36514,ENB
2025-11-18T19:00:00.000000000Z,34,2,16192,54.14,54.195,53.95,54.16,44075,TRP
2025-11-18T20:00:00.000000000Z,34,2,16192,54.15,54.37,54.095,54.17,74083,TRP
2025-11-18T20:00:00.000000000Z,34,2,5158,48.24,48.445,48.215,48.28,205623,ENB
2025-11-18T21:00:00.000000000Z,34,2,5158,48.4,48.4,48.4,48.4,45,ENB
2025-11-19T14:00:00.000000000Z,34,2,16192,54.16,54.4,53.9,54.31,8302,TRP
2025-11-19T14:00:00.000000000Z,34,2,5158,48.0,48.19,47.88,48.02,21881,ENB
2025-11-19T15:00:00.000000000Z,34,2,16192,54.29,54.4,54.185,54.26,12427,TRP
2025-11-19T15:00:00.000000000Z,34,2,5158,48.03,48.14,47.85,47.95,40751,ENB
2025-11-19T16:00:00.000000000Z,34,2,5158,47.945,48.065,47.915,48.035,22442,ENB
2025-11-19T16:00:00.000000000Z,34,2,16192,54.25,54.37,54.195,54.31,22223,TRP
2025-11-19T17:00:00.000000000Z,34,2,16192,54.31,54.415,54.23,54.27,15951,TRP
2025-11-19T17:00:00.000000000Z,34,2,5158,48.03,48.205,48.03,48.18,23276,ENB
2025-11-19T18:00:00.000000000Z,34,2,16192,54.29,54.63,54.29,54.58,13686,TRP
2025-11-19T18:00:00.000000000Z,34,2,5158,48.21,48.395,48.21,48.36,20630,ENB
2025-11-19T19:00:00.000000000Z,34,2,16192,54.57,54.6,54.38,54.535,15932,TRP
2025-11-19T19:00:00.000000000Z,34,2,5158,48.35,48.365,48.23,48.33,16415,ENB
2025-11-19T20:00:00.000000000Z,34,2,16192,54.535,54.71,54.52,54.65,56546,TRP
2025-11-19T20:00:00.000000000Z,34,2,5158,48.34,48.65,48.33,48.62,81398,ENB
2025-11-19T21:00:00.000000000Z,34,2,5158,48.66,48.66,48.66,48.66,100,ENB
2025-11-19T23:00:00.000000000Z,34,2,16192,54.55,54.55,54.55,54.55,7,TRP
2025-11-20T09:00:00.000000000Z,34,2,5158,48.71,48.71,48.71,48.71,30,ENB
2025-11-20T14:00:00.000000000Z,34,2,5158,48.66,48.69,48.44,48.67,15662,ENB
2025-11-20T14:00:00.000000000Z,34,2,16192,54.61,55.01,54.525,54.96,14453,TRP
2025-11-20T15:00:00.000000000Z,34,2,5158,48.66,48.7,48.465,48.66,24294,ENB
2025-11-20T15:00:00.000000000Z,34,2,16192,54.97,55.025,54.53,54.74,42308,TRP
2025-11-20T16:00:00.000000000Z,34,2,16192,54.74,54.755,54.2,54.22,65104,TRP
2025-11-20T16:00:00.000000000Z,34,2,5158,48.67,48.71,48.435,48.44,28592,ENB
2025-11-20T17:00:00.000000000Z,34,2,5158,48.435,48.47,48.15,48.175,24575,ENB
2025-11-20T17:00:00.000000000Z,34,2,16192,54.22,54.31,53.99,54.01,28376,TRP
2025-11-20T18:00:00.000000000Z,34,2,16192,54.01,54.21,53.91,53.975,30960,TRP
2025-11-20T18:00:00.000000000Z,34,2,5158,48.175,48.325,48.125,48.15,25962,ENB
2025-11-20T19:00:00.000000000Z,34,2,5158,48.14,48.31,48.11,48.31,25482,ENB
2025-11-20T19:00:00.000000000Z,34,2,16192,53.98,54.235,53.95,54.235,20060,TRP
2025-11-20T20:00:00.000000000Z,34,2,5158,48.32,48.4,48.25,48.305,82963,ENB
2025-11-20T20:00:00.000000000Z,34,2,16192,54.265,54.295,54.14,54.27,61611,TRP
2025-11-21T14:00:00.000000000Z,34,2,16192,54.37,54.37,54.07,54.09,4780,TRP
2025-11-21T14:00:00.000000000Z,34,2,5158,48.23,48.3,48.03,48.1,14463,ENB
2025-11-21T15:00:00.000000000Z,34,2,16192,54.13,54.32,53.915,53.92,13246,TRP
2025-11-21T15:00:00.000000000Z,34,2,5158,48.07,48.24,47.985,47.985,26092,ENB
2025-11-21T16:00:00.000000000Z,34,2,5158,47.97,48.04,47.685,48.015,53482,ENB
2025-11-21T16:00:00.000000000Z,34,2,16192,53.91,54.05,53.76,54.01,21611,TRP
2025-11-21T17:00:00.000000000Z,34,2,5158,48.02,48.05,47.9,47.97,19430,ENB
2025-11-21T17:00:00.000000000Z,34,2,16192,54.0,54.03,53.77,53.87,14284,TRP
2025-11-21T18:00:00.000000000Z,34,2,16192,53.89,54.03,53.76,53.97,8845,TRP
2025-11-21T18:00:00.000000000Z,34,2,5158,47.975,48.125,47.86,48.095,21622,ENB
2025-11-21T19:00:00.000000000Z,34,2,5158,48.1,48.13,48.03,48.06,25724,ENB
2025-11-21T19:00:00.000000000Z,34,2,16192,53.985,54.03,53.845,53.85,11432,TRP
2025-11-21T20:00:00.000000000Z,34,2,5158,48.065,48.065,47.95,47.95,105846,ENB
2025-11-21T20:00:00.000000000Z,34,2,16192,53.87,53.945,53.825,53.945,60374,TRP
2025-11-21T21:00:00.000000000Z,34,2,5158,47.95,47.95,47.95,47.95,100,ENB
2025-11-21T23:00:00.000000000Z,34,2,5158,48.19,48.19,48.19,48.19,381,ENB
2025-11-24T11:00:00.000000000Z,34,2,5158,48.03,48.03,48.03,48.03,1,ENB
2025-11-24T12:00:00.000000000Z,34,2,5158,48.2,48.2,48.19,48.19,4,ENB
2025-11-24T13:00:00.000000000Z,34,2,5158,48.03,48.14,48.03,48.14,109,ENB
2025-11-24T14:00:00.000000000Z,34,2,16192,53.77,53.77,53.245,53.425,10548,TRP
2025-11-24T14:00:00.000000000Z,34,2,5158,48.08,48.08,47.58,47.66,14730,ENB
2025-11-24T15:00:00.000000000Z,34,2,16192,53.41,53.745,53.41,53.57,28997,TRP
2025-11-24T15:00:00.000000000Z,34,2,5158,47.655,47.83,47.645,47.76,54014,ENB
2025-11-24T16:00:00.000000000Z,34,2,16192,53.57,53.58,53.39,53.555,9837,TRP
2025-11-24T16:00:00.000000000Z,34,2,5158,47.755,47.77,47.515,47.57,41127,ENB
2025-11-24T17:00:00.000000000Z,34,2,16192,53.54,53.54,53.3,53.445,9350,TRP
2025-11-24T17:00:00.000000000Z,34,2,5158,47.585,47.605,47.445,47.57,29174,ENB
2025-11-24T18:00:00.000000000Z,34,2,16192,53.42,53.57,53.385,53.54,9731,TRP
2025-11-24T18:00:00.000000000Z,34,2,5158,47.565,47.625,47.55,47.6,29568,ENB
2025-11-24T19:00:00.000000000Z,34,2,16192,53.53,53.57,53.315,53.315,11915,TRP
2025-11-24T19:00:00.000000000Z,34,2,5158,47.6,47.635,47.405,47.41,46669,ENB
2025-11-24T20:00:00.000000000Z,34,2,16192,53.35,53.82,53.31,53.65,76487,TRP
2025-11-24T20:00:00.000000000Z,34,2,5158,47.41,47.455,47.255,47.3,188823,ENB
2025-11-24T21:00:00.000000000Z,34,2,5158,47.31,47.31,47.31,47.31,200,ENB
2025-11-25T11:00:00.000000000Z,34,2,16192,53.92,53.92,53.92,53.92,1,TRP
2025-11-25T12:00:00.000000000Z,34,2,5158,47.35,47.35,47.35,47.35,5,ENB
2025-11-25T13:00:00.000000000Z,34,2,5158,47.37,47.37,47.37,47.37,1,ENB
2025-11-25T14:00:00.000000000Z,34,2,16192,53.89,53.95,53.6,53.6,13167,TRP
2025-11-25T14:00:00.000000000Z,34,2,5158,47.22,47.59,47.22,47.36,16259,ENB
2025-11-25T15:00:00.000000000Z,34,2,5158,47.39,47.445,47.235,47.385,49158,ENB
2025-11-25T15:00:00.000000000Z,34,2,16192,53.59,53.68,53.44,53.48,43563,TRP
2025-11-25T16:00:00.000000000Z,34,2,16192,53.475,53.925,53.44,53.79,19223,TRP
2025-11-25T16:00:00.000000000Z,34,2,5158,47.395,47.64,47.365,47.62,31370,ENB
2025-11-25T17:00:00.000000000Z,34,2,5158,47.625,47.77,47.58,47.685,28717,ENB
2025-11-25T17:00:00.000000000Z,34,2,16192,53.78,54.07,53.755,53.91,12570,TRP
2025-11-25T18:00:00.000000000Z,34,2,5158,47.69,47.74,47.635,47.665,22143,ENB
2025-11-25T18:00:00.000000000Z,34,2,16192,53.91,53.99,53.875,53.89,19162,TRP
2025-11-25T19:00:00.000000000Z,34,2,16192,53.9,53.98,53.84,53.84,25754,TRP
2025-11-25T19:00:00.000000000Z,34,2,5158,47.67,47.67,47.595,47.62,26061,ENB
2025-11-25T20:00:00.000000000Z,34,2,5158,47.61,47.65,47.53,47.56,103521,ENB
2025-11-25T20:00:00.000000000Z,34,2,16192,53.84,53.84,53.57,53.68,81864,TRP
2025-11-25T21:00:00.000000000Z,34,2,5158,47.565,47.565,47.565,47.565,13,ENB
2025-11-25T22:00:00.000000000Z,34,2,5158,47.69,47.69,47.69,47.69,1,ENB
2025-11-26T12:00:00.000000000Z,34,2,5158,47.6,47.7,47.6,47.7,17,ENB
2025-11-26T13:00:00.000000000Z,34,2,5158,47.69,47.69,47.69,47.69,5,ENB
2025-11-26T13:00:00.000000000Z,34,2,16192,53.89,53.89,53.89,53.89,1,TRP
2025-11-26T14:00:00.000000000Z,34,2,5158,47.56,47.74,47.48,47.74,10245,ENB
2025-11-26T14:00:00.000000000Z,34,2,16192,53.77,54.035,53.77,53.965,10093,TRP
2025-11-26T15:00:00.000000000Z,34,2,5158,47.73,47.835,47.65,47.71,21291,ENB
2025-11-26T15:00:00.000000000Z,34,2,16192,53.97,54.02,53.7,53.72,15470,TRP
2025-11-26T16:00:00.000000000Z,34,2,5158,47.71,47.8,47.665,47.775,18351,ENB
2025-11-26T16:00:00.000000000Z,34,2,16192,53.74,53.775,53.67,53.76,12833,TRP
2025-11-26T17:00:00.000000000Z,34,2,5158,47.785,47.92,47.76,47.92,9472,ENB
2025-11-26T17:00:00.000000000Z,34,2,16192,53.75,53.935,53.73,53.91,26294,TRP
2025-11-26T18:00:00.000000000Z,34,2,16192,53.935,54.115,53.935,54.1,9452,TRP
2025-11-26T18:00:00.000000000Z,34,2,5158,47.905,47.99,47.875,47.925,12146,ENB
2025-11-26T19:00:00.000000000Z,34,2,16192,54.095,54.12,54.01,54.04,9320,TRP
2025-11-26T19:00:00.000000000Z,34,2,5158,47.92,47.965,47.885,47.91,19100,ENB
2025-11-26T20:00:00.000000000Z,34,2,5158,47.92,48.055,47.895,48.035,67605,ENB
2025-11-26T20:00:00.000000000Z,34,2,16192,54.05,54.145,53.975,53.98,42254,TRP
2025-11-28T10:00:00.000000000Z,34,2,5158,48.2,48.2,48.2,48.2,4,ENB
2025-11-28T11:00:00.000000000Z,34,2,5158,48.2,48.2,48.2,48.2,16,ENB
2025-11-28T12:00:00.000000000Z,34,2,5158,48.11,48.18,48.11,48.15,95,ENB
2025-11-28T13:00:00.000000000Z,34,2,5158,48.1,48.1,48.1,48.1,20,ENB
2025-11-28T13:00:00.000000000Z,34,2,16192,54.01,54.01,54.01,54.01,3,TRP
2025-11-28T14:00:00.000000000Z,34,2,16192,54.27,54.36,53.99,54.36,8464,TRP
2025-11-28T14:00:00.000000000Z,34,2,5158,48.25,48.435,48.1,48.43,5852,ENB
2025-11-28T15:00:00.000000000Z,34,2,5158,48.44,48.65,48.41,48.645,17741,ENB
2025-11-28T15:00:00.000000000Z,34,2,16192,54.37,54.59,54.345,54.59,10063,TRP
2025-11-28T16:00:00.000000000Z,34,2,16192,54.59,54.59,54.44,54.47,14653,TRP
2025-11-28T16:00:00.000000000Z,34,2,5158,48.66,48.82,48.645,48.745,40402,ENB
2025-11-28T17:00:00.000000000Z,34,2,16192,54.48,54.72,54.44,54.7,42323,TRP
2025-11-28T17:00:00.000000000Z,34,2,5158,48.745,48.79,48.635,48.775,49449,ENB
2025-11-28T18:00:00.000000000Z,34,2,16192,54.64,54.64,54.64,54.64,100,TRP
2025-11-28T18:00:00.000000000Z,34,2,5158,48.76,48.76,48.74,48.74,173,ENB
2025-11-28T20:00:00.000000000Z,34,2,16192,54.44,54.44,54.12,54.2,1760,TRP
2025-11-28T20:00:00.000000000Z,34,2,5158,48.67,48.67,48.67,48.67,30,ENB
2025-12-01T14:00:00.000000000Z,34,2,16192,54.175,54.83,54.06,54.76,18968,TRP
2025-12-01T14:00:00.000000000Z,34,2,5158,48.7,48.9,48.59,48.85,20331,ENB
2025-12-01T15:00:00.000000000Z,34,2,16192,54.79,55.04,54.64,54.715,20456,TRP
2025-12-01T15:00:00.000000000Z,34,2,5158,48.86,49.22,48.85,48.95,44026,ENB
2025-12-01T16:00:00.000000000Z,34,2,5158,48.935,49.055,48.845,49.01,42226,ENB
2025-12-01T16:00:00.000000000Z,34,2,16192,54.71,54.72,54.51,54.67,15046,TRP
2025-12-01T17:00:00.000000000Z,34,2,5158,49.005,49.05,48.915,48.995,51153,ENB
2025-12-01T17:00:00.000000000Z,34,2,16192,54.665,54.69,54.445,54.5,13448,TRP
2025-12-01T18:00:00.000000000Z,34,2,16192,54.5,54.56,54.355,54.505,15387,TRP
2025-12-01T18:00:00.000000000Z,34,2,5158,48.995,49.105,48.935,49.09,41619,ENB
2025-12-01T19:00:00.000000000Z,34,2,5158,49.09,49.16,48.99,48.99,56627,ENB
2025-12-01T19:00:00.000000000Z,34,2,16192,54.5,54.535,54.265,54.27,39196,TRP
2025-12-01T20:00:00.000000000Z,34,2,5158,48.985,49.085,48.855,48.895,115458,ENB
2025-12-01T20:00:00.000000000Z,34,2,16192,54.255,54.5,54.185,54.21,72690,TRP
2025-12-01T21:00:00.000000000Z,34,2,5158,48.9,48.9,48.9,48.9,205,ENB
2025-12-02T10:00:00.000000000Z,34,2,5158,49.0,49.0,49.0,49.0,2,ENB
2025-12-02T11:00:00.000000000Z,34,2,5158,48.96,49.0,48.96,49.0,8,ENB
2025-12-02T12:00:00.000000000Z,34,2,5158,48.86,49.01,48.82,48.9,37,ENB
2025-12-02T14:00:00.000000000Z,34,2,16192,54.2,54.82,54.19,54.62,29890,TRP
2025-12-02T14:00:00.000000000Z,34,2,5158,48.87,48.9,48.56,48.64,26412,ENB
2025-12-02T15:00:00.000000000Z,34,2,5158,48.65,48.65,48.165,48.25,63241,ENB
2025-12-02T15:00:00.000000000Z,34,2,16192,54.62,54.62,53.93,54.065,35919,TRP
2025-12-02T16:00:00.000000000Z,34,2,5158,48.265,48.3,48.12,48.23,38853,ENB
2025-12-02T16:00:00.000000000Z,34,2,16192,54.055,54.13,53.9,53.955,21484,TRP
2025-12-02T17:00:00.000000000Z,34,2,5158,48.23,48.245,48.01,48.01,48509,ENB
2025-12-02T17:00:00.000000000Z,34,2,16192,53.97,53.97,53.735,53.75,24328,TRP
2025-12-02T18:00:00.000000000Z,34,2,16192,53.73,53.75,53.65,53.695,16323,TRP
2025-12-02T18:00:00.000000000Z,34,2,5158,48.0,48.08,47.97,48.025,41625,ENB
2025-12-02T19:00:00.000000000Z,34,2,16192,53.69,53.755,53.565,53.6,16834,TRP
2025-12-02T19:00:00.000000000Z,34,2,5158,48.04,48.14,48.025,48.09,49697,ENB
2025-12-02T20:00:00.000000000Z,34,2,16192,53.6,54.0,53.595,53.795,99063,TRP
2025-12-02T20:00:00.000000000Z,34,2,5158,48.095,48.32,48.095,48.12,129769,ENB
2025-12-02T21:00:00.000000000Z,34,2,5158,48.11,48.3,48.11,48.15,30,ENB
2025-12-03T11:00:00.000000000Z,34,2,5158,48.48,48.59,48.48,48.59,3,ENB
2025-12-03T12:00:00.000000000Z,34,2,5158,48.35,48.5,48.22,48.23,67,ENB
2025-12-03T13:00:00.000000000Z,34,2,5158,48.15,48.15,48.15,48.15,4,ENB
2025-12-03T14:00:00.000000000Z,34,2,16192,54.07,54.08,53.665,53.77,9502,TRP
2025-12-03T14:00:00.000000000Z,34,2,5158,48.3,48.635,48.2,48.22,23370,ENB
2025-12-03T15:00:00.000000000Z,34,2,5158,48.215,48.36,48.08,48.25,24818,ENB
2025-12-03T15:00:00.000000000Z,34,2,16192,53.77,53.97,53.68,53.93,22532,TRP
2025-12-03T16:00:00.000000000Z,34,2,16192,53.93,54.03,53.88,53.99,15428,TRP
2025-12-03T16:00:00.000000000Z,34,2,5158,48.255,48.34,48.23,48.29,16213,ENB
2025-12-03T17:00:00.000000000Z,34,2,5158,48.295,48.39,48.2,48.2,15732,ENB
2025-12-03T17:00:00.000000000Z,34,2,16192,53.995,54.08,53.82,53.845,18910,TRP
2025-12-03T18:00:00.000000000Z,34,2,16192,53.845,53.85,53.52,53.53,16189,TRP
2025-12-03T18:00:00.000000000Z,34,2,5158,48.19,48.19,47.89,47.935,25476,ENB
2025-12-03T19:00:00.000000000Z,34,2,5158,47.935,48.005,47.915,47.955,28465,ENB
2025-12-03T19:00:00.000000000Z,34,2,16192,53.53,53.62,53.41,53.605,49573,TRP
2025-12-03T20:00:00.000000000Z,34,2,16192,53.61,53.72,53.5,53.675,53529,TRP
2025-12-03T20:00:00.000000000Z,34,2,5158,47.955,47.98,47.72,47.765,81658,ENB
2025-12-03T21:00:00.000000000Z,34,2,5158,47.99,47.99,47.99,47.99,6,ENB
2025-12-04T13:00:00.000000000Z,34,2,5158,47.87,47.87,47.87,47.87,5,ENB
2025-12-04T14:00:00.000000000Z,34,2,5158,47.94,48.22,47.75,48.2,39063,ENB
2025-12-04T14:00:00.000000000Z,34,2,16192,53.9,54.52,53.87,54.5,30533,TRP
2025-12-04T15:00:00.000000000Z,34,2,16192,54.505,54.95,54.49,54.73,40310,TRP
2025-12-04T15:00:00.000000000Z,34,2,5158,48.2,48.38,48.135,48.195,44152,ENB
2025-12-04T16:00:00.000000000Z,34,2,16192,54.72,54.93,54.72,54.865,66868,TRP
2025-12-04T16:00:00.000000000Z,34,2,5158,48.19,48.295,48.055,48.09,32907,ENB
2025-12-04T17:00:00.000000000Z,34,2,5158,48.09,48.09,47.925,47.94,18972,ENB
2025-12-04T17:00:00.000000000Z,34,2,16192,54.86,54.86,54.48,54.545,37846,TRP
2025-12-04T18:00:00.000000000Z,34,2,16192,54.55,54.6,54.42,54.47,20066,TRP
2025-12-04T18:00:00.000000000Z,34,2,5158,47.94,48.02,47.935,47.98,26490,ENB
2025-12-04T19:00:00.000000000Z,34,2,5158,47.98,48.105,47.975,48.1,17761,ENB
2025-12-04T19:00:00.000000000Z,34,2,16192,54.49,54.72,54.445,54.72,26534,TRP
2025-12-04T20:00:00.000000000Z,34,2,5158,48.105,48.19,47.985,48.175,77113,ENB
2025-12-04T20:00:00.000000000Z,34,2,16192,54.71,54.815,54.575,54.81,64595,TRP
2025-12-04T21:00:00.000000000Z,34,2,5158,48.18,48.18,48.18,48.18,200,ENB
2025-12-05T10:00:00.000000000Z,34,2,5158,48.2,48.2,48.2,48.2,8,ENB
2025-12-05T14:00:00.000000000Z,34,2,5158,48.13,48.4,48.13,48.335,33489,ENB
2025-12-05T14:00:00.000000000Z,34,2,16192,54.82,54.93,54.67,54.67,9402,TRP
2025-12-05T15:00:00.000000000Z,34,2,5158,48.34,48.34,48.13,48.3,30344,ENB
2025-12-05T15:00:00.000000000Z,34,2,16192,54.7,54.71,54.36,54.675,17844,TRP
2025-12-05T16:00:00.000000000Z,34,2,5158,48.305,48.42,48.05,48.165,64900,ENB
2025-12-05T16:00:00.000000000Z,34,2,16192,54.665,54.96,54.58,54.72,24594,TRP
2025-12-05T17:00:00.000000000Z,34,2,5158,48.16,48.23,48.105,48.12,35272,ENB
2025-12-05T17:00:00.000000000Z,34,2,16192,54.73,54.8,54.67,54.735,24178,TRP
2025-12-05T18:00:00.000000000Z,34,2,5158,48.12,48.15,47.925,48.015,40311,ENB
2025-12-05T18:00:00.000000000Z,34,2,16192,54.76,54.785,54.59,54.64,6499,TRP
2025-12-05T19:00:00.000000000Z,34,2,5158,48.015,48.155,47.925,48.15,31585,ENB
2025-12-05T19:00:00.000000000Z,34,2,16192,54.65,54.73,54.56,54.73,6275,TRP
2025-12-05T20:00:00.000000000Z,34,2,16192,54.73,54.875,54.59,54.595,47624,TRP
2025-12-05T20:00:00.000000000Z,34,2,5158,48.15,48.17,48.055,48.1,99897,ENB
2025-12-05T21:00:00.000000000Z,34,2,5158,48.06,48.06,48.06,48.06,100,ENB
2025-12-05T23:00:00.000000000Z,34,2,16192,54.69,54.69,54.69,54.69,100,TRP
2025-12-08T14:00:00.000000000Z,34,2,16192,54.62,54.65,54.24,54.48,9259,TRP
2025-12-08T14:00:00.000000000Z,34,2,5158,48.09,48.17,47.61,48.02,14157,ENB
2025-12-08T15:00:00.000000000Z,34,2,5158,47.99,48.23,47.96,48.205,21032,ENB
2025-12-08T15:00:00.000000000Z,34,2,16192,54.46,54.7,54.33,54.7,12041,TRP
2025-12-08T16:00:00.000000000Z,34,2,16192,54.7,54.805,54.66,54.745,9961,TRP
2025-12-08T16:00:00.000000000Z,34,2,5158,48.195,48.32,48.17,48.275,19756,ENB
2025-12-08T17:00:00.000000000Z,34,2,16192,54.74,54.815,54.585,54.77,13004,TRP
2025-12-08T17:00:00.000000000Z,34,2,5158,48.275,48.275,48.17,48.25,22987,ENB
2025-12-08T18:00:00.000000000Z,34,2,16192,54.77,54.9,54.74,54.85,14438,TRP
2025-12-08T18:00:00.000000000Z,34,2,5158,48.245,48.32,48.225,48.275,23448,ENB
2025-12-08T19:00:00.000000000Z,34,2,16192,54.84,54.845,54.57,54.65,16542,TRP
2025-12-08T19:00:00.000000000Z,34,2,5158,48.27,48.29,48.12,48.155,24395,ENB
2025-12-08T20:00:00.000000000Z,34,2,5158,48.16,48.28,48.13,48.2,88957,ENB
2025-12-08T20:00:00.000000000Z,34,2,16192,54.66,54.745,54.6,54.65,47617,TRP
2025-12-08T21:00:00.000000000Z,34,2,16192,55.0,55.0,54.81,54.81,20,TRP
2025-12-08T21:00:00.000000000Z,34,2,5158,48.19,48.19,48.19,48.19,468,ENB
2025-12-09T12:00:00.000000000Z,34,2,5158,48.22,48.22,48.22,48.22,120,ENB
2025-12-09T14:00:00.000000000Z,34,2,16192,54.7,55.02,54.7,54.835,3760,TRP
2025-12-09T14:00:00.000000000Z,34,2,5158,48.26,48.64,48.22,48.5,11524,ENB
2025-12-09T15:00:00.000000000Z,34,2,16192,54.79,54.87,54.69,54.69,7212,TRP
2025-12-09T15:00:00.000000000Z,34,2,5158,48.49,48.52,48.27,48.295,24681,ENB
2025-12-09T16:00:00.000000000Z,34,2,16192,54.65,54.81,54.65,54.665,6847,TRP
2025-12-09T16:00:00.000000000Z,34,2,5158,48.29,48.34,48.16,48.17,17465,ENB
2025-12-09T17:00:00.000000000Z,34,2,5158,48.18,48.21,48.005,48.025,26585,ENB
2025-12-09T17:00:00.000000000Z,34,2,16192,54.67,54.69,54.46,54.46,2550,TRP
2025-12-09T18:00:00.000000000Z,34,2,5158,48.025,48.04,47.92,47.98,24588,ENB
2025-12-09T18:00:00.000000000Z,34,2,16192,54.46,54.5,54.355,54.45,7881,TRP
2025-12-09T19:00:00.000000000Z,34,2,5158,47.98,47.98,47.76,47.76,23227,ENB
2025-12-09T19:00:00.000000000Z,34,2,16192,54.445,54.45,54.21,54.22,10077,TRP
2025-12-09T20:00:00.000000000Z,34,2,5158,47.755,47.755,47.535,47.54,84298,ENB
2025-12-09T20:00:00.000000000Z,34,2,16192,54.21,54.21,54.0,54.14,47688,TRP
2025-12-09T21:00:00.000000000Z,34,2,5158,47.6,47.65,47.6,47.65,56,ENB
2025-12-10T13:00:00.000000000Z,34,2,5158,47.57,47.58,47.57,47.58,101,ENB
2025-12-10T14:00:00.000000000Z,34,2,16192,54.12,54.16,53.94,54.07,7771,TRP
2025-12-10T14:00:00.000000000Z,34,2,5158,47.74,47.74,47.36,47.48,12888,ENB
2025-12-10T15:00:00.000000000Z,34,2,16192,54.08,54.42,54.08,54.2,13947,TRP
2025-12-10T15:00:00.000000000Z,34,2,5158,47.51,47.7,47.5,47.62,17310,ENB
2025-12-10T16:00:00.000000000Z,34,2,5158,47.63,47.645,47.395,47.395,14762,ENB
2025-12-10T16:00:00.000000000Z,34,2,16192,54.18,54.26,53.94,53.94,16195,TRP
2025-12-10T17:00:00.000000000Z,34,2,16192,53.92,53.92,53.67,53.79,15428,TRP
2025-12-10T17:00:00.000000000Z,34,2,5158,47.39,47.4,47.215,47.23,20433,ENB
2025-12-10T18:00:00.000000000Z,34,2,16192,53.83,53.83,53.71,53.74,8911,TRP
2025-12-10T18:00:00.000000000Z,34,2,5158,47.23,47.26,47.12,47.16,26683,ENB
2025-12-10T19:00:00.000000000Z,34,2,5158,47.17,47.19,46.98,47.06,100162,ENB
2025-12-10T19:00:00.000000000Z,34,2,16192,53.755,53.785,53.57,53.715,17107,TRP
2025-12-10T20:00:00.000000000Z,34,2,16192,53.72,53.91,53.57,53.75,36430,TRP
2025-12-10T20:00:00.000000000Z,34,2,5158,47.05,47.24,46.985,47.19,106691,ENB
2025-12-10T21:00:00.000000000Z,34,2,5158,47.18,47.24,47.18,47.24,165,ENB
2025-12-10T22:00:00.000000000Z,34,2,5158,47.25,47.3,47.25,47.3,34,ENB
2025-12-10T23:00:00.000000000Z,34,2,5158,47.3,47.3,47.3,47.3,4,ENB
2025-12-11T11:00:00.000000000Z,34,2,5158,47.24,47.34,47.23,47.34,31,ENB
2025-12-11T12:00:00.000000000Z,34,2,5158,47.34,47.34,47.34,47.34,28,ENB
2025-12-11T14:00:00.000000000Z,34,2,16192,53.79,53.92,53.59,53.77,7094,TRP
2025-12-11T14:00:00.000000000Z,34,2,5158,47.18,47.4,47.175,47.31,7188,ENB
2025-12-11T15:00:00.000000000Z,34,2,5158,47.315,47.375,47.15,47.345,29070,ENB
2025-12-11T15:00:00.000000000Z,34,2,16192,53.78,54.07,53.66,54.045,14339,TRP
2025-12-11T16:00:00.000000000Z,34,2,5158,47.355,47.355,47.21,47.31,14990,ENB
2025-12-11T16:00:00.000000000Z,34,2,16192,54.04,54.08,53.89,54.08,7684,TRP
2025-12-11T17:00:00.000000000Z,34,2,5158,47.335,47.53,47.31,47.515,17001,ENB
2025-12-11T17:00:00.000000000Z,34,2,16192,54.09,54.415,54.09,54.36,7871,TRP
2025-12-11T18:00:00.000000000Z,34,2,16192,54.36,54.38,54.25,54.315,7835,TRP
2025-12-11T18:00:00.000000000Z,34,2,5158,47.515,47.59,47.5,47.525,11365,ENB
2025-12-11T19:00:00.000000000Z,34,2,5158,47.535,47.58,47.47,47.475,10696,ENB
2025-12-11T19:00:00.000000000Z,34,2,16192,54.32,54.36,54.25,54.29,9056,TRP
2025-12-11T20:00:00.000000000Z,34,2,16192,54.3,54.37,54.23,54.34,28696,TRP
2025-12-11T20:00:00.000000000Z,34,2,5158,47.48,47.49,47.33,47.395,54915,ENB
2025-12-11T21:00:00.000000000Z,34,2,5158,47.41,47.5,47.41,47.5,256,ENB
2025-12-11T22:00:00.000000000Z,34,2,5158,47.5,47.5,47.5,47.5,2,ENB
2025-12-11T23:00:00.000000000Z,34,2,5158,47.49,47.49,47.49,47.49,20,ENB
2025-12-12T14:00:00.000000000Z,34,2,16192,54.375,54.65,54.27,54.58,5458,TRP
2025-12-12T14:00:00.000000000Z,34,2,5158,47.4,47.6,47.31,47.54,8716,ENB
2025-12-12T15:00:00.000000000Z,34,2,5158,47.53,47.55,47.3,47.39,24532,ENB
2025-12-12T15:00:00.000000000Z,34,2,16192,54.58,54.61,54.29,54.41,7843,TRP
2025-12-12T16:00:00.000000000Z,34,2,16192,54.385,54.49,54.28,54.48,9390,TRP
2025-12-12T16:00:00.000000000Z,34,2,5158,47.395,47.46,47.31,47.46,12940,ENB
2025-12-12T17:00:00.000000000Z,34,2,5158,47.475,47.7,47.475,47.68,14361,ENB
2025-12-12T17:00:00.000000000Z,34,2,16192,54.52,54.75,54.52,54.69,14569,TRP
2025-12-12T18:00:00.000000000Z,34,2,16192,54.71,54.905,54.7,54.82,10037,TRP
2025-12-12T18:00:00.000000000Z,34,2,5158,47.685,47.78,47.62,47.62,15356,ENB
2025-12-12T19:00:00.000000000Z,34,2,5158,47.62,47.635,47.495,47.525,21547,ENB
2025-12-12T19:00:00.000000000Z,34,2,16192,54.81,54.81,54.56,54.63,13981,TRP
2025-12-12T20:00:00.000000000Z,34,2,5158,47.535,47.56,47.455,47.555,41789,ENB
2025-12-12T20:00:00.000000000Z,34,2,16192,54.625,54.71,54.55,54.68,50982,TRP
2025-12-12T21:00:00.000000000Z,34,2,5158,47.64,47.64,47.64,47.64,14,ENB
2025-12-12T21:00:00.000000000Z,34,2,16192,54.31,54.31,54.31,54.31,1,TRP
2025-12-12T22:00:00.000000000Z,34,2,5158,47.64,47.64,47.64,47.64,2,ENB
2025-12-15T13:00:00.000000000Z,34,2,5158,47.75,47.75,47.75,47.75,626,ENB
2025-12-15T14:00:00.000000000Z,34,2,16192,54.83,54.95,54.69,54.91,5248,TRP
2025-12-15T14:00:00.000000000Z,34,2,5158,47.75,47.75,47.42,47.63,9669,ENB
2025-12-15T15:00:00.000000000Z,34,2,5158,47.63,47.64,47.515,47.61,12016,ENB
2025-12-15T15:00:00.000000000Z,34,2,16192,54.885,54.91,54.74,54.85,11270,TRP
2025-12-15T16:00:00.000000000Z,34,2,16192,54.86,54.86,54.55,54.63,6893,TRP
2025-12-15T16:00:00.000000000Z,34,2,5158,47.63,47.645,47.45,47.6,12573,ENB
2025-12-15T17:00:00.000000000Z,34,2,5158,47.6,47.605,47.485,47.485,15103,ENB
2025-12-15T17:00:00.000000000Z,34,2,16192,54.64,54.64,54.435,54.45,5691,TRP
2025-12-15T18:00:00.000000000Z,34,2,16192,54.47,54.57,54.43,54.56,5371,TRP
2025-12-15T18:00:00.000000000Z,34,2,5158,47.51,47.56,47.48,47.49,11601,ENB
2025-12-15T19:00:00.000000000Z,34,2,5158,47.49,47.615,47.43,47.61,11189,ENB
2025-12-15T19:00:00.000000000Z,34,2,16192,54.57,54.625,54.45,54.625,7717,TRP
2025-12-15T20:00:00.000000000Z,34,2,16192,54.625,54.86,54.615,54.735,25811,TRP
2025-12-15T20:00:00.000000000Z,34,2,5158,47.605,47.815,47.555,47.685,46883,ENB
2025-12-15T21:00:00.000000000Z,34,2,5158,47.91,47.91,47.91,47.91,1,ENB
2025-12-16T11:00:00.000000000Z,34,2,5158,47.59,47.63,47.52,47.63,6,ENB
2025-12-16T13:00:00.000000000Z,34,2,5158,47.68,47.68,47.56,47.56,127,ENB
2025-12-16T14:00:00.000000000Z,34,2,5158,47.55,47.77,47.37,47.375,10408,ENB
2025-12-16T14:00:00.000000000Z,34,2,16192,54.72,54.75,54.23,54.25,5321,TRP
2025-12-16T15:00:00.000000000Z,34,2,16192,54.27,54.28,54.12,54.17,6528,TRP
2025-12-16T15:00:00.000000000Z,34,2,5158,47.38,47.38,47.2,47.225,24574,ENB
2025-12-16T16:00:00.000000000Z,34,2,16192,54.15,54.165,54.07,54.08,5969,TRP
2025-12-16T16:00:00.000000000Z,34,2,5158,47.21,47.26,47.145,47.15,11709,ENB
2025-12-16T17:00:00.000000000Z,34,2,5158,47.13,47.13,46.95,46.98,15450,ENB
2025-12-16T17:00:00.000000000Z,34,2,16192,54.09,54.1,53.9,53.94,2458,TRP
2025-12-16T18:00:00.000000000Z,34,2,16192,53.94,54.07,53.84,54.04,15408,TRP
2025-12-16T18:00:00.000000000Z,34,2,5158,46.975,47.11,46.955,47.015,14373,ENB
2025-12-16T19:00:00.000000000Z,34,2,16192,54.03,54.06,53.89,53.89,14038,TRP
2025-12-16T19:00:00.000000000Z,34,2,5158,47.015,47.02,46.785,46.79,26436,ENB
2025-12-16T20:00:00.000000000Z,34,2,16192,53.89,54.025,53.69,53.7,41184,TRP
2025-12-16T20:00:00.000000000Z,34,2,5158,46.79,46.87,46.675,46.675,88688,ENB
2025-12-16T21:00:00.000000000Z,34,2,5158,46.79,46.84,46.79,46.84,412,ENB
2025-12-17T12:00:00.000000000Z,34,2,5158,46.8,46.8,46.8,46.8,96,ENB
2025-12-17T13:00:00.000000000Z,34,2,5158,46.89,46.89,46.89,46.89,20,ENB
2025-12-17T14:00:00.000000000Z,34,2,5158,46.75,46.75,46.34,46.38,18822,ENB
2025-12-17T14:00:00.000000000Z,34,2,16192,53.7,54.02,53.5,53.865,12666,TRP
2025-12-17T15:00:00.000000000Z,34,2,5158,46.4,46.58,46.24,46.56,36733,ENB
2025-12-17T15:00:00.000000000Z,34,2,16192,53.89,53.89,53.495,53.76,6800,TRP
2025-12-17T16:00:00.000000000Z,34,2,5158,46.56,46.695,46.55,46.59,27836,ENB
2025-12-17T16:00:00.000000000Z,34,2,16192,53.76,53.86,53.63,53.66,14341,TRP
2025-12-17T17:00:00.000000000Z,34,2,16192,53.67,53.83,53.64,53.73,6968,TRP
2025-12-17T17:00:00.000000000Z,34,2,5158,46.6,46.75,46.58,46.645,17566,ENB
2025-12-17T18:00:00.000000000Z,34,2,5158,46.65,46.795,46.625,46.73,17941,ENB
2025-12-17T18:00:00.000000000Z,34,2,16192,53.74,53.97,53.7,53.97,5809,TRP
2025-12-17T19:00:00.000000000Z,34,2,5158,46.73,46.925,46.715,46.925,17952,ENB
2025-12-17T19:00:00.000000000Z,34,2,16192,53.98,54.15,53.98,54.15,11877,TRP
2025-12-17T20:00:00.000000000Z,34,2,5158,46.925,47.08,46.905,46.94,68291,ENB
2025-12-17T20:00:00.000000000Z,34,2,16192,54.15,54.285,53.87,54.005,67633,TRP
2025-12-17T22:00:00.000000000Z,34,2,5158,47.09,47.09,47.09,47.09,1,ENB
2025-12-18T11:00:00.000000000Z,34,2,5158,46.94,46.94,46.94,46.94,38,ENB
2025-12-18T12:00:00.000000000Z,34,2,5158,46.9,46.9,46.89,46.89,13,ENB
2025-12-18T13:00:00.000000000Z,34,2,5158,46.89,46.94,46.8,46.94,108,ENB
2025-12-18T13:00:00.000000000Z,34,2,16192,53.54,54.52,53.54,53.87,5779,TRP
2025-12-18T14:00:00.000000000Z,34,2,16192,54.02,54.61,53.81,54.27,13114,TRP
2025-12-18T14:00:00.000000000Z,34,2,5158,46.94,47.1,46.74,46.975,11366,ENB
2025-12-18T15:00:00.000000000Z,34,2,16192,54.3,54.42,54.2,54.38,6628,TRP
2025-12-18T15:00:00.000000000Z,34,2,5158,46.995,47.075,46.85,46.905,20449,ENB
2025-12-18T16:00:00.000000000Z,34,2,5158,46.9,46.995,46.885,46.965,16161,ENB
2025-12-18T16:00:00.000000000Z,34,2,16192,54.385,54.53,54.32,54.495,13804,TRP
2025-12-18T17:00:00.000000000Z,34,2,5158,46.975,47.01,46.845,46.89,19282,ENB
2025-12-18T17:00:00.000000000Z,34,2,16192,54.48,54.53,54.355,54.47,9286,TRP
2025-12-18T18:00:00.000000000Z,34,2,5158,46.885,46.9,46.765,46.81,21060,ENB
2025-12-18T18:00:00.000000000Z,34,2,16192,54.49,54.5,54.33,54.38,8320,TRP
2025-12-18T19:00:00.000000000Z,34,2,16192,54.38,54.38,54.18,54.24,12542,TRP
2025-12-18T19:00:00.000000000Z,34,2,5158,46.805,46.9,46.755,46.885,21752,ENB
2025-12-18T20:00:00.000000000Z,34,2,16192,54.24,54.29,54.08,54.09,47440,TRP
2025-12-18T20:00:00.000000000Z,34,2,5158,46.905,46.95,46.72,46.75,109348,ENB
2025-12-19T09:00:00.000000000Z,34,2,16192,54.58,54.58,54.08,54.4,1653,TRP
2025-12-19T09:00:00.000000000Z,34,2,5158,46.74,46.74,46.74,46.74,59,ENB
2025-12-19T10:00:00.000000000Z,34,2,16192,54.21,54.43,54.21,54.36,1073,TRP
2025-12-19T11:00:00.000000000Z,34,2,16192,54.36,54.95,54.09,54.11,2366,TRP
2025-12-19T12:00:00.000000000Z,34,2,16192,54.16,54.6,54.16,54.5,3426,TRP
2025-12-19T13:00:00.000000000Z,34,2,5158,46.89,46.89,46.89,46.89,45,ENB
2025-12-19T13:00:00.000000000Z,34,2,16192,54.3,54.59,54.3,54.59,26,TRP
2025-12-19T14:00:00.000000000Z,34,2,5158,46.75,47.32,46.75,47.31,18078,ENB
2025-12-19T14:00:00.000000000Z,34,2,16192,54.3,54.81,54.3,54.81,4425,TRP
2025-12-19T15:00:00.000000000Z,34,2,16192,54.8,54.91,54.76,54.81,6239,TRP
2025-12-19T15:00:00.000000000Z,34,2,5158,47.31,47.33,47.2,47.22,15343,ENB
2025-12-19T16:00:00.000000000Z,34,2,16192,54.8,54.8,54.65,54.73,10032,TRP
2025-12-19T16:00:00.000000000Z,34,2,5158,47.21,47.23,47.13,47.2,17261,ENB
2025-12-19T17:00:00.000000000Z,34,2,16192,54.73,54.75,54.66,54.68,6808,TRP
2025-12-19T17:00:00.000000000Z,34,2,5158,47.21,47.22,47.045,47.045,11854,ENB
2025-12-19T18:00:00.000000000Z,34,2,16192,54.66,54.75,54.66,54.69,15384,TRP
2025-12-19T18:00:00.000000000Z,34,2,5158,47.04,47.05,46.96,46.98,11595,ENB
2025-12-19T19:00:00.000000000Z,34,2,5158,46.98,46.985,46.87,46.97,11877,ENB
2025-12-19T19:00:00.000000000Z,34,2,16192,54.69,54.72,54.56,54.72,23738,TRP
2025-12-19T20:00:00.000000000Z,34,2,16192,54.72,54.75,54.31,54.36,54218,TRP
2025-12-19T20:00:00.000000000Z,34,2,5158,46.97,46.98,46.625,46.635,82255,ENB
2025-12-19T21:00:00.000000000Z,34,2,5158,46.8,46.8,46.76,46.76,19,ENB
2025-12-19T21:00:00.000000000Z,34,2,16192,54.6,54.6,54.6,54.6,10,TRP
2025-12-22T09:00:00.000000000Z,34,2,5158,46.63,46.65,46.63,46.65,23,ENB
2025-12-22T09:00:00.000000000Z,34,2,16192,54.45,54.87,54.45,54.6,1548,TRP
2025-12-22T10:00:00.000000000Z,34,2,5158,46.63,46.63,46.63,46.63,100,ENB
2025-12-22T11:00:00.000000000Z,34,2,16192,54.88,54.88,54.64,54.64,1027,TRP
2025-12-22T12:00:00.000000000Z,34,2,16192,54.83,54.88,54.75,54.82,2336,TRP
2025-12-22T12:00:00.000000000Z,34,2,5158,46.73,46.73,46.73,46.73,1,ENB
2025-12-22T13:00:00.000000000Z,34,2,5158,46.77,46.77,46.77,46.77,20,ENB
2025-12-22T14:00:00.000000000Z,34,2,16192,54.61,54.67,54.26,54.455,9074,TRP
2025-12-22T14:00:00.000000000Z,34,2,5158,46.71,46.75,46.46,46.63,9375,ENB
2025-12-22T15:00:00.000000000Z,34,2,16192,54.42,54.5,54.35,54.47,7317,TRP
2025-12-22T15:00:00.000000000Z,34,2,5158,46.61,46.73,46.59,46.62,29142,ENB
2025-12-22T16:00:00.000000000Z,34,2,5158,46.64,46.87,46.615,46.69,17456,ENB
2025-12-22T16:00:00.000000000Z,34,2,16192,54.46,54.625,54.38,54.465,11292,TRP
2025-12-22T17:00:00.000000000Z,34,2,16192,54.46,54.65,54.315,54.64,9908,TRP
2025-12-22T17:00:00.000000000Z,34,2,5158,46.69,46.755,46.52,46.755,30347,ENB
2025-12-22T18:00:00.000000000Z,34,2,5158,46.755,46.79,46.72,46.735,6938,ENB
2025-12-22T18:00:00.000000000Z,34,2,16192,54.64,54.69,54.6,54.63,7062,TRP
2025-12-22T19:00:00.000000000Z,34,2,5158,46.73,46.785,46.685,46.745,8937,ENB
2025-12-22T19:00:00.000000000Z,34,2,16192,54.64,54.8,54.6,54.77,11242,TRP
2025-12-22T20:00:00.000000000Z,34,2,16192,54.78,54.965,54.735,54.875,48180,TRP
2025-12-22T20:00:00.000000000Z,34,2,5158,46.75,46.875,46.7,46.815,60231,ENB
2025-12-22T21:00:00.000000000Z,34,2,5158,46.82,46.82,46.82,46.82,1,ENB
2025-12-23T09:00:00.000000000Z,34,2,5158,46.95,46.95,46.95,46.95,20,ENB
2025-12-23T09:00:00.000000000Z,34,2,16192,55.22,55.22,54.55,54.9,158,TRP
2025-12-23T10:00:00.000000000Z,34,2,5158,46.92,46.92,46.92,46.92,25,ENB
2025-12-23T11:00:00.000000000Z,34,2,5158,46.98,47.16,46.98,47.02,236,ENB
2025-12-23T14:00:00.000000000Z,34,2,5158,46.85,47.18,46.85,47.15,12382,ENB
2025-12-23T14:00:00.000000000Z,34,2,16192,54.7,55.64,54.55,55.51,9779,TRP
2025-12-23T15:00:00.000000000Z,34,2,5158,47.15,47.35,47.105,47.34,37096,ENB
2025-12-23T15:00:00.000000000Z,34,2,16192,55.52,55.97,55.47,55.96,14329,TRP
2025-12-23T16:00:00.000000000Z,34,2,16192,55.96,55.98,55.72,55.78,8449,TRP
2025-12-23T16:00:00.000000000Z,34,2,5158,47.34,47.37,47.24,47.27,8659,ENB
2025-12-23T17:00:00.000000000Z,34,2,5158,47.26,47.32,47.2,47.31,15650,ENB
2025-12-23T17:00:00.000000000Z,34,2,16192,55.73,55.79,55.53,55.57,8324,TRP
2025-12-23T18:00:00.000000000Z,34,2,5158,47.3,47.47,47.275,47.45,29259,ENB
2025-12-23T18:00:00.000000000Z,34,2,16192,55.585,55.84,55.55,55.8,4517,TRP
2025-12-23T19:00:00.000000000Z,34,2,5158,47.45,47.52,47.45,47.47,13705,ENB
2025-12-23T19:00:00.000000000Z,34,2,16192,55.81,55.93,55.8,55.92,4472,TRP
2025-12-23T20:00:00.000000000Z,34,2,5158,47.46,47.465,47.37,47.46,41410,ENB
2025-12-23T20:00:00.000000000Z,34,2,16192,55.9,55.9,55.77,55.83,38591,TRP
2025-12-23T21:00:00.000000000Z,34,2,16192,55.71,55.71,55.71,55.71,1,TRP
2025-12-23T22:00:00.000000000Z,34,2,5158,47.5,47.5,47.5,47.5,1,ENB
2025-12-23T23:00:00.000000000Z,34,2,5158,47.51,47.51,47.51,47.51,3,ENB
2025-12-24T14:00:00.000000000Z,34,2,16192,55.89,56.0,55.58,55.73,6402,TRP
2025-12-24T14:00:00.000000000Z,34,2,5158,47.55,47.58,47.35,47.46,12979,ENB
2025-12-24T15:00:00.000000000Z,34,2,16192,55.74,55.95,55.64,55.93,51585,TRP
2025-12-24T15:00:00.000000000Z,34,2,5158,47.465,47.63,47.42,47.595,20576,ENB
2025-12-24T16:00:00.000000000Z,34,2,16192,55.9,55.95,55.88,55.945,90471,TRP
2025-12-24T16:00:00.000000000Z,34,2,5158,47.58,47.595,47.54,47.55,7172,ENB
2025-12-24T17:00:00.000000000Z,34,2,5158,47.555,47.6,47.435,47.45,33509,ENB
2025-12-24T17:00:00.000000000Z,34,2,16192,55.945,56.07,55.77,55.79,89950,TRP
2025-12-26T13:00:00.000000000Z,34,2,5158,47.46,47.46,47.46,47.46,1,ENB
2025-12-26T14:00:00.000000000Z,34,2,16192,55.95,56.015,55.76,55.98,1438,TRP
2025-12-26T14:00:00.000000000Z,34,2,5158,47.515,47.69,47.515,47.68,9330,ENB
2025-12-26T15:00:00.000000000Z,34,2,5158,47.68,47.7,47.585,47.585,6661,ENB
2025-12-26T15:00:00.000000000Z,34,2,16192,55.96,56.06,55.935,55.935,4433,TRP
2025-12-26T16:00:00.000000000Z,34,2,5158,47.58,47.58,47.49,47.5,3332,ENB
2025-12-26T16:00:00.000000000Z,34,2,16192,55.93,55.93,55.8,55.815,2493,TRP
2025-12-26T17:00:00.000000000Z,34,2,16192,55.79,55.79,55.67,55.71,1929,TRP
2025-12-26T17:00:00.000000000Z,34,2,5158,47.5,47.5,47.405,47.42,4700,ENB
2025-12-26T18:00:00.000000000Z,34,2,16192,55.72,55.73,55.67,55.67,2293,TRP
2025-12-26T18:00:00.000000000Z,34,2,5158,47.42,47.42,47.385,47.385,4583,ENB
2025-12-26T19:00:00.000000000Z,34,2,16192,55.67,55.74,55.67,55.715,4095,TRP
2025-12-26T19:00:00.000000000Z,34,2,5158,47.39,47.44,47.39,47.415,2980,ENB
2025-12-26T20:00:00.000000000Z,34,2,16192,55.725,55.84,55.68,55.84,14706,TRP
2025-12-26T20:00:00.000000000Z,34,2,5158,47.415,47.545,47.415,47.52,26073,ENB
2025-12-26T21:00:00.000000000Z,34,2,5158,47.55,47.55,47.55,47.55,11,ENB
2025-12-26T22:00:00.000000000Z,34,2,5158,47.6,47.7,47.6,47.69,85,ENB
2025-12-29T10:00:00.000000000Z,34,2,5158,47.55,47.55,47.55,47.55,3,ENB
2025-12-29T12:00:00.000000000Z,34,2,5158,47.55,47.55,47.53,47.53,155,ENB
2025-12-29T13:00:00.000000000Z,34,2,5158,47.57,47.58,47.57,47.58,182,ENB
2025-12-29T14:00:00.000000000Z,34,2,16192,55.97,56.06,55.85,56.01,5647,TRP
2025-12-29T14:00:00.000000000Z,34,2,5158,47.52,47.87,47.5,47.865,11422,ENB
2025-12-29T15:00:00.000000000Z,34,2,5158,47.84,47.985,47.83,47.965,18318,ENB
2025-12-29T15:00:00.000000000Z,34,2,16192,55.98,56.24,55.86,56.23,12389,TRP
2025-12-29T16:00:00.000000000Z,34,2,5158,47.98,48.005,47.85,47.89,18849,ENB
2025-12-29T16:00:00.000000000Z,34,2,16192,56.27,56.34,56.21,56.22,22824,TRP
2025-12-29T17:00:00.000000000Z,34,2,5158,47.88,47.88,47.81,47.87,13872,ENB
2025-12-29T17:00:00.000000000Z,34,2,16192,56.21,56.24,56.16,56.24,13357,TRP
2025-12-29T18:00:00.000000000Z,34,2,5158,47.88,47.95,47.87,47.93,11628,ENB
2025-12-29T18:00:00.000000000Z,34,2,16192,56.25,56.33,56.25,56.27,4430,TRP
2025-12-29T19:00:00.000000000Z,34,2,5158,47.93,47.965,47.91,47.95,21312,ENB
2025-12-29T19:00:00.000000000Z,34,2,16192,56.27,56.28,56.15,56.21,10067,TRP
2025-12-29T20:00:00.000000000Z,34,2,16192,56.215,56.215,55.8,55.82,48496,TRP
2025-12-29T20:00:00.000000000Z,34,2,5158,47.96,47.965,47.675,47.72,50988,ENB
2025-12-29T21:00:00.000000000Z,34,2,5158,47.95,47.97,47.8,47.8,132,ENB
2025-12-29T22:00:00.000000000Z,34,2,5158,47.95,47.95,47.8,47.8,2,ENB
2025-12-30T10:00:00.000000000Z,34,2,5158,47.85,47.85,47.85,47.85,18,ENB
2025-12-30T12:00:00.000000000Z,34,2,5158,47.91,47.97,47.86,47.86,557,ENB
2025-12-30T13:00:00.000000000Z,34,2,5158,47.86,47.95,47.86,47.95,243,ENB
2025-12-30T14:00:00.000000000Z,34,2,16192,55.85,55.885,55.6,55.61,5415,TRP
2025-12-30T14:00:00.000000000Z,34,2,5158,47.8,47.95,47.8,47.82,7838,ENB
2025-12-30T15:00:00.000000000Z,34,2,16192,55.65,55.95,55.65,55.92,29812,TRP
2025-12-30T15:00:00.000000000Z,34,2,5158,47.805,47.905,47.775,47.9,14839,ENB
2025-12-30T16:00:00.000000000Z,34,2,5158,47.9,47.92,47.86,47.88,15305,ENB
2025-12-30T16:00:00.000000000Z,34,2,16192,55.94,55.97,55.91,55.94,10620,TRP
2025-12-30T17:00:00.000000000Z,34,2,5158,47.87,47.985,47.855,47.98,16220,ENB
2025-12-30T17:00:00.000000000Z,34,2,16192,55.93,56.04,55.93,55.97,8471,TRP
2025-12-30T18:00:00.000000000Z,34,2,16192,55.97,56.01,55.96,55.98,6250,TRP
2025-12-30T18:00:00.000000000Z,34,2,5158,47.975,48.02,47.97,47.995,20075,ENB
2025-12-30T19:00:00.000000000Z,34,2,16192,55.98,56.04,55.965,55.99,11566,TRP
2025-12-30T19:00:00.000000000Z,34,2,5158,47.995,48.07,47.99,48.04,15948,ENB
2025-12-30T20:00:00.000000000Z,34,2,5158,48.05,48.145,48.01,48.045,72148,ENB
2025-12-30T20:00:00.000000000Z,34,2,16192,55.99,56.19,55.935,56.13,80254,TRP
2025-12-31T09:00:00.000000000Z,34,2,16192,55.69,55.8,55.09,55.8,104,TRP
2025-12-31T09:00:00.000000000Z,34,2,5158,47.83,48.1,47.83,48.1,236,ENB
2025-12-31T10:00:00.000000000Z,34,2,5158,48.2,48.2,48.2,48.2,25,ENB
2025-12-31T11:00:00.000000000Z,34,2,5158,48.15,48.15,48.15,48.15,517,ENB
2025-12-31T12:00:00.000000000Z,34,2,5158,48.14,48.14,48.14,48.14,197,ENB
2025-12-31T12:00:00.000000000Z,34,2,16192,55.25,55.69,55.25,55.65,8,TRP
2025-12-31T14:00:00.000000000Z,34,2,16192,55.485,55.485,55.06,55.11,19402,TRP
2025-12-31T14:00:00.000000000Z,34,2,5158,48.15,48.16,47.99,47.99,7926,ENB
2025-12-31T15:00:00.000000000Z,34,2,5158,48.0,48.01,47.765,47.78,21731,ENB
2025-12-31T15:00:00.000000000Z,34,2,16192,55.1,55.105,54.9,54.9,37221,TRP
2025-12-31T16:00:00.000000000Z,34,2,5158,47.79,47.81,47.665,47.675,38020,ENB
2025-12-31T16:00:00.000000000Z,34,2,16192,54.91,54.93,54.72,54.8,40376,TRP
2025-12-31T17:00:00.000000000Z,34,2,16192,54.8,54.83,54.73,54.83,21251,TRP
2025-12-31T17:00:00.000000000Z,34,2,5158,47.67,47.72,47.61,47.71,28191,ENB
2025-12-31T18:00:00.000000000Z,34,2,5158,47.71,47.83,47.71,47.83,17044,ENB
2025-12-31T18:00:00.000000000Z,34,2,16192,54.83,54.935,54.82,54.93,14194,TRP
2025-12-31T19:00:00.000000000Z,34,2,5158,47.835,47.855,47.74,47.75,31887,ENB
2025-12-31T19:00:00.000000000Z,34,2,16192,54.94,54.97,54.88,54.885,12871,TRP
2025-12-31T20:00:00.000000000Z,34,2,16192,54.885,55.07,54.84,55.03,55454,TRP
2025-12-31T20:00:00.000000000Z,34,2,5158,47.755,47.925,47.75,47.835,67318,ENB
2025-12-31T21:00:00.000000000Z,34,2,5158,47.79,47.9,47.75,47.9,1083,ENB
2025-12-31T22:00:00.000000000Z,34,2,5158,47.95,48.0,47.95,48.0,200,ENB
2026-01-02T11:00:00.000000000Z,34,2,5158,48.0,48.0,48.0,48.0,1,ENB
2026-01-02T12:00:00.000000000Z,34,2,5158,47.91,47.94,47.89,47.89,214,ENB
2026-01-02T14:00:00.000000000Z,34,2,16192,55.19,55.19,54.76,54.96,3417,TRP
2026-01-02T14:00:00.000000000Z,34,2,5158,47.9,47.91,47.45,47.58,13126,ENB
2026-01-02T15:00:00.000000000Z,34,2,5158,47.55,48.05,47.54,48.03,28646,ENB
2026-01-02T15:00:00.000000000Z,34,2,16192,54.93,55.74,54.93,55.685,23418,TRP
2026-01-02T16:00:00.000000000Z,34,2,16192,55.69,55.825,55.55,55.815,19352,TRP
2026-01-02T16:00:00.000000000Z,34,2,5158,48.03,48.06,47.925,48.025,19369,ENB
2026-01-02T17:00:00.000000000Z,34,2,16192,55.79,56.02,55.78,55.85,13673,TRP
2026-01-02T17:00:00.000000000Z,34,2,5158,48.03,48.18,48.01,48.09,19979,ENB
2026-01-02T18:00:00.000000000Z,34,2,16192,55.855,56.03,55.85,55.98,6931,TRP
2026-01-02T18:00:00.000000000Z,34,2,5158,48.1,48.18,48.07,48.18,29125,ENB
2026-01-02T19:00:00.000000000Z,34,2,16192,55.98,56.175,55.97,56.17,15136,TRP
2026-01-02T19:00:00.000000000Z,34,2,5158,48.18,48.235,48.115,48.235,47512,ENB
2026-01-02T20:00:00.000000000Z,34,2,16192,56.16,56.23,55.85,55.95,57407,TRP
2026-01-02T20:00:00.000000000Z,34,2,5158,48.23,48.275,48.02,48.12,69016,ENB
2026-01-02T21:00:00.000000000Z,34,2,5158,48.1,48.1,48.1,48.1,10,ENB
2026-01-02T22:00:00.000000000Z,34,2,5158,48.13,48.13,48.12,48.12,135,ENB
2026-01-05T09:00:00.000000000Z,34,2,5158,48.36,48.36,48.36,48.36,98,ENB
2026-01-05T11:00:00.000000000Z,34,2,5158,48.53,48.53,48.44,48.44,306,ENB
2026-01-05T12:00:00.000000000Z,34,2,5158,48.44,48.44,48.29,48.37,2727,ENB
2026-01-05T13:00:00.000000000Z,34,2,5158,48.2,48.23,48.16,48.16,113,ENB
2026-01-05T13:00:00.000000000Z,34,2,16192,55.93,55.93,55.93,55.93,10,TRP
2026-01-05T14:00:00.000000000Z,34,2,16192,55.94,56.46,53.78,54.17,37081,TRP
2026-01-05T14:00:00.000000000Z,34,2,5158,48.16,48.16,46.3,46.4,63946,ENB
2026-01-05T15:00:00.000000000Z,34,2,5158,46.31,46.54,46.02,46.46,197284,ENB
2026-01-05T15:00:00.000000000Z,34,2,16192,54.17,55.12,54.0,55.08,94109,TRP
2026-01-05T16:00:00.000000000Z,34,2,16192,55.08,55.615,55.03,55.615,41010,TRP
2026-01-05T16:00:00.000000000Z,34,2,5158,46.45,46.66,46.36,46.635,78772,ENB
2026-01-05T17:00:00.000000000Z,34,2,5158,46.64,46.65,46.44,46.55,70438,ENB
2026-01-05T17:00:00.000000000Z,34,2,16192,55.62,55.63,55.44,55.615,26569,TRP
2026-01-05T18:00:00.000000000Z,34,2,16192,55.61,55.84,55.61,55.64,13382,TRP
2026-01-05T18:00:00.000000000Z,34,2,5158,46.54,46.74,46.51,46.63,50491,ENB
2026-01-05T19:00:00.000000000Z,34,2,5158,46.62,46.9,46.59,46.775,58073,ENB
2026-01-05T19:00:00.000000000Z,34,2,16192,55.65,55.96,55.61,55.73,17268,TRP
2026-01-05T20:00:00.000000000Z,34,2,5158,46.77,46.885,46.57,46.57,200930,ENB
2026-01-05T20:00:00.000000000Z,34,2,16192,55.72,55.835,55.19,55.37,115814,TRP
2026-01-05T21:00:00.000000000Z,34,2,5158,46.56,46.56,46.56,46.56,30,ENB
2026-01-05T22:00:00.000000000Z,34,2,5158,46.72,46.72,46.72,46.72,51,ENB
2026-01-05T23:00:00.000000000Z,34,2,5158,46.71,46.88,46.71,46.8,103,ENB
2026-01-06T10:00:00.000000000Z,34,2,5158,46.92,46.93,46.9,46.9,522,ENB
2026-01-06T13:00:00.000000000Z,34,2,5158,46.7,46.71,46.7,46.71,174,ENB
2026-01-06T13:00:00.000000000Z,34,2,16192,55.38,55.38,55.38,55.38,130,TRP
2026-01-06T14:00:00.000000000Z,34,2,16192,55.37,56.09,55.33,55.74,20856,TRP
2026-01-06T14:00:00.000000000Z,34,2,5158,46.65,46.88,46.52,46.52,39140,ENB
2026-01-06T15:00:00.000000000Z,34,2,16192,55.63,55.675,54.53,55.05,38297,TRP
2026-01-06T15:00:00.000000000Z,34,2,5158,46.5,46.52,45.715,46.01,102672,ENB
2026-01-06T16:00:00.000000000Z,34,2,5158,46.005,46.08,45.665,45.695,55158,ENB
2026-01-06T16:00:00.000000000Z,34,2,16192,55.06,55.17,54.46,54.49,28613,TRP
2026-01-06T17:00:00.000000000Z,34,2,16192,54.485,54.51,54.18,54.28,27793,TRP
2026-01-06T17:00:00.000000000Z,34,2,5158,45.695,45.79,45.555,45.655,53724,ENB
2026-01-06T18:00:00.000000000Z,34,2,16192,54.28,54.35,54.06,54.12,33833,TRP
2026-01-06T18:00:00.000000000Z,34,2,5158,45.65,45.745,45.585,45.685,41004,ENB
2026-01-06T19:00:00.000000000Z,34,2,5158,45.685,45.79,45.595,45.615,38637,ENB
2026-01-06T19:00:00.000000000Z,34,2,16192,54.13,54.36,53.97,54.06,43132,TRP
2026-01-06T20:00:00.000000000Z,34,2,16192,54.065,54.37,54.0,54.07,88557,TRP
2026-01-06T20:00:00.000000000Z,34,2,5158,45.58,45.78,45.54,45.7,117945,ENB
2026-01-06T21:00:00.000000000Z,34,2,5158,45.65,45.9,45.65,45.9,22,ENB
2026-01-06T22:00:00.000000000Z,34,2,5158,45.77,45.77,45.77,45.77,8,ENB
2026-01-06T23:00:00.000000000Z,34,2,5158,45.77,45.78,45.77,45.78,62,ENB
2026-01-07T10:00:00.000000000Z,34,2,5158,45.63,45.63,45.63,45.63,4,ENB
2026-01-07T11:00:00.000000000Z,34,2,5158,45.65,45.65,45.65,45.65,2,ENB
2026-01-07T12:00:00.000000000Z,34,2,5158,45.65,45.65,45.65,45.65,4,ENB
2026-01-07T13:00:00.000000000Z,34,2,5158,45.75,45.79,45.74,45.74,14,ENB
2026-01-07T13:00:00.000000000Z,34,2,16192,54.05,54.05,54.05,54.05,3,TRP
2026-01-07T14:00:00.000000000Z,34,2,5158,45.74,45.79,45.4,45.51,21329,ENB
2026-01-07T14:00:00.000000000Z,34,2,16192,54.1,54.14,53.59,53.75,20977,TRP
2026-01-07T15:00:00.000000000Z,34,2,16192,53.71,53.83,53.41,53.43,24360,TRP
2026-01-07T15:00:00.000000000Z,34,2,5158,45.53,45.68,45.38,45.38,42446,ENB
2026-01-07T16:00:00.000000000Z,34,2,16192,53.44,53.49,53.3,53.32,23644,TRP
2026-01-07T16:00:00.000000000Z,34,2,5158,45.375,45.425,45.235,45.36,79394,ENB
2026-01-07T17:00:00.000000000Z,34,2,16192,53.32,53.36,53.04,53.05,17801,TRP
2026-01-07T17:00:00.000000000Z,34,2,5158,45.35,45.435,45.29,45.33,37312,ENB
2026-01-07T18:00:00.000000000Z,34,2,16192,53.03,53.13,52.835,52.85,16125,TRP
2026-01-07T18:00:00.000000000Z,34,2,5158,45.33,45.39,45.175,45.19,26547,ENB
2026-01-07T19:00:00.000000000Z,34,2,5158,45.19,45.35,45.155,45.27,40371,ENB
2026-01-07T19:00:00.000000000Z,34,2,16192,52.87,53.03,52.71,52.97,23983,TRP
2026-01-07T20:00:00.000000000Z,34,2,16192,52.98,53.41,52.94,53.12,110236,TRP
2026-01-07T20:00:00.000000000Z,34,2,5158,45.28,45.32,45.145,45.235,85777,ENB
2026-01-07T21:00:00.000000000Z,34,2,5158,45.26,45.35,45.25,45.35,520,ENB
2026-01-07T21:00:00.000000000Z,34,2,16192,53.49,53.49,53.49,53.49,1,TRP
2026-01-08T11:00:00.000000000Z,34,2,5158,45.31,45.31,45.31,45.31,16,ENB
2026-01-08T12:00:00.000000000Z,34,2,5158,45.31,45.37,45.31,45.35,71,ENB
2026-01-08T13:00:00.000000000Z,34,2,5158,45.35,45.35,45.35,45.35,191,ENB
2026-01-08T14:00:00.000000000Z,34,2,16192,53.185,53.795,53.04,53.68,13689,TRP
2026-01-08T14:00:00.000000000Z,34,2,5158,45.32,45.535,45.09,45.5,32497,ENB
2026-01-08T15:00:00.000000000Z,34,2,16192,53.75,53.91,53.475,53.86,25149,TRP
2026-01-08T15:00:00.000000000Z,34,2,5158,45.54,45.56,45.205,45.22,65596,ENB
2026-01-08T16:00:00.000000000Z,34,2,16192,53.85,53.895,53.645,53.85,34936,TRP
2026-01-08T16:00:00.000000000Z,34,2,5158,45.21,45.24,45.025,45.17,48197,ENB
2026-01-08T17:00:00.000000000Z,34,2,5158,45.155,45.25,45.13,45.16,32093,ENB
2026-01-08T17:00:00.000000000Z,34,2,16192,53.85,53.99,53.72,53.785,13495,TRP
2026-01-08T18:00:00.000000000Z,34,2,16192,53.8,53.85,53.76,53.84,7374,TRP
2026-01-08T18:00:00.000000000Z,34,2,5158,45.15,45.225,45.125,45.225,47939,ENB
2026-01-08T19:00:00.000000000Z,34,2,5158,45.22,45.33,45.195,45.295,35053,ENB
2026-01-08T19:00:00.000000000Z,34,2,16192,53.84,53.84,53.62,53.685,14365,TRP
2026-01-08T20:00:00.000000000Z,34,2,5158,45.295,45.345,45.155,45.3,152936,ENB
2026-01-08T20:00:00.000000000Z,34,2,16192,53.665,53.665,53.475,53.49,52214,TRP
2026-01-08T23:00:00.000000000Z,34,2,5158,45.35,45.36,45.35,45.36,15,ENB
2026-01-09T10:00:00.000000000Z,34,2,16192,53.01,53.01,53.01,53.01,1,TRP
2026-01-09T13:00:00.000000000Z,34,2,5158,45.45,45.45,45.45,45.45,100,ENB
2026-01-09T14:00:00.000000000Z,34,2,16192,53.61,54.1,53.61,54.07,6240,TRP
2026-01-09T14:00:00.000000000Z,34,2,5158,45.45,45.64,45.36,45.635,20226,ENB
2026-01-09T15:00:00.000000000Z,34,2,16192,54.13,54.19,53.83,53.92,17593,TRP
2026-01-09T15:00:00.000000000Z,34,2,5158,45.67,45.77,45.55,45.63,49786,ENB
2026-01-09T16:00:00.000000000Z,34,2,5158,45.63,45.69,45.565,45.65,28641,ENB
2026-01-09T16:00:00.000000000Z,34,2,16192,53.92,54.0,53.85,53.92,10867,TRP
2026-01-09T17:00:00.000000000Z,34,2,16192,53.93,54.0,53.78,53.78,16733,TRP
2026-01-09T17:00:00.000000000Z,34,2,5158,45.65,45.68,45.545,45.55,24797,ENB
2026-01-09T18:00:00.000000000Z,34,2,16192,53.78,53.9,53.69,53.69,21379,TRP
2026-01-09T18:00:00.000000000Z,34,2,5158,45.55,45.595,45.5,45.5,23955,ENB
2026-01-09T19:00:00.000000000Z,34,2,5158,45.5,45.645,45.48,45.63,30111,ENB
2026-01-09T19:00:00.000000000Z,34,2,16192,53.675,53.79,53.59,53.79,9084,TRP
2026-01-09T20:00:00.000000000Z,34,2,16192,53.79,53.86,53.63,53.82,38689,TRP
2026-01-09T20:00:00.000000000Z,34,2,5158,45.63,45.68,45.505,45.64,125076,ENB
2026-01-09T21:00:00.000000000Z,34,2,5158,45.56,45.56,45.56,45.56,9,ENB
2026-01-09T22:00:00.000000000Z,34,2,5158,45.69,45.69,45.69,45.69,100,ENB
2026-01-12T09:00:00.000000000Z,34,2,5158,45.8,45.8,45.8,45.8,100,ENB
2026-01-12T10:00:00.000000000Z,34,2,5158,45.86,45.86,45.71,45.71,121,ENB
2026-01-12T12:00:00.000000000Z,34,2,16192,53.31,54.0,53.31,54.0,1022,TRP
2026-01-12T13:00:00.000000000Z,34,2,16192,54.0,54.24,53.4,53.62,4262,TRP
2026-01-12T14:00:00.000000000Z,34,2,5158,45.76,46.01,45.76,45.92,12768,ENB
2026-01-12T14:00:00.000000000Z,34,2,16192,53.56,54.54,53.55,54.22,12087,TRP
2026-01-12T15:00:00.000000000Z,34,2,5158,45.96,46.045,45.795,45.815,25145,ENB
2026-01-12T15:00:00.000000000Z,34,2,16192,54.25,54.36,54.11,54.13,21503,TRP
2026-01-12T16:00:00.000000000Z,34,2,16192,54.15,54.15,53.93,54.05,29085,TRP
2026-01-12T16:00:00.000000000Z,34,2,5158,45.81,45.83,45.715,45.795,25480,ENB
2026-01-12T17:00:00.000000000Z,34,2,5158,45.8,45.82,45.665,45.69,29595,ENB
2026-01-12T17:00:00.000000000Z,34,2,16192,54.06,54.13,53.8,53.8,13835,TRP
2026-01-12T18:00:00.000000000Z,34,2,5158,45.68,45.68,45.56,45.57,12320,ENB
2026-01-12T18:00:00.000000000Z,34,2,16192,53.79,53.79,53.55,53.55,12364,TRP
2026-01-12T19:00:00.000000000Z,34,2,5158,45.57,45.655,45.54,45.62,24300,ENB
2026-01-12T19:00:00.000000000Z,34,2,16192,53.55,53.8,53.44,53.77,12563,TRP
2026-01-12T20:00:00.000000000Z,34,2,16192,53.77,53.88,53.705,53.865,36268,TRP
2026-01-12T20:00:00.000000000Z,34,2,5158,45.63,45.9,45.63,45.88,93068,ENB
2026-01-12T21:00:00.000000000Z,34,2,5158,45.87,45.91,45.87,45.91,99,ENB
2026-01-13T10:00:00.000000000Z,34,2,5158,45.83,45.93,45.83,45.93,14,ENB
2026-01-13T11:00:00.000000000Z,34,2,5158,45.91,45.93,45.91,45.93,14,ENB
2026-01-13T12:00:00.000000000Z,34,2,5158,45.93,45.93,45.93,45.93,10,ENB
2026-01-13T12:00:00.000000000Z,34,2,16192,53.65,53.65,53.65,53.65,3,TRP
2026-01-13T13:00:00.000000000Z,34,2,16192,53.65,53.65,53.65,53.65,1,TRP
2026-01-13T13:00:00.000000000Z,34,2,5158,45.97,45.99,45.97,45.99,90,ENB
2026-01-13T14:00:00.000000000Z,34,2,5158,45.95,46.03,45.67,45.9,13355,ENB
2026-01-13T14:00:00.000000000Z,34,2,16192,53.9,54.13,53.7,53.895,13307,TRP
2026-01-13T15:00:00.000000000Z,34,2,5158,45.91,46.24,45.91,46.13,35080,ENB
2026-01-13T15:00:00.000000000Z,34,2,16192,53.97,54.23,53.935,54.0,44200,TRP
2026-01-13T16:00:00.000000000Z,34,2,5158,46.13,46.16,45.86,45.86,17241,ENB
2026-01-13T16:00:00.000000000Z,34,2,16192,54.0,54.135,53.83,53.88,15525,TRP
2026-01-13T17:00:00.000000000Z,34,2,5158,45.87,46.06,45.805,46.04,12137,ENB
2026-01-13T17:00:00.000000000Z,34,2,16192,53.87,54.07,53.8,54.01,13973,TRP
2026-01-13T18:00:00.000000000Z,34,2,5158,46.05,46.13,46.005,46.06,31862,ENB
2026-01-13T18:00:00.000000000Z,34,2,16192,54.02,54.08,53.97,54.01,40633,TRP
2026-01-13T19:00:00.000000000Z,34,2,16192,54.01,54.44,53.99,54.32,49084,TRP
2026-01-13T19:00:00.000000000Z,34,2,5158,46.055,46.31,46.055,46.28,22834,ENB
2026-01-13T20:00:00.000000000Z,34,2,16192,54.3,54.51,54.245,54.39,59956,TRP
2026-01-13T20:00:00.000000000Z,34,2,5158,46.28,46.34,46.215,46.315,77531,ENB
2026-01-13T21:00:00.000000000Z,34,2,5158,46.04,46.2,46.04,46.18,137,ENB
2026-01-13T22:00:00.000000000Z,34,2,5158,46.35,46.44,46.35,46.44,45,ENB
2026-01-14T10:00:00.000000000Z,34,2,5158,46.33,46.33,46.33,46.33,50,ENB
2026-01-14T12:00:00.000000000Z,34,2,16192,54.3,54.3,54.3,54.3,116,TRP
2026-01-14T13:00:00.000000000Z,34,2,16192,54.5,54.5,54.5,54.5,2,TRP
2026-01-14T14:00:00.000000000Z,34,2,16192,54.58,54.85,54.5,54.72,15206,TRP
2026-01-14T14:00:00.000000000Z,34,2,5158,46.35,46.58,46.31,46.49,20467,ENB
2026-01-14T15:00:00.000000000Z,34,2,5158,46.49,46.71,46.48,46.69,61746,ENB
2026-01-14T15:00:00.000000000Z,34,2,16192,54.72,54.995,54.655,54.85,48475,TRP
2026-01-14T16:00:00.000000000Z,34,2,16192,54.8,55.12,54.76,55.03,46748,TRP
2026-01-14T16:00:00.000000000Z,34,2,5158,46.67,46.765,46.54,46.74,51818,ENB
2026-01-14T17:00:00.000000000Z,34,2,5158,46.74,46.745,46.61,46.67,22876,ENB
2026-01-14T17:00:00.000000000Z,34,2,16192,55.03,55.155,55.01,55.05,26881,TRP
2026-01-14T18:00:00.000000000Z,34,2,5158,46.665,46.91,46.64,46.85,20843,ENB
2026-01-14T18:00:00.000000000Z,34,2,16192,55.04,55.115,54.945,54.975,21713,TRP
2026-01-14T19:00:00.000000000Z,34,2,16192,54.97,54.97,54.81,54.93,19361,TRP
2026-01-14T19:00:00.000000000Z,34,2,5158,46.84,46.875,46.675,46.72,34170,ENB
2026-01-14T20:00:00.000000000Z,34,2,5158,46.71,46.71,46.455,46.56,87368,ENB
2026-01-14T20:00:00.000000000Z,34,2,16192,54.92,54.93,54.38,54.675,136549,TRP
2026-01-14T21:00:00.000000000Z,34,2,5158,46.74,46.74,46.63,46.74,668,ENB
2026-01-15T09:00:00.000000000Z,34,2,5158,46.6,46.67,46.49,46.49,37,ENB
2026-01-15T10:00:00.000000000Z,34,2,5158,46.74,46.74,46.74,46.74,98,ENB
2026-01-15T12:00:00.000000000Z,34,2,5158,46.74,46.74,46.74,46.74,8,ENB
2026-01-15T12:00:00.000000000Z,34,2,16192,55.0,55.0,54.9,54.97,48,TRP
2026-01-15T13:00:00.000000000Z,34,2,5158,46.7,46.7,46.7,46.7,1,ENB
2026-01-15T14:00:00.000000000Z,34,2,5158,46.48,46.65,46.35,46.51,7793,ENB
2026-01-15T14:00:00.000000000Z,34,2,16192,54.42,54.9,54.39,54.5,18781,TRP
2026-01-15T15:00:00.000000000Z,34,2,16192,54.52,54.83,54.47,54.51,17287,TRP
2026-01-15T15:00:00.000000000Z,34,2,5158,46.535,46.73,46.51,46.57,21902,ENB
2026-01-15T16:00:00.000000000Z,34,2,5158,46.56,46.61,46.47,46.55,9328,ENB
2026-01-15T16:00:00.000000000Z,34,2,16192,54.51,54.535,54.23,54.42,26523,TRP
2026-01-15T17:00:00.000000000Z,34,2,16192,54.42,54.51,54.34,54.37,16004,TRP
2026-01-15T17:00:00.000000000Z,34,2,5158,46.545,46.6,46.52,46.565,10999,ENB
2026-01-15T18:00:00.000000000Z,34,2,5158,46.565,46.78,46.56,46.77,14396,ENB
2026-01-15T18:00:00.000000000Z,34,2,16192,54.38,54.54,54.38,54.44,14908,TRP
2026-01-15T19:00:00.000000000Z,34,2,16192,54.43,54.53,54.37,54.37,22709,TRP
2026-01-15T19:00:00.000000000Z,34,2,5158,46.765,46.88,46.73,46.73,15273,ENB
2026-01-15T20:00:00.000000000Z,34,2,5158,46.73,46.82,46.65,46.82,75835,ENB
2026-01-15T20:00:00.000000000Z,34,2,16192,54.365,54.425,54.24,54.33,60720,TRP
2026-01-16T10:00:00.000000000Z,34,2,5158,47.05,47.05,47.05,47.05,184,ENB
2026-01-16T12:00:00.000000000Z,34,2,5158,47.01,47.15,47.0,47.14,2055,ENB
2026-01-16T13:00:00.000000000Z,34,2,5158,47.14,47.14,47.14,47.14,39,ENB
2026-01-16T14:00:00.000000000Z,34,2,5158,47.0,47.48,47.0,47.46,29151,ENB
2026-01-16T14:00:00.000000000Z,34,2,16192,54.2,55.0,54.2,54.91,8729,TRP
2026-01-16T15:00:00.000000000Z,34,2,5158,47.45,47.5,47.24,47.24,34856,ENB
2026-01-16T15:00:00.000000000Z,34,2,16192,54.9,55.05,54.73,54.74,20030,TRP
2026-01-16T16:00:00.000000000Z,34,2,16192,54.71,54.82,54.58,54.58,12201,TRP
2026-01-16T16:00:00.000000000Z,34,2,5158,47.24,47.325,47.2,47.22,20954,ENB
2026-01-16T17:00:00.000000000Z,34,2,16192,54.58,54.66,54.54,54.66,13316,TRP
2026-01-16T17:00:00.000000000Z,34,2,5158,47.23,47.34,47.185,47.34,22192,ENB
2026-01-16T18:00:00.000000000Z,34,2,5158,47.34,47.355,47.29,47.34,21057,ENB
2026-01-16T18:00:00.000000000Z,34,2,16192,54.655,54.7,54.595,54.605,7928,TRP
2026-01-16T19:00:00.000000000Z,34,2,5158,47.34,47.475,47.34,47.445,29559,ENB
2026-01-16T19:00:00.000000000Z,34,2,16192,54.61,54.79,54.61,54.78,16016,TRP
2026-01-16T20:00:00.000000000Z,34,2,16192,54.77,55.01,54.7,54.92,58294,TRP
2026-01-16T20:00:00.000000000Z,34,2,5158,47.44,47.595,47.42,47.585,92008,ENB
2026-01-16T21:00:00.000000000Z,34,2,16192,54.91,54.91,54.91,54.91,19,TRP
2026-01-16T22:00:00.000000000Z,34,2,16192,54.93,54.93,54.93,54.93,2,TRP
2026-01-20T09:00:00.000000000Z,34,2,5158,47.58,47.58,47.56,47.56,349,ENB
2026-01-20T12:00:00.000000000Z,34,2,5158,47.4,47.4,47.4,47.4,95,ENB
2026-01-20T14:00:00.000000000Z,34,2,16192,54.65,55.105,54.51,54.57,17076,TRP
2026-01-20T14:00:00.000000000Z,34,2,5158,47.56,47.61,47.15,47.18,28259,ENB
2026-01-20T15:00:00.000000000Z,34,2,5158,47.18,47.39,47.08,47.265,43860,ENB
2026-01-20T15:00:00.000000000Z,34,2,16192,54.61,54.93,54.5,54.75,28045,TRP
2026-01-20T16:00:00.000000000Z,34,2,16192,54.76,54.84,54.57,54.58,34314,TRP
2026-01-20T16:00:00.000000000Z,34,2,5158,47.28,47.355,47.165,47.19,22834,ENB
2026-01-20T17:00:00.000000000Z,34,2,16192,54.61,54.77,54.6,54.74,40625,TRP
2026-01-20T17:00:00.000000000Z,34,2,5158,47.19,47.335,47.16,47.26,21397,ENB
2026-01-20T18:00:00.000000000Z,34,2,16192,54.74,54.87,54.58,54.68,21655,TRP
2026-01-20T18:00:00.000000000Z,34,2,5158,47.26,47.415,47.25,47.3,15834,ENB
2026-01-20T19:00:00.000000000Z,34,2,16192,54.68,54.73,54.485,54.495,28157,TRP
2026-01-20T19:00:00.000000000Z,34,2,5158,47.3,47.31,47.145,47.155,28598,ENB
2026-01-20T20:00:00.000000000Z,34,2,16192,54.49,54.58,54.21,54.26,99098,TRP
2026-01-20T20:00:00.000000000Z,34,2,5158,47.15,47.26,46.955,47.125,117778,ENB
2026-01-21T11:00:00.000000000Z,34,2,16192,55.14,56.39,55.14,56.39,100,TRP
2026-01-21T13:00:00.000000000Z,34,2,16192,54.29,54.29,54.29,54.29,1,TRP
2026-01-21T14:00:00.000000000Z,34,2,16192,54.63,54.97,54.46,54.46,25312,TRP
2026-01-21T14:00:00.000000000Z,34,2,5158,47.34,47.665,47.34,47.475,20118,ENB
2026-01-21T15:00:00.000000000Z,34,2,16192,54.49,54.55,53.96,54.04,39309,TRP
2026-01-21T15:00:00.000000000Z,34,2,5158,47.48,47.51,47.245,47.31,23033,ENB
2026-01-21T16:00:00.000000000Z,34,2,16192,54.05,54.15,53.94,54.01,27926,TRP
2026-01-21T16:00:00.000000000Z,34,2,5158,47.315,47.375,47.22,47.26,18714,ENB
2026-01-21T17:00:00.000000000Z,34,2,5158,47.26,47.395,47.22,47.38,14450,ENB
2026-01-21T17:00:00.000000000Z,34,2,16192,54.0,54.14,53.79,54.14,26888,TRP
2026-01-21T18:00:00.000000000Z,34,2,16192,54.13,54.15,53.87,53.88,28691,TRP
2026-01-21T18:00:00.000000000Z,34,2,5158,47.38,47.4,47.25,47.25,14192,ENB
2026-01-21T19:00:00.000000000Z,34,2,16192,53.88,54.03,53.75,53.97,46274,TRP
2026-01-21T19:00:00.000000000Z,34,2,5158,47.24,47.4,47.155,47.36,41870,ENB
2026-01-21T20:00:00.000000000Z,34,2,5158,47.365,47.38,47.16,47.28,101734,ENB
2026-01-21T20:00:00.000000000Z,34,2,16192,53.96,54.0,53.8,53.96,72004,TRP
2026-01-21T21:00:00.000000000Z,34,2,5158,47.34,47.34,47.32,47.32,125,ENB
2026-01-21T22:00:00.000000000Z,34,2,16192,53.9,53.99,53.9,53.98,1816,TRP
2026-01-21T22:00:00.000000000Z,34,2,5158,47.34,47.34,47.34,47.34,1,ENB
2026-01-21T23:00:00.000000000Z,34,2,5158,47.34,47.34,47.34,47.34,11,ENB
2026-01-22T09:00:00.000000000Z,34,2,5158,47.2,47.2,47.2,47.2,2,ENB
2026-01-22T12:00:00.000000000Z,34,2,5158,47.12,47.12,47.12,47.12,140,ENB
2026-01-22T14:00:00.000000000Z,34,2,5158,47.18,47.8,47.18,47.47,18506,ENB
2026-01-22T14:00:00.000000000Z,34,2,16192,54.03,54.42,54.0,54.29,29644,TRP
2026-01-22T15:00:00.000000000Z,34,2,5158,47.41,47.47,47.17,47.41,26598,ENB
2026-01-22T15:00:00.000000000Z,34,2,16192,54.28,54.49,54.03,54.39,23406,TRP
2026-01-22T16:00:00.000000000Z,34,2,16192,54.38,54.38,54.16,54.29,21478,TRP
2026-01-22T16:00:00.000000000Z,34,2,5158,47.42,47.46,47.325,47.33,19949,ENB
2026-01-22T17:00:00.000000000Z,34,2,5158,47.34,47.58,47.335,47.53,26250,ENB
2026-01-22T17:00:00.000000000Z,34,2,16192,54.29,54.5,54.28,54.41,24042,TRP
2026-01-22T18:00:00.000000000Z,34,2,16192,54.4,54.66,54.38,54.62,22462,TRP
2026-01-22T18:00:00.000000000Z,34,2,5158,47.51,47.63,47.49,47.6,34135,ENB
2026-01-22T19:00:00.000000000Z,34,2,5158,47.59,47.61,47.465,47.58,24908,ENB
2026-01-22T19:00:00.000000000Z,34,2,16192,54.62,54.7,54.51,54.605,26476,TRP
2026-01-22T20:00:00.000000000Z,34,2,16192,54.6,55.04,54.575,55.01,71599,TRP
2026-01-22T20:00:00.000000000Z,34,2,5158,47.58,47.7,47.435,47.47,114440,ENB
2026-01-22T21:00:00.000000000Z,34,2,5158,47.76,47.76,47.68,47.68,41,ENB
2026-01-23T10:00:00.000000000Z,34,2,5158,47.6,47.6,47.58,47.58,38,ENB
2026-01-23T10:00:00.000000000Z,34,2,16192,55.48,55.48,55.15,55.15,5,TRP
2026-01-23T11:00:00.000000000Z,34,2,5158,47.57,47.63,47.57,47.63,24,ENB
2026-01-23T12:00:00.000000000Z,34,2,16192,55.03,55.03,55.03,55.03,2,TRP
2026-01-23T13:00:00.000000000Z,34,2,5158,47.57,47.57,47.57,47.57,100,ENB
2026-01-23T14:00:00.000000000Z,34,2,5158,47.54,47.88,47.54,47.74,14073,ENB
2026-01-23T14:00:00.000000000Z,34,2,16192,55.24,55.39,54.81,55.285,22433,TRP
2026-01-23T15:00:00.000000000Z,34,2,5158,47.74,47.99,47.6,47.97,18937,ENB
2026-01-23T15:00:00.000000000Z,34,2,16192,55.27,55.52,55.14,55.47,20546,TRP
2026-01-23T16:00:00.000000000Z,34,2,5158,47.97,48.08,47.97,48.065,25886,ENB
2026-01-23T16:00:00.000000000Z,34,2,16192,55.47,56.09,55.47,55.93,31692,TRP
2026-01-23T17:00:00.000000000Z,34,2,5158,48.065,48.23,48.045,48.08,43356,ENB
2026-01-23T17:00:00.000000000Z,34,2,16192,55.92,56.1,55.91,56.04,13726,TRP
2026-01-23T18:00:00.000000000Z,34,2,5158,48.08,48.16,48.035,48.07,23360,ENB
2026-01-23T18:00:00.000000000Z,34,2,16192,56.04,56.23,55.98,56.095,17774,TRP
2026-01-23T19:00:00.000000000Z,34,2,16192,56.095,56.23,56.09,56.18,16350,TRP
2026-01-23T19:00:00.000000000Z,34,2,5158,48.07,48.18,47.99,48.16,27260,ENB
2026-01-23T20:00:00.000000000Z,34,2,16192,56.18,56.305,56.13,56.265,93875,TRP
2026-01-23T20:00:00.000000000Z,34,2,5158,48.145,48.295,48.145,48.2,118449,ENB
2026-01-23T21:00:00.000000000Z,34,2,5158,48.15,48.15,48.15,48.15,20,ENB
2026-01-23T22:00:00.000000000Z,34,2,5158,48.2,48.2,48.2,48.2,100,ENB
2026-01-26T10:00:00.000000000Z,34,2,16192,57.0,57.02,57.0,57.02,42,TRP
2026-01-26T11:00:00.000000000Z,34,2,5158,48.53,48.53,48.53,48.53,50,ENB
2026-01-26T12:00:00.000000000Z,34,2,5158,48.33,48.55,48.25,48.52,864,ENB
2026-01-26T13:00:00.000000000Z,34,2,5158,48.42,48.43,48.4,48.42,64,ENB
2026-01-26T14:00:00.000000000Z,34,2,16192,56.35,56.91,56.35,56.52,12745,TRP
2026-01-26T14:00:00.000000000Z,34,2,5158,48.36,48.65,48.22,48.23,13432,ENB
2026-01-26T15:00:00.000000000Z,34,2,5158,48.23,48.44,48.01,48.01,12222,ENB
2026-01-26T15:00:00.000000000Z,34,2,16192,56.5,56.685,56.37,56.41,15283,TRP
2026-01-26T16:00:00.000000000Z,34,2,5158,48.01,48.05,47.67,47.73,19394,ENB
2026-01-26T16:00:00.000000000Z,34,2,16192,56.415,56.42,55.935,56.05,10679,TRP
2026-01-26T17:00:00.000000000Z,34,2,16192,56.05,56.155,56.02,56.155,10920,TRP
2026-01-26T17:00:00.000000000Z,34,2,5158,47.72,47.8,47.69,47.735,12557,ENB
2026-01-26T18:00:00.000000000Z,34,2,5158,47.72,47.75,47.645,47.71,8750,ENB
2026-01-26T18:00:00.000000000Z,34,2,16192,56.155,56.16,55.96,56.04,25264,TRP
2026-01-26T19:00:00.000000000Z,34,2,5158,47.71,47.785,47.645,47.685,13753,ENB
2026-01-26T19:00:00.000000000Z,34,2,16192,56.04,56.115,55.96,55.97,24282,TRP
2026-01-26T20:00:00.000000000Z,34,2,5158,47.68,47.89,47.625,47.875,92368,ENB
2026-01-26T20:00:00.000000000Z,34,2,16192,55.96,56.335,55.91,56.31,103529,TRP
2026-01-26T22:00:00.000000000Z,34,2,16192,55.66,55.66,55.66,55.66,1,TRP
2026-01-27T09:00:00.000000000Z,34,2,5158,47.92,47.92,47.69,47.78,310,ENB
2026-01-27T10:00:00.000000000Z,34,2,5158,47.7,47.7,47.7,47.7,4,ENB
2026-01-27T12:00:00.000000000Z,34,2,5158,47.69,47.82,47.6,47.6,2315,ENB
2026-01-27T13:00:00.000000000Z,34,2,5158,47.6,47.7,47.6,47.7,892,ENB
2026-01-27T14:00:00.000000000Z,34,2,16192,56.64,57.05,56.42,56.99,18208,TRP
2026-01-27T14:00:00.000000000Z,34,2,5158,47.69,48.04,47.38,47.975,18455,ENB
2026-01-27T15:00:00.000000000Z,34,2,5158,47.97,48.035,47.74,47.74,43842,ENB
2026-01-27T15:00:00.000000000Z,34,2,16192,57.02,57.09,56.57,56.77,21811,TRP
2026-01-27T16:00:00.000000000Z,34,2,5158,47.77,47.84,47.635,47.75,40758,ENB
2026-01-27T16:00:00.000000000Z,34,2,16192,56.77,56.975,56.57,56.85,15217,TRP
2026-01-27T17:00:00.000000000Z,34,2,5158,47.76,47.87,47.685,47.87,30255,ENB
2026-01-27T17:00:00.000000000Z,34,2,16192,56.86,57.15,56.86,57.15,20359,TRP
2026-01-27T18:00:00.000000000Z,34,2,5158,47.87,48.015,47.815,47.97,46073,ENB
2026-01-27T18:00:00.000000000Z,34,2,16192,57.16,57.43,57.09,57.38,20555,TRP
2026-01-27T19:00:00.000000000Z,34,2,16192,57.38,57.5,57.265,57.35,30884,TRP
2026-01-27T19:00:00.000000000Z,34,2,5158,47.96,48.13,47.85,47.88,36918,ENB
2026-01-27T20:00:00.000000000Z,34,2,16192,57.35,57.71,57.35,57.71,82379,TRP
2026-01-27T20:00:00.000000000Z,34,2,5158,47.88,48.055,47.845,48.01,188376,ENB
2026-01-27T21:00:00.000000000Z,34,2,5158,48.12,48.12,48.01,48.01,14,ENB
2026-01-28T12:00:00.000000000Z,34,2,5158,48.09,48.19,48.04,48.04,710,ENB
2026-01-28T13:00:00.000000000Z,34,2,5158,48.03,48.19,48.03,48.19,61,ENB
2026-01-28T14:00:00.000000000Z,34,2,16192,57.82,57.95,57.58,57.67,14613,TRP
2026-01-28T14:00:00.000000000Z,34,2,5158,48.12,48.34,47.92,48.14,14516,ENB
2026-01-28T15:00:00.000000000Z,34,2,5158,48.16,48.525,48.115,48.5,50471,ENB
2026-01-28T15:00:00.000000000Z,34,2,16192,57.68,58.01,57.47,57.98,28399,TRP
2026-01-28T16:00:00.000000000Z,34,2,16192,58.0,58.32,57.96,58.29,37324,TRP
2026-01-28T16:00:00.000000000Z,34,2,5158,48.51,48.52,48.245,48.27,58830,ENB
2026-01-28T17:00:00.000000000Z,34,2,5158,48.285,48.35,48.055,48.055,35552,ENB
2026-01-28T17:00:00.000000000Z,34,2,16192,58.31,58.48,58.02,58.03,21641,TRP
2026-01-28T18:00:00.000000000Z,34,2,16192,58.04,58.17,57.82,57.87,20371,TRP
2026-01-28T18:00:00.000000000Z,34,2,5158,48.05,48.23,48.05,48.15,51407,ENB
2026-01-28T19:00:00.000000000Z,34,2,5158,48.16,48.47,48.065,48.47,80518,ENB
2026-01-28T19:00:00.000000000Z,34,2,16192,57.87,58.14,57.62,58.14,47708,TRP
2026-01-28T20:00:00.000000000Z,34,2,5158,48.47,48.635,48.455,48.55,182030,ENB
2026-01-28T20:00:00.000000000Z,34,2,16192,58.15,58.4,58.09,58.14,63427,TRP
2026-01-28T21:00:00.000000000Z,34,2,5158,48.55,48.55,48.55,48.55,89,ENB
2026-01-28T23:00:00.000000000Z,34,2,5158,48.6,48.6,48.6,48.6,1,ENB
2026-01-29T11:00:00.000000000Z,34,2,5158,48.39,48.39,48.39,48.39,1,ENB
2026-01-29T12:00:00.000000000Z,34,2,5158,48.6,48.6,48.6,48.6,2,ENB
2026-01-29T13:00:00.000000000Z,34,2,5158,48.65,48.78,48.65,48.78,40,ENB
2026-01-29T14:00:00.000000000Z,34,2,5158,48.8,49.22,48.8,49.14,39740,ENB
2026-01-29T14:00:00.000000000Z,34,2,16192,58.695,58.9,58.64,58.71,16620,TRP
2026-01-29T15:00:00.000000000Z,34,2,5158,49.12,49.15,48.71,48.865,37256,ENB
2026-01-29T15:00:00.000000000Z,34,2,16192,58.705,58.74,58.32,58.49,30273,TRP
2026-01-29T16:00:00.000000000Z,34,2,5158,48.865,48.995,48.82,48.96,27473,ENB
2026-01-29T16:00:00.000000000Z,34,2,16192,58.55,58.91,58.51,58.87,22196,TRP
2026-01-29T17:00:00.000000000Z,34,2,5158,48.96,48.975,48.76,48.8,51682,ENB
2026-01-29T17:00:00.000000000Z,34,2,16192,58.83,58.99,58.66,58.67,24710,TRP
2026-01-29T18:00:00.000000000Z,34,2,16192,58.68,59.15,58.63,59.035,36127,TRP
2026-01-29T18:00:00.000000000Z,34,2,5158,48.81,49.135,48.73,49.055,53958,ENB
2026-01-29T19:00:00.000000000Z,34,2,5158,49.04,49.295,49.0,49.025,47541,ENB
2026-01-29T19:00:00.000000000Z,34,2,16192,59.03,59.36,58.95,59.11,39402,TRP
2026-01-29T20:00:00.000000000Z,34,2,16192,59.1,59.44,59.1,59.23,118992,TRP
2026-01-29T20:00:00.000000000Z,34,2,5158,49.03,49.28,49.03,49.235,109036,ENB
2026-01-29T22:00:00.000000000Z,34,2,5158,49.23,49.23,49.23,49.23,4,ENB
2026-01-29T23:00:00.000000000Z,34,2,5158,49.15,49.15,49.15,49.15,30,ENB
2026-01-30T09:00:00.000000000Z,34,2,5158,48.68,48.87,48.41,48.87,49,ENB
2026-01-30T10:00:00.000000000Z,34,2,5158,48.75,48.75,48.75,48.75,70,ENB
2026-01-30T10:00:00.000000000Z,34,2,16192,58.46,58.46,58.46,58.46,20,TRP
2026-01-30T11:00:00.000000000Z,34,2,5158,48.73,48.73,48.73,48.73,7,ENB
2026-01-30T12:00:00.000000000Z,34,2,5158,48.87,48.9,48.87,48.9,5,ENB
2026-01-30T13:00:00.000000000Z,34,2,5158,49.14,49.14,49.12,49.12,6,ENB
2026-01-30T14:00:00.000000000Z,34,2,16192,58.95,59.27,58.95,59.06,20276,TRP
2026-01-30T14:00:00.000000000Z,34,2,5158,49.14,49.31,49.06,49.08,30768,ENB
2026-01-30T15:00:00.000000000Z,34,2,5158,49.08,49.12,48.705,48.705,69195,ENB
2026-01-30T15:00:00.000000000Z,34,2,16192,59.12,59.14,58.43,58.75,46746,TRP
2026-01-30T16:00:00.000000000Z,34,2,5158,48.7,48.77,48.645,48.67,34459,ENB
2026-01-30T16:00:00.000000000Z,34,2,16192,58.73,58.84,58.53,58.57,37575,TRP
2026-01-30T17:00:00.000000000Z,34,2,16192,58.58,58.64,57.755,57.76,33608,TRP
2026-01-30T17:00:00.000000000Z,34,2,5158,48.7,48.715,48.21,48.21,62862,ENB
2026-01-30T18:00:00.000000000Z,34,2,5158,48.19,48.43,48.11,48.26,54409,ENB
2026-01-30T18:00:00.000000000Z,34,2,16192,57.75,58.15,57.665,57.89,41778,TRP
2026-01-30T19:00:00.000000000Z,34,2,5158,48.26,48.64,48.26,48.59,33177,ENB
2026-01-30T19:00:00.000000000Z,34,2,16192,57.89,58.36,57.88,58.265,30365,TRP
2026-01-30T20:00:00.000000000Z,34,2,16192,58.26,58.71,58.26,58.645,67258,TRP
2026-01-30T20:00:00.000000000Z,34,2,5158,48.585,48.885,48.58,48.83,120943,ENB
2026-01-30T21:00:00.000000000Z,34,2,5158,48.83,48.86,48.79,48.85,15832,ENB
2026-01-30T21:00:00.000000000Z,34,2,16192,58.29,58.29,58.29,58.29,18,TRP
2026-01-30T23:00:00.000000000Z,34,2,5158,48.94,48.95,48.94,48.95,420,ENB
2026-02-02T09:00:00.000000000Z,34,2,5158,48.82,48.82,48.46,48.55,758,ENB
2026-02-02T11:00:00.000000000Z,34,2,5158,48.6,48.6,48.6,48.6,350,ENB
2026-02-02T13:00:00.000000000Z,34,2,16192,58.39,58.39,58.23,58.23,18,TRP
2026-02-02T13:00:00.000000000Z,34,2,5158,48.65,48.65,48.65,48.65,50,ENB
2026-02-02T14:00:00.000000000Z,34,2,5158,48.6,48.85,48.46,48.6,67872,ENB
2026-02-02T14:00:00.000000000Z,34,2,16192,58.22,58.69,58.14,58.26,18005,TRP
2026-02-02T15:00:00.000000000Z,34,2,5158,48.56,48.77,48.26,48.42,98550,ENB
2026-02-02T15:00:00.000000000Z,34,2,16192,58.24,58.72,58.14,58.61,33457,TRP
2026-02-02T16:00:00.000000000Z,34,2,5158,48.42,48.42,48.155,48.23,83755,ENB
2026-02-02T16:00:00.000000000Z,34,2,16192,58.61,58.61,58.02,58.315,28657,TRP
2026-02-02T17:00:00.000000000Z,34,2,16192,58.3,58.41,58.2,58.22,21557,TRP
2026-02-02T17:00:00.000000000Z,34,2,5158,48.24,48.3,48.11,48.15,70455,ENB
2026-02-02T18:00:00.000000000Z,34,2,5158,48.155,48.205,47.96,47.97,50551,ENB
2026-02-02T18:00:00.000000000Z,34,2,16192,58.21,58.26,58.05,58.06,18391,TRP
2026-02-02T19:00:00.000000000Z,34,2,16192,58.06,58.335,58.03,58.03,36139,TRP
2026-02-02T19:00:00.000000000Z,34,2,5158,47.97,48.225,47.97,48.05,89837,ENB
2026-02-02T20:00:00.000000000Z,34,2,16192,58.04,58.5,57.96,58.36,88142,TRP
2026-02-02T20:00:00.000000000Z,34,2,5158,48.05,48.37,48.03,48.29,173075,ENB
2026-02-02T22:00:00.000000000Z,34,2,5158,48.21,48.21,48.2,48.2,929,ENB
2026-02-02T23:00:00.000000000Z,34,2,5158,48.35,48.35,48.35,48.35,20,ENB
2026-02-03T12:00:00.000000000Z,34,2,5158,48.41,48.41,48.41,48.41,2,ENB
2026-02-03T13:00:00.000000000Z,34,2,5158,48.37,48.37,48.37,48.37,332,ENB
2026-02-03T14:00:00.000000000Z,34,2,16192,58.49,59.28,58.4,59.15,20367,TRP
2026-02-03T14:00:00.000000000Z,34,2,5158,48.3,48.875,48.3,48.73,77883,ENB
2026-02-03T15:00:00.000000000Z,34,2,16192,59.09,59.37,59.01,59.37,29513,TRP
2026-02-03T15:00:00.000000000Z,34,2,5158,48.73,49.04,48.68,49.03,52037,ENB
2026-02-03T16:00:00.000000000Z,34,2,16192,59.38,59.39,58.98,59.04,46188,TRP
2026-02-03T16:00:00.000000000Z,34,2,5158,49.05,49.11,48.89,49.085,30404,ENB
2026-02-03T17:00:00.000000000Z,34,2,16192,59.05,59.17,58.85,58.94,33995,TRP
2026-02-03T17:00:00.000000000Z,34,2,5158,49.08,49.27,49.005,49.175,57486,ENB
2026-02-03T18:00:00.000000000Z,34,2,16192,58.95,59.03,58.81,58.84,33661,TRP
2026-02-03T18:00:00.000000000Z,34,2,5158,49.18,49.23,49.08,49.085,79742,ENB
2026-02-03T19:00:00.000000000Z,34,2,5158,49.08,49.36,49.08,49.31,61433,ENB
2026-02-03T19:00:00.000000000Z,34,2,16192,58.86,59.35,58.835,59.25,31841,TRP
2026-02-03T20:00:00.000000000Z,34,2,5158,49.27,49.42,49.255,49.32,175603,ENB
2026-02-03T20:00:00.000000000Z,34,2,16192,59.22,59.465,59.17,59.42,102530,TRP
2026-02-03T21:00:00.000000000Z,34,2,5158,49.24,49.24,49.2,49.2,664,ENB
2026-02-04T09:00:00.000000000Z,34,2,5158,49.24,49.33,49.24,49.26,302,ENB
2026-02-04T10:00:00.000000000Z,34,2,5158,49.26,49.26,49.07,49.07,88,ENB
2026-02-04T13:00:00.000000000Z,34,2,5158,49.21,49.27,49.21,49.26,1696,ENB
2026-02-04T14:00:00.000000000Z,34,2,5158,49.27,49.69,49.2,49.65,53433,ENB
2026-02-04T14:00:00.000000000Z,34,2,16192,59.53,59.875,59.41,59.59,11436,TRP
2026-02-04T15:00:00.000000000Z,34,2,5158,49.64,49.755,49.39,49.71,66209,ENB
2026-02-04T15:00:00.000000000Z,34,2,16192,59.56,59.59,59.16,59.39,28341,TRP
2026-02-04T16:00:00.000000000Z,34,2,16192,59.39,59.49,59.075,59.265,25169,TRP
2026-02-04T16:00:00.000000000Z,34,2,5158,49.71,49.835,49.59,49.675,37151,ENB
2026-02-04T17:00:00.000000000Z,34,2,5158,49.68,50.095,49.68,50.035,53564,ENB
2026-02-04T17:00:00.000000000Z,34,2,16192,59.26,59.5,59.23,59.43,28981,TRP
2026-02-04T18:00:00.000000000Z,34,2,5158,50.03,50.03,49.83,49.83,37134,ENB
2026-02-04T18:00:00.000000000Z,34,2,16192,59.4,59.41,59.03,59.04,35894,TRP
2026-02-04T19:00:00.000000000Z,34,2,16192,59.03,59.28,58.97,59.1,51480,TRP
2026-02-04T19:00:00.000000000Z,34,2,5158,49.83,50.08,49.79,50.0,56632,ENB
2026-02-04T20:00:00.000000000Z,34,2,16192,59.09,59.54,58.98,59.28,71570,TRP
2026-02-04T20:00:00.000000000Z,34,2,5158,49.995,50.22,49.955,50.155,123710,ENB
2026-02-04T21:00:00.000000000Z,34,2,16192,59.29,59.29,59.29,59.29,91,TRP
2026-02-04T22:00:00.000000000Z,34,2,5158,50.1,50.1,50.1,50.1,4,ENB
2026-02-05T09:00:00.000000000Z,34,2,5158,49.75,49.98,49.75,49.98,119,ENB
2026-02-05T10:00:00.000000000Z,34,2,5158,49.8,49.8,49.8,49.8,50,ENB
2026-02-05T12:00:00.000000000Z,34,2,5158,50.07,50.09,50.07,50.09,168,ENB
2026-02-05T13:00:00.000000000Z,34,2,5158,50.1,50.1,50.1,50.1,82,ENB
2026-02-05T14:00:00.000000000Z,34,2,16192,58.96,59.7,58.89,59.62,30857,TRP
2026-02-05T14:00:00.000000000Z,34,2,5158,49.95,50.38,49.95,50.34,54531,ENB
2026-02-05T15:00:00.000000000Z,34,2,5158,50.35,50.49,50.05,50.065,64764,ENB
2026-02-05T15:00:00.000000000Z,34,2,16192,59.62,59.8,59.345,59.555,49756,TRP
2026-02-05T16:00:00.000000000Z,34,2,16192,59.57,60.1,59.5,60.06,43574,TRP
2026-02-05T16:00:00.000000000Z,34,2,5158,50.075,50.425,50.035,50.41,79258,ENB
2026-02-05T17:00:00.000000000Z,34,2,16192,60.06,60.19,59.97,60.0,37756,TRP
2026-02-05T17:00:00.000000000Z,34,2,5158,50.41,50.58,50.37,50.525,50867,ENB
2026-02-05T18:00:00.000000000Z,34,2,16192,60.0,60.135,59.92,59.92,48128,TRP
2026-02-05T18:00:00.000000000Z,34,2,5158,50.515,50.61,50.405,50.41,29418,ENB
2026-02-05T19:00:00.000000000Z,34,2,5158,50.42,50.5,50.235,50.465,71440,ENB
2026-02-05T19:00:00.000000000Z,34,2,16192,59.92,60.03,59.85,59.99,59742,TRP
2026-02-05T20:00:00.000000000Z,34,2,16192,59.99,60.06,59.73,59.91,112428,TRP
2026-02-05T20:00:00.000000000Z,34,2,5158,50.46,50.49,50.36,50.49,77593,ENB
2026-02-05T21:00:00.000000000Z,34,2,16192,60.28,60.5,60.28,60.5,308,TRP
2026-02-05T21:00:00.000000000Z,34,2,5158,50.49,50.49,50.46,50.46,937,ENB
2026-02-05T22:00:00.000000000Z,34,2,5158,50.54,50.54,50.38,50.38,86,ENB
2026-02-05T23:00:00.000000000Z,34,2,5158,50.49,50.49,50.49,50.49,14,ENB
2026-02-06T11:00:00.000000000Z,34,2,5158,50.19,50.19,50.17,50.17,2,ENB
2026-02-06T12:00:00.000000000Z,34,2,5158,50.44,50.54,50.43,50.54,211,ENB
2026-02-06T13:00:00.000000000Z,34,2,5158,50.51,50.51,50.51,50.51,53,ENB
2026-02-06T14:00:00.000000000Z,34,2,16192,60.17,60.71,60.17,60.56,21343,TRP
2026-02-06T14:00:00.000000000Z,34,2,5158,50.55,50.88,50.55,50.88,49156,ENB
2026-02-06T15:00:00.000000000Z,34,2,5158,50.9,50.95,50.52,50.53,82583,ENB
2026-02-06T15:00:00.000000000Z,34,2,16192,60.55,60.57,59.97,59.97,75428,TRP
2026-02-06T16:00:00.000000000Z,34,2,5158,50.52,50.53,50.07,50.31,118603,ENB
2026-02-06T16:00:00.000000000Z,34,2,16192,59.96,60.07,59.54,59.93,52746,TRP
2026-02-06T17:00:00.000000000Z,34,2,5158,50.3,50.385,50.2,50.24,64595,ENB
2026-02-06T17:00:00.000000000Z,34,2,16192,59.92,60.115,59.82,59.97,32312,TRP
2026-02-06T18:00:00.000000000Z,34,2,16192,59.95,60.12,59.85,60.02,27961,TRP
2026-02-06T18:00:00.000000000Z,34,2,5158,50.23,50.42,50.15,50.335,37061,ENB
2026-02-06T19:00:00.000000000Z,34,2,16192,60.04,60.1,59.86,59.93,23425,TRP
2026-02-06T19:00:00.000000000Z,34,2,5158,50.335,50.375,50.18,50.3,50191,ENB
2026-02-06T20:00:00.000000000Z,34,2,16192,59.93,59.93,59.7,59.81,65309,TRP
2026-02-06T20:00:00.000000000Z,34,2,5158,50.305,50.34,50.085,50.32,142841,ENB
2026-02-06T21:00:00.000000000Z,34,2,5158,50.3,50.3,50.25,50.25,3,ENB
2026-02-06T22:00:00.000000000Z,34,2,16192,60.5,60.5,60.5,60.5,33,TRP
2026-02-09T09:00:00.000000000Z,34,2,5158,50.24,50.43,50.24,50.43,16,ENB
2026-02-09T11:00:00.000000000Z,34,2,16192,60.0,60.0,60.0,60.0,7,TRP
2026-02-09T14:00:00.000000000Z,34,2,16192,60.07,60.07,59.5,59.615,16828,TRP
2026-02-09T14:00:00.000000000Z,34,2,5158,50.35,50.925,50.24,50.42,40762,ENB
2026-02-09T15:00:00.000000000Z,34,2,5158,50.415,50.52,50.09,50.13,67445,ENB
2026-02-09T15:00:00.000000000Z,34,2,16192,59.61,59.8,59.44,59.61,32548,TRP
2026-02-09T16:00:00.000000000Z,34,2,16192,59.62,59.86,59.6,59.63,24586,TRP
2026-02-09T16:00:00.000000000Z,34,2,5158,50.13,50.27,50.06,50.185,74818,ENB
2026-02-09T17:00:00.000000000Z,34,2,5158,50.185,50.25,50.105,50.175,36967,ENB
2026-02-09T17:00:00.000000000Z,34,2,16192,59.62,59.915,59.53,59.91,35601,TRP
2026-02-09T18:00:00.000000000Z,34,2,16192,59.91,60.09,59.87,60.03,17386,TRP
2026-02-09T18:00:00.000000000Z,34,2,5158,50.18,50.22,50.13,50.13,28194,ENB
2026-02-09T19:00:00.000000000Z,34,2,5158,50.12,50.465,50.075,50.435,58890,ENB
2026-02-09T19:00:00.000000000Z,34,2,16192,60.025,60.26,59.95,60.25,18382,TRP
2026-02-09T20:00:00.000000000Z,34,2,5158,50.435,50.62,50.37,50.615,185934,ENB
2026-02-09T20:00:00.000000000Z,34,2,16192,60.25,60.295,60.16,60.26,80048,TRP
2026-02-09T21:00:00.000000000Z,34,2,16192,60.25,60.25,60.25,60.25,118,TRP
2026-02-09T22:00:00.000000000Z,34,2,16192,60.73,60.73,60.73,60.73,5,TRP
2026-02-10T10:00:00.000000000Z,34,2,5158,50.63,50.63,50.63,50.63,3,ENB
2026-02-10T12:00:00.000000000Z,34,2,5158,50.72,50.72,50.67,50.67,170,ENB
2026-02-10T13:00:00.000000000Z,34,2,5158,50.67,50.7,50.67,50.7,17,ENB
2026-02-10T14:00:00.000000000Z,34,2,16192,60.39,60.72,60.1,60.12,37045,TRP
2026-02-10T14:00:00.000000000Z,34,2,5158,50.7,50.93,50.69,50.73,30494,ENB
2026-02-10T15:00:00.000000000Z,34,2,5158,50.73,50.815,50.48,50.77,39537,ENB
2026-02-10T15:00:00.000000000Z,34,2,16192,60.12,60.22,59.86,60.19,33902,TRP
2026-02-10T16:00:00.000000000Z,34,2,16192,60.2,60.31,60.13,60.3,22208,TRP
2026-02-10T16:00:00.000000000Z,34,2,5158,50.78,50.89,50.73,50.885,24247,ENB
2026-02-10T17:00:00.000000000Z,34,2,16192,60.32,60.38,60.13,60.17,25024,TRP
2026-02-10T17:00:00.000000000Z,34,2,5158,50.885,50.94,50.795,50.86,19187,ENB
2026-02-10T18:00:00.000000000Z,34,2,16192,60.17,60.33,60.11,60.225,38370,TRP
2026-02-10T18:00:00.000000000Z,34,2,5158,50.865,51.085,50.825,51.08,12645,ENB
2026-02-10T19:00:00.000000000Z,34,2,16192,60.23,60.39,60.16,60.325,26401,TRP
2026-02-10T19:00:00.000000000Z,34,2,5158,51.07,51.22,51.05,51.19,19189,ENB
2026-02-10T20:00:00.000000000Z,34,2,5158,51.18,51.19,50.97,51.09,102959,ENB
2026-02-10T20:00:00.000000000Z,34,2,16192,60.315,60.32,59.765,59.77,105325,TRP
2026-02-10T21:00:00.000000000Z,34,2,5158,51.17,51.17,51.17,51.17,9,ENB
2026-02-10T22:00:00.000000000Z,34,2,5158,51.1,51.11,51.1,51.11,4,ENB
2026-02-10T23:00:00.000000000Z,34,2,5158,51.09,51.09,51.09,51.09,9,ENB
2026-02-11T09:00:00.000000000Z,34,2,5158,51.4,51.4,51.38,51.38,302,ENB
2026-02-11T11:00:00.000000000Z,34,2,5158,51.38,51.38,51.38,51.38,1,ENB
2026-02-11T12:00:00.000000000Z,34,2,5158,51.38,51.38,51.3,51.3,21,ENB
2026-02-11T13:00:00.000000000Z,34,2,5158,51.21,51.21,51.15,51.15,469,ENB
2026-02-11T14:00:00.000000000Z,34,2,16192,60.43,60.69,60.01,60.535,23543,TRP
2026-02-11T14:00:00.000000000Z,34,2,5158,51.21,51.44,51.205,51.43,39040,ENB
2026-02-11T15:00:00.000000000Z,34,2,16192,60.51,60.66,60.34,60.6,73460,TRP
2026-02-11T15:00:00.000000000Z,34,2,5158,51.43,51.575,51.38,51.465,36208,ENB
2026-02-11T16:00:00.000000000Z,34,2,5158,51.47,51.745,51.47,51.675,38879,ENB
2026-02-11T16:00:00.000000000Z,34,2,16192,60.61,60.88,60.58,60.875,53183,TRP
2026-02-11T17:00:00.000000000Z,34,2,16192,60.87,60.93,60.79,60.84,32634,TRP
2026-02-11T17:00:00.000000000Z,34,2,5158,51.68,51.79,51.635,51.775,28731,ENB
2026-02-11T18:00:00.000000000Z,34,2,16192,60.84,60.97,60.69,60.95,59963,TRP
2026-02-11T18:00:00.000000000Z,34,2,5158,51.8,51.83,51.63,51.73,43686,ENB
2026-02-11T19:00:00.000000000Z,34,2,5158,51.75,51.79,51.615,51.75,35291,ENB
2026-02-11T19:00:00.000000000Z,34,2,16192,60.95,61.1,60.88,61.065,25702,TRP
2026-02-11T20:00:00.000000000Z,34,2,5158,51.76,51.78,51.52,51.53,93148,ENB
2026-02-11T20:00:00.000000000Z,34,2,16192,61.07,61.15,60.73,60.91,111020,TRP
2026-02-11T23:00:00.000000000Z,34,2,16192,60.47,60.47,60.47,60.47,10,TRP
2026-02-12T09:00:00.000000000Z,34,2,5158,51.69,51.69,51.69,51.69,100,ENB
2026-02-12T10:00:00.000000000Z,34,2,5158,51.7,51.7,51.7,51.7,24,ENB
2026-02-12T11:00:00.000000000Z,34,2,16192,61.0,61.0,60.53,60.53,5,TRP
2026-02-12T13:00:00.000000000Z,34,2,5158,51.6,51.6,51.6,51.6,2,ENB
2026-02-12T14:00:00.000000000Z,34,2,16192,60.925,61.54,60.925,61.3,48732,TRP
2026-02-12T14:00:00.000000000Z,34,2,5158,51.63,52.16,51.54,51.83,132936,ENB
2026-02-12T15:00:00.000000000Z,34,2,16192,61.3,61.61,61.13,61.49,59951,TRP
2026-02-12T15:00:00.000000000Z,34,2,5158,51.82,52.16,51.78,52.12,73173,ENB
2026-02-12T16:00:00.000000000Z,34,2,5158,52.14,52.165,51.77,51.845,76404,ENB
2026-02-12T16:00:00.000000000Z,34,2,16192,61.495,61.52,60.875,60.96,134327,TRP
2026-02-12T17:00:00.000000000Z,34,2,16192,60.95,61.33,60.72,61.15,76925,TRP
2026-02-12T17:00:00.000000000Z,34,2,5158,51.84,51.975,51.66,51.73,67948,ENB
2026-02-12T18:00:00.000000000Z,34,2,5158,51.72,51.885,51.58,51.85,71649,ENB
2026-02-12T18:00:00.000000000Z,34,2,16192,61.13,61.47,61.1,61.43,43714,TRP
2026-02-12T19:00:00.000000000Z,34,2,5158,51.83,51.985,51.71,51.91,59813,ENB
2026-02-12T19:00:00.000000000Z,34,2,16192,61.42,61.6,61.39,61.54,37317,TRP
2026-02-12T20:00:00.000000000Z,34,2,5158,51.915,52.045,51.78,51.865,269795,ENB
2026-02-12T20:00:00.000000000Z,34,2,16192,61.55,61.74,61.3,61.365,115462,TRP
2026-02-12T21:00:00.000000000Z,34,2,5158,52.09,52.09,51.79,51.79,335,ENB
2026-02-12T22:00:00.000000000Z,34,2,5158,51.8,51.8,51.79,51.79,23,ENB
2026-02-13T09:00:00.000000000Z,34,2,5158,51.55,51.85,51.26,51.85,270,ENB
2026-02-13T09:00:00.000000000Z,34,2,16192,61.4,61.4,61.4,61.4,3,TRP
2026-02-13T10:00:00.000000000Z,34,2,5158,51.85,51.85,51.85,51.85,100,ENB
2026-02-13T10:00:00.000000000Z,34,2,16192,64.5,64.5,64.5,64.5,7,TRP
2026-02-13T11:00:00.000000000Z,34,2,5158,51.85,51.85,51.41,51.6,102,ENB
2026-02-13T12:00:00.000000000Z,34,2,16192,62.75,62.75,62.75,62.75,3,TRP
2026-02-13T12:00:00.000000000Z,34,2,5158,52.33,52.34,52.33,52.34,60,ENB
2026-02-13T13:00:00.000000000Z,34,2,5158,52.24,52.24,52.24,52.24,2,ENB
2026-02-13T13:00:00.000000000Z,34,2,16192,60.27,61.82,60.27,61.8,408,TRP
2026-02-13T14:00:00.000000000Z,34,2,5158,52.02,53.2,51.87,52.825,108408,ENB
2026-02-13T14:00:00.000000000Z,34,2,16192,61.99,62.6,61.21,62.415,54553,TRP
2026-02-13T15:00:00.000000000Z,34,2,5158,52.85,53.52,52.66,53.24,105955,ENB
2026-02-13T15:00:00.000000000Z,34,2,16192,62.39,63.02,62.1,62.77,93997,TRP
2026-02-13T16:00:00.000000000Z,34,2,16192,62.75,63.72,62.74,63.6,87675,TRP
2026-02-13T16:00:00.000000000Z,34,2,5158,53.22,53.83,53.18,53.815,79489,ENB
2026-02-13T17:00:00.000000000Z,34,2,5158,53.83,53.98,53.775,53.975,71160,ENB
2026-02-13T17:00:00.000000000Z,34,2,16192,63.63,63.79,63.46,63.76,66785,TRP
2026-02-13T18:00:00.000000000Z,34,2,5158,53.97,54.19,53.84,53.9,76902,ENB
2026-02-13T18:00:00.000000000Z,34,2,16192,63.73,63.95,63.47,63.57,60433,TRP
2026-02-13T19:00:00.000000000Z,34,2,5158,53.9,54.075,53.76,53.87,61749,ENB
2026-02-13T19:00:00.000000000Z,34,2,16192,63.58,63.84,63.18,63.21,76573,TRP
2026-02-13T20:00:00.000000000Z,34,2,5158,53.865,53.945,53.69,53.81,233175,ENB
2026-02-13T20:00:00.000000000Z,34,2,16192,63.21,63.57,63.135,63.51,123778,TRP
2026-02-13T21:00:00.000000000Z,34,2,5158,53.88,53.89,53.88,53.89,106,ENB
2026-02-13T22:00:00.000000000Z,34,2,5158,53.89,53.89,53.89,53.89,2,ENB
2026-02-13T23:00:00.000000000Z,34,2,5158,53.94,53.95,53.94,53.95,20,ENB
2026-02-17T09:00:00.000000000Z,34,2,5158,53.8,53.8,53.24,53.24,59,ENB
2026-02-17T10:00:00.000000000Z,34,2,5158,53.27,53.37,53.27,53.34,43,ENB
2026-02-17T11:00:00.000000000Z,34,2,5158,53.41,53.41,53.32,53.32,24,ENB
2026-02-17T12:00:00.000000000Z,34,2,5158,53.41,53.41,53.21,53.21,67,ENB
2026-02-17T12:00:00.000000000Z,34,2,16192,62.6,62.6,62.6,62.6,7,TRP
2026-02-17T13:00:00.000000000Z,34,2,5158,53.05,53.05,53.05,53.05,8,ENB
2026-02-17T14:00:00.000000000Z,34,2,5158,52.81,52.81,50.91,51.08,241220,ENB
2026-02-17T14:00:00.000000000Z,34,2,16192,63.36,63.36,61.28,61.53,76011,TRP
2026-02-17T15:00:00.000000000Z,34,2,5158,51.05,51.32,50.67,50.73,216648,ENB
2026-02-17T15:00:00.000000000Z,34,2,16192,61.51,61.67,61.01,61.01,76758,TRP
2026-02-17T16:00:00.000000000Z,34,2,16192,61.03,62.12,61.005,62.1,66801,TRP
2026-02-17T16:00:00.000000000Z,34,2,5158,50.73,51.34,50.71,51.31,81571,ENB
2026-02-17T17:00:00.000000000Z,34,2,16192,62.09,62.14,61.49,61.74,38639,TRP
2026-02-17T17:00:00.000000000Z,34,2,5158,51.3,51.39,51.065,51.24,72466,ENB
2026-02-17T18:00:00.000000000Z,34,2,5158,51.23,51.45,51.175,51.425,38638,ENB
2026-02-17T18:00:00.000000000Z,34,2,16192,61.73,62.04,61.6,61.985,54984,TRP
2026-02-17T19:00:00.000000000Z,34,2,5158,51.425,51.545,51.41,51.5,29724,ENB
2026-02-17T19:00:00.000000000Z,34,2,16192,62.01,62.24,61.92,62.22,45235,TRP
2026-02-17T20:00:00.000000000Z,34,2,5158,51.5,51.525,51.33,51.47,153471,ENB
2026-02-17T20:00:00.000000000Z,34,2,16192,62.23,62.31,62.1,62.23,159310,TRP
2026-02-17T21:00:00.000000000Z,34,2,5158,51.48,51.49,51.48,51.48,770,ENB
2026-02-17T23:00:00.000000000Z,34,2,5158,51.52,51.52,51.52,51.52,1,ENB
2026-02-18T09:00:00.000000000Z,34,2,5158,52.05,52.08,52.05,52.08,323,ENB
2026-02-18T10:00:00.000000000Z,34,2,5158,51.57,51.57,51.57,51.57,21,ENB
2026-02-18T12:00:00.000000000Z,34,2,5158,51.6,51.6,51.6,51.6,1531,ENB
2026-02-18T12:00:00.000000000Z,34,2,16192,62.21,62.21,62.21,62.21,64,TRP
2026-02-18T13:00:00.000000000Z,34,2,5158,51.57,51.57,51.5,51.5,273,ENB
2026-02-18T14:00:00.000000000Z,34,2,16192,62.36,62.81,61.55,61.67,24238,TRP
2026-02-18T14:00:00.000000000Z,34,2,5158,51.4,51.76,50.965,51.065,90483,ENB
2026-02-18T15:00:00.000000000Z,34,2,16192,61.65,62.12,61.6,61.96,34144,TRP
2026-02-18T15:00:00.000000000Z,34,2,5158,51.085,51.315,51.0,51.0,87766,ENB
2026-02-18T16:00:00.000000000Z,34,2,16192,61.97,62.01,61.61,61.84,48487,TRP
2026-02-18T16:00:00.000000000Z,34,2,5158,50.995,51.075,50.9,51.015,65054,ENB
2026-02-18T17:00:00.000000000Z,34,2,5158,51.02,51.345,50.94,51.33,33680,ENB
2026-02-18T17:00:00.000000000Z,34,2,16192,61.84,61.99,61.77,61.94,24934,TRP
2026-02-18T18:00:00.000000000Z,34,2,16192,61.96,62.01,61.78,61.8,24814,TRP
2026-02-18T18:00:00.000000000Z,34,2,5158,51.335,51.37,51.25,51.28,34708,ENB
2026-02-18T19:00:00.000000000Z,34,2,5158,51.25,51.29,50.9,51.0,46709,ENB
2026-02-18T19:00:00.000000000Z,34,2,16192,61.765,61.88,61.68,61.74,101226,TRP
2026-02-18T20:00:00.000000000Z,34,2,5158,51.005,51.02,50.81,50.89,171460,ENB
2026-02-18T20:00:00.000000000Z,34,2,16192,61.75,61.87,61.55,61.67,94132,TRP
2026-02-18T21:00:00.000000000Z,34,2,5158,51.01,51.01,51.01,51.01,5,ENB
2026-02-18T22:00:00.000000000Z,34,2,16192,61.28,61.28,61.28,61.28,3,TRP
2026-02-19T11:00:00.000000000Z,34,2,5158,50.89,50.89,50.89,50.89,2,ENB
2026-02-19T12:00:00.000000000Z,34,2,5158,51.17,51.17,51.13,51.13,110,ENB
2026-02-19T13:00:00.000000000Z,34,2,16192,62.0,62.0,62.0,62.0,1,TRP
2026-02-19T13:00:00.000000000Z,34,2,5158,51.08,51.08,50.86,50.86,310,ENB
2026-02-19T14:00:00.000000000Z,34,2,16192,62.0,62.21,61.68,61.96,25763,TRP
2026-02-19T14:00:00.000000000Z,34,2,5158,51.1,51.51,51.02,51.365,47865,ENB
2026-02-19T15:00:00.000000000Z,34,2,5158,51.39,51.685,51.28,51.605,60735,ENB
2026-02-19T15:00:00.000000000Z,34,2,16192,61.96,62.72,61.77,62.6,76173,TRP
2026-02-19T16:00:00.000000000Z,34,2,16192,62.62,62.7,62.42,62.45,26866,TRP
2026-02-19T16:00:00.000000000Z,34,2,5158,51.6,51.75,51.505,51.645,49075,ENB
2026-02-19T17:00:00.000000000Z,34,2,5158,51.64,51.8,51.64,51.73,22101,ENB
2026-02-19T17:00:00.000000000Z,34,2,16192,62.47,62.68,62.39,62.455,63043,TRP
2026-02-19T18:00:00.000000000Z,34,2,16192,62.46,62.63,62.41,62.59,57466,TRP
2026-02-19T18:00:00.000000000Z,34,2,5158,51.73,51.895,51.6,51.785,28558,ENB
2026-02-19T19:00:00.000000000Z,34,2,5158,51.79,51.79,51.48,51.52,30263,ENB
2026-02-19T19:00:00.000000000Z,34,2,16192,62.56,62.58,62.39,62.44,32938,TRP
2026-02-19T20:00:00.000000000Z,34,2,16192,62.47,62.545,62.34,62.495,56791,TRP
2026-02-19T20:00:00.000000000Z,34,2,5158,51.53,51.6,51.41,51.56,123745,ENB
2026-02-19T21:00:00.000000000Z,34,2,5158,51.8,51.8,51.8,51.8,4,ENB
2026-02-20T09:00:00.000000000Z,34,2,5158,51.9,51.9,51.9,51.9,35,ENB
2026-02-20T10:00:00.000000000Z,34,2,16192,62.08,62.08,62.0,62.0,636,TRP
2026-02-20T12:00:00.000000000Z,34,2,5158,51.71,51.71,51.67,51.67,13,ENB
2026-02-20T13:00:00.000000000Z,34,2,5158,51.69,51.69,51.69,51.69,15,ENB
2026-02-20T14:00:00.000000000Z,34,2,16192,62.46,62.61,61.99,62.33,24509,TRP
2026-02-20T14:00:00.000000000Z,34,2,5158,51.59,51.81,51.325,51.42,23803,ENB
2026-02-20T15:00:00.000000000Z,34,2,5158,51.39,51.62,51.21,51.44,49529,ENB
2026-02-20T15:00:00.000000000Z,34,2,16192,62.315,62.52,62.07,62.36,43216,TRP
2026-02-20T16:00:00.000000000Z,34,2,16192,62.35,62.46,62.24,62.45,37769,TRP
2026-02-20T16:00:00.000000000Z,34,2,5158,51.43,51.53,51.335,51.52,30318,ENB
2026-02-20T17:00:00.000000000Z,34,2,5158,51.5,51.63,51.475,51.53,35444,ENB
2026-02-20T17:00:00.000000000Z,34,2,16192,62.43,62.71,62.42,62.68,20255,TRP
2026-02-20T18:00:00.000000000Z,34,2,16192,62.69,62.82,62.5,62.5,25835,TRP
2026-02-20T18:00:00.000000000Z,34,2,5158,51.53,51.735,51.435,51.49,63869,ENB
2026-02-20T19:00:00.000000000Z,34,2,5158,51.49,51.52,51.35,51.36,28387,ENB
2026-02-20T19:00:00.000000000Z,34,2,16192,62.51,62.61,62.41,62.5,48244,TRP
2026-02-20T20:00:00.000000000Z,34,2,5158,51.375,51.6,51.255,51.52,166661,ENB
2026-02-20T20:00:00.000000000Z,34,2,16192,62.52,62.54,62.27,62.39,67044,TRP
2026-02-20T22:00:00.000000000Z,34,2,16192,62.39,62.39,62.39,62.39,35,TRP
2026-02-23T09:00:00.000000000Z,34,2,5158,51.6,51.6,51.6,51.6,1,ENB
2026-02-23T10:00:00.000000000Z,34,2,5158,51.48,51.49,51.48,51.49,77,ENB
2026-02-23T12:00:00.000000000Z,34,2,5158,51.59,51.59,51.59,51.59,73,ENB
2026-02-23T13:00:00.000000000Z,34,2,5158,51.59,51.59,51.59,51.59,200,ENB
2026-02-23T14:00:00.000000000Z,34,2,5158,51.6,52.43,51.6,52.38,65513,ENB
2026-02-23T14:00:00.000000000Z,34,2,16192,62.38,63.46,62.38,63.35,29228,TRP
2026-02-23T15:00:00.000000000Z,34,2,5158,52.41,52.485,52.215,52.25,46202,ENB
2026-02-23T15:00:00.000000000Z,34,2,16192,63.38,63.41,62.86,62.87,33410,TRP
2026-02-23T16:00:00.000000000Z,34,2,5158,52.24,52.405,52.13,52.18,25038,ENB
2026-02-23T16:00:00.000000000Z,34,2,16192,62.85,63.14,62.74,62.91,33468,TRP
2026-02-23T17:00:00.000000000Z,34,2,16192,62.89,62.92,62.61,62.68,20312,TRP
2026-02-23T17:00:00.000000000Z,34,2,5158,52.17,52.19,51.98,52.08,18534,ENB
2026-02-23T18:00:00.000000000Z,34,2,16192,62.68,62.89,62.67,62.815,13648,TRP
2026-02-23T18:00:00.000000000Z,34,2,5158,52.075,52.19,52.06,52.11,17160,ENB
2026-02-23T19:00:00.000000000Z,34,2,5158,52.12,52.225,52.08,52.22,31990,ENB
2026-02-23T19:00:00.000000000Z,34,2,16192,62.795,62.99,62.78,62.96,16253,TRP
2026-02-23T20:00:00.000000000Z,34,2,5158,52.215,52.39,52.18,52.36,89188,ENB
2026-02-23T20:00:00.000000000Z,34,2,16192,62.97,63.2,62.88,63.11,66548,TRP
2026-02-23T21:00:00.000000000Z,34,2,5158,52.37,52.37,52.37,52.37,37,ENB
2026-02-23T22:00:00.000000000Z,34,2,5158,52.42,52.42,52.42,52.42,100,ENB
2026-02-24T10:00:00.000000000Z,34,2,5158,52.48,52.49,52.48,52.48,323,ENB
2026-02-24T11:00:00.000000000Z,34,2,5158,52.46,52.53,52.46,52.5,901,ENB
2026-02-24T12:00:00.000000000Z,34,2,5158,52.5,52.5,52.5,52.5,10,ENB
2026-02-24T13:00:00.000000000Z,34,2,5158,52.44,52.45,52.34,52.34,735,ENB
2026-02-24T14:00:00.000000000Z,34,2,5158,52.32,52.42,51.98,52.34,26610,ENB
2026-02-24T14:00:00.000000000Z,34,2,16192,63.2,63.53,62.88,63.5,25583,TRP
2026-02-24T15:00:00.000000000Z,34,2,5158,52.345,52.38,51.995,52.04,54849,ENB
2026-02-24T15:00:00.000000000Z,34,2,16192,63.47,63.47,62.93,63.01,27587,TRP
2026-02-24T16:00:00.000000000Z,34,2,16192,63.01,63.16,62.83,62.89,17847,TRP
2026-02-24T16:00:00.000000000Z,34,2,5158,52.05,52.18,51.89,51.965,27126,ENB
2026-02-24T17:00:00.000000000Z,34,2,5158,51.97,52.08,51.94,51.97,17291,ENB
2026-02-24T17:00:00.000000000Z,34,2,16192,62.9,63.09,62.87,62.945,21515,TRP
2026-02-24T18:00:00.000000000Z,34,2,5158,51.99,52.19,51.99,52.12,20435,ENB
2026-02-24T18:00:00.000000000Z,34,2,16192,62.945,63.16,62.945,63.03,13829,TRP
2026-02-24T19:00:00.000000000Z,34,2,5158,52.12,52.2,51.985,52.19,26637,ENB
2026-02-24T19:00:00.000000000Z,34,2,16192,63.03,63.245,62.87,63.23,23706,TRP
2026-02-24T20:00:00.000000000Z,34,2,16192,63.25,63.59,63.21,63.42,58995,TRP
2026-02-24T20:00:00.000000000Z,34,2,5158,52.2,52.46,52.175,52.39,59455,ENB
2026-02-24T21:00:00.000000000Z,34,2,16192,62.7,62.7,62.7,62.7,1,TRP
2026-02-24T22:00:00.000000000Z,34,2,16192,62.95,62.95,62.95,62.95,4,TRP
2026-02-24T22:00:00.000000000Z,34,2,5158,52.31,52.31,52.28,52.28,116,ENB
2026-02-24T23:00:00.000000000Z,34,2,5158,52.27,52.27,52.14,52.15,110,ENB
2026-02-25T12:00:00.000000000Z,34,2,5158,52.4,52.4,52.4,52.4,1,ENB
2026-02-25T13:00:00.000000000Z,34,2,5158,52.54,52.54,52.3,52.3,217,ENB
2026-02-25T14:00:00.000000000Z,34,2,5158,52.36,52.535,51.82,51.85,41847,ENB
2026-02-25T14:00:00.000000000Z,34,2,16192,63.52,63.63,62.54,62.54,19447,TRP
2026-02-25T15:00:00.000000000Z,34,2,5158,51.84,51.98,51.775,51.95,36757,ENB
2026-02-25T15:00:00.000000000Z,34,2,16192,62.53,62.81,62.38,62.79,39511,TRP
2026-02-25T16:00:00.000000000Z,34,2,16192,62.825,63.16,62.81,63.16,23275,TRP
2026-02-25T16:00:00.000000000Z,34,2,5158,51.95,52.235,51.925,52.235,35253,ENB
2026-02-25T17:00:00.000000000Z,34,2,16192,63.19,63.22,62.88,63.105,22519,TRP
2026-02-25T17:00:00.000000000Z,34,2,5158,52.245,52.27,52.155,52.26,14553,ENB
2026-02-25T18:00:00.000000000Z,34,2,16192,63.12,63.18,63.015,63.15,21439,TRP
2026-02-25T18:00:00.000000000Z,34,2,5158,52.265,52.35,52.245,52.32,14299,ENB
2026-02-25T19:00:00.000000000Z,34,2,5158,52.33,52.46,52.3,52.4,16612,ENB
2026-02-25T19:00:00.000000000Z,34,2,16192,63.15,63.3,63.03,63.23,20197,TRP
2026-02-25T20:00:00.000000000Z,34,2,16192,63.23,63.245,63.045,63.23,79314,TRP
2026-02-25T20:00:00.000000000Z,34,2,5158,52.4,52.44,52.315,52.41,77923,ENB
2026-02-26T11:00:00.000000000Z,34,2,5158,52.82,52.82,52.82,52.82,67,ENB
2026-02-26T12:00:00.000000000Z,34,2,5158,52.66,52.66,52.45,52.45,250,ENB
2026-02-26T13:00:00.000000000Z,34,2,5158,52.4,52.4,52.36,52.36,23,ENB
2026-02-26T14:00:00.000000000Z,34,2,16192,63.19,63.65,62.84,63.55,13004,TRP
2026-02-26T14:00:00.000000000Z,34,2,5158,52.47,52.59,52.175,52.55,23658,ENB
2026-02-26T15:00:00.000000000Z,34,2,5158,52.56,52.61,52.43,52.57,42428,ENB
2026-02-26T15:00:00.000000000Z,34,2,16192,63.57,63.7,63.26,63.61,30603,TRP
2026-02-26T16:00:00.000000000Z,34,2,16192,63.6,63.72,63.39,63.58,34214,TRP
2026-02-26T16:00:00.000000000Z,34,2,5158,52.58,52.75,52.46,52.59,34458,ENB
2026-02-26T17:00:00.000000000Z,34,2,5158,52.6,52.6,52.285,52.29,17620,ENB
2026-02-26T17:00:00.000000000Z,34,2,16192,63.57,63.58,63.195,63.2,27605,TRP
2026-02-26T18:00:00.000000000Z,34,2,16192,63.2,63.23,63.05,63.1,35050,TRP
2026-02-26T18:00:00.000000000Z,34,2,5158,52.29,52.32,52.055,52.11,43578,ENB
2026-02-26T19:00:00.000000000Z,34,2,5158,52.115,52.29,52.035,52.28,71325,ENB
2026-02-26T19:00:00.000000000Z,34,2,16192,63.11,63.18,62.87,63.06,42875,TRP
2026-02-26T20:00:00.000000000Z,34,2,5158,52.285,52.365,52.175,52.25,130396,ENB
2026-02-26T20:00:00.000000000Z,34,2,16192,63.07,63.16,62.76,63.035,99512,TRP
2026-02-26T22:00:00.000000000Z,34,2,5158,52.35,52.35,52.35,52.35,4,ENB
2026-02-26T23:00:00.000000000Z,34,2,16192,63.07,64.09,63.07,64.09,34,TRP
2026-02-27T12:00:00.000000000Z,34,2,16192,63.04,63.19,63.04,63.19,3,TRP
2026-02-27T14:00:00.000000000Z,34,2,16192,63.15,63.81,62.8,63.81,26847,TRP
2026-02-27T14:00:00.000000000Z,34,2,5158,52.41,53.1,52.36,53.1,34464,ENB
2026-02-27T15:00:00.000000000Z,34,2,16192,63.83,64.62,63.68,64.56,71150,TRP
2026-02-27T15:00:00.000000000Z,34,2,5158,53.11,53.45,53.0,53.38,108283,ENB
2026-02-27T16:00:00.000000000Z,34,2,16192,64.555,64.79,64.25,64.63,53051,TRP
2026-02-27T16:00:00.000000000Z,34,2,5158,53.395,53.675,53.255,53.58,92203,ENB
2026-02-27T17:00:00.000000000Z,34,2,5158,53.6,53.69,53.455,53.5,45924,ENB
2026-02-27T17:00:00.000000000Z,34,2,16192,64.63,64.92,64.56,64.685,45577,TRP
2026-02-27T18:00:00.000000000Z,34,2,16192,64.69,64.79,64.6,64.76,22620,TRP
2026-02-27T18:00:00.000000000Z,34,2,5158,53.51,53.56,53.41,53.545,31403,ENB
2026-02-27T19:00:00.000000000Z,34,2,5158,53.54,53.605,53.285,53.285,57009,ENB
2026-02-27T19:00:00.000000000Z,34,2,16192,64.75,64.9,64.52,64.595,28818,TRP
2026-02-27T20:00:00.000000000Z,34,2,5158,53.29,53.37,53.135,53.135,140214,ENB
2026-02-27T20:00:00.000000000Z,34,2,16192,64.61,64.66,64.29,64.37,97484,TRP
2026-02-27T22:00:00.000000000Z,34,2,5158,53.14,53.14,53.12,53.12,91,ENB
2026-02-27T23:00:00.000000000Z,34,2,5158,53.21,53.21,53.15,53.15,294,ENB
2026-03-02T09:00:00.000000000Z,34,2,5158,54.03,54.16,54.02,54.12,653,ENB
2026-03-02T09:00:00.000000000Z,34,2,16192,65.5,65.5,65.5,65.5,100,TRP
2026-03-02T10:00:00.000000000Z,34,2,16192,64.69,64.7,64.69,64.7,203,TRP
2026-03-02T10:00:00.000000000Z,34,2,5158,54.12,54.13,54.12,54.13,64,ENB
2026-03-02T11:00:00.000000000Z,34,2,5158,54.02,54.06,53.8,53.8,1055,ENB
2026-03-02T12:00:00.000000000Z,34,2,16192,64.68,64.68,64.68,64.68,4,TRP
2026-03-02T12:00:00.000000000Z,34,2,5158,53.81,53.81,53.8,53.8,236,ENB
2026-03-02T13:00:00.000000000Z,34,2,5158,53.79,53.79,53.66,53.66,227,ENB
2026-03-02T13:00:00.000000000Z,34,2,16192,64.63,64.63,64.63,64.63,2,TRP
2026-03-02T14:00:00.000000000Z,34,2,16192,64.51,65.57,64.355,65.1,39185,TRP
2026-03-02T14:00:00.000000000Z,34,2,5158,53.65,53.95,53.25,53.53,70993,ENB
2026-03-02T15:00:00.000000000Z,34,2,5158,53.56,53.87,53.54,53.8,68130,ENB
2026-03-02T15:00:00.000000000Z,34,2,16192,65.11,65.29,64.95,65.02,47266,TRP
2026-03-02T16:00:00.000000000Z,34,2,16192,65.025,65.38,64.91,65.15,37894,TRP
2026-03-02T16:00:00.000000000Z,34,2,5158,53.81,54.07,53.765,53.89,38274,ENB
2026-03-02T17:00:00.000000000Z,34,2,5158,53.89,53.98,53.785,53.9,37590,ENB
2026-03-02T17:00:00.000000000Z,34,2,16192,65.16,65.29,65.0,65.09,37241,TRP
2026-03-02T18:00:00.000000000Z,34,2,5158,53.89,53.89,53.57,53.715,31209,ENB
2026-03-02T18:00:00.000000000Z,34,2,16192,65.09,65.09,64.57,64.91,26596,TRP
2026-03-02T19:00:00.000000000Z,34,2,16192,64.9,65.23,64.89,65.01,31910,TRP
2026-03-02T19:00:00.000000000Z,34,2,5158,53.71,53.97,53.705,53.835,27389,ENB
2026-03-02T20:00:00.000000000Z,34,2,5158,53.84,54.0,53.745,53.95,117543,ENB
2026-03-02T20:00:00.000000000Z,34,2,16192,65.01,65.12,64.78,65.09,99345,TRP
2026-03-02T21:00:00.000000000Z,34,2,5158,53.9,53.9,53.9,53.9,35,ENB
2026-03-02T22:00:00.000000000Z,34,2,5158,53.98,53.98,53.98,53.98,104,ENB
2026-03-02T23:00:00.000000000Z,34,2,5158,53.98,53.98,53.98,53.98,5,ENB
2026-03-03T11:00:00.000000000Z,34,2,5158,54.2,54.2,54.2,54.2,100,ENB
2026-03-03T12:00:00.000000000Z,34,2,5158,54.09,54.09,54.08,54.08,241,ENB
2026-03-03T13:00:00.000000000Z,34,2,5158,54.1,54.17,54.1,54.12,48,ENB
2026-03-03T13:00:00.000000000Z,34,2,16192,65.09,65.09,65.09,65.09,10,TRP
2026-03-03T14:00:00.000000000Z,34,2,5158,54.12,54.12,53.23,53.32,77186,ENB
2026-03-03T14:00:00.000000000Z,34,2,16192,64.36,64.59,63.785,63.81,22519,TRP
2026-03-03T15:00:00.000000000Z,34,2,5158,53.34,53.77,53.08,53.69,94206,ENB
2026-03-03T15:00:00.000000000Z,34,2,16192,63.85,64.39,63.56,64.34,37051,TRP
2026-03-03T16:00:00.000000000Z,34,2,5158,53.685,54.17,53.6,54.115,103543,ENB
2026-03-03T16:00:00.000000000Z,34,2,16192,64.33,65.01,64.205,64.94,29965,TRP
2026-03-03T17:00:00.000000000Z,34,2,16192,64.94,65.13,64.8,64.93,21103,TRP
2026-03-03T17:00:00.000000000Z,34,2,5158,54.1,54.36,54.04,54.3,55645,ENB
2026-03-03T18:00:00.000000000Z,34,2,5158,54.295,54.35,54.14,54.24,31953,ENB
2026-03-03T18:00:00.000000000Z,34,2,16192,64.93,65.0,64.82,64.95,15332,TRP
2026-03-03T19:00:00.000000000Z,34,2,16192,64.95,65.02,64.79,64.825,18604,TRP
2026-03-03T19:00:00.000000000Z,34,2,5158,54.25,54.325,54.145,54.175,32631,ENB
2026-03-03T20:00:00.000000000Z,34,2,16192,64.82,64.94,64.71,64.81,120687,TRP
2026-03-03T20:00:00.000000000Z,34,2,5158,54.165,54.415,54.1,54.36,119991,ENB
2026-03-03T21:00:00.000000000Z,34,2,16192,64.79,64.79,64.79,64.79,7,TRP
2026-03-04T09:00:00.000000000Z,34,2,5158,54.5,54.5,54.1,54.32,20,ENB
2026-03-04T10:00:00.000000000Z,34,2,5158,54.43,54.43,54.35,54.37,884,ENB
2026-03-04T11:00:00.000000000Z,34,2,5158,54.37,54.37,54.37,54.37,18,ENB
2026-03-04T12:00:00.000000000Z,34,2,5158,54.39,54.39,54.33,54.33,28,ENB
2026-03-04T13:00:00.000000000Z,34,2,5158,54.25,54.28,54.25,54.28,34,ENB
2026-03-04T14:00:00.000000000Z,34,2,5158,54.24,54.24,53.62,53.72,53780,ENB
2026-03-04T14:00:00.000000000Z,34,2,16192,64.56,64.59,63.86,63.93,19441,TRP
2026-03-04T15:00:00.000000000Z,34,2,5158,53.7,54.125,53.63,54.005,105491,ENB
2026-03-04T15:00:00.000000000Z,34,2,16192,63.94,64.59,63.88,64.345,33030,TRP
2026-03-04T16:00:00.000000000Z,34,2,5158,54.01,54.18,53.88,54.09,65298,ENB
2026-03-04T16:00:00.000000000Z,34,2,16192,64.37,64.5,64.03,64.31,31471,TRP
2026-03-04T17:00:00.000000000Z,34,2,5158,54.08,54.23,54.045,54.095,53495,ENB
2026-03-04T17:00:00.000000000Z,34,2,16192,64.29,64.43,64.12,64.305,25650,TRP
2026-03-04T18:00:00.000000000Z,34,2,16192,64.32,64.38,63.93,63.97,22776,TRP
2026-03-04T18:00:00.000000000Z,34,2,5158,54.11,54.135,53.88,53.88,45537,ENB
2026-03-04T19:00:00.000000000Z,34,2,5158,53.88,54.165,53.83,54.1,36316,ENB
2026-03-04T19:00:00.000000000Z,34,2,16192,63.955,64.57,63.95,64.38,28355,TRP
2026-03-04T20:00:00.000000000Z,34,2,16192,64.4,64.4,64.05,64.21,109932,TRP
2026-03-04T20:00:00.000000000Z,34,2,5158,54.105,54.19,54.04,54.16,127028,ENB
2026-03-04T21:00:00.000000000Z,34,2,5158,54.19,54.19,54.14,54.14,3,ENB
2026-03-04T22:00:00.000000000Z,34,2,5158,54.17,54.19,54.17,54.19,10,ENB
2026-03-04T23:00:00.000000000Z,34,2,5158,54.09,54.2,54.09,54.2,203,ENB
2026-03-05T12:00:00.000000000Z,34,2,5158,54.1,54.16,54.1,54.16,96,ENB
2026-03-05T14:00:00.000000000Z,34,2,16192,64.05,64.05,63.345,63.655,22631,TRP
2026-03-05T14:00:00.000000000Z,34,2,5158,54.06,54.17,53.71,54.15,50946,ENB
2026-03-05T15:00:00.000000000Z,34,2,16192,63.67,63.73,63.17,63.3,42087,TRP
2026-03-05T15:00:00.000000000Z,34,2,5158,54.16,54.23,53.87,53.95,111062,ENB
2026-03-05T16:00:00.000000000Z,34,2,16192,63.29,63.35,62.85,63.22,26612,TRP
2026-03-05T16:00:00.000000000Z,34,2,5158,53.97,53.97,53.59,53.79,84591,ENB
2026-03-05T17:00:00.000000000Z,34,2,5158,53.81,53.935,53.635,53.84,74244,ENB
2026-03-05T17:00:00.000000000Z,34,2,16192,63.23,63.5,63.11,63.47,25731,TRP
2026-03-05T18:00:00.000000000Z,34,2,5158,53.85,54.02,53.83,53.965,63071,ENB
2026-03-05T18:00:00.000000000Z,34,2,16192,63.455,63.765,63.45,63.65,42003,TRP
2026-03-05T19:00:00.000000000Z,34,2,16192,63.62,63.76,63.46,63.75,23544,TRP
2026-03-05T19:00:00.000000000Z,34,2,5158,53.96,53.975,53.74,53.835,46933,ENB
2026-03-05T20:00:00.000000000Z,34,2,16192,63.77,63.93,63.63,63.8,102710,TRP
2026-03-05T20:00:00.000000000Z,34,2,5158,53.83,53.925,53.725,53.875,101710,ENB
2026-03-05T21:00:00.000000000Z,34,2,16192,63.79,63.79,63.79,63.79,7,TRP
2026-03-05T22:00:00.000000000Z,34,2,16192,63.95,64.25,63.95,64.25,10,TRP
2026-03-06T12:00:00.000000000Z,34,2,5158,54.01,54.01,54.01,54.01,68,ENB
2026-03-06T12:00:00.000000000Z,34,2,16192,63.92,63.92,63.92,63.92,49,TRP
2026-03-06T13:00:00.000000000Z,34,2,5158,54.09,54.09,54.09,54.09,3,ENB
2026-03-06T13:00:00.000000000Z,34,2,16192,65.47,65.47,64.23,64.23,4,TRP
2026-03-06T14:00:00.000000000Z,34,2,16192,64.01,64.13,63.36,63.52,10443,TRP
2026-03-06T14:00:00.000000000Z,34,2,5158,54.19,54.23,53.62,53.73,41381,ENB
2026-03-06T15:00:00.000000000Z,34,2,5158,53.75,54.04,53.66,53.84,92969,ENB
2026-03-06T15:00:00.000000000Z,34,2,16192,63.55,63.83,63.51,63.61,27225,TRP
2026-03-06T16:00:00.000000000Z,34,2,16192,63.63,63.77,63.44,63.44,12010,TRP
2026-03-06T16:00:00.000000000Z,34,2,5158,53.84,53.94,53.76,53.76,36954,ENB
2026-03-06T17:00:00.000000000Z,34,2,16192,63.42,63.64,63.24,63.61,25032,TRP
2026-03-06T17:00:00.000000000Z,34,2,5158,53.75,53.97,53.66,53.88,49066,ENB
2026-03-06T18:00:00.000000000Z,34,2,16192,63.61,63.905,63.535,63.56,41158,TRP
2026-03-06T18:00:00.000000000Z,34,2,5158,53.9,54.08,53.865,53.95,67499,ENB
2026-03-06T19:00:00.000000000Z,34,2,5158,53.95,54.21,53.95,54.11,36532,ENB
2026-03-06T19:00:00.000000000Z,34,2,16192,63.55,63.81,63.54,63.66,30403,TRP
2026-03-06T20:00:00.000000000Z,34,2,16192,63.67,63.76,63.515,63.73,90905,TRP
2026-03-06T20:00:00.000000000Z,34,2,5158,54.13,54.15,53.9,54.07,173010,ENB
2026-03-09T08:00:00.000000000Z,34,2,5158,54.23,54.23,54.23,54.23,204,ENB
2026-03-09T10:00:00.000000000Z,34,2,5158,54.23,54.23,54.23,54.23,62,ENB
2026-03-09T11:00:00.000000000Z,34,2,16192,63.99,64.02,63.8,63.8,341,TRP
2026-03-09T11:00:00.000000000Z,34,2,5158,54.3,54.38,54.26,54.35,145,ENB
2026-03-09T12:00:00.000000000Z,34,2,5158,54.25,54.3,54.25,54.3,8,ENB
2026-03-09T13:00:00.000000000Z,34,2,5158,54.26,54.27,53.74,54.0,41389,ENB
2026-03-09T13:00:00.000000000Z,34,2,16192,63.71,63.83,63.33,63.56,26884,TRP
2026-03-09T14:00:00.000000000Z,34,2,16192,63.58,63.75,63.11,63.57,33945,TRP
2026-03-09T14:00:00.000000000Z,34,2,5158,54.02,54.12,53.66,54.07,85499,ENB
2026-03-09T15:00:00.000000000Z,34,2,16192,63.59,63.61,63.31,63.45,18693,TRP
2026-03-09T15:00:00.000000000Z,34,2,5158,54.07,54.185,53.93,54.155,46379,ENB
2026-03-09T16:00:00.000000000Z,34,2,5158,54.16,54.22,53.95,54.18,34040,ENB
2026-03-09T16:00:00.000000000Z,34,2,16192,63.44,63.55,63.17,63.4,24766,TRP
2026-03-09T17:00:00.000000000Z,34,2,5158,54.18,54.18,53.9,53.96,25451,ENB
2026-03-09T17:00:00.000000000Z,34,2,16192,63.41,63.42,63.1,63.22,33397,TRP
2026-03-09T18:00:00.000000000Z,34,2,16192,63.19,63.49,63.095,63.42,22171,TRP
2026-03-09T18:00:00.000000000Z,34,2,5158,53.95,54.15,53.9,54.105,21923,ENB
2026-03-09T19:00:00.000000000Z,34,2,5158,54.11,54.255,53.895,53.945,101240,ENB
2026-03-09T19:00:00.000000000Z,34,2,16192,63.42,63.6,63.25,63.4,104119,TRP
2026-03-09T20:00:00.000000000Z,34,2,5158,53.89,53.95,53.89,53.93,127,ENB
2026-03-09T20:00:00.000000000Z,34,2,16192,62.85,63.3,62.85,63.3,8,TRP
2026-03-09T21:00:00.000000000Z,34,2,5158,53.88,53.88,53.86,53.86,103,ENB
2026-03-09T23:00:00.000000000Z,34,2,5158,53.86,53.86,53.83,53.83,20,ENB
2026-03-10T09:00:00.000000000Z,34,2,5158,54.1,54.1,54.1,54.1,70,ENB
2026-03-10T13:00:00.000000000Z,34,2,5158,53.85,54.05,53.745,53.88,36346,ENB
2026-03-10T13:00:00.000000000Z,34,2,16192,63.36,63.87,63.14,63.66,17666,TRP
2026-03-10T14:00:00.000000000Z,34,2,16192,63.6,64.15,63.6,64.15,29924,TRP
2026-03-10T14:00:00.000000000Z,34,2,5158,53.88,54.12,53.835,54.12,35855,ENB
2026-03-10T15:00:00.000000000Z,34,2,16192,64.19,64.19,63.95,64.0,21500,TRP
2026-03-10T15:00:00.000000000Z,34,2,5158,54.12,54.155,54.0,54.08,33154,ENB
2026-03-10T16:00:00.000000000Z,34,2,5158,54.09,54.12,53.955,53.955,24261,ENB
2026-03-10T16:00:00.000000000Z,34,2,16192,64.01,64.12,63.87,63.9,19593,TRP
2026-03-10T17:00:00.000000000Z,34,2,5158,53.955,54.01,53.695,53.815,40075,ENB
2026-03-10T17:00:00.000000000Z,34,2,16192,63.85,63.89,63.49,63.57,24653,TRP
2026-03-10T18:00:00.000000000Z,34,2,16192,63.59,63.65,63.43,63.5,24219,TRP
2026-03-10T18:00:00.000000000Z,34,2,5158,53.81,53.855,53.7,53.78,39342,ENB
2026-03-10T19:00:00.000000000Z,34,2,5158,53.76,53.85,53.62,53.7,105122,ENB
2026-03-10T19:00:00.000000000Z,34,2,16192,63.48,63.74,63.445,63.66,81009,TRP
2026-03-10T20:00:00.000000000Z,34,2,5158,53.67,53.67,53.67,53.67,100,ENB
2026-03-11T13:00:00.000000000Z,34,2,5158,53.855,53.855,53.305,53.4,36200,ENB
2026-03-11T13:00:00.000000000Z,34,2,16192,63.425,63.53,62.995,63.23,19778,TRP
2026-03-11T14:00:00.000000000Z,34,2,5158,53.475,53.89,53.47,53.875,25350,ENB
2026-03-11T14:00:00.000000000Z,34,2,16192,63.22,63.725,63.19,63.72,28328,TRP
2026-03-11T15:00:00.000000000Z,34,2,16192,63.72,63.845,63.41,63.41,18697,TRP
2026-03-11T15:00:00.000000000Z,34,2,5158,53.87,53.98,53.7,53.74,37091,ENB
2026-03-11T16:00:00.000000000Z,34,2,5158,53.73,53.85,53.65,53.81,16242,ENB
2026-03-11T16:00:00.000000000Z,34,2,16192,63.4,63.615,63.31,63.58,10699,TRP
2026-03-11T17:00:00.000000000Z,34,2,16192,63.58,63.62,63.39,63.47,12434,TRP
2026-03-11T17:00:00.000000000Z,34,2,5158,53.81,53.86,53.66,53.725,17202,ENB
2026-03-11T18:00:00.000000000Z,34,2,5158,53.73,53.77,53.56,53.65,30066,ENB
2026-03-11T18:00:00.000000000Z,34,2,16192,63.48,63.49,63.24,63.34,10608,TRP
2026-03-11T19:00:00.000000000Z,34,2,16192,63.34,63.35,63.125,63.135,58582,TRP
2026-03-11T19:00:00.000000000Z,34,2,5158,53.655,53.67,53.55,53.64,83557,ENB
2026-03-11T20:00:00.000000000Z,34,2,5158,53.64,53.64,53.64,53.64,1,ENB
2026-03-11T21:00:00.000000000Z,34,2,5158,53.64,53.8,53.51,53.51,101,ENB
2026-03-11T23:00:00.000000000Z,34,2,16192,63.15,63.15,63.15,63.15,1,TRP
2026-03-12T11:00:00.000000000Z,34,2,5158,53.79,53.83,53.79,53.81,73,ENB
2026-03-12T13:00:00.000000000Z,34,2,16192,63.05,63.32,62.68,63.04,14286,TRP
2026-03-12T13:00:00.000000000Z,34,2,5158,53.98,54.04,53.74,54.04,15586,ENB
2026-03-12T14:00:00.000000000Z,34,2,5158,54.06,54.325,54.01,54.17,44963,ENB
2026-03-12T14:00:00.000000000Z,34,2,16192,63.09,63.39,63.0,63.25,37932,TRP
2026-03-12T15:00:00.000000000Z,34,2,5158,54.17,54.24,53.975,54.2,50116,ENB
2026-03-12T15:00:00.000000000Z,34,2,16192,63.245,63.43,63.08,63.43,7571,TRP
2026-03-12T16:00:00.000000000Z,34,2,5158,54.23,54.315,54.11,54.16,26456,ENB
2026-03-12T16:00:00.000000000Z,34,2,16192,63.47,63.64,63.31,63.42,17500,TRP
2026-03-12T17:00:00.000000000Z,34,2,16192,63.4,63.7,63.34,63.6,14034,TRP
2026-03-12T17:00:00.000000000Z,34,2,5158,54.165,54.255,54.09,54.14,25614,ENB
2026-03-12T18:00:00.000000000Z,34,2,5158,54.165,54.19,54.06,54.06,24070,ENB
2026-03-12T18:00:00.000000000Z,34,2,16192,63.6,63.75,63.51,63.58,16152,TRP
2026-03-12T19:00:00.000000000Z,34,2,5158,54.07,54.07,53.625,53.63,121067,ENB
2026-03-12T19:00:00.000000000Z,34,2,16192,63.58,63.59,63.08,63.15,71104,TRP
2026-03-12T20:00:00.000000000Z,34,2,5158,53.63,53.64,53.5,53.5,506,ENB
2026-03-12T21:00:00.000000000Z,34,2,5158,53.61,53.61,53.45,53.45,91,ENB
2026-03-13T10:00:00.000000000Z,34,2,5158,53.9,53.9,53.64,53.64,30,ENB
2026-03-13T12:00:00.000000000Z,34,2,5158,53.86,53.86,53.86,53.86,4,ENB
2026-03-13T13:00:00.000000000Z,34,2,16192,63.01,63.82,62.84,63.8,8101,TRP
2026-03-13T13:00:00.000000000Z,34,2,5158,53.57,54.22,53.57,54.185,16488,ENB
2026-03-13T14:00:00.000000000Z,34,2,5158,54.18,54.21,53.97,53.985,39376,ENB
2026-03-13T14:00:00.000000000Z,34,2,16192,63.8,63.84,63.43,63.555,20176,TRP
2026-03-13T15:00:00.000000000Z,34,2,16192,63.57,63.585,63.13,63.17,12126,TRP
2026-03-13T15:00:00.000000000Z,34,2,5158,53.99,54.0,53.75,53.76,22891,ENB
2026-03-13T16:00:00.000000000Z,34,2,16192,63.19,63.44,63.19,63.36,10843,TRP
2026-03-13T16:00:00.000000000Z,34,2,5158,53.775,53.97,53.7,53.91,32698,ENB
2026-03-13T17:00:00.000000000Z,34,2,5158,53.91,54.12,53.905,54.07,22120,ENB
2026-03-13T17:00:00.000000000Z,34,2,16192,63.37,63.84,63.35,63.78,24474,TRP
2026-03-13T18:00:00.000000000Z,34,2,5158,54.08,54.195,54.07,54.15,17385,ENB
2026-03-13T18:00:00.000000000Z,34,2,16192,63.79,63.89,63.53,63.7,18528,TRP
2026-03-13T19:00:00.000000000Z,34,2,16192,63.71,63.755,63.5,63.73,50838,TRP
2026-03-13T19:00:00.000000000Z,34,2,5158,54.16,54.2,54.0,54.1,106010,ENB
2026-03-13T21:00:00.000000000Z,34,2,5158,54.08,54.08,54.08,54.08,5,ENB
2026-03-16T10:00:00.000000000Z,34,2,5158,54.44,54.44,54.44,54.44,5,ENB
2026-03-16T11:00:00.000000000Z,34,2,5158,54.23,54.23,54.23,54.23,200,ENB
2026-03-16T12:00:00.000000000Z,34,2,5158,54.14,54.14,54.14,54.14,17,ENB
2026-03-16T13:00:00.000000000Z,34,2,5158,54.1,54.35,53.77,54.13,32324,ENB
2026-03-16T13:00:00.000000000Z,34,2,16192,63.705,63.9,63.26,63.46,11935,TRP
2026-03-16T14:00:00.000000000Z,34,2,5158,54.145,54.23,54.04,54.17,38170,ENB
2026-03-16T14:00:00.000000000Z,34,2,16192,63.48,63.57,63.34,63.47,17008,TRP
2026-03-16T15:00:00.000000000Z,34,2,16192,63.47,63.79,63.46,63.615,20270,TRP
2026-03-16T15:00:00.000000000Z,34,2,5158,54.18,54.345,54.16,54.245,38124,ENB
2026-03-16T16:00:00.000000000Z,34,2,5158,54.25,54.315,53.97,54.08,31598,ENB
2026-03-16T16:00:00.000000000Z,34,2,16192,63.6,63.72,63.38,63.56,19518,TRP
2026-03-16T17:00:00.000000000Z,34,2,5158,54.08,54.35,54.05,54.3,33498,ENB
2026-03-16T17:00:00.000000000Z,34,2,16192,63.55,63.87,63.51,63.87,16532,TRP
2026-03-16T18:00:00.000000000Z,34,2,5158,54.3,54.59,54.3,54.57,45071,ENB
2026-03-16T18:00:00.000000000Z,34,2,16192,63.88,64.18,63.88,64.17,14687,TRP
2026-03-16T19:00:00.000000000Z,34,2,5158,54.575,54.59,54.44,54.55,87991,ENB
2026-03-16T19:00:00.000000000Z,34,2,16192,64.17,64.29,63.96,64.29,44333,TRP
2026-03-16T20:00:00.000000000Z,34,2,5158,54.54,54.54,54.54,54.54,250,ENB
2026-03-16T22:00:00.000000000Z,34,2,5158,54.58,54.58,54.58,54.58,8,ENB
2026-03-16T22:00:00.000000000Z,34,2,16192,63.55,63.55,63.55,63.55,1,TRP
2026-03-17T09:00:00.000000000Z,34,2,5158,54.66,54.66,54.66,54.66,1,ENB
2026-03-17T10:00:00.000000000Z,34,2,5158,54.51,54.51,54.51,54.51,103,ENB
2026-03-17T11:00:00.000000000Z,34,2,5158,54.48,54.56,54.48,54.56,308,ENB
2026-03-17T11:00:00.000000000Z,34,2,16192,64.75,64.89,64.75,64.89,149,TRP
2026-03-17T12:00:00.000000000Z,34,2,5158,54.56,54.56,54.56,54.56,45,ENB
2026-03-17T13:00:00.000000000Z,34,2,5158,54.59,54.63,54.21,54.37,34464,ENB
2026-03-17T13:00:00.000000000Z,34,2,16192,64.4,64.51,64.05,64.28,12834,TRP
2026-03-17T14:00:00.000000000Z,34,2,5158,54.395,54.62,54.355,54.43,33360,ENB
2026-03-17T14:00:00.000000000Z,34,2,16192,64.29,64.55,64.29,64.41,21907,TRP
2026-03-17T15:00:00.000000000Z,34,2,16192,64.41,64.5,64.21,64.365,14416,TRP
2026-03-17T15:00:00.000000000Z,34,2,5158,54.42,54.58,54.395,54.55,26580,ENB
2026-03-17T16:00:00.000000000Z,34,2,5158,54.56,54.64,54.37,54.38,27212,ENB
2026-03-17T16:00:00.000000000Z,34,2,16192,64.38,64.51,64.155,64.155,10782,TRP
2026-03-17T17:00:00.000000000Z,34,2,5158,54.38,54.4,54.06,54.09,32121,ENB
2026-03-17T17:00:00.000000000Z,34,2,16192,64.14,64.17,63.84,63.84,10032,TRP
2026-03-17T18:00:00.000000000Z,34,2,5158,54.1,54.23,54.075,54.11,27555,ENB
2026-03-17T18:00:00.000000000Z,34,2,16192,63.86,64.07,63.83,63.92,15275,TRP
2026-03-17T19:00:00.000000000Z,34,2,5158,54.1,54.11,53.93,54.045,53472,ENB
2026-03-17T19:00:00.000000000Z,34,2,16192,63.92,63.97,63.82,63.92,30180,TRP
2026-03-17T21:00:00.000000000Z,34,2,5158,54.1,54.1,54.09,54.09,11,ENB
2026-03-18T09:00:00.000000000Z,34,2,5158,54.03,54.03,54.02,54.02,171,ENB
2026-03-18T10:00:00.000000000Z,34,2,5158,54.28,54.28,54.28,54.28,63,ENB
2026-03-18T11:00:00.000000000Z,34,2,5158,54.22,54.22,54.22,54.22,1,ENB
2026-03-18T12:00:00.000000000Z,34,2,5158,54.11,54.11,54.11,54.11,25,ENB
2026-03-18T12:00:00.000000000Z,34,2,16192,64.1,64.12,64.1,64.12,34,TRP
2026-03-18T13:00:00.000000000Z,34,2,16192,63.96,63.96,63.14,63.485,22569,TRP
2026-03-18T13:00:00.000000000Z,34,2,5158,53.82,53.88,53.61,53.82,20483,ENB
2026-03-18T14:00:00.000000000Z,34,2,5158,53.82,53.82,53.565,53.665,28747,ENB
2026-03-18T14:00:00.000000000Z,34,2,16192,63.46,63.72,63.295,63.65,47880,TRP
2026-03-18T15:00:00.000000000Z,34,2,16192,63.67,63.75,63.42,63.495,38661,TRP
2026-03-18T15:00:00.000000000Z,34,2,5158,53.685,53.735,53.53,53.625,19684,ENB
2026-03-18T16:00:00.000000000Z,34,2,5158,53.62,53.89,53.62,53.89,13811,ENB
2026-03-18T16:00:00.000000000Z,34,2,16192,63.5,64.01,63.5,63.97,39300,TRP
2026-03-18T17:00:00.000000000Z,34,2,5158,53.88,53.895,53.67,53.725,13519,ENB
2026-03-18T17:00:00.000000000Z,34,2,16192,63.965,63.98,63.72,63.78,27261,TRP
2026-03-18T18:00:00.000000000Z,34,2,16192,63.79,63.89,63.67,63.68,38606,TRP
2026-03-18T18:00:00.000000000Z,34,2,5158,53.73,53.77,53.63,53.68,26520,ENB
2026-03-18T19:00:00.000000000Z,34,2,16192,63.68,63.855,63.51,63.81,119118,TRP
2026-03-18T19:00:00.000000000Z,34,2,5158,53.66,53.7,53.22,53.24,186448,ENB
2026-03-18T20:00:00.000000000Z,34,2,5158,53.26,53.26,53.26,53.26,4,ENB
2026-03-18T20:00:00.000000000Z,34,2,16192,63.95,63.95,63.95,63.95,15,TRP
2026-03-18T22:00:00.000000000Z,34,2,5158,53.82,53.82,53.25,53.25,331,ENB
2026-03-19T11:00:00.000000000Z,34,2,5158,53.32,53.32,53.32,53.32,3,ENB
2026-03-19T12:00:00.000000000Z,34,2,5158,53.37,53.47,53.36,53.47,182,ENB
2026-03-19T13:00:00.000000000Z,34,2,16192,63.88,64.14,63.72,64.14,12710,TRP
2026-03-19T13:00:00.000000000Z,34,2,5158,53.36,53.75,53.21,53.75,22843,ENB
2026-03-19T14:00:00.000000000Z,34,2,5158,53.76,54.03,53.735,53.79,52136,ENB
2026-03-19T14:00:00.000000000Z,34,2,16192,64.17,64.58,64.12,64.235,27134,TRP
2026-03-19T15:00:00.000000000Z,34,2,5158,53.79,54.075,53.79,54.02,20783,ENB
2026-03-19T15:00:00.000000000Z,34,2,16192,64.24,64.78,64.24,64.52,45975,TRP
2026-03-19T16:00:00.000000000Z,34,2,16192,64.495,64.83,64.31,64.335,21213,TRP
2026-03-19T16:00:00.000000000Z,34,2,5158,54.0,54.17,53.815,53.84,25449,ENB
2026-03-19T17:00:00.000000000Z,34,2,16192,64.31,64.405,64.09,64.11,20113,TRP
2026-03-19T17:00:00.000000000Z,34,2,5158,53.835,53.98,53.75,53.955,15216,ENB
2026-03-19T18:00:00.000000000Z,34,2,5158,53.96,53.985,53.83,53.935,25066,ENB
2026-03-19T18:00:00.000000000Z,34,2,16192,64.12,64.12,63.81,64.0,36691,TRP
2026-03-19T19:00:00.000000000Z,34,2,5158,53.95,54.15,53.855,54.07,138701,ENB
2026-03-19T19:00:00.000000000Z,34,2,16192,63.99,64.23,63.88,64.2,78751,TRP
2026-03-20T09:00:00.000000000Z,34,2,16192,64.7,64.7,64.16,64.61,1173,TRP
2026-03-20T09:00:00.000000000Z,34,2,5158,54.11,54.11,54.1,54.1,100,ENB
2026-03-20T10:00:00.000000000Z,34,2,16192,64.84,64.84,64.42,64.63,121,TRP
2026-03-20T10:00:00.000000000Z,34,2,5158,54.16,54.36,54.09,54.36,456,ENB
2026-03-20T11:00:00.000000000Z,34,2,5158,54.0,54.1,54.0,54.09,310,ENB
2026-03-20T12:00:00.000000000Z,34,2,5158,54.18,54.18,54.18,54.18,15,ENB
2026-03-20T13:00:00.000000000Z,34,2,16192,64.16,64.7,64.12,64.57,24783,TRP
2026-03-20T13:00:00.000000000Z,34,2,5158,54.18,54.54,54.095,54.42,37475,ENB
2026-03-20T14:00:00.000000000Z,34,2,5158,54.42,54.43,53.62,53.81,92801,ENB
2026-03-20T14:00:00.000000000Z,34,2,16192,64.585,64.585,63.45,63.74,52908,TRP
2026-03-20T15:00:00.000000000Z,34,2,16192,63.77,64.05,63.7,63.84,49119,TRP
2026-03-20T15:00:00.000000000Z,34,2,5158,53.81,54.17,53.81,53.98,67576,ENB
2026-03-20T16:00:00.000000000Z,34,2,5158,53.985,54.1,53.92,53.96,62531,ENB
2026-03-20T16:00:00.000000000Z,34,2,16192,63.86,63.975,63.66,63.71,39472,TRP
2026-03-20T17:00:00.000000000Z,34,2,5158,53.975,54.15,53.95,54.07,30214,ENB
2026-03-20T17:00:00.000000000Z,34,2,16192,63.75,64.13,63.74,64.03,30115,TRP
2026-03-20T18:00:00.000000000Z,34,2,16192,64.05,64.06,63.71,63.77,56491,TRP
2026-03-20T18:00:00.000000000Z,34,2,5158,54.1,54.1,53.82,53.88,69944,ENB
2026-03-20T19:00:00.000000000Z,34,2,16192,63.79,63.85,63.34,63.35,96340,TRP
2026-03-20T19:00:00.000000000Z,34,2,5158,53.89,53.93,53.38,53.465,152589,ENB
2026-03-20T22:00:00.000000000Z,34,2,5158,53.51,53.84,53.51,53.8,53,ENB
2026-03-20T23:00:00.000000000Z,34,2,5158,53.75,53.75,53.75,53.75,30,ENB
2026-03-23T10:00:00.000000000Z,34,2,5158,53.65,53.65,53.52,53.55,879,ENB
2026-03-23T11:00:00.000000000Z,34,2,16192,63.0,63.0,63.0,63.0,3,TRP
2026-03-23T11:00:00.000000000Z,34,2,5158,53.56,53.73,53.5,53.5,309,ENB
2026-03-23T12:00:00.000000000Z,34,2,5158,53.27,53.46,53.27,53.4,827,ENB
2026-03-23T12:00:00.000000000Z,34,2,16192,62.7,62.7,62.54,62.54,18,TRP
2026-03-23T13:00:00.000000000Z,34,2,16192,62.5,63.11,62.4,62.75,30219,TRP
2026-03-23T13:00:00.000000000Z,34,2,5158,53.3,53.33,52.52,53.23,82187,ENB
2026-03-23T14:00:00.000000000Z,34,2,5158,53.3,53.745,53.22,53.715,70061,ENB
2026-03-23T14:00:00.000000000Z,34,2,16192,62.8,63.51,62.73,63.49,52792,TRP
2026-03-23T15:00:00.000000000Z,34,2,16192,63.5,63.51,63.1,63.115,34158,TRP
2026-03-23T15:00:00.000000000Z,34,2,5158,53.72,53.77,53.57,53.63,62227,ENB
2026-03-23T16:00:00.000000000Z,34,2,16192,63.12,63.49,63.06,63.465,47493,TRP
2026-03-23T16:00:00.000000000Z,34,2,5158,53.63,53.885,53.55,53.84,66354,ENB
2026-03-23T17:00:00.000000000Z,34,2,5158,53.86,54.07,53.825,54.07,42690,ENB
2026-03-23T17:00:00.000000000Z,34,2,16192,63.48,63.715,63.35,63.62,42722,TRP
2026-03-23T18:00:00.000000000Z,34,2,5158,54.06,54.2,54.055,54.17,44977,ENB
2026-03-23T18:00:00.000000000Z,34,2,16192,63.635,64.015,63.61,63.95,53996,TRP
2026-03-23T19:00:00.000000000Z,34,2,16192,63.96,64.07,63.66,63.92,97080,TRP
2026-03-23T19:00:00.000000000Z,34,2,5158,54.17,54.25,54.015,54.18,166501,ENB
2026-03-23T20:00:00.000000000Z,34,2,16192,63.91,64.25,63.91,64.25,201,TRP
2026-03-23T21:00:00.000000000Z,34,2,5158,54.25,54.25,54.25,54.25,10,ENB
2026-03-23T22:00:00.000000000Z,34,2,5158,54.17,54.17,54.17,54.17,6,ENB
2026-03-24T12:00:00.000000000Z,34,2,5158,54.15,54.15,54.08,54.08,115,ENB
2026-03-24T13:00:00.000000000Z,34,2,5158,54.24,54.69,53.9,54.68,33914,ENB
2026-03-24T13:00:00.000000000Z,34,2,16192,63.83,64.48,63.47,64.47,10377,TRP
2026-03-24T14:00:00.000000000Z,34,2,5158,54.695,55.09,54.695,54.89,89732,ENB
2026-03-24T14:00:00.000000000Z,34,2,16192,64.55,64.98,64.43,64.47,41597,TRP
2026-03-24T15:00:00.000000000Z,34,2,5158,54.91,55.04,54.87,54.99,34945,ENB
2026-03-24T15:00:00.000000000Z,34,2,16192,64.53,64.775,64.41,64.73,16572,TRP
2026-03-24T16:00:00.000000000Z,34,2,16192,64.72,64.84,64.56,64.58,18806,TRP
2026-03-24T16:00:00.000000000Z,34,2,5158,54.98,54.99,54.75,54.765,30730,ENB
2026-03-24T17:00:00.000000000Z,34,2,16192,64.595,64.61,64.11,64.11,16164,TRP
2026-03-24T17:00:00.000000000Z,34,2,5158,54.78,54.79,54.47,54.49,36051,ENB
2026-03-24T18:00:00.000000000Z,34,2,5158,54.5,54.53,54.31,54.425,16691,ENB
2026-03-24T18:00:00.000000000Z,34,2,16192,64.13,64.17,63.835,63.925,17534,TRP
2026-03-24T19:00:00.000000000Z,34,2,16192,63.94,64.11,63.89,64.06,62265,TRP
2026-03-24T19:00:00.000000000Z,34,2,5158,54.425,54.54,54.35,54.44,66972,ENB
2026-03-24T20:00:00.000000000Z,34,2,5158,54.49,54.49,54.3,54.3,51,ENB
2026-03-24T21:00:00.000000000Z,34,2,16192,64.09,64.09,64.09,64.09,1,TRP
2026-03-25T11:00:00.000000000Z,34,2,16192,64.0,64.0,64.0,64.0,1,TRP
2026-03-25T11:00:00.000000000Z,34,2,5158,54.37,54.37,54.26,54.26,524,ENB
2026-03-25T12:00:00.000000000Z,34,2,5158,54.28,54.28,54.28,54.28,4,ENB
2026-03-25T13:00:00.000000000Z,34,2,5158,54.4,54.52,54.16,54.36,35093,ENB
2026-03-25T13:00:00.000000000Z,34,2,16192,63.9,64.51,63.87,64.235,27902,TRP
2026-03-25T14:00:00.000000000Z,34,2,16192,64.22,64.42,63.93,63.93,42299,TRP
2026-03-25T14:00:00.000000000Z,34,2,5158,54.36,54.55,54.3,54.33,68067,ENB
2026-03-25T15:00:00.000000000Z,34,2,16192,63.945,64.295,63.945,64.07,32271,TRP
2026-03-25T15:00:00.000000000Z,34,2,5158,54.33,54.66,54.33,54.57,46680,ENB
2026-03-25T16:00:00.000000000Z,34,2,16192,64.09,64.23,63.98,64.125,18004,TRP
2026-03-25T16:00:00.000000000Z,34,2,5158,54.57,54.735,54.47,54.67,25028,ENB
2026-03-25T17:00:00.000000000Z,34,2,16192,64.12,64.24,64.01,64.13,18776,TRP
2026-03-25T17:00:00.000000000Z,34,2,5158,54.67,54.75,54.6,54.63,15706,ENB
2026-03-25T18:00:00.000000000Z,34,2,5158,54.625,54.66,54.445,54.48,26345,ENB
2026-03-25T18:00:00.000000000Z,34,2,16192,64.12,64.185,63.91,63.96,51125,TRP
2026-03-25T19:00:00.000000000Z,34,2,16192,63.94,64.205,63.89,64.08,296778,TRP
2026-03-25T19:00:00.000000000Z,34,2,5158,54.47,54.575,54.395,54.5,67243,ENB
2026-03-25T20:00:00.000000000Z,34,2,5158,54.5,54.5,54.5,54.5,40,ENB
2026-03-25T20:00:00.000000000Z,34,2,16192,64.09,64.09,64.09,64.09,104,TRP
2026-03-25T21:00:00.000000000Z,34,2,5158,54.5,54.54,54.5,54.5,103,ENB
2026-03-26T09:00:00.000000000Z,34,2,5158,54.64,54.78,54.64,54.78,269,ENB
2026-03-26T11:00:00.000000000Z,34,2,16192,64.05,64.05,64.05,64.05,48,TRP
2026-03-26T11:00:00.000000000Z,34,2,5158,54.74,54.74,54.74,54.74,25,ENB
2026-03-26T12:00:00.000000000Z,34,2,5158,54.51,54.61,54.46,54.61,373,ENB
2026-03-26T13:00:00.000000000Z,34,2,16192,64.085,64.16,63.65,63.97,15806,TRP
2026-03-26T13:00:00.000000000Z,34,2,5158,54.52,54.62,54.29,54.61,25745,ENB
2026-03-26T14:00:00.000000000Z,34,2,5158,54.615,54.855,54.49,54.55,57290,ENB
2026-03-26T14:00:00.000000000Z,34,2,16192,63.98,64.35,63.69,63.71,38178,TRP
2026-03-26T15:00:00.000000000Z,34,2,16192,63.73,63.77,63.27,63.47,21183,TRP
2026-03-26T15:00:00.000000000Z,34,2,5158,54.54,54.6,54.34,54.5,40574,ENB
2026-03-26T16:00:00.000000000Z,34,2,5158,54.505,54.76,54.47,54.76,27856,ENB
2026-03-26T16:00:00.000000000Z,34,2,16192,63.45,63.645,63.24,63.64,14025,TRP
2026-03-26T17:00:00.000000000Z,34,2,5158,54.76,54.87,54.57,54.57,53840,ENB
2026-03-26T17:00:00.000000000Z,34,2,16192,63.68,63.83,63.42,63.42,14529,TRP
2026-03-26T18:00:00.000000000Z,34,2,5158,54.57,54.615,54.495,54.56,33870,ENB
2026-03-26T18:00:00.000000000Z,34,2,16192,63.41,63.5,63.34,63.395,9654,TRP
2026-03-26T19:00:00.000000000Z,34,2,16192,63.4,63.695,63.39,63.67,74235,TRP
2026-03-26T19:00:00.000000000Z,34,2,5158,54.56,54.62,54.44,54.51,99629,ENB
2026-03-26T21:00:00.000000000Z,34,2,16192,63.5,63.5,63.5,63.5,14,TRP
2026-03-26T22:00:00.000000000Z,34,2,5158,54.37,54.37,54.37,54.37,10,ENB
2026-03-27T11:00:00.000000000Z,34,2,16192,63.9,63.9,63.9,63.9,8,TRP
2026-03-27T11:00:00.000000000Z,34,2,5158,54.5,54.58,54.45,54.5,68,ENB
2026-03-27T13:00:00.000000000Z,34,2,5158,54.7,54.9,54.46,54.835,38501,ENB
2026-03-27T13:00:00.000000000Z,34,2,16192,63.68,64.16,63.53,64.08,13030,TRP
2026-03-27T14:00:00.000000000Z,34,2,16192,64.08,64.25,63.82,64.13,57931,TRP
2026-03-27T14:00:00.000000000Z,34,2,5158,54.82,54.94,54.56,54.9,80115,ENB
2026-03-27T15:00:00.000000000Z,34,2,16192,64.13,64.31,63.87,63.96,55232,TRP
2026-03-27T15:00:00.000000000Z,34,2,5158,54.905,55.005,54.77,54.83,46007,ENB
2026-03-27T16:00:00.000000000Z,34,2,16192,63.94,63.95,63.69,63.78,35874,TRP
2026-03-27T16:00:00.000000000Z,34,2,5158,54.83,54.86,54.66,54.68,34409,ENB
2026-03-27T17:00:00.000000000Z,34,2,16192,63.78,63.79,63.4,63.49,38266,TRP
2026-03-27T17:00:00.000000000Z,34,2,5158,54.7,54.71,54.51,54.625,31262,ENB
2026-03-27T18:00:00.000000000Z,34,2,5158,54.62,54.65,54.465,54.5,21225,ENB
2026-03-27T18:00:00.000000000Z,34,2,16192,63.48,63.5,63.3,63.36,43261,TRP
2026-03-27T19:00:00.000000000Z,34,2,16192,63.35,63.49,63.23,63.46,82752,TRP
2026-03-27T19:00:00.000000000Z,34,2,5158,54.49,54.61,54.37,54.595,93528,ENB
2026-03-27T20:00:00.000000000Z,34,2,16192,63.41,63.41,63.41,63.41,1,TRP
2026-03-27T21:00:00.000000000Z,34,2,5158,54.62,54.64,54.62,54.64,112,ENB
2026-03-27T22:00:00.000000000Z,34,2,5158,54.75,54.75,54.75,54.75,15,ENB
2026-03-30T10:00:00.000000000Z,34,2,16192,64.4,64.4,64.4,64.4,20,TRP
2026-03-30T11:00:00.000000000Z,34,2,5158,54.93,54.93,54.93,54.93,99,ENB
2026-03-30T12:00:00.000000000Z,34,2,5158,54.64,54.65,54.64,54.65,399,ENB
2026-03-30T13:00:00.000000000Z,34,2,5158,54.71,54.89,54.56,54.62,45770,ENB
2026-03-30T13:00:00.000000000Z,34,2,16192,63.59,63.91,63.06,63.09,17470,TRP
2026-03-30T14:00:00.000000000Z,34,2,5158,54.61,55.33,54.59,55.33,86732,ENB
2026-03-30T14:00:00.000000000Z,34,2,16192,63.12,64.03,63.07,64.03,36267,TRP
2026-03-30T15:00:00.000000000Z,34,2,5158,55.335,55.44,55.16,55.28,73647,ENB
2026-03-30T15:00:00.000000000Z,34,2,16192,64.06,64.31,63.82,63.88,19770,TRP
2026-03-30T16:00:00.000000000Z,34,2,16192,63.88,63.98,63.41,63.44,20570,TRP
2026-03-30T16:00:00.000000000Z,34,2,5158,55.28,55.38,55.06,55.08,50701,ENB
2026-03-30T17:00:00.000000000Z,34,2,16192,63.5,63.65,63.22,63.22,18243,TRP
2026-03-30T17:00:00.000000000Z,34,2,5158,55.09,55.13,54.77,54.78,39383,ENB
2026-03-30T18:00:00.000000000Z,34,2,5158,54.77,54.815,54.44,54.48,79485,ENB
2026-03-30T18:00:00.000000000Z,34,2,16192,63.22,63.27,62.77,62.795,25149,TRP
2026-03-30T19:00:00.000000000Z,34,2,5158,54.485,54.495,54.23,54.34,105150,ENB
2026-03-30T19:00:00.000000000Z,34,2,16192,62.815,63.02,62.69,63.02,53727,TRP
2026-03-30T21:00:00.000000000Z,34,2,16192,63.0,63.0,63.0,63.0,1,TRP
2026-03-30T22:00:00.000000000Z,34,2,5158,54.44,54.44,54.44,54.44,5,ENB
2026-03-30T23:00:00.000000000Z,34,2,5158,54.37,54.37,54.37,54.37,387,ENB
2026-03-31T09:00:00.000000000Z,34,2,16192,63.88,63.88,62.49,62.58,17,TRP
2026-03-31T12:00:00.000000000Z,34,2,5158,54.48,54.48,54.48,54.48,17,ENB
2026-03-31T13:00:00.000000000Z,34,2,16192,62.49,62.68,62.31,62.5,20772,TRP
2026-03-31T13:00:00.000000000Z,34,2,5158,54.42,54.59,54.23,54.33,84163,ENB
2026-03-31T14:00:00.000000000Z,34,2,16192,62.51,62.7,62.38,62.56,51458,TRP
2026-03-31T14:00:00.000000000Z,34,2,5158,54.33,54.515,54.22,54.34,113162,ENB
2026-03-31T15:00:00.000000000Z,34,2,16192,62.575,62.67,62.37,62.42,15437,TRP
2026-03-31T15:00:00.000000000Z,34,2,5158,54.34,54.45,54.23,54.28,79526,ENB
2026-03-31T16:00:00.000000000Z,34,2,16192,62.41,62.92,62.35,62.68,27274,TRP
2026-03-31T16:00:00.000000000Z,34,2,5158,54.27,54.57,54.2,54.28,130184,ENB
2026-03-31T17:00:00.000000000Z,34,2,16192,62.69,62.715,61.69,62.03,67748,TRP
2026-03-31T17:00:00.000000000Z,34,2,5158,54.29,54.32,53.57,53.69,235529,ENB
2026-03-31T18:00:00.000000000Z,34,2,5158,53.7,53.76,53.53,53.645,103060,ENB
2026-03-31T18:00:00.000000000Z,34,2,16192,62.03,62.13,61.82,61.87,39909,TRP
2026-03-31T19:00:00.000000000Z,34,2,16192,61.87,62.625,61.74,62.59,177379,TRP
2026-03-31T19:00:00.000000000Z,34,2,5158,53.645,54.15,53.59,54.135,231505,ENB
2026-03-31T20:00:00.000000000Z,34,2,5158,54.13,54.18,54.13,54.17,446,ENB
2026-04-01T10:00:00.000000000Z,34,2,5158,54.05,54.05,54.05,54.05,7,ENB
2026-04-01T11:00:00.000000000Z,34,2,5158,54.05,54.05,54.05,54.05,1,ENB
2026-04-01T12:00:00.000000000Z,34,2,5158,54.03,54.03,54.03,54.03,204,ENB
2026-04-01T13:00:00.000000000Z,34,2,16192,62.63,62.95,62.28,62.38,25003,TRP
2026-04-01T13:00:00.000000000Z,34,2,5158,54.05,54.19,53.69,53.76,71683,ENB
2026-04-01T14:00:00.000000000Z,34,2,16192,62.41,62.42,61.65,61.88,57936,TRP
2026-04-01T14:00:00.000000000Z,34,2,5158,53.76,53.79,53.225,53.56,235756,ENB
2026-04-01T15:00:00.000000000Z,34,2,5158,53.56,53.7,53.39,53.48,79685,ENB
2026-04-01T15:00:00.000000000Z,34,2,16192,61.89,62.09,61.61,61.905,41096,TRP
2026-04-01T16:00:00.000000000Z,34,2,16192,61.92,62.16,61.82,62.025,57508,TRP
2026-04-01T16:00:00.000000000Z,34,2,5158,53.485,53.55,53.365,53.4,43667,ENB
2026-04-01T17:00:00.000000000Z,34,2,16192,62.01,62.1,61.85,61.96,20979,TRP
2026-04-01T17:00:00.000000000Z,34,2,5158,53.385,53.475,53.26,53.3,46835,ENB
2026-04-01T18:00:00.000000000Z,34,2,5158,53.305,53.405,53.21,53.365,47701,ENB
2026-04-01T18:00:00.000000000Z,34,2,16192,61.945,62.0,61.59,61.92,40620,TRP
2026-04-01T19:00:00.000000000Z,34,2,16192,61.955,62.31,61.955,62.22,90858,TRP
2026-04-01T19:00:00.000000000Z,34,2,5158,53.37,53.75,53.37,53.66,162586,ENB
2026-04-01T20:00:00.000000000Z,34,2,5158,53.67,53.68,53.66,53.68,1967,ENB
2026-04-01T22:00:00.000000000Z,34,2,5158,53.68,53.68,53.68,53.68,1,ENB
2026-04-01T23:00:00.000000000Z,34,2,5158,53.68,53.68,53.66,53.66,76,ENB
2026-04-02T09:00:00.000000000Z,34,2,5158,54.56,54.56,54.09,54.09,36,ENB
2026-04-02T10:00:00.000000000Z,34,2,5158,54.3,54.3,54.3,54.3,700,ENB
2026-04-02T11:00:00.000000000Z,34,2,5158,53.86,54.16,53.8,54.16,280,ENB
2026-04-02T12:00:00.000000000Z,34,2,5158,54.16,54.25,53.94,53.95,21,ENB
2026-04-02T13:00:00.000000000Z,34,2,5158,54.03,54.37,53.91,54.35,78147,ENB
2026-04-02T13:00:00.000000000Z,34,2,16192,62.64,63.15,62.33,63.11,13267,TRP
2026-04-02T14:00:00.000000000Z,34,2,5158,54.36,54.47,53.74,54.13,184125,ENB
2026-04-02T14:00:00.000000000Z,34,2,16192,63.13,63.31,62.525,62.95,44876,TRP
2026-04-02T15:00:00.000000000Z,34,2,5158,54.13,54.255,54.075,54.11,79912,ENB
2026-04-02T15:00:00.000000000Z,34,2,16192,62.98,63.26,62.97,63.11,17505,TRP
2026-04-02T16:00:00.000000000Z,34,2,5158,54.1,54.18,54.015,54.15,44305,ENB
2026-04-02T16:00:00.000000000Z,34,2,16192,63.07,63.25,62.96,63.22,10618,TRP
2026-04-02T17:00:00.000000000Z,34,2,16192,63.2,63.39,63.135,63.22,11054,TRP
2026-04-02T17:00:00.000000000Z,34,2,5158,54.145,54.29,54.13,54.19,35861,ENB
2026-04-02T18:00:00.000000000Z,34,2,16192,63.215,63.25,63.11,63.16,15744,TRP
2026-04-02T18:00:00.000000000Z,34,2,5158,54.19,54.215,54.11,54.13,24012,ENB
2026-04-02T19:00:00.000000000Z,34,2,16192,63.155,63.36,63.02,63.34,82114,TRP
2026-04-02T19:00:00.000000000Z,34,2,5158,54.14,54.285,53.985,54.16,166636,ENB
2026-04-02T20:00:00.000000000Z,34,2,5158,54.16,54.16,54.16,54.16,100,ENB
2026-04-02T20:00:00.000000000Z,34,2,16192,63.34,63.34,63.34,63.34,192,TRP
2026-04-06T08:00:00.000000000Z,34,2,5158,54.0,54.0,54.0,54.0,1000,ENB
2026-04-06T09:00:00.000000000Z,34,2,5158,53.78,53.78,53.78,53.78,6,ENB
2026-04-06T10:00:00.000000000Z,34,2,5158,53.78,53.78,53.78,53.78,23,ENB
2026-04-06T11:00:00.000000000Z,34,2,5158,54.16,54.16,53.99,53.99,314,ENB
2026-04-06T12:00:00.000000000Z,34,2,5158,53.99,54.0,53.82,53.99,797,ENB
2026-04-06T13:00:00.000000000Z,34,2,16192,63.26,63.44,63.1,63.3,7136,TRP
2026-04-06T13:00:00.000000000Z,34,2,5158,53.99,54.32,53.92,54.2,58488,ENB
2026-04-06T14:00:00.000000000Z,34,2,5158,54.18,54.25,53.95,53.99,73568,ENB
2026-04-06T14:00:00.000000000Z,34,2,16192,63.28,63.34,62.81,63.01,27787,TRP
2026-04-06T15:00:00.000000000Z,34,2,16192,63.01,63.02,62.58,62.74,20533,TRP
2026-04-06T15:00:00.000000000Z,34,2,5158,54.0,54.05,53.825,53.88,48197,ENB
2026-04-06T16:00:00.000000000Z,34,2,16192,62.735,62.75,62.6,62.67,16731,TRP
2026-04-06T16:00:00.000000000Z,34,2,5158,53.88,53.88,53.74,53.87,39036,ENB
2026-04-06T17:00:00.000000000Z,34,2,16192,62.67,62.7,62.57,62.64,13816,TRP
2026-04-06T17:00:00.000000000Z,34,2,5158,53.88,53.975,53.805,53.82,43006,ENB
2026-04-06T18:00:00.000000000Z,34,2,5158,53.81,53.82,53.735,53.775,29447,ENB
2026-04-06T18:00:00.000000000Z,34,2,16192,62.63,62.73,62.59,62.73,21148,TRP
2026-04-06T19:00:00.000000000Z,34,2,16192,62.73,62.84,62.62,62.65,130945,TRP
2026-04-06T19:00:00.000000000Z,34,2,5158,53.78,53.855,53.71,53.74,51662,ENB
2026-04-06T20:00:00.000000000Z,34,2,5158,53.71,53.71,53.71,53.71,152,ENB
2026-04-06T21:00:00.000000000Z,34,2,5158,53.9,53.9,53.9,53.9,200,ENB
2026-04-06T22:00:00.000000000Z,34,2,5158,53.94,53.94,53.85,53.85,501,ENB
2026-04-07T10:00:00.000000000Z,34,2,5158,54.19,54.21,54.19,54.21,83,ENB
2026-04-07T11:00:00.000000000Z,34,2,5158,54.11,54.11,54.11,54.11,1,ENB
2026-04-07T13:00:00.000000000Z,34,2,16192,62.91,63.22,62.705,63.16,13398,TRP
2026-04-07T13:00:00.000000000Z,34,2,5158,53.825,54.14,53.81,54.13,42899,ENB
2026-04-07T14:00:00.000000000Z,34,2,5158,54.13,54.635,54.11,54.575,68265,ENB
2026-04-07T14:00:00.000000000Z,34,2,16192,63.18,63.69,63.1,63.63,15912,TRP
2026-04-07T15:00:00.000000000Z,34,2,16192,63.59,63.71,63.48,63.53,17108,TRP
2026-04-07T15:00:00.000000000Z,34,2,5158,54.55,54.61,54.42,54.49,42995,ENB
2026-04-07T16:00:00.000000000Z,34,2,5158,54.49,54.595,54.345,54.38,48778,ENB
2026-04-07T16:00:00.000000000Z,34,2,16192,63.525,63.68,63.31,63.33,12068,TRP
2026-04-07T17:00:00.000000000Z,34,2,16192,63.33,63.55,63.28,63.33,6961,TRP
2026-04-07T17:00:00.000000000Z,34,2,5158,54.39,54.51,54.21,54.275,38426,ENB
2026-04-07T18:00:00.000000000Z,34,2,5158,54.28,54.285,54.14,54.24,22682,ENB
2026-04-07T18:00:00.000000000Z,34,2,16192,63.33,63.33,63.05,63.09,14611,TRP
2026-04-07T19:00:00.000000000Z,34,2,5158,54.23,54.445,54.125,54.39,244821,ENB
2026-04-07T19:00:00.000000000Z,34,2,16192,63.08,63.45,62.94,63.44,55662,TRP
2026-04-07T20:00:00.000000000Z,34,2,5158,54.5,54.5,54.5,54.5,5,ENB
2026-04-07T22:00:00.000000000Z,34,2,5158,54.23,54.24,54.06,54.06,363,ENB
2026-04-07T23:00:00.000000000Z,34,2,5158,54.1,54.18,54.06,54.18,93,ENB
2026-04-08T08:00:00.000000000Z,34,2,5158,54.19,54.19,54.0,54.03,21,ENB
2026-04-08T09:00:00.000000000Z,34,2,5158,54.19,54.19,54.19,54.19,32,ENB
2026-04-08T10:00:00.000000000Z,34,2,5158,54.13,54.23,54.13,54.2,33,ENB
2026-04-08T11:00:00.000000000Z,34,2,5158,54.12,54.14,53.89,53.89,552,ENB
2026-04-08T12:00:00.000000000Z,34,2,5158,53.83,53.89,53.71,53.71,1876,ENB
2026-04-08T13:00:00.000000000Z,34,2,16192,62.22,63.49,62.13,63.0,83152,TRP
2026-04-08T13:00:00.000000000Z,34,2,5158,53.7,53.7,52.86,53.68,210978,ENB
2026-04-08T14:00:00.000000000Z,34,2,5158,53.685,53.99,53.57,53.99,168360,ENB
2026-04-08T14:00:00.000000000Z,34,2,16192,63.02,63.32,62.79,63.32,60863,TRP
2026-04-08T15:00:00.000000000Z,34,2,16192,63.32,63.595,63.22,63.48,45425,TRP
2026-04-08T15:00:00.000000000Z,34,2,5158,53.98,54.08,53.84,54.015,60680,ENB
2026-04-08T16:00:00.000000000Z,34,2,5158,54.01,54.04,53.63,53.88,71222,ENB
2026-04-08T16:00:00.000000000Z,34,2,16192,63.48,63.52,62.84,63.12,52263,TRP
2026-04-08T17:00:00.000000000Z,34,2,5158,53.89,54.07,53.89,54.0,42947,ENB
2026-04-08T17:00:00.000000000Z,34,2,16192,63.13,63.45,63.13,63.38,22479,TRP
2026-04-08T18:00:00.000000000Z,34,2,16192,63.34,63.71,63.34,63.64,31377,TRP
2026-04-08T18:00:00.000000000Z,34,2,5158,53.995,54.32,53.99,54.3,39402,ENB
2026-04-08T19:00:00.000000000Z,34,2,5158,54.3,54.53,54.235,54.5,95566,ENB
2026-04-08T19:00:00.000000000Z,34,2,16192,63.635,64.06,63.56,63.92,55167,TRP
2026-04-08T22:00:00.000000000Z,34,2,5158,54.29,54.4,54.22,54.4,22,ENB
2026-04-08T23:00:00.000000000Z,34,2,5158,54.21,54.21,54.21,54.21,21,ENB
2026-04-09T09:00:00.000000000Z,34,2,5158,54.49,54.49,54.49,54.49,2,ENB
2026-04-09T11:00:00.000000000Z,34,2,5158,54.47,54.48,54.47,54.48,51,ENB
2026-04-09T12:00:00.000000000Z,34,2,5158,54.48,54.48,54.4,54.4,610,ENB
2026-04-09T13:00:00.000000000Z,34,2,16192,64.06,65.29,64.005,65.18,22206,TRP
2026-04-09T13:00:00.000000000Z,34,2,5158,54.49,55.3,54.47,55.27,82744,ENB
2026-04-09T14:00:00.000000000Z,34,2,16192,65.17,65.24,64.94,65.03,19253,TRP
2026-04-09T14:00:00.000000000Z,34,2,5158,55.25,55.27,55.035,55.11,59657,ENB
2026-04-09T15:00:00.000000000Z,34,2,16192,65.04,65.04,64.45,64.47,29455,TRP
2026-04-09T15:00:00.000000000Z,34,2,5158,55.115,55.13,54.8,54.8,82870,ENB
2026-04-09T16:00:00.000000000Z,34,2,5158,54.77,54.86,54.63,54.73,59163,ENB
2026-04-09T16:00:00.000000000Z,34,2,16192,64.46,64.58,64.24,64.44,25374,TRP
2026-04-09T17:00:00.000000000Z,34,2,16192,64.44,64.575,64.18,64.38,30992,TRP
2026-04-09T17:00:00.000000000Z,34,2,5158,54.73,54.75,54.5,54.625,47713,ENB
2026-04-09T18:00:00.000000000Z,34,2,5158,54.63,54.65,54.405,54.52,64609,ENB
2026-04-09T18:00:00.000000000Z,34,2,16192,64.37,64.38,64.13,64.32,21645,TRP
2026-04-09T19:00:00.000000000Z,34,2,5158,54.51,54.65,54.465,54.505,84134,ENB
2026-04-09T19:00:00.000000000Z,34,2,16192,64.32,64.45,64.185,64.185,67437,TRP
2026-04-09T20:00:00.000000000Z,34,2,5158,54.5,54.5,54.5,54.5,5,ENB
2026-04-09T22:00:00.000000000Z,34,2,5158,54.49,54.49,54.4,54.4,71,ENB
2026-04-09T23:00:00.000000000Z,34,2,5158,54.49,54.49,54.49,54.49,92,ENB
2026-04-10T12:00:00.000000000Z,34,2,5158,54.76,54.76,54.76,54.76,2,ENB
2026-04-10T13:00:00.000000000Z,34,2,5158,54.56,54.93,54.485,54.9,32898,ENB
2026-04-10T13:00:00.000000000Z,34,2,16192,64.07,64.49,64.07,64.42,40913,TRP
2026-04-10T14:00:00.000000000Z,34,2,5158,54.9,54.9,54.56,54.69,43906,ENB
2026-04-10T14:00:00.000000000Z,34,2,16192,64.42,64.42,64.09,64.315,25889,TRP
2026-04-10T15:00:00.000000000Z,34,2,16192,64.33,64.59,64.27,64.495,27853,TRP
2026-04-10T15:00:00.000000000Z,34,2,5158,54.69,54.885,54.66,54.84,31473,ENB
2026-04-10T16:00:00.000000000Z,34,2,5158,54.83,54.855,54.72,54.8,23213,ENB
2026-04-10T16:00:00.000000000Z,34,2,16192,64.5,64.54,64.3,64.37,12153,TRP
2026-04-10T17:00:00.000000000Z,34,2,16192,64.37,64.43,64.33,64.38,7054,TRP
2026-04-10T17:00:00.000000000Z,34,2,5158,54.8,54.83,54.685,54.71,24316,ENB
2026-04-10T18:00:00.000000000Z,34,2,5158,54.71,54.725,54.54,54.565,30778,ENB
2026-04-10T18:00:00.000000000Z,34,2,16192,64.35,64.38,64.015,64.03,20938,TRP
2026-04-10T19:00:00.000000000Z,34,2,16192,64.03,64.15,63.85,63.87,78934,TRP
2026-04-10T19:00:00.000000000Z,34,2,5158,54.57,54.6,54.325,54.33,105153,ENB
2026-04-10T20:00:00.000000000Z,34,2,5158,54.34,54.34,54.34,54.34,10,ENB
2026-04-13T09:00:00.000000000Z,34,2,5158,54.89,54.89,54.54,54.54,344,ENB
2026-04-13T10:00:00.000000000Z,34,2,5158,54.87,54.91,54.87,54.91,19,ENB
2026-04-13T11:00:00.000000000Z,34,2,5158,54.67,54.67,54.63,54.63,120,ENB
2026-04-13T12:00:00.000000000Z,34,2,5158,54.62,54.66,54.54,54.54,162,ENB
2026-04-13T13:00:00.000000000Z,34,2,16192,63.97,64.08,63.84,63.86,1884,TRP
2026-04-13T13:00:00.000000000Z,34,2,5158,54.51,54.64,54.34,54.37,49101,ENB
2026-04-13T14:00:00.000000000Z,34,2,16192,63.82,64.22,63.7,64.12,8341,TRP
2026-04-13T14:00:00.000000000Z,34,2,5158,54.37,54.555,54.19,54.47,36689,ENB
2026-04-13T15:00:00.000000000Z,34,2,16192,64.1,64.255,63.48,63.62,13564,TRP
2026-04-13T15:00:00.000000000Z,34,2,5158,54.46,54.61,54.105,54.18,38434,ENB
2026-04-13T16:00:00.000000000Z,34,2,5158,54.18,54.19,53.88,53.92,44180,ENB
2026-04-13T16:00:00.000000000Z,34,2,16192,63.63,63.63,63.14,63.23,11651,TRP
2026-04-13T17:00:00.000000000Z,34,2,5158,53.92,54.01,53.77,53.79,33948,ENB
2026-04-13T17:00:00.000000000Z,34,2,16192,63.22,63.35,62.9,62.92,8234,TRP
2026-04-13T18:00:00.000000000Z,34,2,16192,62.95,62.96,62.76,62.76,13437,TRP
2026-04-13T18:00:00.000000000Z,34,2,5158,53.8,53.81,53.59,53.66,25838,ENB
2026-04-13T19:00:00.000000000Z,34,2,16192,62.77,62.82,62.41,62.48,73459,TRP
2026-04-13T19:00:00.000000000Z,34,2,5158,53.67,53.69,53.435,53.475,145138,ENB
2026-04-13T22:00:00.000000000Z,34,2,5158,53.66,53.7,53.64,53.64,302,ENB
2026-04-13T23:00:00.000000000Z,34,2,5158,53.59,53.59,53.51,53.51,86,ENB
2026-04-14T10:00:00.000000000Z,34,2,5158,53.5,53.5,53.5,53.5,32,ENB
2026-04-14T11:00:00.000000000Z,34,2,5158,53.5,53.5,53.5,53.5,58,ENB
2026-04-14T12:00:00.000000000Z,34,2,5158,53.47,53.59,53.47,53.59,103,ENB
2026-04-14T13:00:00.000000000Z,34,2,5158,53.49,53.55,52.88,53.26,100225,ENB
2026-04-14T13:00:00.000000000Z,34,2,16192,62.54,62.55,61.51,61.81,34897,TRP
2026-04-14T14:00:00.000000000Z,34,2,5158,53.27,53.27,52.87,52.875,64484,ENB
2026-04-14T14:00:00.000000000Z,34,2,16192,61.85,61.87,61.41,61.41,41319,TRP
2026-04-14T15:00:00.000000000Z,34,2,5158,52.88,53.01,52.835,52.86,44513,ENB
2026-04-14T15:00:00.000000000Z,34,2,16192,61.4,61.68,61.36,61.45,13407,TRP
2026-04-14T16:00:00.000000000Z,34,2,16192,61.44,61.535,61.37,61.4,11033,TRP
2026-04-14T16:00:00.000000000Z,34,2,5158,52.87,52.96,52.8,52.84,31972,ENB
2026-04-14T17:00:00.000000000Z,34,2,16192,61.4,61.51,61.34,61.34,9773,TRP
2026-04-14T17:00:00.000000000Z,34,2,5158,52.835,52.93,52.78,52.79,18220,ENB
2026-04-14T18:00:00.000000000Z,34,2,5158,52.79,52.97,52.78,52.93,22538,ENB
2026-04-14T18:00:00.000000000Z,34,2,16192,61.35,61.55,61.32,61.34,18366,TRP
2026-04-14T19:00:00.000000000Z,34,2,5158,52.93,53.03,52.83,52.99,74950,ENB
2026-04-14T19:00:00.000000000Z,34,2,16192,61.33,61.54,61.31,61.505,42261,TRP
2026-04-14T20:00:00.000000000Z,34,2,5158,53.05,53.05,53.05,53.05,2,ENB
2026-04-14T21:00:00.000000000Z,34,2,5158,53.09,53.09,53.09,53.09,10,ENB
2026-04-14T22:00:00.000000000Z,34,2,5158,52.97,52.97,52.97,52.97,1,ENB
2026-04-14T23:00:00.000000000Z,34,2,5158,52.97,52.97,52.96,52.96,4,ENB
2026-04-15T08:00:00.000000000Z,34,2,5158,53.18,53.18,53.0,53.0,76,ENB
2026-04-15T09:00:00.000000000Z,34,2,5158,53.0,53.0,53.0,53.0,1,ENB
2026-04-15T10:00:00.000000000Z,34,2,5158,52.86,52.86,52.86,52.86,273,ENB
2026-04-15T11:00:00.000000000Z,34,2,16192,61.56,61.56,61.56,61.56,48,TRP
2026-04-15T12:00:00.000000000Z,34,2,5158,53.16,53.16,53.1,53.1,135,ENB
2026-04-15T12:00:00.000000000Z,34,2,16192,61.56,61.56,61.56,61.56,13,TRP
2026-04-15T13:00:00.000000000Z,34,2,16192,61.56,62.15,61.23,61.53,23747,TRP
2026-04-15T13:00:00.000000000Z,34,2,5158,53.0,53.145,52.82,53.14,75060,ENB
2026-04-15T14:00:00.000000000Z,34,2,5158,53.15,53.19,52.95,53.08,68298,ENB
2026-04-15T14:00:00.000000000Z,34,2,16192,61.54,61.58,61.33,61.38,20011,TRP
2026-04-15T15:00:00.000000000Z,34,2,16192,61.38,61.45,61.11,61.12,8516,TRP
2026-04-15T15:00:00.000000000Z,34,2,5158,53.095,53.19,52.79,52.81,55931,ENB
2026-04-15T16:00:00.000000000Z,34,2,16192,61.12,61.32,61.05,61.3,13221,TRP
2026-04-15T16:00:00.000000000Z,34,2,5158,52.815,52.955,52.685,52.94,31133,ENB
2026-04-15T17:00:00.000000000Z,34,2,16192,61.31,61.32,61.09,61.2,9198,TRP
2026-04-15T17:00:00.000000000Z,34,2,5158,52.94,52.985,52.815,52.9,34929,ENB
2026-04-15T18:00:00.000000000Z,34,2,5158,52.89,52.895,52.735,52.775,32512,ENB
2026-04-15T18:00:00.000000000Z,34,2,16192,61.2,61.2,60.955,61.04,19787,TRP
2026-04-15T19:00:00.000000000Z,34,2,16192,61.04,61.05,60.89,60.9,61397,TRP
2026-04-15T19:00:00.000000000Z,34,2,5158,52.77,52.77,52.575,52.61,285263,ENB
2026-04-15T20:00:00.000000000Z,34,2,5158,52.67,52.67,52.67,52.67,11,ENB
2026-04-15T23:00:00.000000000Z,34,2,5158,52.68,52.75,52.68,52.75,8,ENB
2026-04-16T08:00:00.000000000Z,34,2,5158,52.9,52.9,52.87,52.87,288,ENB
2026-04-16T09:00:00.000000000Z,34,2,5158,52.82,53.08,52.81,52.81,54,ENB
2026-04-16T10:00:00.000000000Z,34,2,5158,52.9,52.91,52.9,52.91,16,ENB
2026-04-16T11:00:00.000000000Z,34,2,16192,60.76,60.76,60.76,60.76,10,TRP
2026-04-16T12:00:00.000000000Z,34,2,5158,52.77,52.8,52.77,52.78,1300,ENB
2026-04-16T13:00:00.000000000Z,34,2,5158,52.66,53.11,52.62,53.095,77620,ENB
2026-04-16T13:00:00.000000000Z,34,2,16192,60.815,61.32,60.715,61.29,12971,TRP
2026-04-16T14:00:00.000000000Z,34,2,16192,61.29,61.29,60.44,60.495,12427,TRP
2026-04-16T14:00:00.000000000Z,34,2,5158,53.08,53.11,52.45,52.505,87606,ENB
2026-04-16T15:00:00.000000000Z,34,2,16192,60.48,60.48,60.08,60.23,44242,TRP
2026-04-16T15:00:00.000000000Z,34,2,5158,52.5,52.51,52.185,52.275,94773,ENB
2026-04-16T16:00:00.000000000Z,34,2,5158,52.28,52.33,52.205,52.27,59667,ENB
2026-04-16T16:00:00.000000000Z,34,2,16192,60.25,60.32,60.14,60.19,22780,TRP
2026-04-16T17:00:00.000000000Z,34,2,16192,60.18,60.29,60.1,60.11,23634,TRP
2026-04-16T17:00:00.000000000Z,34,2,5158,52.26,52.34,52.225,52.295,55678,ENB
2026-04-16T18:00:00.000000000Z,34,2,16192,60.12,60.28,60.115,60.2,44487,TRP
2026-04-16T18:00:00.000000000Z,34,2,5158,52.295,52.39,52.275,52.35,61453,ENB
2026-04-16T19:00:00.000000000Z,34,2,16192,60.2,60.45,60.19,60.38,56958,TRP
2026-04-16T19:00:00.000000000Z,34,2,5158,52.355,52.565,52.33,52.565,106694,ENB
2026-04-16T20:00:00.000000000Z,34,2,16192,60.38,60.39,60.38,60.39,340,TRP
2026-04-16T21:00:00.000000000Z,34,2,5158,52.6,52.6,52.6,52.6,10,ENB
2026-04-17T13:00:00.000000000Z,34,2,16192,60.08,60.08,59.32,59.7,12249,TRP
2026-04-17T13:00:00.000000000Z,34,2,5158,52.46,52.49,51.83,52.06,138985,ENB
2026-04-17T14:00:00.000000000Z,34,2,5158,52.08,52.08,51.72,51.88,127598,ENB
2026-04-17T14:00:00.000000000Z,34,2,16192,59.7,59.7,59.38,59.57,27598,TRP
2026-04-17T15:00:00.000000000Z,34,2,16192,59.575,59.68,59.48,59.64,16280,TRP
2026-04-17T15:00:00.000000000Z,34,2,5158,51.88,51.93,51.74,51.895,69831,ENB
2026-04-17T16:00:00.000000000Z,34,2,16192,59.68,59.91,59.645,59.875,26460,TRP
2026-04-17T16:00:00.000000000Z,34,2,5158,51.89,52.08,51.86,52.04,58809,ENB
2026-04-17T17:00:00.000000000Z,34,2,5158,52.04,52.39,52.005,52.365,79786,ENB
2026-04-17T17:00:00.000000000Z,34,2,16192,59.86,60.425,59.78,60.4,36303,TRP
2026-04-17T18:00:00.000000000Z,34,2,5158,52.36,52.57,52.325,52.54,93110,ENB
2026-04-17T18:00:00.000000000Z,34,2,16192,60.41,60.59,60.37,60.5,36024,TRP
2026-04-17T19:00:00.000000000Z,34,2,5158,52.55,52.765,52.55,52.675,168503,ENB
2026-04-17T19:00:00.000000000Z,34,2,16192,60.495,60.77,60.495,60.61,104605,TRP
2026-04-17T21:00:00.000000000Z,34,2,5158,52.79,52.79,52.78,52.78,508,ENB
2026-04-17T22:00:00.000000000Z,34,2,5158,52.75,52.75,52.75,52.75,1,ENB
2026-04-20T08:00:00.000000000Z,34,2,5158,52.32,52.32,52.32,52.32,42,ENB
2026-04-20T11:00:00.000000000Z,34,2,16192,61.0,61.0,61.0,61.0,1,TRP
2026-04-20T11:00:00.000000000Z,34,2,5158,52.88,52.89,52.88,52.88,128,ENB
2026-04-20T12:00:00.000000000Z,34,2,5158,52.84,52.84,52.84,52.84,1,ENB
2026-04-20T13:00:00.000000000Z,34,2,16192,61.72,61.72,60.76,61.3,33836,TRP
2026-04-20T13:00:00.000000000Z,34,2,5158,52.8,52.9,52.49,52.79,76399,ENB
2026-04-20T14:00:00.000000000Z,34,2,16192,61.33,61.75,61.24,61.75,51941,TRP
2026-04-20T14:00:00.000000000Z,34,2,5158,52.79,52.93,52.69,52.93,74710,ENB
2026-04-20T15:00:00.000000000Z,34,2,5158,52.91,52.95,52.755,52.87,61221,ENB
2026-04-20T15:00:00.000000000Z,34,2,16192,61.75,61.88,61.56,61.855,40596,TRP
2026-04-20T16:00:00.000000000Z,34,2,5158,52.86,52.93,52.83,52.89,42411,ENB
2026-04-20T16:00:00.000000000Z,34,2,16192,61.85,61.92,61.77,61.77,40946,TRP
2026-04-20T17:00:00.000000000Z,34,2,5158,52.885,52.94,52.8,52.83,36948,ENB
2026-04-20T17:00:00.000000000Z,34,2,16192,61.77,61.81,61.58,61.61,37424,TRP
2026-04-20T18:00:00.000000000Z,34,2,5158,52.835,52.84,52.555,52.59,51664,ENB
2026-04-20T18:00:00.000000000Z,34,2,16192,61.6,61.61,61.17,61.21,29360,TRP
2026-04-20T19:00:00.000000000Z,34,2,5158,52.59,52.59,52.23,52.26,163079,ENB
2026-04-20T19:00:00.000000000Z,34,2,16192,61.2,61.2,60.77,60.81,54179,TRP
2026-04-20T20:00:00.000000000Z,34,2,5158,52.43,52.43,52.26,52.26,11,ENB
2026-04-20T22:00:00.000000000Z,34,2,5158,52.25,52.25,52.25,52.25,2,ENB
2026-04-21T09:00:00.000000000Z,34,2,5158,52.4,52.4,52.4,52.4,35,ENB
2026-04-21T11:00:00.000000000Z,34,2,5158,52.39,52.39,52.29,52.39,195,ENB
2026-04-21T12:00:00.000000000Z,34,2,5158,52.39,52.39,52.18,52.22,567,ENB
2026-04-21T13:00:00.000000000Z,34,2,16192,60.965,61.3,60.74,60.79,13256,TRP
2026-04-21T13:00:00.000000000Z,34,2,5158,52.18,52.63,52.18,52.26,49831,ENB
2026-04-21T14:00:00.000000000Z,34,2,5158,52.26,52.26,51.86,52.09,52816,ENB
2026-04-21T14:00:00.000000000Z,34,2,16192,60.78,60.78,59.94,60.005,49723,TRP
2026-04-21T15:00:00.000000000Z,34,2,5158,52.08,52.185,51.94,52.07,44577,ENB
2026-04-21T15:00:00.000000000Z,34,2,16192,59.99,60.2,59.92,59.99,20805,TRP
2026-04-21T16:00:00.000000000Z,34,2,5158,52.06,52.17,52.05,52.1,34023,ENB
2026-04-21T16:00:00.000000000Z,34,2,16192,59.99,60.09,59.9,60.03,24716,TRP
2026-04-21T17:00:00.000000000Z,34,2,16192,60.03,60.26,59.92,60.09,35026,TRP
2026-04-21T17:00:00.000000000Z,34,2,5158,52.1,52.2,52.005,52.05,63588,ENB
2026-04-21T18:00:00.000000000Z,34,2,5158,52.04,52.065,51.93,51.96,54615,ENB
2026-04-21T18:00:00.000000000Z,34,2,16192,60.09,60.22,60.04,60.13,29370,TRP
2026-04-21T19:00:00.000000000Z,34,2,5158,51.965,52.035,51.845,51.86,165480,ENB
2026-04-21T19:00:00.000000000Z,34,2,16192,60.135,60.245,60.05,60.06,79169,TRP
2026-04-21T22:00:00.000000000Z,34,2,5158,52.07,52.1,52.07,52.1,100,ENB
2026-04-22T12:00:00.000000000Z,34,2,16192,60.15,60.2,60.15,60.2,7,TRP
2026-04-22T13:00:00.000000000Z,34,2,16192,60.49,60.72,60.415,60.61,7916,TRP
2026-04-22T13:00:00.000000000Z,34,2,5158,52.15,52.33,52.07,52.18,31976,ENB
2026-04-22T14:00:00.000000000Z,34,2,5158,52.19,52.205,51.725,51.89,142680,ENB
2026-04-22T14:00:00.000000000Z,34,2,16192,60.61,60.63,60.26,60.31,16954,TRP
2026-04-22T15:00:00.000000000Z,34,2,16192,60.32,60.39,60.12,60.19,19782,TRP
2026-04-22T15:00:00.000000000Z,34,2,5158,51.9,51.97,51.865,51.95,30823,ENB
2026-04-22T16:00:00.000000000Z,34,2,5158,51.95,51.97,51.77,51.805,27994,ENB
2026-04-22T16:00:00.000000000Z,34,2,16192,60.19,60.22,59.925,59.95,15294,TRP
2026-04-22T17:00:00.000000000Z,34,2,5158,51.81,51.825,51.625,51.63,41926,ENB
2026-04-22T17:00:00.000000000Z,34,2,16192,59.94,59.985,59.67,59.69,11834,TRP
2026-04-22T18:00:00.000000000Z,34,2,5158,51.62,51.78,51.615,51.725,49330,ENB
2026-04-22T18:00:00.000000000Z,34,2,16192,59.68,59.88,59.665,59.85,26647,TRP
2026-04-22T19:00:00.000000000Z,34,2,16192,59.85,60.075,59.82,60.05,42545,TRP
2026-04-22T19:00:00.000000000Z,34,2,5158,51.72,51.845,51.705,51.82,120715,ENB
2026-04-22T20:00:00.000000000Z,34,2,5158,51.75,51.75,51.75,51.75,95,ENB
2026-04-22T21:00:00.000000000Z,34,2,5158,51.9,51.9,51.9,51.9,11,ENB
2026-04-23T10:00:00.000000000Z,34,2,5158,52.04,52.04,51.61,51.97,662,ENB
2026-04-23T11:00:00.000000000Z,34,2,5158,52.0,52.0,52.0,52.0,1,ENB
2026-04-23T12:00:00.000000000Z,34,2,5158,51.83,51.83,51.77,51.77,138,ENB
2026-04-23T12:00:00.000000000Z,34,2,16192,60.74,60.87,60.74,60.87,33,TRP
2026-04-23T13:00:00.000000000Z,34,2,16192,60.44,61.08,60.44,60.985,21388,TRP
2026-04-23T13:00:00.000000000Z,34,2,5158,51.78,52.47,51.78,52.43,61346,ENB
2026-04-23T14:00:00.000000000Z,34,2,16192,61.0,61.14,60.89,60.95,64483,TRP
2026-04-23T14:00:00.000000000Z,34,2,5158,52.44,52.48,52.26,52.29,64244,ENB
2026-04-23T15:00:00.000000000Z,34,2,16192,60.95,60.95,60.65,60.88,43374,TRP
2026-04-23T15:00:00.000000000Z,34,2,5158,52.29,52.35,52.1,52.34,29192,ENB
2026-04-23T16:00:00.000000000Z,34,2,16192,60.885,60.89,60.75,60.8,37914,TRP
2026-04-23T16:00:00.000000000Z,34,2,5158,52.31,52.36,52.26,52.31,36874,ENB
2026-04-23T17:00:00.000000000Z,34,2,16192,60.8,60.87,60.72,60.77,30613,TRP
2026-04-23T17:00:00.000000000Z,34,2,5158,52.31,52.42,52.29,52.415,90231,ENB
2026-04-23T18:00:00.000000000Z,34,2,5158,52.42,52.595,52.39,52.52,24789,ENB
2026-04-23T18:00:00.000000000Z,34,2,16192,60.8,60.91,60.76,60.865,33186,TRP
2026-04-23T19:00:00.000000000Z,34,2,16192,60.86,61.04,60.8,60.88,71170,TRP
2026-04-23T19:00:00.000000000Z,34,2,5158,52.515,52.62,52.45,52.505,89031,ENB
2026-04-24T08:00:00.000000000Z,34,2,5158,52.16,52.16,50.94,50.94,113,ENB
2026-04-24T09:00:00.000000000Z,34,2,5158,52.8,52.81,52.64,52.64,1062,ENB
2026-04-24T10:00:00.000000000Z,34,2,5158,52.55,52.55,52.5,52.5,36,ENB
2026-04-24T11:00:00.000000000Z,34,2,5158,52.28,52.5,52.28,52.5,227,ENB
2026-04-24T12:00:00.000000000Z,34,2,5158,52.57,52.6,52.57,52.6,500,ENB
2026-04-24T12:00:00.000000000Z,34,2,16192,60.89,60.89,60.76,60.76,245,TRP
2026-04-24T13:00:00.000000000Z,34,2,16192,60.92,61.59,60.75,61.57,18219,TRP
2026-04-24T13:00:00.000000000Z,34,2,5158,52.56,52.93,52.51,52.9,40771,ENB
2026-04-24T14:00:00.000000000Z,34,2,5158,52.9,52.9,52.64,52.68,54308,ENB
2026-04-24T14:00:00.000000000Z,34,2,16192,61.57,61.71,61.46,61.51,31017,TRP
2026-04-24T15:00:00.000000000Z,34,2,16192,61.5,61.53,61.17,61.18,71911,TRP
2026-04-24T15:00:00.000000000Z,34,2,5158,52.68,52.735,52.58,52.59,49479,ENB
2026-04-24T16:00:00.000000000Z,34,2,16192,61.17,61.58,61.125,61.575,18892,TRP
2026-04-24T16:00:00.000000000Z,34,2,5158,52.59,52.935,52.55,52.935,55020,ENB
2026-04-24T17:00:00.000000000Z,34,2,16192,61.56,61.81,61.56,61.7,23643,TRP
2026-04-24T17:00:00.000000000Z,34,2,5158,52.935,53.15,52.82,52.87,143234,ENB
2026-04-24T18:00:00.000000000Z,34,2,16192,61.69,61.99,61.66,61.9,18435,TRP
2026-04-24T18:00:00.000000000Z,34,2,5158,52.865,53.265,52.82,53.18,175208,ENB
2026-04-24T19:00:00.000000000Z,34,2,5158,53.17,53.42,53.17,53.3,169895,ENB
2026-04-24T19:00:00.000000000Z,34,2,16192,61.915,62.19,61.915,62.04,97288,TRP
2026-04-24T20:00:00.000000000Z,34,2,5158,53.3,53.55,53.3,53.36,2372,ENB
2026-04-24T21:00:00.000000000Z,34,2,5158,53.39,53.39,53.36,53.36,2,ENB
2026-04-27T09:00:00.000000000Z,34,2,5158,53.49,53.49,53.49,53.49,30,ENB
2026-04-27T10:00:00.000000000Z,34,2,5158,53.54,53.73,53.54,53.55,267,ENB
2026-04-27T11:00:00.000000000Z,34,2,5158,53.55,53.64,53.54,53.64,125,ENB
2026-04-27T13:00:00.000000000Z,34,2,16192,62.17,62.68,62.12,62.68,15655,TRP
2026-04-27T13:00:00.000000000Z,34,2,5158,53.5,53.5,53.25,53.35,61400,ENB
2026-04-27T14:00:00.000000000Z,34,2,16192,62.63,62.63,62.19,62.21,22466,TRP
2026-04-27T14:00:00.000000000Z,34,2,5158,53.35,53.35,52.98,52.98,47427,ENB
2026-04-27T15:00:00.000000000Z,34,2,16192,62.18,62.22,61.97,62.1,30459,TRP
2026-04-27T15:00:00.000000000Z,34,2,5158,52.98,53.02,52.74,52.785,33555,ENB
2026-04-27T16:00:00.000000000Z,34,2,16192,62.08,62.23,61.95,62.14,13677,TRP
2026-04-27T16:00:00.000000000Z,34,2,5158,52.78,52.8,52.63,52.74,38884,ENB
2026-04-27T17:00:00.000000000Z,34,2,5158,52.75,52.77,52.575,52.62,28714,ENB
2026-04-27T17:00:00.000000000Z,34,2,16192,62.16,62.18,61.95,61.96,9334,TRP
2026-04-27T18:00:00.000000000Z,34,2,5158,52.62,52.72,52.51,52.59,69833,ENB
2026-04-27T18:00:00.000000000Z,34,2,16192,61.97,62.105,61.95,61.99,11347,TRP
2026-04-27T19:00:00.000000000Z,34,2,16192,61.98,62.08,61.86,61.94,43228,TRP
2026-04-27T19:00:00.000000000Z,34,2,5158,52.59,52.62,52.455,52.46,105220,ENB
2026-04-27T20:00:00.000000000Z,34,2,5158,52.48,52.49,52.48,52.49,330,ENB
2026-04-27T20:00:00.000000000Z,34,2,16192,61.42,61.42,61.21,61.21,149,TRP
2026-04-27T21:00:00.000000000Z,34,2,5158,52.55,52.55,52.55,52.55,1,ENB
2026-04-27T22:00:00.000000000Z,34,2,5158,52.54,52.54,52.54,52.54,30,ENB
2026-04-28T08:00:00.000000000Z,34,2,5158,52.74,52.74,52.74,52.74,2,ENB
2026-04-28T10:00:00.000000000Z,34,2,5158,52.47,52.55,52.46,52.55,238,ENB
2026-04-28T11:00:00.000000000Z,34,2,5158,52.57,52.57,52.57,52.57,100,ENB
2026-04-28T12:00:00.000000000Z,34,2,5158,52.76,52.76,52.76,52.76,300,ENB
2026-04-28T13:00:00.000000000Z,34,2,16192,62.0,62.72,62.0,62.7,14724,TRP
2026-04-28T13:00:00.000000000Z,34,2,5158,52.46,53.065,52.46,53.065,49246,ENB
2026-04-28T14:00:00.000000000Z,34,2,16192,62.695,63.01,62.61,62.9,75640,TRP
2026-04-28T14:00:00.000000000Z,34,2,5158,53.07,53.32,52.94,53.23,50320,ENB
2026-04-28T15:00:00.000000000Z,34,2,16192,62.9,63.16,62.73,63.14,56031,TRP
2026-04-28T15:00:00.000000000Z,34,2,5158,53.22,53.295,53.09,53.26,62373,ENB
2026-04-28T16:00:00.000000000Z,34,2,5158,53.265,53.36,53.07,53.1,35750,ENB
2026-04-28T16:00:00.000000000Z,34,2,16192,63.13,63.21,63.0,63.01,40844,TRP
2026-04-28T17:00:00.000000000Z,34,2,5158,53.1,53.1,52.98,52.98,24692,ENB
2026-04-28T17:00:00.000000000Z,34,2,16192,63.01,63.05,62.88,62.9,39372,TRP
2026-04-28T18:00:00.000000000Z,34,2,5158,52.975,53.06,52.94,52.94,22510,ENB
2026-04-28T18:00:00.000000000Z,34,2,16192,62.885,62.99,62.82,62.91,40916,TRP
2026-04-28T19:00:00.000000000Z,34,2,5158,52.95,53.135,52.95,53.055,94899,ENB
2026-04-28T19:00:00.000000000Z,34,2,16192,62.93,63.05,62.84,62.975,84102,TRP
2026-04-28T20:00:00.000000000Z,34,2,5158,53.1,53.1,53.1,53.1,1,ENB
2026-04-28T21:00:00.000000000Z,34,2,5158,53.15,53.22,53.11,53.11,859,ENB
2026-04-28T23:00:00.000000000Z,34,2,5158,53.11,53.11,53.11,53.11,50,ENB
2026-04-29T08:00:00.000000000Z,34,2,5158,53.32,53.32,53.32,53.32,100,ENB
2026-04-29T10:00:00.000000000Z,34,2,5158,53.18,53.18,53.18,53.18,5,ENB
2026-04-29T12:00:00.000000000Z,34,2,5158,53.32,53.32,53.32,53.32,25,ENB
2026-04-29T13:00:00.000000000Z,34,2,16192,63.08,63.61,63.08,63.61,9823,TRP
2026-04-29T13:00:00.000000000Z,34,2,5158,53.2,53.54,53.12,53.54,32393,ENB
2026-04-29T14:00:00.000000000Z,34,2,16192,63.63,63.63,63.33,63.45,20403,TRP
2026-04-29T14:00:00.000000000Z,34,2,5158,53.55,53.55,53.36,53.49,36133,ENB
2026-04-29T15:00:00.000000000Z,34,2,16192,63.43,63.78,63.37,63.77,20237,TRP
2026-04-29T15:00:00.000000000Z,34,2,5158,53.48,53.63,53.47,53.63,40849,ENB
2026-04-29T16:00:00.000000000Z,34,2,16192,63.765,63.97,63.73,63.83,24932,TRP
2026-04-29T16:00:00.000000000Z,34,2,5158,53.63,53.78,53.57,53.6,29078,ENB
2026-04-29T17:00:00.000000000Z,34,2,16192,63.81,63.85,63.69,63.83,43512,TRP
2026-04-29T17:00:00.000000000Z,34,2,5158,53.6,53.63,53.48,53.53,30140,ENB
2026-04-29T18:00:00.000000000Z,34,2,5158,53.53,53.53,53.08,53.14,58880,ENB
2026-04-29T18:00:00.000000000Z,34,2,16192,63.84,63.84,63.61,63.74,123985,TRP
2026-04-29T19:00:00.000000000Z,34,2,5158,53.14,53.4,53.11,53.4,198892,ENB
2026-04-29T19:00:00.000000000Z,34,2,16192,63.745,64.045,63.7,63.97,117727,TRP
2026-04-29T20:00:00.000000000Z,34,2,5158,53.4,53.49,53.4,53.49,240,ENB
2026-04-29T21:00:00.000000000Z,34,2,5158,53.47,53.49,53.47,53.49,612,ENB
2026-04-30T08:00:00.000000000Z,34,2,5158,53.45,53.45,53.45,53.45,36,ENB
2026-04-30T11:00:00.000000000Z,34,2,5158,53.45,53.45,53.45,53.45,5,ENB
2026-04-30T12:00:00.000000000Z,34,2,5158,53.4,53.4,53.4,53.4,69,ENB
2026-04-30T13:00:00.000000000Z,34,2,16192,63.14,65.15,63.14,64.88,34205,TRP
2026-04-30T13:00:00.000000000Z,34,2,5158,53.42,54.32,53.42,54.13,58995,ENB
2026-04-30T14:00:00.000000000Z,34,2,16192,64.87,65.57,64.76,65.53,91861,TRP
2026-04-30T14:00:00.000000000Z,34,2,5158,54.13,54.48,54.09,54.46,39029,ENB
2026-04-30T15:00:00.000000000Z,34,2,16192,65.52,65.97,65.44,65.72,28961,TRP
2026-04-30T15:00:00.000000000Z,34,2,5158,54.46,54.8,54.39,54.69,42482,ENB
2026-04-30T16:00:00.000000000Z,34,2,16192,65.75,65.99,65.69,65.99,15598,TRP
2026-04-30T16:00:00.000000000Z,34,2,5158,54.69,54.85,54.69,54.85,27185,ENB
2026-04-30T17:00:00.000000000Z,34,2,16192,65.99,66.08,65.82,65.97,27040,TRP
2026-04-30T17:00:00.000000000Z,34,2,5158,54.85,54.85,54.64,54.68,39928,ENB
2026-04-30T18:00:00.000000000Z,34,2,16192,65.97,66.42,65.97,66.42,40162,TRP
2026-04-30T18:00:00.000000000Z,34,2,5158,54.68,54.975,54.67,54.975,32089,ENB
2026-04-30T19:00:00.000000000Z,34,2,16192,66.43,67.1,66.43,66.91,178231,TRP
2026-04-30T19:00:00.000000000Z,34,2,5158,54.98,55.48,54.98,55.42,195737,ENB
2026-04-30T20:00:00.000000000Z,34,2,5158,55.42,55.42,55.35,55.42,302,ENB
2026-04-30T21:00:00.000000000Z,34,2,16192,66.76,66.76,66.76,66.76,100,TRP
2026-04-30T21:00:00.000000000Z,34,2,5158,55.35,55.37,55.13,55.37,3953,ENB
2026-04-30T22:00:00.000000000Z,34,2,5158,55.15,55.33,55.15,55.28,86,ENB
2026-04-30T22:00:00.000000000Z,34,2,16192,67.29,67.29,67.29,67.29,2,TRP
2026-04-30T23:00:00.000000000Z,34,2,16192,67.82,67.82,67.82,67.82,10,TRP
2026-04-30T23:00:00.000000000Z,34,2,5158,55.26,55.26,55.26,55.26,10,ENB
2026-05-01T10:00:00.000000000Z,34,2,5158,55.42,55.42,55.42,55.42,10,ENB
2026-05-01T11:00:00.000000000Z,34,2,5158,55.08,55.08,55.08,55.08,99,ENB
2026-05-01T12:00:00.000000000Z,34,2,5158,55.37,55.4,55.37,55.4,185,ENB
2026-05-01T12:00:00.000000000Z,34,2,16192,67.0,67.83,67.0,67.0,351,TRP
2026-05-01T13:00:00.000000000Z,34,2,5158,55.31,55.47,55.04,55.06,25392,ENB
2026-05-01T13:00:00.000000000Z,34,2,16192,67.09,67.26,65.76,65.8,57173,TRP
2026-05-01T14:00:00.000000000Z,34,2,5158,55.04,55.34,54.91,55.34,30089,ENB
2026-05-01T14:00:00.000000000Z,34,2,16192,65.81,66.45,65.73,66.4,61146,TRP
2026-05-01T15:00:00.000000000Z,34,2,5158,55.33,55.45,55.21,55.27,51370,ENB
2026-05-01T15:00:00.000000000Z,34,2,16192,66.41,66.7,66.355,66.645,26074,TRP
2026-05-01T16:00:00.000000000Z,34,2,16192,66.63,66.82,66.46,66.8,18575,TRP
2026-05-01T16:00:00.000000000Z,34,2,5158,55.27,55.28,54.99,55.06,56908,ENB
2026-05-01T17:00:00.000000000Z,34,2,5158,55.05,55.05,54.85,54.945,34968,ENB
2026-05-01T17:00:00.000000000Z,34,2,16192,66.8,66.91,66.6,66.84,14730,TRP
2026-05-01T18:00:00.000000000Z,34,2,16192,66.8,66.86,66.58,66.82,18110,TRP
2026-05-01T18:00:00.000000000Z,34,2,5158,54.94,55.03,54.86,55.01,29443,ENB
2026-05-01T19:00:00.000000000Z,34,2,16192,66.84,67.06,66.58,66.6,82220,TRP
2026-05-01T19:00:00.000000000Z,34,2,5158,55.02,55.11,54.84,54.84,122213,ENB
2026-05-01T20:00:00.000000000Z,34,2,5158,54.76,54.77,54.76,54.77,94,ENB
2026-05-01T23:00:00.000000000Z,34,2,5158,54.77,54.77,54.77,54.77,93,ENB
2026-05-04T11:00:00.000000000Z,34,2,5158,54.95,54.95,54.9,54.94,90,ENB
2026-05-04T11:00:00.000000000Z,34,2,16192,66.61,66.61,66.61,66.61,15,TRP
2026-05-04T12:00:00.000000000Z,34,2,5158,54.94,54.94,54.94,54.94,229,ENB
2026-05-04T13:00:00.000000000Z,34,2,16192,66.27,66.295,65.21,65.82,33742,TRP
2026-05-04T13:00:00.000000000Z,34,2,5158,54.71,54.98,54.39,54.93,29514,ENB
2026-05-04T14:00:00.000000000Z,34,2,5158,54.89,55.23,54.84,55.2,30966,ENB
2026-05-04T14:00:00.000000000Z,34,2,16192,65.78,66.435,65.69,66.43,54128,TRP
2026-05-04T15:00:00.000000000Z,34,2,16192,66.41,66.41,66.07,66.14,32772,TRP
2026-05-04T15:00:00.000000000Z,34,2,5158,55.2,55.39,55.155,55.25,42798,ENB
2026-05-04T16:00:00.000000000Z,34,2,5158,55.24,55.285,55.08,55.17,37766,ENB
2026-05-04T16:00:00.000000000Z,34,2,16192,66.1,66.14,65.84,66.02,21367,TRP
2026-05-04T17:00:00.000000000Z,34,2,5158,55.18,55.22,54.99,55.06,43163,ENB
2026-05-04T17:00:00.000000000Z,34,2,16192,66.02,66.3,66.01,66.3,38463,TRP
2026-05-04T18:00:00.000000000Z,34,2,5158,55.05,55.055,54.88,54.89,36065,ENB
2026-05-04T18:00:00.000000000Z,34,2,16192,66.295,66.34,66.03,66.11,28177,TRP
2026-05-04T19:00:00.000000000Z,34,2,16192,66.08,66.25,65.995,66.04,133111,TRP
2026-05-04T19:00:00.000000000Z,34,2,5158,54.89,55.11,54.7,54.72,256406,ENB
2026-05-04T23:00:00.000000000Z,34,2,5158,54.64,54.64,54.62,54.62,15,ENB
2026-05-05T08:00:00.000000000Z,34,2,5158,54.84,54.84,54.84,54.84,9,ENB
2026-05-05T11:00:00.000000000Z,34,2,5158,54.65,54.65,54.64,54.65,144,ENB
2026-05-05T12:00:00.000000000Z,34,2,5158,54.72,54.72,54.72,54.72,11,ENB
2026-05-05T13:00:00.000000000Z,34,2,5158,54.69,55.15,54.615,55.12,29944,ENB
2026-05-05T13:00:00.000000000Z,34,2,16192,66.57,66.67,66.06,66.34,20373,TRP
2026-05-05T14:00:00.000000000Z,34,2,16192,66.35,66.35,65.66,65.68,39969,TRP
2026-05-05T14:00:00.000000000Z,34,2,5158,55.12,55.145,54.83,54.84,58113,ENB
2026-05-05T15:00:00.000000000Z,34,2,5158,54.85,55.09,54.73,55.09,30476,ENB
2026-05-05T15:00:00.000000000Z,34,2,16192,65.7,66.16,65.54,66.13,41426,TRP
2026-05-05T16:00:00.000000000Z,34,2,16192,66.14,66.29,66.08,66.11,19250,TRP
2026-05-05T16:00:00.000000000Z,34,2,5158,55.1,55.32,55.1,55.23,24974,ENB
2026-05-05T17:00:00.000000000Z,34,2,16192,66.1,66.37,66.1,66.36,14628,TRP
2026-05-05T17:00:00.000000000Z,34,2,5158,55.235,55.36,55.235,55.31,33167,ENB
2026-05-05T18:00:00.000000000Z,34,2,16192,66.4,66.605,66.32,66.51,25118,TRP
2026-05-05T18:00:00.000000000Z,34,2,5158,55.31,55.355,55.23,55.24,33830,ENB
2026-05-05T19:00:00.000000000Z,34,2,16192,66.5,66.51,66.185,66.26,122240,TRP
2026-05-05T19:00:00.000000000Z,34,2,5158,55.23,55.23,54.89,54.91,184933,ENB
2026-05-05T20:00:00.000000000Z,34,2,5158,55.21,55.21,55.21,55.21,7,ENB
2026-05-05T20:00:00.000000000Z,34,2,16192,66.31,66.31,65.69,65.69,199,TRP
2026-05-05T21:00:00.000000000Z,34,2,16192,65.76,65.76,65.76,65.76,60,TRP
2026-05-05T21:00:00.000000000Z,34,2,5158,55.0,55.0,55.0,55.0,1100,ENB
2026-05-06T09:00:00.000000000Z,34,2,5158,54.86,54.86,54.64,54.64,42,ENB
2026-05-06T11:00:00.000000000Z,34,2,5158,54.39,54.45,54.38,54.45,463,ENB
2026-05-06T12:00:00.000000000Z,34,2,5158,54.56,54.57,54.5,54.55,1248,ENB
2026-05-06T13:00:00.000000000Z,34,2,5158,54.73,55.04,54.61,54.66,48369,ENB
2026-05-06T13:00:00.000000000Z,34,2,16192,65.56,66.28,65.5,66.13,31112,TRP
2026-05-06T14:00:00.000000000Z,34,2,5158,54.66,54.75,54.345,54.405,100708,ENB
2026-05-06T14:00:00.000000000Z,34,2,16192,66.11,66.28,65.89,65.935,62637,TRP
2026-05-06T15:00:00.000000000Z,34,2,16192,65.915,65.95,65.6,65.64,64421,TRP
2026-05-06T15:00:00.000000000Z,34,2,5158,54.4,54.45,54.115,54.165,57307,ENB
2026-05-06T16:00:00.000000000Z,34,2,5158,54.17,54.495,54.12,54.34,93548,ENB
2026-05-06T16:00:00.000000000Z,34,2,16192,65.65,65.955,65.58,65.65,30245,TRP
2026-05-06T17:00:00.000000000Z,34,2,5158,54.335,54.41,54.14,54.41,44965,ENB
2026-05-06T17:00:00.000000000Z,34,2,16192,65.65,65.785,65.52,65.76,72832,TRP
2026-05-06T18:00:00.000000000Z,34,2,16192,65.77,65.875,65.66,65.8,50035,TRP
2026-05-06T18:00:00.000000000Z,34,2,5158,54.43,54.46,54.3,54.38,55644,ENB
2026-05-06T19:00:00.000000000Z,34,2,16192,65.79,65.82,65.47,65.5,119253,TRP
2026-05-06T19:00:00.000000000Z,34,2,5158,54.37,54.385,54.195,54.21,167821,ENB
2026-05-06T20:00:00.000000000Z,34,2,5158,54.21,54.23,54.21,54.23,150,ENB
2026-05-06T21:00:00.000000000Z,34,2,5158,54.27,54.35,54.22,54.35,524,ENB
2026-05-06T22:00:00.000000000Z,34,2,5158,54.24,54.24,54.23,54.23,22,ENB
2026-05-06T23:00:00.000000000Z,34,2,5158,54.24,54.3,54.23,54.3,447,ENB
2026-05-07T12:00:00.000000000Z,34,2,16192,65.06,65.06,65.06,65.06,120,TRP
2026-05-07T12:00:00.000000000Z,34,2,5158,54.3,54.3,54.3,54.3,34,ENB
2026-05-07T13:00:00.000000000Z,34,2,16192,65.14,65.25,64.56,64.57,25602,TRP
2026-05-07T13:00:00.000000000Z,34,2,5158,54.0,54.23,53.45,53.47,81021,ENB
2026-05-07T14:00:00.000000000Z,34,2,16192,64.6,64.775,64.45,64.55,30779,TRP
2026-05-07T14:00:00.000000000Z,34,2,5158,53.48,53.75,53.435,53.59,58387,ENB
2026-05-07T15:00:00.000000000Z,34,2,5158,53.585,53.83,53.54,53.815,37163,ENB
2026-05-07T15:00:00.000000000Z,34,2,16192,64.5,64.79,64.45,64.77,24761,TRP
2026-05-07T16:00:00.000000000Z,34,2,5158,53.82,53.88,53.58,53.69,39046,ENB
2026-05-07T16:00:00.000000000Z,34,2,16192,64.755,64.84,64.65,64.7,23873,TRP
2026-05-07T17:00:00.000000000Z,34,2,5158,53.675,53.94,53.605,53.91,47705,ENB
2026-05-07T17:00:00.000000000Z,34,2,16192,64.7,65.1,64.64,65.04,29366,TRP
2026-05-07T18:00:00.000000000Z,34,2,16192,65.03,65.11,64.94,65.02,31789,TRP
2026-05-07T18:00:00.000000000Z,34,2,5158,53.91,53.98,53.855,53.94,46400,ENB
2026-05-07T19:00:00.000000000Z,34,2,16192,65.02,65.25,65.01,65.09,100538,TRP
2026-05-07T19:00:00.000000000Z,34,2,5158,53.95,54.18,53.95,54.01,199553,ENB
2026-05-07T20:00:00.000000000Z,34,2,5158,54.01,54.01,54.0,54.01,877,ENB
2026-05-07T21:00:00.000000000Z,34,2,5158,54.1,54.1,54.1,54.1,11,ENB
2026-05-07T21:00:00.000000000Z,34,2,16192,65.3,65.3,65.3,65.3,20,TRP
2026-05-07T22:00:00.000000000Z,34,2,5158,54.01,54.01,54.01,54.01,76,ENB
2026-05-08T08:00:00.000000000Z,34,2,5158,54.01,54.01,54.01,54.01,92,ENB
2026-05-08T09:00:00.000000000Z,34,2,5158,54.47,54.47,54.27,54.27,336,ENB
2026-05-08T10:00:00.000000000Z,34,2,5158,54.4,54.4,54.4,54.4,8,ENB
2026-05-08T11:00:00.000000000Z,34,2,5158,54.27,54.48,54.0,54.25,763,ENB
2026-05-08T12:00:00.000000000Z,34,2,5158,54.35,54.35,54.0,54.15,441,ENB
2026-05-08T13:00:00.000000000Z,34,2,16192,65.02,65.52,64.68,65.0,17225,TRP
2026-05-08T13:00:00.000000000Z,34,2,5158,54.29,55.11,53.36,53.54,77852,ENB
2026-05-08T14:00:00.000000000Z,34,2,16192,65.05,65.63,64.99,65.53,22097,TRP
2026-05-08T14:00:00.000000000Z,34,2,5158,53.57,54.18,53.49,53.95,59606,ENB
2026-05-08T15:00:00.000000000Z,34,2,16192,65.52,65.7,65.4,65.455,17101,TRP
2026-05-08T15:00:00.000000000Z,34,2,5158,53.965,54.2,53.89,54.015,46201,ENB
2026-05-08T16:00:00.000000000Z,34,2,16192,65.455,65.49,64.91,64.93,11660,TRP
2026-05-08T16:00:00.000000000Z,34,2,5158,54.06,54.07,53.51,53.56,51084,ENB
2026-05-08T17:00:00.000000000Z,34,2,16192,64.93,65.055,64.755,64.76,22001,TRP
2026-05-08T17:00:00.000000000Z,34,2,5158,53.56,53.65,53.39,53.53,33842,ENB
2026-05-08T18:00:00.000000000Z,34,2,5158,53.53,53.59,53.33,53.41,42654,ENB
2026-05-08T18:00:00.000000000Z,34,2,16192,64.76,64.98,64.71,64.83,23782,TRP
2026-05-08T19:00:00.000000000Z,34,2,16192,64.82,64.88,64.52,64.76,73786,TRP
2026-05-08T19:00:00.000000000Z,34,2,5158,53.4,53.605,53.375,53.59,145743,ENB
2026-05-08T20:00:00.000000000Z,34,2,5158,53.6,53.61,53.6,53.61,115,ENB
2026-05-08T21:00:00.000000000Z,34,2,5158,53.61,53.62,53.61,53.62,6,ENB
2026-05-08T22:00:00.000000000Z,34,2,5158,53.69,53.69,53.69,53.69,1,ENB
2026-05-11T08:00:00.000000000Z,34,2,5158,53.59,53.59,53.58,53.59,35,ENB
2026-05-11T09:00:00.000000000Z,34,2,5158,53.8,53.8,53.8,53.8,1,ENB
2026-05-11T10:00:00.000000000Z,34,2,5158,53.82,53.82,53.82,53.82,6,ENB
2026-05-11T11:00:00.000000000Z,34,2,5158,53.82,54.02,53.82,54.02,147,ENB
2026-05-11T11:00:00.000000000Z,34,2,16192,64.43,64.82,64.43,64.82,47,TRP
2026-05-11T12:00:00.000000000Z,34,2,5158,53.94,53.94,53.94,53.94,81,ENB
2026-05-11T13:00:00.000000000Z,34,2,5158,54.14,54.41,53.83,54.41,36611,ENB
2026-05-11T13:00:00.000000000Z,34,2,16192,65.55,65.55,65.03,65.53,73689,TRP
2026-05-11T14:00:00.000000000Z,34,2,16192,65.53,65.65,65.305,65.565,338941,TRP
2026-05-11T14:00:00.000000000Z,34,2,5158,54.35,54.55,54.2,54.49,35073,ENB
2026-05-11T15:00:00.000000000Z,34,2,16192,65.565,65.93,65.52,65.91,196636,TRP
2026-05-11T15:00:00.000000000Z,34,2,5158,54.49,54.83,54.485,54.83,28728,ENB
2026-05-11T16:00:00.000000000Z,34,2,5158,54.83,54.88,54.56,54.66,18116,ENB
2026-05-11T16:00:00.000000000Z,34,2,16192,65.9,65.97,65.47,65.75,100439,TRP
2026-05-11T17:00:00.000000000Z,34,2,16192,65.73,65.9,65.59,65.85,22227,TRP
2026-05-11T17:00:00.000000000Z,34,2,5158,54.66,54.66,54.47,54.6,18640,ENB
2026-05-11T18:00:00.000000000Z,34,2,16192,65.85,65.98,65.63,65.66,31338,TRP
2026-05-11T18:00:00.000000000Z,34,2,5158,54.595,54.695,54.46,54.51,34786,ENB
2026-05-11T19:00:00.000000000Z,34,2,16192,65.69,65.77,65.515,65.52,62461,TRP
2026-05-11T19:00:00.000000000Z,34,2,5158,54.51,54.565,54.45,54.47,109596,ENB
2026-05-12T12:00:00.000000000Z,34,2,16192,65.52,65.52,65.52,65.52,25,TRP
2026-05-12T13:00:00.000000000Z,34,2,16192,65.68,65.95,65.48,65.91,18661,TRP
2026-05-12T13:00:00.000000000Z,34,2,5158,54.54,54.635,54.15,54.51,36816,ENB
2026-05-12T14:00:00.000000000Z,34,2,16192,65.91,66.11,65.75,65.89,11765,TRP
2026-05-12T14:00:00.000000000Z,34,2,5158,54.51,54.645,54.4,54.595,36343,ENB
2026-05-12T15:00:00.000000000Z,34,2,16192,65.9,66.07,65.87,65.875,19525,TRP
2026-05-12T15:00:00.000000000Z,34,2,5158,54.59,54.83,54.54,54.71,23786,ENB
2026-05-12T16:00:00.000000000Z,34,2,5158,54.72,54.8,54.675,54.78,17781,ENB
2026-05-12T16:00:00.000000000Z,34,2,16192,65.86,65.945,65.76,65.945,11495,TRP
2026-05-12T17:00:00.000000000Z,34,2,16192,65.93,66.075,65.73,65.77,17822,TRP
2026-05-12T17:00:00.000000000Z,34,2,5158,54.765,54.845,54.64,54.65,17842,ENB
2026-05-12T18:00:00.000000000Z,34,2,5158,54.65,54.72,54.52,54.72,22687,ENB
2026-05-12T18:00:00.000000000Z,34,2,16192,65.78,66.06,65.78,66.06,52606,TRP
2026-05-12T19:00:00.000000000Z,34,2,5158,54.725,54.87,54.7,54.85,75925,ENB
2026-05-12T19:00:00.000000000Z,34,2,16192,66.06,66.33,66.05,66.33,60275,TRP
2026-05-12T22:00:00.000000000Z,34,2,5158,54.89,54.89,54.89,54.89,4,ENB
2026-05-12T23:00:00.000000000Z,34,2,5158,54.87,54.9,54.87,54.89,8,ENB
2026-05-13T08:00:00.000000000Z,34,2,16192,66.3,66.3,66.3,66.3,1,TRP
2026-05-13T09:00:00.000000000Z,34,2,5158,54.95,54.97,54.95,54.97,131,ENB
2026-05-13T10:00:00.000000000Z,34,2,5158,54.94,54.94,54.93,54.93,122,ENB
2026-05-13T11:00:00.000000000Z,34,2,5158,54.96,54.96,54.96,54.96,7,ENB
2026-05-13T12:00:00.000000000Z,34,2,16192,66.5,66.5,66.5,66.5,100,TRP
2026-05-13T13:00:00.000000000Z,34,2,16192,66.35,66.78,66.35,66.545,21943,TRP
2026-05-13T13:00:00.000000000Z,34,2,5158,54.925,55.29,54.925,55.19,54090,ENB
2026-05-13T14:00:00.000000000Z,34,2,5158,55.2,55.32,54.85,54.91,63382,ENB
2026-05-13T14:00:00.000000000Z,34,2,16192,66.52,66.9,66.43,66.52,178332,TRP
2026-05-13T15:00:00.000000000Z,34,2,16192,66.51,66.55,66.32,66.49,92162,TRP
2026-05-13T15:00:00.000000000Z,34,2,5158,54.91,54.93,54.71,54.915,70575,ENB
2026-05-13T16:00:00.000000000Z,34,2,5158,54.91,54.995,54.88,54.955,104002,ENB
2026-05-13T16:00:00.000000000Z,34,2,16192,66.49,66.63,66.38,66.62,47108,TRP
2026-05-13T17:00:00.000000000Z,34,2,16192,66.6,66.89,66.56,66.75,46238,TRP
2026-05-13T17:00:00.000000000Z,34,2,5158,54.965,55.15,54.93,54.985,88391,ENB
2026-05-13T18:00:00.000000000Z,34,2,16192,66.745,66.855,66.6,66.855,31264,TRP
2026-05-13T18:00:00.000000000Z,34,2,5158,54.985,55.11,54.84,55.11,107725,ENB
2026-05-13T19:00:00.000000000Z,34,2,5158,55.1,55.275,55.085,55.22,154582,ENB
2026-05-13T19:00:00.000000000Z,34,2,16192,66.85,67.32,66.84,67.075,177647,TRP
2026-05-13T20:00:00.000000000Z,34,2,5158,55.28,55.28,55.28,55.28,17,ENB
2026-05-14T12:00:00.000000000Z,34,2,5158,55.19,55.19,55.18,55.18,26,ENB
2026-05-14T13:00:00.000000000Z,34,2,5158,55.22,55.69,55.2,55.65,49150,ENB
2026-05-14T13:00:00.000000000Z,34,2,16192,67.28,67.8,67.19,67.73,14245,TRP
2026-05-14T14:00:00.000000000Z,34,2,5158,55.63,55.97,55.59,55.92,58555,ENB
2026-05-14T14:00:00.000000000Z,34,2,16192,67.74,68.06,67.665,67.88,12747,TRP
2026-05-14T15:00:00.000000000Z,34,2,16192,67.88,68.29,67.8,68.21,28847,TRP
2026-05-14T15:00:00.000000000Z,34,2,5158,55.92,56.17,55.865,56.07,73591,ENB
2026-05-14T16:00:00.000000000Z,34,2,5158,56.05,56.135,55.95,56.1,20155,ENB
2026-05-14T16:00:00.000000000Z,34,2,16192,68.18,68.21,68.065,68.17,28591,TRP
2026-05-14T17:00:00.000000000Z,34,2,16192,68.14,68.29,68.04,68.19,34862,TRP
2026-05-14T17:00:00.000000000Z,34,2,5158,56.08,56.16,56.03,56.11,40697,ENB
2026-05-14T18:00:00.000000000Z,34,2,5158,56.1,56.205,56.06,56.065,30053,ENB
2026-05-14T18:00:00.000000000Z,34,2,16192,68.18,68.26,68.14,68.17,11851,TRP
2026-05-14T19:00:00.000000000Z,34,2,16192,68.15,68.19,68.0,68.14,98035,TRP
2026-05-14T19:00:00.000000000Z,34,2,5158,56.05,56.22,55.98,56.215,105989,ENB
2026-05-14T20:00:00.000000000Z,34,2,5158,56.215,56.23,56.215,56.23,943,ENB
2026-05-14T22:00:00.000000000Z,34,2,5158,56.19,56.19,56.19,56.19,120,ENB
2026-05-14T23:00:00.000000000Z,34,2,5158,56.1,56.15,56.1,56.15,94,ENB
2026-05-14T23:00:00.000000000Z,34,2,16192,68.57,68.57,68.57,68.57,200,TRP
2026-05-15T08:00:00.000000000Z,34,2,5158,55.47,55.49,55.42,55.42,1173,ENB
2026-05-15T10:00:00.000000000Z,34,2,5158,55.42,55.42,55.42,55.42,1,ENB
2026-05-15T11:00:00.000000000Z,34,2,5158,55.43,55.5,55.3,55.49,1339,ENB
2026-05-15T12:00:00.000000000Z,34,2,5158,55.52,55.52,55.52,55.52,218,ENB
2026-05-15T13:00:00.000000000Z,34,2,16192,67.84,67.945,67.4,67.66,16921,TRP
2026-05-15T13:00:00.000000000Z,34,2,5158,55.43,55.43,54.58,54.88,89387,ENB
2026-05-15T14:00:00.000000000Z,34,2,16192,67.69,67.92,67.62,67.79,28006,TRP
2026-05-15T14:00:00.000000000Z,34,2,5158,54.9,54.99,54.73,54.88,58900,ENB
2026-05-15T15:00:00.000000000Z,34,2,16192,67.81,68.06,67.69,68.04,19097,TRP
2026-05-15T15:00:00.000000000Z,34,2,5158,54.9,55.09,54.725,55.09,57427,ENB
2026-05-15T16:00:00.000000000Z,34,2,5158,55.1,55.19,55.04,55.125,25032,ENB
2026-05-15T16:00:00.000000000Z,34,2,16192,68.05,68.11,67.94,68.05,14442,TRP
2026-05-15T17:00:00.000000000Z,34,2,16192,68.0,68.16,67.94,68.16,5665,TRP
2026-05-15T17:00:00.000000000Z,34,2,5158,55.1,55.225,55.06,55.2,15800,ENB
2026-05-15T18:00:00.000000000Z,34,2,5158,55.22,55.27,55.135,55.26,19950,ENB
2026-05-15T18:00:00.000000000Z,34,2,16192,68.18,68.195,67.97,68.02,12434,TRP
2026-05-15T19:00:00.000000000Z,34,2,5158,55.26,55.34,55.13,55.32,89155,ENB
2026-05-15T19:00:00.000000000Z,34,2,16192,68.02,68.27,67.9,68.25,123839,TRP
2026-05-15T20:00:00.000000000Z,34,2,16192,68.0,68.0,67.7,67.7,2296,TRP
2026-05-15T20:00:00.000000000Z,34,2,5158,55.35,55.35,55.35,55.35,166,ENB
2026-05-18T11:00:00.000000000Z,34,2,5158,55.36,55.36,55.33,55.33,229,ENB
2026-05-18T12:00:00.000000000Z,34,2,5158,55.39,55.39,55.39,55.39,5,ENB
2026-05-18T13:00:00.000000000Z,34,2,16192,68.16,68.34,68.13,68.22,9376,TRP
2026-05-18T13:00:00.000000000Z,34,2,5158,55.2,55.82,55.2,55.76,48299,ENB
2026-05-18T14:00:00.000000000Z,34,2,16192,68.18,68.75,68.18,68.75,13117,TRP
2026-05-18T14:00:00.000000000Z,34,2,5158,55.76,56.08,55.62,56.07,89733,ENB
2026-05-18T15:00:00.000000000Z,34,2,5158,56.065,56.175,56.0,56.11,84266,ENB
2026-05-18T15:00:00.000000000Z,34,2,16192,68.755,69.0,68.75,68.97,15989,TRP
2026-05-18T16:00:00.000000000Z,34,2,5158,56.1,56.345,56.1,56.13,78507,ENB
2026-05-18T16:00:00.000000000Z,34,2,16192,68.97,69.29,68.95,68.97,25467,TRP
2026-05-18T17:00:00.000000000Z,34,2,5158,56.12,56.34,56.025,56.06,50823,ENB
2026-05-18T17:00:00.000000000Z,34,2,16192,68.955,69.24,68.935,68.955,17426,TRP
2026-05-18T18:00:00.000000000Z,34,2,16192,68.96,69.25,68.95,69.13,35999,TRP
2026-05-18T18:00:00.000000000Z,34,2,5158,56.06,56.31,56.06,56.26,50411,ENB
2026-05-18T19:00:00.000000000Z,34,2,5158,56.27,56.41,56.085,56.37,130314,ENB
2026-05-18T19:00:00.000000000Z,34,2,16192,69.12,69.46,69.015,69.32,213278,TRP
2026-05-18T20:00:00.000000000Z,34,2,16192,69.31,69.31,69.31,69.31,7,TRP
2026-05-18T22:00:00.000000000Z,34,2,5158,56.36,56.36,56.36,56.36,9,ENB
2026-05-18T23:00:00.000000000Z,34,2,5158,56.36,56.36,56.36,56.36,46,ENB
2026-05-19T11:00:00.000000000Z,34,2,5158,56.36,56.36,56.18,56.18,399,ENB
2026-05-19T12:00:00.000000000Z,34,2,5158,56.13,56.13,55.95,55.95,247,ENB
2026-05-19T12:00:00.000000000Z,34,2,16192,69.56,69.73,69.56,69.73,18,TRP
2026-05-19T13:00:00.000000000Z,34,2,5158,56.05,56.47,55.85,56.32,56318,ENB
2026-05-19T13:00:00.000000000Z,34,2,16192,69.24,69.41,68.74,68.99,24555,TRP
2026-05-19T14:00:00.000000000Z,34,2,16192,69.04,69.38,68.91,69.1,41039,TRP
2026-05-19T14:00:00.000000000Z,34,2,5158,56.31,56.72,56.25,56.51,85669,ENB
2026-05-19T15:00:00.000000000Z,34,2,16192,69.11,69.33,69.03,69.33,22723,TRP
2026-05-19T15:00:00.000000000Z,34,2,5158,56.53,56.68,56.43,56.68,45411,ENB
2026-05-19T16:00:00.000000000Z,34,2,5158,56.68,56.865,56.66,56.74,36339,ENB
2026-05-19T16:00:00.000000000Z,34,2,16192,69.325,69.58,69.3,69.48,14273,TRP
2026-05-19T17:00:00.000000000Z,34,2,16192,69.5,69.73,69.47,69.54,8818,TRP
2026-05-19T17:00:00.000000000Z,34,2,5158,56.75,56.9,56.71,56.775,26961,ENB
2026-05-19T18:00:00.000000000Z,34,2,5158,56.77,56.805,56.635,56.64,45454,ENB
2026-05-19T18:00:00.000000000Z,34,2,16192,69.53,69.61,69.33,69.34,22268,TRP
2026-05-19T19:00:00.000000000Z,34,2,16192,69.35,69.63,69.33,69.4,76992,TRP
2026-05-19T19:00:00.000000000Z,34,2,5158,56.65,57.01,56.65,56.79,176224,ENB
2026-05-19T20:00:00.000000000Z,34,2,5158,56.8,56.88,56.8,56.88,800,ENB
2026-05-19T22:00:00.000000000Z,34,2,5158,56.71,56.71,56.71,56.71,300,ENB
2026-05-20T08:00:00.000000000Z,34,2,5158,56.59,56.59,56.55,56.59,600,ENB
2026-05-20T09:00:00.000000000Z,34,2,16192,69.45,69.45,69.45,69.45,15,TRP
2026-05-20T11:00:00.000000000Z,34,2,5158,56.75,56.75,56.74,56.74,160,ENB
2026-05-20T13:00:00.000000000Z,34,2,16192,69.23,70.27,69.23,70.13,27734,TRP
2026-05-20T13:00:00.000000000Z,34,2,5158,56.8,57.49,56.8,57.4,51862,ENB
2026-05-20T14:00:00.000000000Z,34,2,16192,70.13,70.36,69.75,70.16,89184,TRP
2026-05-20T14:00:00.000000000Z,34,2,5158,57.395,57.395,56.87,57.14,70190,ENB
2026-05-20T15:00:00.000000000Z,34,2,16192,70.17,70.275,69.77,70.22,82255,TRP
2026-05-20T15:00:00.000000000Z,34,2,5158,57.16,57.18,56.82,57.12,53585,ENB
2026-05-20T16:00:00.000000000Z,34,2,5158,57.12,57.285,57.03,57.06,50018,ENB
2026-05-20T16:00:00.000000000Z,34,2,16192,70.23,70.54,70.145,70.28,59753,TRP
2026-05-20T17:00:00.000000000Z,34,2,16192,70.27,70.34,69.67,69.68,49738,TRP
2026-05-20T17:00:00.000000000Z,34,2,5158,57.05,57.1,56.83,56.84,49710,ENB
2026-05-20T18:00:00.000000000Z,34,2,16192,69.67,70.21,69.61,70.13,99129,TRP
2026-05-20T18:00:00.000000000Z,34,2,5158,56.845,57.165,56.785,57.14,51597,ENB
2026-05-20T19:00:00.000000000Z,34,2,16192,70.13,70.22,69.89,70.1,194441,TRP
2026-05-20T19:00:00.000000000Z,34,2,5158,57.135,57.24,57.08,57.1,152347,ENB
2026-05-21T09:00:00.000000000Z,34,2,5158,57.0,57.0,57.0,57.0,204,ENB
2026-05-21T10:00:00.000000000Z,34,2,5158,57.0,57.03,57.0,57.03,497,ENB
2026-05-21T10:00:00.000000000Z,34,2,16192,70.65,70.65,70.65,70.65,7,TRP
2026-05-21T11:00:00.000000000Z,34,2,5158,57.1,57.41,57.06,57.2,212,ENB
2026-05-21T13:00:00.000000000Z,34,2,16192,69.64,70.84,69.64,70.7,29226,TRP
2026-05-21T13:00:00.000000000Z,34,2,5158,57.205,57.74,57.08,57.72,41299,ENB
2026-05-21T14:00:00.000000000Z,34,2,16192,70.68,71.075,70.655,71.01,37392,TRP
2026-05-21T14:00:00.000000000Z,34,2,5158,57.72,57.86,57.585,57.83,41573,ENB
2026-05-21T15:00:00.000000000Z,34,2,16192,71.02,71.22,70.98,71.14,24217,TRP
2026-05-21T15:00:00.000000000Z,34,2,5158,57.8,57.97,57.73,57.95,39936,ENB
2026-05-21T16:00:00.000000000Z,34,2,5158,57.96,58.2,57.895,58.055,31222,ENB
2026-05-21T16:00:00.000000000Z,34,2,16192,71.14,71.39,71.06,71.215,29572,TRP
2026-05-21T17:00:00.000000000Z,34,2,5158,58.055,58.075,57.59,57.64,51670,ENB
2026-05-21T17:00:00.000000000Z,34,2,16192,71.22,71.32,70.51,70.57,113877,TRP
2026-05-21T18:00:00.000000000Z,34,2,16192,70.58,70.7,70.39,70.435,42282,TRP
2026-05-21T18:00:00.000000000Z,34,2,5158,57.64,57.75,57.55,57.61,34705,ENB
2026-05-21T19:00:00.000000000Z,34,2,16192,70.435,70.92,70.42,70.57,114236,TRP
2026-05-21T19:00:00.000000000Z,34,2,5158,57.61,57.905,57.57,57.785,68239,ENB
2026-05-21T20:00:00.000000000Z,34,2,5158,57.8,57.8,57.8,57.8,58,ENB
2026-05-21T21:00:00.000000000Z,34,2,5158,57.75,57.75,57.75,57.75,1,ENB
2026-05-21T22:00:00.000000000Z,34,2,5158,57.74,57.74,57.74,57.74,80,ENB
2026-05-22T08:00:00.000000000Z,34,2,5158,57.63,57.63,57.63,57.63,5,ENB
2026-05-22T09:00:00.000000000Z,34,2,5158,57.82,57.82,57.82,57.82,8,ENB
2026-05-22T11:00:00.000000000Z,34,2,5158,58.06,58.08,58.0,58.0,172,ENB
2026-05-22T12:00:00.000000000Z,34,2,5158,57.82,57.94,57.81,57.94,451,ENB
2026-05-22T13:00:00.000000000Z,34,2,16192,70.73,71.47,70.51,71.41,21565,TRP
2026-05-22T13:00:00.000000000Z,34,2,5158,57.73,58.44,57.71,58.39,42689,ENB
2026-05-22T14:00:00.000000000Z,34,2,16192,71.37,71.37,70.5,70.58,94655,TRP
2026-05-22T14:00:00.000000000Z,34,2,5158,58.38,58.4,57.88,57.895,74631,ENB
2026-05-22T15:00:00.000000000Z,34,2,16192,70.56,70.78,70.32,70.76,56415,TRP
2026-05-22T15:00:00.000000000Z,34,2,5158,57.9,58.08,57.73,58.08,30154,ENB
2026-05-22T16:00:00.000000000Z,34,2,16192,70.75,70.815,70.53,70.535,44111,TRP
2026-05-22T16:00:00.000000000Z,34,2,5158,58.06,58.08,57.905,57.91,18729,ENB
2026-05-22T17:00:00.000000000Z,34,2,5158,57.9,58.06,57.86,58.06,22808,ENB
2026-05-22T17:00:00.000000000Z,34,2,16192,70.55,70.82,70.54,70.74,36817,TRP
2026-05-22T18:00:00.000000000Z,34,2,16192,70.75,70.86,70.56,70.68,75929,TRP
2026-05-22T18:00:00.000000000Z,34,2,5158,58.07,58.16,58.0,58.02,21315,ENB
2026-05-22T19:00:00.000000000Z,34,2,16192,70.67,70.92,70.65,70.9,153799,TRP
2026-05-22T19:00:00.000000000Z,34,2,5158,58.015,58.195,57.925,58.055,100263,ENB
2026-05-22T20:00:00.000000000Z,34,2,5158,58.04,58.04,58.04,58.04,10,ENB
2026-05-22T21:00:00.000000000Z,34,2,5158,58.02,58.04,58.02,58.04,530,ENB
2026-05-22T23:00:00.000000000Z,34,2,5158,58.04,58.04,58.04,58.04,100,ENB
2026-05-26T11:00:00.000000000Z,34,2,5158,57.89,57.89,57.83,57.83,118,ENB
2026-05-26T12:00:00.000000000Z,34,2,5158,57.77,57.8,57.76,57.8,391,ENB
2026-05-26T13:00:00.000000000Z,34,2,5158,57.6,57.71,57.11,57.21,44440,ENB
2026-05-26T13:00:00.000000000Z,34,2,16192,70.54,70.68,69.88,69.88,21374,TRP
2026-05-26T14:00:00.000000000Z,34,2,16192,69.86,69.89,69.4,69.525,55210,TRP
2026-05-26T14:00:00.000000000Z,34,2,5158,57.2,57.235,56.78,57.0,48946,ENB
2026-05-26T15:00:00.000000000Z,34,2,16192,69.535,69.69,69.38,69.4,40177,TRP
2026-05-26T15:00:00.000000000Z,34,2,5158,57.0,57.145,56.87,56.91,31592,ENB
2026-05-26T16:00:00.000000000Z,34,2,16192,69.43,69.44,69.13,69.165,25680,TRP
2026-05-26T16:00:00.000000000Z,34,2,5158,56.915,56.99,56.83,56.835,17563,ENB
2026-05-26T17:00:00.000000000Z,34,2,16192,69.16,69.34,69.13,69.28,23144,TRP
2026-05-26T17:00:00.000000000Z,34,2,5158,56.84,56.96,56.79,56.935,19943,ENB
2026-05-26T18:00:00.000000000Z,34,2,5158,56.92,57.03,56.735,56.77,23207,ENB
2026-05-26T18:00:00.000000000Z,34,2,16192,69.285,69.46,69.17,69.19,29759,TRP
2026-05-26T19:00:00.000000000Z,34,2,16192,69.2,69.68,69.2,69.55,105503,TRP
2026-05-26T19:00:00.000000000Z,34,2,5158,56.78,57.13,56.74,57.015,107416,ENB
2026-05-26T21:00:00.000000000Z,34,2,5158,57.0,57.0,57.0,57.0,2,ENB
2026-05-27T11:00:00.000000000Z,34,2,5158,57.14,57.14,57.14,57.14,10,ENB
2026-05-27T12:00:00.000000000Z,34,2,5158,56.87,56.87,56.29,56.29,139,ENB
2026-05-27T12:00:00.000000000Z,34,2,16192,69.01,69.01,69.01,69.01,200,TRP
2026-05-27T13:00:00.000000000Z,34,2,16192,68.95,68.95,68.335,68.48,101593,TRP
2026-05-27T13:00:00.000000000Z,34,2,5158,56.31,56.755,56.12,56.57,62291,ENB
2026-05-27T14:00:00.000000000Z,34,2,5158,56.55,56.55,56.1,56.455,52568,ENB
2026-05-27T14:00:00.000000000Z,34,2,16192,68.46,68.5,67.95,68.45,87685,TRP
2026-05-27T15:00:00.000000000Z,34,2,16192,68.45,68.85,68.45,68.77,118179,TRP
2026-05-27T15:00:00.000000000Z,34,2,5158,56.46,56.755,56.46,56.71,28617,ENB
2026-05-27T16:00:00.000000000Z,34,2,16192,68.76,68.88,68.61,68.69,31833,TRP
2026-05-27T16:00:00.000000000Z,34,2,5158,56.73,56.745,56.51,56.53,19591,ENB
2026-05-27T17:00:00.000000000Z,34,2,5158,56.52,56.675,56.52,56.545,17377,ENB
2026-05-27T17:00:00.000000000Z,34,2,16192,68.7,68.82,68.67,68.74,18159,TRP
2026-05-27T18:00:00.000000000Z,34,2,16192,68.735,68.74,68.5,68.6,18195,TRP
2026-05-27T18:00:00.000000000Z,34,2,5158,56.54,56.54,56.355,56.36,16933,ENB
2026-05-27T19:00:00.000000000Z,34,2,16192,68.59,68.68,68.08,68.2,134647,TRP
2026-05-27T19:00:00.000000000Z,34,2,5158,56.36,56.42,56.12,56.165,84939,ENB
2026-05-27T20:00:00.000000000Z,34,2,5158,56.24,56.24,56.24,56.24,100,ENB
2026-05-27T20:00:00.000000000Z,34,2,16192,68.2,68.71,68.2,68.71,76,TRP
2026-05-27T21:00:00.000000000Z,34,2,5158,56.25,56.25,56.25,56.25,5,ENB
2026-05-28T08:00:00.000000000Z,34,2,5158,56.4,56.4,56.4,56.4,50,ENB
2026-05-28T09:00:00.000000000Z,34,2,5158,56.1,56.1,56.1,56.1,24,ENB
2026-05-28T13:00:00.000000000Z,34,2,16192,68.49,68.53,68.15,68.31,32510,TRP
2026-05-28T13:00:00.000000000Z,34,2,5158,56.19,56.47,56.12,56.16,27419,ENB
2026-05-28T14:00:00.000000000Z,34,2,5158,56.16,56.31,55.99,56.085,82676,ENB
2026-05-28T14:00:00.000000000Z,34,2,16192,68.32,68.34,67.87,68.04,69487,TRP
2026-05-28T15:00:00.000000000Z,34,2,16192,68.04,68.12,67.9,67.98,18612,TRP
2026-05-28T15:00:00.000000000Z,34,2,5158,56.09,56.15,55.98,56.08,31803,ENB
2026-05-28T16:00:00.000000000Z,34,2,5158,56.1,56.17,56.02,56.1,22695,ENB
2026-05-28T16:00:00.000000000Z,34,2,16192,67.98,68.02,67.72,67.79,24396,TRP
2026-05-28T17:00:00.000000000Z,34,2,5158,56.1,56.1,55.78,55.805,29152,ENB
2026-05-28T17:00:00.000000000Z,34,2,16192,67.8,67.82,67.51,67.58,15177,TRP
2026-05-28T18:00:00.000000000Z,34,2,16192,67.57,67.79,67.45,67.45,41352,TRP
2026-05-28T18:00:00.000000000Z,34,2,5158,55.8,55.84,55.51,55.56,37466,ENB
2026-05-28T19:00:00.000000000Z,34,2,5158,55.57,55.62,55.51,55.56,91006,ENB
2026-05-28T19:00:00.000000000Z,34,2,16192,67.45,67.635,67.4,67.62,85658,TRP
2026-05-28T20:00:00.000000000Z,34,2,16192,67.32,67.32,67.32,67.32,9,TRP
2026-05-28T21:00:00.000000000Z,34,2,5158,55.67,55.67,55.67,55.67,30,ENB
2026-05-29T08:00:00.000000000Z,34,2,5158,54.74,54.74,54.74,54.74,3,ENB
2026-05-29T11:00:00.000000000Z,34,2,5158,55.49,55.5,55.49,55.49,38,ENB
2026-05-29T12:00:00.000000000Z,34,2,16192,67.33,67.33,67.33,67.33,200,TRP
2026-05-29T12:00:00.000000000Z,34,2,5158,55.5,55.5,55.39,55.39,104,ENB
2026-05-29T13:00:00.000000000Z,34,2,16192,67.33,67.55,66.75,66.75,22935,TRP
2026-05-29T13:00:00.000000000Z,34,2,5158,55.4,55.66,55.04,55.04,36424,ENB
2026-05-29T14:00:00.000000000Z,34,2,16192,66.73,67.18,66.69,67.14,76199,TRP
2026-05-29T14:00:00.000000000Z,34,2,5158,55.04,55.37,55.0,55.32,41848,ENB
2026-05-29T15:00:00.000000000Z,34,2,5158,55.31,55.31,54.78,54.88,40050,ENB
2026-05-29T15:00:00.000000000Z,34,2,16192,67.14,67.15,66.27,66.605,138442,TRP
2026-05-29T16:00:00.000000000Z,34,2,5158,54.885,54.9,54.71,54.785,23135,ENB
2026-05-29T16:00:00.000000000Z,34,2,16192,66.605,66.62,66.39,66.5,48055,TRP
2026-05-29T17:00:00.000000000Z,34,2,16192,66.495,66.64,66.285,66.42,49017,TRP
2026-05-29T17:00:00.000000000Z,34,2,5158,54.785,54.88,54.74,54.77,17145,ENB
2026-05-29T18:00:00.000000000Z,34,2,5158,54.76,54.92,54.68,54.81,20154,ENB
2026-05-29T18:00:00.000000000Z,34,2,16192,66.41,66.83,66.39,66.745,55220,TRP
2026-05-29T19:00:00.000000000Z,34,2,5158,54.79,54.83,54.665,54.745,158225,ENB
2026-05-29T19:00:00.000000000Z,34,2,16192,66.73,66.79,66.49,66.64,149326,TRP
2026-05-29T20:00:00.000000000Z,34,2,5158,54.75,54.75,54.75,54.75,174,ENB
2026-05-29T20:00:00.000000000Z,34,2,16192,66.75,66.78,66.75,66.78,2,TRP
2026-05-29T21:00:00.000000000Z,34,2,5158,54.74,54.75,54.7,54.7,200,ENB
2026-05-29T21:00:00.000000000Z,34,2,16192,66.16,66.16,66.16,66.16,1,TRP
2026-06-01T08:00:00.000000000Z,34,2,16192,66.78,66.78,66.78,66.78,18,TRP
2026-06-01T11:00:00.000000000Z,34,2,5158,54.9,54.91,54.86,54.91,538,ENB
2026-06-01T12:00:00.000000000Z,34,2,5158,54.83,54.83,54.83,54.83,1,ENB
2026-06-01T12:00:00.000000000Z,34,2,16192,66.76,66.77,66.76,66.77,400,TRP
2026-06-01T13:00:00.000000000Z,34,2,16192,66.55,66.815,66.465,66.73,18557,TRP
2026-06-01T13:00:00.000000000Z,34,2,5158,54.82,55.04,54.6,55.0,30752,ENB
2026-06-01T14:00:00.000000000Z,34,2,5158,55.0,55.33,54.91,55.27,77714,ENB
2026-06-01T14:00:00.000000000Z,34,2,16192,66.72,66.99,66.63,66.83,68908,TRP
2026-06-01T15:00:00.000000000Z,34,2,16192,66.82,66.855,66.33,66.53,31807,TRP
2026-06-01T15:00:00.000000000Z,34,2,5158,55.27,55.335,54.955,55.08,194647,ENB
2026-06-01T16:00:00.000000000Z,34,2,5158,55.08,55.21,55.05,55.08,64988,ENB
2026-06-01T16:00:00.000000000Z,34,2,16192,66.52,66.63,66.44,66.49,18077,TRP
2026-06-01T17:00:00.000000000Z,34,2,16192,66.49,66.63,66.42,66.53,30305,TRP
2026-06-01T17:00:00.000000000Z,34,2,5158,55.08,55.3,55.035,55.21,190951,ENB
2026-06-01T18:00:00.000000000Z,34,2,5158,55.21,55.235,54.99,55.05,46559,ENB
2026-06-01T18:00:00.000000000Z,34,2,16192,66.52,66.57,66.28,66.41,27402,TRP
2026-06-01T19:00:00.000000000Z,34,2,5158,55.055,55.18,54.915,54.94,122114,ENB
2026-06-01T19:00:00.000000000Z,34,2,16192,66.42,66.57,65.99,66.14,210511,TRP
2026-06-01T21:00:00.000000000Z,34,2,5158,54.94,55.04,54.94,55.04,22,ENB
2026-06-01T22:00:00.000000000Z,34,2,5158,55.21,55.21,55.21,55.21,10,ENB
2026-06-02T08:00:00.000000000Z,34,2,5158,54.4,54.4,54.4,54.4,6,ENB
2026-06-02T09:00:00.000000000Z,34,2,5158,55.2,55.2,55.2,55.2,31,ENB
2026-06-02T10:00:00.000000000Z,34,2,5158,55.26,55.26,55.25,55.25,15,ENB
2026-06-02T11:00:00.000000000Z,34,2,5158,55.15,55.15,55.15,55.15,1,ENB
2026-06-02T12:00:00.000000000Z,34,2,5158,55.5,55.5,55.1,55.1,132,ENB
2026-06-02T13:00:00.000000000Z,34,2,16192,66.34,67.48,66.34,67.25,28685,TRP
2026-06-02T13:00:00.000000000Z,34,2,5158,55.33,55.91,55.33,55.58,36788,ENB
2026-06-02T14:00:00.000000000Z,34,2,16192,67.24,68.01,67.16,67.75,43211,TRP
2026-06-02T14:00:00.000000000Z,34,2,5158,55.57,55.94,55.45,55.71,54702,ENB
2026-06-02T15:00:00.000000000Z,34,2,16192,67.715,67.78,67.53,67.67,25883,TRP
2026-06-02T15:00:00.000000000Z,34,2,5158,55.73,56.06,55.71,55.98,51187,ENB
2026-06-02T16:00:00.000000000Z,34,2,5158,55.96,56.31,55.96,56.26,27470,ENB
2026-06-02T16:00:00.000000000Z,34,2,16192,67.66,68.35,67.63,68.28,51454,TRP
2026-06-02T17:00:00.000000000Z,34,2,16192,68.27,68.29,68.07,68.13,19606,TRP
2026-06-02T17:00:00.000000000Z,34,2,5158,56.255,56.255,56.11,56.19,26478,ENB
2026-06-02T18:00:00.000000000Z,34,2,16192,68.13,68.39,68.09,68.38,14418,TRP
2026-06-02T18:00:00.000000000Z,34,2,5158,56.19,56.445,56.17,56.42,20620,ENB
2026-06-02T19:00:00.000000000Z,34,2,5158,56.42,56.44,56.2,56.32,72882,ENB
2026-06-02T19:00:00.000000000Z,34,2,16192,68.39,68.41,67.97,68.02,138897,TRP
2026-06-02T20:00:00.000000000Z,34,2,5158,56.32,56.32,56.32,56.32,41,ENB
2026-06-02T21:00:00.000000000Z,34,2,5158,56.34,56.39,56.34,56.39,60,ENB
2026-06-02T22:00:00.000000000Z,34,2,5158,56.39,56.39,56.39,56.39,1,ENB
2026-06-03T12:00:00.000000000Z,34,2,16192,68.27,68.27,68.27,68.27,30,TRP
2026-06-03T12:00:00.000000000Z,34,2,5158,56.4,56.4,56.4,56.4,44,ENB
2026-06-03T13:00:00.000000000Z,34,2,5158,56.4,56.85,56.4,56.74,55938,ENB
2026-06-03T13:00:00.000000000Z,34,2,16192,67.78,68.65,67.78,68.6,14138,TRP
2026-06-03T14:00:00.000000000Z,34,2,16192,68.61,68.92,68.43,68.5,49486,TRP
2026-06-03T14:00:00.000000000Z,34,2,5158,56.78,56.93,56.64,56.72,34832,ENB
2026-06-03T15:00:00.000000000Z,34,2,16192,68.49,68.76,68.35,68.59,31097,TRP
2026-06-03T15:00:00.000000000Z,34,2,5158,56.715,57.0,56.69,56.745,39163,ENB
2026-06-03T16:00:00.000000000Z,34,2,5158,56.75,56.78,56.535,56.57,20912,ENB
2026-06-03T16:00:00.000000000Z,34,2,16192,68.59,68.79,68.58,68.66,18765,TRP
2026-06-03T17:00:00.000000000Z,34,2,16192,68.66,68.81,68.55,68.6,37139,TRP
2026-06-03T17:00:00.000000000Z,34,2,5158,56.59,56.68,56.46,56.47,24091,ENB
2026-06-03T18:00:00.000000000Z,34,2,5158,56.46,56.47,56.215,56.315,27387,ENB
2026-06-03T18:00:00.000000000Z,34,2,16192,68.6,68.6,68.045,68.24,136964,TRP
2026-06-03T19:00:00.000000000Z,34,2,16192,68.24,68.3,67.68,67.81,149747,TRP
2026-06-03T19:00:00.000000000Z,34,2,5158,56.3,56.34,55.805,55.81,188709,ENB
2026-06-03T20:00:00.000000000Z,34,2,16192,68.08,68.08,68.08,68.08,45,TRP
2026-06-03T21:00:00.000000000Z,34,2,5158,55.88,55.88,55.88,55.88,10,ENB
2026-06-03T22:00:00.000000000Z,34,2,5158,56.31,56.32,56.01,56.02,34,ENB
2026-06-04T12:00:00.000000000Z,34,2,16192,67.05,67.05,67.05,67.05,2,TRP
2026-06-04T12:00:00.000000000Z,34,2,5158,55.76,55.8,55.76,55.8,552,ENB
2026-06-04T13:00:00.000000000Z,34,2,5158,55.79,56.35,55.79,56.17,43970,ENB
2026-06-04T13:00:00.000000000Z,34,2,16192,67.96,68.08,67.8,67.83,26292,TRP
2026-06-04T14:00:00.000000000Z,34,2,16192,67.85,68.38,67.82,68.35,24526,TRP
2026-06-04T14:00:00.000000000Z,34,2,5158,56.17,56.44,56.15,56.42,39172,ENB
2026-06-04T15:00:00.000000000Z,34,2,16192,68.33,68.53,67.97,68.49,22865,TRP
2026-06-04T15:00:00.000000000Z,34,2,5158,56.42,56.54,56.16,56.505,21405,ENB
2026-06-04T16:00:00.000000000Z,34,2,5158,56.5,56.575,56.41,56.47,11389,ENB
2026-06-04T16:00:00.000000000Z,34,2,16192,68.49,68.6,68.35,68.6,82360,TRP
2026-06-04T17:00:00.000000000Z,34,2,16192,68.61,68.85,68.58,68.83,50464,TRP
2026-06-04T17:00:00.000000000Z,34,2,5158,56.49,56.58,56.43,56.58,21352,ENB
2026-06-04T18:00:00.000000000Z,34,2,5158,56.55,56.9,56.545,56.81,18419,ENB
2026-06-04T18:00:00.000000000Z,34,2,16192,68.83,69.22,68.81,69.15,47710,TRP
2026-06-04T19:00:00.000000000Z,34,2,16192,69.155,69.19,68.76,68.95,129948,TRP
2026-06-04T19:00:00.000000000Z,34,2,5158,56.82,56.84,56.635,56.74,69491,ENB
2026-06-04T20:00:00.000000000Z,34,2,16192,69.5,69.5,68.84,68.84,33,TRP
2026-06-05T08:00:00.000000000Z,34,2,5158,56.59,56.59,56.59,56.59,2,ENB
2026-06-05T11:00:00.000000000Z,34,2,16192,69.21,69.21,69.21,69.21,10,TRP
2026-06-05T13:00:00.000000000Z,34,2,16192,68.66,69.02,68.37,68.92,15647,TRP
2026-06-05T13:00:00.000000000Z,34,2,5158,56.73,56.89,56.49,56.82,32263,ENB
2026-06-05T14:00:00.000000000Z,34,2,5158,56.8,57.02,56.51,57.0,37965,ENB
2026-06-05T14:00:00.000000000Z,34,2,16192,68.9,69.64,68.875,69.55,45914,TRP
2026-06-05T15:00:00.000000000Z,34,2,16192,69.56,69.67,68.97,68.985,37836,TRP
2026-06-05T15:00:00.000000000Z,34,2,5158,57.01,57.035,56.46,56.47,28538,ENB
2026-06-05T16:00:00.000000000Z,34,2,5158,56.49,56.67,56.44,56.625,26000,ENB
2026-06-05T16:00:00.000000000Z,34,2,16192,69.02,69.21,68.9,69.13,24512,TRP
2026-06-05T17:00:00.000000000Z,34,2,16192,69.14,69.29,69.02,69.13,21659,TRP
2026-06-05T17:00:00.000000000Z,34,2,5158,56.63,56.715,56.55,56.62,23400,ENB
2026-06-05T18:00:00.000000000Z,34,2,16192,69.125,69.19,69.03,69.06,28957,TRP
2026-06-05T18:00:00.000000000Z,34,2,5158,56.62,56.745,56.58,56.615,30239,ENB
2026-06-05T19:00:00.000000000Z,34,2,5158,56.62,56.62,56.295,56.305,73301,ENB
2026-06-05T19:00:00.000000000Z,34,2,16192,69.06,69.08,68.675,68.69,99905,TRP
2026-06-05T21:00:00.000000000Z,34,2,5158,56.33,56.38,56.3,56.38,41,ENB
2026-06-05T22:00:00.000000000Z,34,2,5158,56.25,56.25,56.25,56.25,51,ENB
2026-06-08T08:00:00.000000000Z,34,2,5158,56.63,56.63,56.63,56.63,1,ENB
2026-06-08T09:00:00.000000000Z,34,2,5158,56.41,56.41,56.41,56.41,200,ENB
2026-06-08T10:00:00.000000000Z,34,2,5158,56.41,56.41,56.37,56.37,16,ENB
2026-06-08T11:00:00.000000000Z,34,2,16192,69.33,69.33,69.33,69.33,1,TRP
2026-06-08T11:00:00.000000000Z,34,2,5158,56.37,56.54,56.37,56.54,403,ENB
2026-06-08T13:00:00.000000000Z,34,2,16192,68.76,69.535,68.72,69.17,26304,TRP
2026-06-08T13:00:00.000000000Z,34,2,5158,56.48,56.7,56.33,56.55,46985,ENB
2026-06-08T14:00:00.000000000Z,34,2,16192,69.16,69.235,68.68,68.83,58657,TRP
2026-06-08T14:00:00.000000000Z,34,2,5158,56.52,56.54,55.92,56.01,40881,ENB
2026-06-08T15:00:00.000000000Z,34,2,16192,68.84,68.965,68.58,68.58,28553,TRP
2026-06-08T15:00:00.000000000Z,34,2,5158,56.015,56.1,55.855,55.86,21860,ENB
2026-06-08T16:00:00.000000000Z,34,2,5158,55.86,55.9,55.6,55.62,19844,ENB
2026-06-08T16:00:00.000000000Z,34,2,16192,68.62,68.65,68.4,68.41,19403,TRP
2026-06-08T17:00:00.000000000Z,34,2,16192,68.42,68.5,68.04,68.14,38763,TRP
2026-06-08T17:00:00.000000000Z,34,2,5158,55.615,55.68,55.42,55.49,29968,ENB
2026-06-08T18:00:00.000000000Z,34,2,16192,68.15,68.51,68.15,68.33,32827,TRP
2026-06-08T18:00:00.000000000Z,34,2,5158,55.5,55.68,55.405,55.42,102961,ENB
2026-06-08T19:00:00.000000000Z,34,2,16192,68.34,68.37,68.1,68.24,75650,TRP
2026-06-08T19:00:00.000000000Z,34,2,5158,55.42,55.48,55.34,55.34,87227,ENB
2026-06-08T21:00:00.000000000Z,34,2,16192,67.78,67.78,67.78,67.78,12,TRP
2026-06-08T22:00:00.000000000Z,34,2,5158,55.38,55.38,55.38,55.38,3,ENB
2026-06-09T10:00:00.000000000Z,34,2,5158,55.32,55.32,55.32,55.32,1,ENB
2026-06-09T11:00:00.000000000Z,34,2,5158,55.3,55.3,55.3,55.3,1,ENB
2026-06-09T13:00:00.000000000Z,34,2,5158,55.28,55.48,54.95,54.95,45860,ENB
2026-06-09T13:00:00.000000000Z,34,2,16192,67.68,68.46,67.52,67.65,36540,TRP
2026-06-09T14:00:00.000000000Z,34,2,16192,67.65,68.07,67.65,67.77,49932,TRP
2026-06-09T14:00:00.000000000Z,34,2,5158,54.99,55.18,54.88,54.97,69032,ENB
2026-06-09T15:00:00.000000000Z,34,2,16192,67.76,68.22,67.75,67.995,23503,TRP
2026-06-09T15:00:00.000000000Z,34,2,5158,54.96,55.35,54.96,55.2,33687,ENB
2026-06-09T16:00:00.000000000Z,34,2,5158,55.19,55.585,55.06,55.43,66112,ENB
2026-06-09T16:00:00.000000000Z,34,2,16192,67.99,68.61,67.86,68.42,38469,TRP
2026-06-09T17:00:00.000000000Z,34,2,16192,68.42,68.52,68.05,68.13,20714,TRP
2026-06-09T17:00:00.000000000Z,34,2,5158,55.435,55.545,55.32,55.4,42145,ENB
2026-06-09T18:00:00.000000000Z,34,2,16192,68.14,68.19,67.95,68.05,23965,TRP
2026-06-09T18:00:00.000000000Z,34,2,5158,55.41,55.45,55.3,55.34,16761,ENB
2026-06-09T19:00:00.000000000Z,34,2,16192,68.06,68.26,67.89,68.18,65408,TRP
2026-06-09T19:00:00.000000000Z,34,2,5158,55.35,55.555,55.31,55.55,77249,ENB
2026-06-09T20:00:00.000000000Z,34,2,5158,55.49,55.5,55.49,55.5,316,ENB
2026-06-09T23:00:00.000000000Z,34,2,5158,55.47,55.47,55.47,55.47,40,ENB
2026-06-10T09:00:00.000000000Z,34,2,5158,55.48,55.48,55.48,55.48,5,ENB
2026-06-10T13:00:00.000000000Z,34,2,5158,55.855,56.05,55.76,55.975,42504,ENB
2026-06-10T13:00:00.000000000Z,34,2,16192,67.86,68.42,67.75,68.1,33080,TRP
2026-06-10T14:00:00.000000000Z,34,2,5158,55.97,56.39,55.93,56.34,59553,ENB
2026-06-10T14:00:00.000000000Z,34,2,16192,68.09,68.68,68.07,68.65,49723,TRP
2026-06-10T15:00:00.000000000Z,34,2,16192,68.63,68.93,68.63,68.865,21396,TRP
2026-06-10T15:00:00.000000000Z,34,2,5158,56.34,56.53,56.31,56.47,46741,ENB
2026-06-10T16:00:00.000000000Z,34,2,5158,56.46,56.54,56.34,56.37,17110,ENB
2026-06-10T16:00:00.000000000Z,34,2,16192,68.95,69.0,68.64,68.825,26446,TRP
2026-06-10T17:00:00.000000000Z,34,2,16192,68.84,69.13,68.84,69.03,27840,TRP
2026-06-10T17:00:00.000000000Z,34,2,5158,56.38,56.55,56.37,56.55,26715,ENB
2026-06-10T18:00:00.000000000Z,34,2,5158,56.55,56.655,56.53,56.57,30432,ENB
2026-06-10T18:00:00.000000000Z,34,2,16192,69.05,69.2,69.05,69.09,28360,TRP
2026-06-10T19:00:00.000000000Z,34,2,16192,69.1,69.1,68.77,68.8,82524,TRP
2026-06-10T19:00:00.000000000Z,34,2,5158,56.57,56.595,56.42,56.45,127810,ENB
2026-06-10T20:00:00.000000000Z,34,2,16192,68.27,69.29,68.27,69.29,14,TRP
2026-06-10T21:00:00.000000000Z,34,2,5158,56.45,56.45,56.45,56.45,13,ENB
2026-06-10T22:00:00.000000000Z,34,2,5158,56.45,56.48,56.45,56.48,278,ENB
2026-06-10T23:00:00.000000000Z,34,2,16192,69.57,69.57,69.57,69.57,4,TRP
2026-06-11T12:00:00.000000000Z,34,2,5158,56.52,56.52,56.52,56.52,100,ENB
2026-06-11T13:00:00.000000000Z,34,2,16192,69.33,69.56,69.11,69.3,34284,TRP
2026-06-11T13:00:00.000000000Z,34,2,5158,56.53,56.97,56.53,56.74,43478,ENB
2026-06-11T14:00:00.000000000Z,34,2,5158,56.74,56.9,56.715,56.79,43708,ENB
2026-06-11T14:00:00.000000000Z,34,2,16192,69.33,69.81,69.31,69.7,30359,TRP
2026-06-11T15:00:00.000000000Z,34,2,16192,69.715,69.82,69.47,69.55,13305,TRP
2026-06-11T15:00:00.000000000Z,34,2,5158,56.79,56.91,56.71,56.795,30049,ENB
2026-06-11T16:00:00.000000000Z,34,2,5158,56.8,56.815,56.69,56.75,22511,ENB
2026-06-11T16:00:00.000000000Z,34,2,16192,69.57,69.6,69.455,69.49,12140,TRP
2026-06-11T17:00:00.000000000Z,34,2,16192,69.5,69.67,69.2,69.64,78689,TRP
2026-06-11T17:00:00.000000000Z,34,2,5158,56.76,56.945,56.59,56.86,124163,ENB
2026-06-11T18:00:00.000000000Z,34,2,5158,56.87,56.955,56.775,56.82,61231,ENB
2026-06-11T18:00:00.000000000Z,34,2,16192,69.64,69.81,69.61,69.66,39119,TRP
2026-06-11T19:00:00.000000000Z,34,2,5158,56.83,56.94,56.45,56.47,147643,ENB
2026-06-11T19:00:00.000000000Z,34,2,16192,69.66,69.79,69.3,69.32,94550,TRP
2026-06-11T21:00:00.000000000Z,34,2,5158,56.41,56.41,56.41,56.41,20,ENB
2026-06-11T22:00:00.000000000Z,34,2,5158,56.41,56.41,56.4,56.4,30,ENB
2026-06-12T13:00:00.000000000Z,34,2,16192,69.27,69.95,69.09,69.95,22332,TRP
2026-06-12T13:00:00.000000000Z,34,2,5158,56.21,56.755,56.21,56.69,49676,ENB
2026-06-12T14:00:00.000000000Z,34,2,5158,56.7,56.99,56.68,56.88,92848,ENB
2026-06-12T14:00:00.000000000Z,34,2,16192,69.97,70.32,69.93,70.07,43485,TRP
2026-06-12T15:00:00.000000000Z,34,2,5158,56.905,56.93,56.695,56.82,51495,ENB
2026-06-12T15:00:00.000000000Z,34,2,16192,70.09,70.35,70.0,70.27,36082,TRP
2026-06-12T16:00:00.000000000Z,34,2,5158,56.82,56.84,56.375,56.42,37420,ENB
2026-06-12T16:00:00.000000000Z,34,2,16192,70.26,70.265,69.65,69.7,46270,TRP
2026-06-12T17:00:00.000000000Z,34,2,5158,56.42,56.57,56.395,56.4,28745,ENB
2026-06-12T17:00:00.000000000Z,34,2,16192,69.68,69.85,69.49,69.52,26294,TRP
2026-06-12T18:00:00.000000000Z,34,2,5158,56.42,56.64,56.345,56.63,30346,ENB
2026-06-12T18:00:00.000000000Z,34,2,16192,69.525,69.87,69.47,69.85,29043,TRP
2026-06-12T19:00:00.000000000Z,34,2,5158,56.62,56.69,56.435,56.51,87409,ENB
2026-06-12T19:00:00.000000000Z,34,2,16192,69.845,69.96,69.31,69.395,102807,TRP
2026-06-12T23:00:00.000000000Z,34,2,16192,69.34,69.34,69.34,69.34,5,TRP
2026-06-15T08:00:00.000000000Z,34,2,5158,56.5,56.5,56.5,56.5,64,ENB
2026-06-15T10:00:00.000000000Z,34,2,5158,56.8,56.8,56.8,56.8,20,ENB
2026-06-15T11:00:00.000000000Z,34,2,16192,69.22,69.22,68.21,68.21,34,TRP
2026-06-15T11:00:00.000000000Z,34,2,5158,56.62,56.62,56.33,56.33,1098,ENB
2026-06-15T12:00:00.000000000Z,34,2,5158,56.3,56.3,56.22,56.22,4,ENB
2026-06-15T13:00:00.000000000Z,34,2,16192,68.15,68.43,67.75,68.125,41352,TRP
2026-06-15T13:00:00.000000000Z,34,2,5158,56.38,56.38,55.44,55.63,51058,ENB
2026-06-15T14:00:00.000000000Z,34,2,16192,68.08,68.925,68.04,68.8,147627,TRP
2026-06-15T14:00:00.000000000Z,34,2,5158,55.63,56.13,55.54,56.06,62224,ENB
2026-06-15T15:00:00.000000000Z,34,2,16192,68.81,68.91,68.57,68.78,97675,TRP
2026-06-15T15:00:00.000000000Z,34,2,5158,56.05,56.08,55.77,55.8,24864,ENB
2026-06-15T16:00:00.000000000Z,34,2,5158,55.79,55.865,55.56,55.865,27353,ENB
2026-06-15T16:00:00.000000000Z,34,2,16192,68.76,69.05,68.515,69.05,48610,TRP
2026-06-15T17:00:00.000000000Z,34,2,5158,55.87,55.93,55.755,55.81,14273,ENB
2026-06-15T17:00:00.000000000Z,34,2,16192,69.04,69.135,68.88,68.98,26555,TRP
2026-06-15T18:00:00.000000000Z,34,2,5158,55.81,56.1,55.81,56.08,15840,ENB
2026-06-15T18:00:00.000000000Z,34,2,16192,68.98,69.44,68.98,69.38,36382,TRP
2026-06-15T19:00:00.000000000Z,34,2,5158,56.08,56.09,55.92,55.95,77132,ENB
2026-06-15T19:00:00.000000000Z,34,2,16192,69.38,69.42,69.06,69.06,92664,TRP
2026-06-15T22:00:00.000000000Z,34,2,5158,56.01,56.01,56.01,56.01,1,ENB
2026-06-15T23:00:00.000000000Z,34,2,16192,68.65,68.65,68.65,68.65,5,TRP
2026-06-15T23:00:00.000000000Z,34,2,5158,56.01,56.01,56.01,56.01,10,ENB
2026-06-16T08:00:00.000000000Z,34,2,5158,55.9,55.9,55.9,55.9,1,ENB
2026-06-16T10:00:00.000000000Z,34,2,16192,67.97,67.97,67.97,67.97,1,TRP
2026-06-16T10:00:00.000000000Z,34,2,5158,55.96,55.96,55.96,55.96,12,ENB
2026-06-16T12:00:00.000000000Z,34,2,5158,55.96,55.96,55.8,55.8,110,ENB
2026-06-16T13:00:00.000000000Z,34,2,16192,69.46,69.46,68.82,69.04,18746,TRP
2026-06-16T13:00:00.000000000Z,34,2,5158,55.78,56.1,55.78,55.84,24082,ENB
2026-06-16T14:00:00.000000000Z,34,2,16192,69.05,69.69,69.005,69.02,43948,TRP
2026-06-16T14:00:00.000000000Z,34,2,5158,55.83,56.21,55.73,55.77,64941,ENB
2026-06-16T15:00:00.000000000Z,34,2,5158,55.78,56.1,55.68,56.07,17372,ENB
2026-06-16T15:00:00.000000000Z,34,2,16192,69.01,69.44,68.78,69.44,36000,TRP
2026-06-16T16:00:00.000000000Z,34,2,5158,56.05,56.19,55.82,55.9,36188,ENB
2026-06-16T16:00:00.000000000Z,34,2,16192,69.44,69.78,69.24,69.31,49101,TRP
2026-06-16T17:00:00.000000000Z,34,2,16192,69.31,69.355,68.95,69.11,25447,TRP
2026-06-16T17:00:00.000000000Z,34,2,5158,55.925,55.955,55.69,55.74,22747,ENB
2026-06-16T18:00:00.000000000Z,34,2,16192,69.1,69.475,69.005,69.01,64596,TRP
2026-06-16T18:00:00.000000000Z,34,2,5158,55.71,55.9,55.675,55.69,26015,ENB
2026-06-16T19:00:00.000000000Z,34,2,5158,55.695,55.74,55.5,55.69,56895,ENB
2026-06-16T19:00:00.000000000Z,34,2,16192,69.0,69.1,68.58,68.93,133436,TRP
2026-06-16T20:00:00.000000000Z,34,2,5158,55.7,55.7,55.7,55.7,12,ENB
2026-06-16T21:00:00.000000000Z,34,2,5158,55.69,55.69,55.69,55.69,2,ENB
2026-06-17T08:00:00.000000000Z,34,2,5158,55.69,55.69,55.56,55.56,151,ENB
2026-06-17T11:00:00.000000000Z,34,2,16192,68.93,68.93,68.93,68.93,1,TRP
2026-06-17T12:00:00.000000000Z,34,2,5158,55.9,55.9,55.83,55.83,1165,ENB
2026-06-17T13:00:00.000000000Z,34,2,16192,68.92,68.92,68.13,68.43,33065,TRP
2026-06-17T13:00:00.000000000Z,34,2,5158,55.83,55.83,55.06,55.2,30416,ENB
2026-06-17T14:00:00.000000000Z,34,2,5158,55.21,55.41,55.055,55.18,51623,ENB
2026-06-17T14:00:00.000000000Z,34,2,16192,68.39,68.7,68.265,68.45,63948,TRP
2026-06-17T15:00:00.000000000Z,34,2,16192,68.5,68.56,68.225,68.39,12127,TRP
2026-06-17T15:00:00.000000000Z,34,2,5158,55.19,55.19,54.91,55.0,49239,ENB
2026-06-17T16:00:00.000000000Z,34,2,16192,68.37,68.4,68.155,68.26,17920,TRP
2026-06-17T16:00:00.000000000Z,34,2,5158,54.995,55.01,54.78,54.915,37775,ENB
2026-06-17T17:00:00.000000000Z,34,2,5158,54.915,55.02,54.7,54.91,38222,ENB
2026-06-17T17:00:00.000000000Z,34,2,16192,68.26,68.38,68.02,68.38,21287,TRP
2026-06-17T18:00:00.000000000Z,34,2,16192,68.39,68.59,68.13,68.41,59137,TRP
2026-06-17T18:00:00.000000000Z,34,2,5158,54.89,54.93,54.6,54.825,88196,ENB
2026-06-17T19:00:00.000000000Z,34,2,5158,54.82,54.85,54.37,54.47,177551,ENB
2026-06-17T19:00:00.000000000Z,34,2,16192,68.395,68.455,67.85,67.93,127973,TRP
2026-06-17T20:00:00.000000000Z,34,2,5158,54.87,54.87,54.87,54.87,15,ENB
2026-06-17T22:00:00.000000000Z,34,2,5158,55.0,55.0,55.0,55.0,18,ENB
2026-06-18T12:00:00.000000000Z,34,2,5158,54.49,54.49,54.49,54.49,80,ENB
2026-06-18T13:00:00.000000000Z,34,2,16192,67.71,67.85,67.28,67.8,38898,TRP
2026-06-18T13:00:00.000000000Z,34,2,5158,54.19,54.36,53.75,54.05,57429,ENB
2026-06-18T14:00:00.000000000Z,34,2,5158,54.05,54.31,53.86,54.19,42120,ENB
2026-06-18T14:00:00.000000000Z,34,2,16192,67.83,68.09,67.64,67.87,189815,TRP
2026-06-18T15:00:00.000000000Z,34,2,5158,54.205,54.475,54.035,54.36,31609,ENB
2026-06-18T15:00:00.000000000Z,34,2,16192,67.89,68.22,67.73,68.02,215241,TRP
2026-06-18T16:00:00.000000000Z,34,2,5158,54.35,54.595,54.35,54.56,27427,ENB
2026-06-18T16:00:00.000000000Z,34,2,16192,68.03,68.31,67.96,68.12,114695,TRP
2026-06-18T17:00:00.000000000Z,34,2,16192,68.11,68.15,67.57,67.6,68167,TRP
2026-06-18T17:00:00.000000000Z,34,2,5158,54.57,54.65,54.345,54.345,36059,ENB
2026-06-18T18:00:00.000000000Z,34,2,16192,67.58,68.035,67.52,67.9,167396,TRP
2026-06-18T18:00:00.000000000Z,34,2,5158,54.345,54.63,54.3,54.53,70933,ENB
2026-06-18T19:00:00.000000000Z,34,2,5158,54.53,54.595,54.28,54.55,152908,ENB
2026-06-18T19:00:00.000000000Z,34,2,16192,67.89,67.955,67.65,67.7,380854,TRP
2026-06-22T08:00:00.000000000Z,34,2,5158,54.83,54.83,54.41,54.41,29,ENB
2026-06-22T11:00:00.000000000Z,34,2,5158,54.35,54.35,54.35,54.35,15,ENB
2026-06-22T13:00:00.000000000Z,34,2,16192,68.17,68.27,67.79,67.8,16842,TRP
2026-06-22T13:00:00.000000000Z,34,2,5158,54.685,54.86,54.55,54.61,31823,ENB
2026-06-22T14:00:00.000000000Z,34,2,16192,67.75,68.39,67.45,68.29,34637,TRP
2026-06-22T14:00:00.000000000Z,34,2,5158,54.59,55.05,54.39,54.99,41873,ENB
2026-06-22T15:00:00.000000000Z,34,2,16192,68.295,68.41,67.945,68.03,34311,TRP
2026-06-22T15:00:00.000000000Z,34,2,5158,54.99,55.02,54.72,54.77,22444,ENB
2026-06-22T16:00:00.000000000Z,34,2,16192,68.01,68.59,68.01,68.4,27873,TRP
2026-06-22T16:00:00.000000000Z,34,2,5158,54.76,55.04,54.75,54.87,30644,ENB
2026-06-22T17:00:00.000000000Z,34,2,5158,54.86,55.03,54.85,55.01,28368,ENB
2026-06-22T17:00:00.000000000Z,34,2,16192,68.415,68.885,68.4,68.885,27773,TRP
2026-06-22T18:00:00.000000000Z,34,2,5158,55.01,55.01,54.92,54.96,20709,ENB
2026-06-22T18:00:00.000000000Z,34,2,16192,68.88,68.9,68.595,68.69,32508,TRP
2026-06-22T19:00:00.000000000Z,34,2,5158,54.975,54.98,54.695,54.82,113758,ENB
2026-06-22T19:00:00.000000000Z,34,2,16192,68.68,68.78,68.3,68.44,123078,TRP
2026-06-22T20:00:00.000000000Z,34,2,5158,54.82,54.82,54.82,54.82,10,ENB
2026-06-22T21:00:00.000000000Z,34,2,16192,68.1,68.1,68.1,68.1,2,TRP
2026-06-23T10:00:00.000000000Z,34,2,5158,55.04,55.11,55.04,55.11,135,ENB
2026-06-23T11:00:00.000000000Z,34,2,16192,67.75,68.87,67.75,68.87,7,TRP
2026-06-23T11:00:00.000000000Z,34,2,5158,54.33,54.78,54.33,54.78,32,ENB
2026-06-23T13:00:00.000000000Z,34,2,5158,54.69,55.06,54.62,54.91,95618,ENB
2026-06-23T13:00:00.000000000Z,34,2,16192,68.12,68.72,67.96,68.54,17785,TRP
2026-06-23T14:00:00.000000000Z,34,2,5158,54.92,55.26,54.87,55.17,30116,ENB
2026-06-23T14:00:00.000000000Z,34,2,16192,68.52,69.05,68.52,68.88,19393,TRP
2026-06-23T15:00:00.000000000Z,34,2,16192,68.9,69.18,68.86,69.04,67226,TRP
2026-06-23T15:00:00.000000000Z,34,2,5158,55.165,55.355,55.155,55.28,40449,ENB
2026-06-23T16:00:00.000000000Z,34,2,5158,55.32,55.33,55.195,55.21,23794,ENB
2026-06-23T16:00:00.000000000Z,34,2,16192,69.07,69.11,68.77,68.81,19918,TRP
2026-06-23T17:00:00.000000000Z,34,2,5158,55.22,55.455,55.185,55.45,33208,ENB
2026-06-23T17:00:00.000000000Z,34,2,16192,68.83,69.16,68.815,69.12,21524,TRP
2026-06-23T18:00:00.000000000Z,34,2,5158,55.45,55.57,55.39,55.505,28708,ENB
2026-06-23T18:00:00.000000000Z,34,2,16192,69.11,69.24,69.06,69.23,17356,TRP
2026-06-23T19:00:00.000000000Z,34,2,5158,55.505,55.76,55.46,55.745,79969,ENB
2026-06-23T19:00:00.000000000Z,34,2,16192,69.23,69.505,69.145,69.41,120056,TRP
2026-06-23T21:00:00.000000000Z,34,2,5158,55.74,55.74,55.74,55.74,3,ENB
2026-06-24T13:00:00.000000000Z,34,2,5158,55.55,55.55,54.91,55.31,89422,ENB
2026-06-24T13:00:00.000000000Z,34,2,16192,68.98,69.23,68.4,68.99,36073,TRP
2026-06-24T14:00:00.000000000Z,34,2,5158,55.33,55.43,55.06,55.215,66889,ENB
2026-06-24T14:00:00.000000000Z,34,2,16192,69.07,69.22,68.715,68.88,35403,TRP
2026-06-24T15:00:00.000000000Z,34,2,16192,68.87,68.915,68.52,68.54,28044,TRP
2026-06-24T15:00:00.000000000Z,34,2,5158,55.225,55.3,55.05,55.07,44795,ENB
2026-06-24T16:00:00.000000000Z,34,2,5158,55.035,55.12,54.96,54.99,23891,ENB
2026-06-24T16:00:00.000000000Z,34,2,16192,68.56,68.73,68.5,68.56,22535,TRP
2026-06-24T17:00:00.000000000Z,34,2,16192,68.58,68.72,68.46,68.65,27355,TRP
2026-06-24T17:00:00.000000000Z,34,2,5158,54.985,55.05,54.84,54.95,33312,ENB
2026-06-24T18:00:00.000000000Z,34,2,16192,68.66,69.015,68.66,68.94,37765,TRP
2026-06-24T18:00:00.000000000Z,34,2,5158,54.96,55.26,54.96,55.25,27157,ENB
2026-06-24T19:00:00.000000000Z,34,2,16192,68.93,69.385,68.79,69.36,96982,TRP
2026-06-24T19:00:00.000000000Z,34,2,5158,55.25,55.405,55.03,55.3,88196,ENB
2026-06-24T20:00:00.000000000Z,34,2,5158,55.5,55.5,55.5,55.5,10,ENB
2026-06-24T23:00:00.000000000Z,34,2,5158,55.11,55.11,55.11,55.11,14,ENB
2026-06-25T11:00:00.000000000Z,34,2,5158,55.01,55.01,55.01,55.01,1,ENB
2026-06-25T13:00:00.000000000Z,34,2,16192,69.15,69.92,69.15,69.83,18905,TRP
2026-06-25T13:00:00.000000000Z,34,2,5158,55.36,55.84,55.27,55.83,32851,ENB
2026-06-25T14:00:00.000000000Z,34,2,16192,69.83,70.35,69.81,70.01,113862,TRP
2026-06-25T14:00:00.000000000Z,34,2,5158,55.87,56.07,55.82,55.885,32967,ENB
2026-06-25T15:00:00.000000000Z,34,2,16192,69.99,70.4,69.83,69.96,81081,TRP
2026-06-25T15:00:00.000000000Z,34,2,5158,55.875,56.22,55.78,55.89,23800,ENB
2026-06-25T16:00:00.000000000Z,34,2,16192,69.96,70.23,69.905,70.065,66388,TRP
2026-06-25T16:00:00.000000000Z,34,2,5158,55.91,56.04,55.85,55.98,13184,ENB
2026-06-25T17:00:00.000000000Z,34,2,5158,55.975,56.12,55.96,56.12,16294,ENB
2026-06-25T17:00:00.000000000Z,34,2,16192,70.05,70.34,70.005,70.18,135320,TRP
2026-06-25T18:00:00.000000000Z,34,2,5158,56.115,56.37,56.115,56.33,34816,ENB
2026-06-25T18:00:00.000000000Z,34,2,16192,70.2,70.495,70.19,70.48,83827,TRP
2026-06-25T19:00:00.000000000Z,34,2,5158,56.34,56.36,56.09,56.18,65022,ENB
2026-06-25T19:00:00.000000000Z,34,2,16192,70.49,70.57,70.15,70.17,102419,TRP
2026-06-25T20:00:00.000000000Z,34,2,5158,56.18,56.18,56.18,56.18,49,ENB
2026-06-25T20:00:00.000000000Z,34,2,16192,70.3,70.3,70.3,70.3,180,TRP
2026-06-26T12:00:00.000000000Z,34,2,5158,55.86,55.86,55.86,55.86,1,ENB
2026-06-26T13:00:00.000000000Z,34,2,5158,56.165,56.36,55.83,56.08,43095,ENB
2026-06-26T13:00:00.000000000Z,34,2,16192,70.14,70.22,69.485,69.79,23637,TRP
2026-06-26T14:00:00.000000000Z,34,2,5158,56.07,56.255,55.77,55.86,59373,ENB
2026-06-26T14:00:00.000000000Z,34,2,16192,69.78,70.04,69.29,69.46,46807,TRP
2026-06-26T15:00:00.000000000Z,34,2,5158,55.885,56.24,55.885,56.18,32942,ENB
2026-06-26T15:00:00.000000000Z,34,2,16192,69.475,69.84,69.43,69.78,75308,TRP
2026-06-26T16:00:00.000000000Z,34,2,5158,56.195,56.29,55.975,56.08,23850,ENB
2026-06-26T16:00:00.000000000Z,34,2,16192,69.79,70.03,69.28,69.38,49543,TRP
2026-06-26T17:00:00.000000000Z,34,2,5158,56.08,56.125,55.93,55.94,19111,ENB
2026-06-26T17:00:00.000000000Z,34,2,16192,69.39,69.5,69.34,69.34,33101,TRP
2026-06-26T18:00:00.000000000Z,34,2,5158,55.92,56.14,55.88,56.12,21570,ENB
2026-06-26T18:00:00.000000000Z,34,2,16192,69.32,69.6,69.18,69.44,47163,TRP
2026-06-26T19:00:00.000000000Z,34,2,5158,56.11,56.285,56.02,56.235,100067,ENB
2026-06-26T19:00:00.000000000Z,34,2,16192,69.44,69.74,69.33,69.66,122931,TRP
2026-06-26T20:00:00.000000000Z,34,2,16192,70.0,70.0,70.0,70.0,200,TRP
2026-06-26T21:00:00.000000000Z,34,2,5158,56.1,56.1,56.1,56.1,1,ENB
2026-06-29T09:00:00.000000000Z,34,2,5158,56.2,56.23,56.2,56.23,301,ENB
2026-06-29T12:00:00.000000000Z,34,2,5158,56.35,56.35,56.2,56.2,124,ENB
2026-06-29T13:00:00.000000000Z,34,2,16192,69.67,69.8,69.05,69.07,39551,TRP
2026-06-29T13:00:00.000000000Z,34,2,5158,56.185,56.28,55.8,55.82,56299,ENB
2026-06-29T14:00:00.000000000Z,34,2,16192,69.03,69.21,68.54,68.55,60455,TRP
2026-06-29T14:00:00.000000000Z,34,2,5158,55.81,55.92,55.47,55.58,79155,ENB
2026-06-29T15:00:00.000000000Z,34,2,5158,55.57,55.755,55.465,55.61,28180,ENB
2026-06-29T15:00:00.000000000Z,34,2,16192,68.57,68.83,68.38,68.63,36683,TRP
2026-06-29T16:00:00.000000000Z,34,2,16192,68.63,69.135,68.52,68.95,25581,TRP
2026-06-29T16:00:00.000000000Z,34,2,5158,55.62,55.96,55.5,55.84,25777,ENB
2026-06-29T17:00:00.000000000Z,34,2,5158,55.82,55.825,55.375,55.55,31915,ENB
2026-06-29T17:00:00.000000000Z,34,2,16192,68.95,68.95,68.29,68.51,18291,TRP
2026-06-29T18:00:00.000000000Z,34,2,16192,68.55,68.58,68.115,68.3,25970,TRP
2026-06-29T18:00:00.000000000Z,34,2,5158,55.58,55.6,55.23,55.29,28965,ENB
2026-06-29T19:00:00.000000000Z,34,2,16192,68.29,68.55,68.2,68.5,76563,TRP
2026-06-29T19:00:00.000000000Z,34,2,5158,55.28,55.45,55.235,55.39,93109,ENB
2026-06-29T20:00:00.000000000Z,34,2,5158,55.39,55.39,55.39,55.39,80,ENB
2026-06-30T13:00:00.000000000Z,34,2,16192,67.76,67.76,67.2,67.36,17190,TRP
2026-06-30T13:00:00.000000000Z,34,2,5158,55.52,55.56,54.85,54.99,92772,ENB
2026-06-30T14:00:00.000000000Z,34,2,16192,67.32,67.465,67.15,67.42,87237,TRP
2026-06-30T14:00:00.000000000Z,34,2,5158,54.98,55.07,54.83,55.04,38504,ENB
2026-06-30T15:00:00.000000000Z,34,2,16192,67.42,67.65,67.16,67.35,40235,TRP
2026-06-30T15:00:00.000000000Z,34,2,5158,55.07,55.24,55.025,55.085,42810,ENB
2026-06-30T16:00:00.000000000Z,34,2,5158,55.08,55.18,54.87,54.89,57901,ENB
2026-06-30T16:00:00.000000000Z,34,2,16192,67.4,67.41,66.91,66.94,47962,TRP
2026-06-30T17:00:00.000000000Z,34,2,5158,54.89,54.935,54.72,54.88,27617,ENB
2026-06-30T17:00:00.000000000Z,34,2,16192,66.94,66.97,66.695,66.88,21807,TRP
2026-06-30T18:00:00.000000000Z,34,2,5158,54.88,54.9,54.58,54.66,32218,ENB
2026-06-30T18:00:00.000000000Z,34,2,16192,66.87,66.9,66.68,66.76,20732,TRP
2026-06-30T19:00:00.000000000Z,34,2,16192,66.75,66.75,66.135,66.29,153818,TRP
2026-06-30T19:00:00.000000000Z,34,2,5158,54.665,54.69,54.205,54.22,148849,ENB
2026-06-30T20:00:00.000000000Z,34,2,5158,54.46,54.46,54.46,54.46,328,ENB
2026-06-30T21:00:00.000000000Z,34,2,5158,54.7,54.7,54.7,54.7,5,ENB
2026-06-30T22:00:00.000000000Z,34,2,5158,54.56,54.56,54.4,54.4,763,ENB
