ts_event,symbol,open,high,low,close,volume
2024-07-01 08:00:00+00:00,NVDA,124.02,124.26,120.57,121.36,670562
2024-07-01 09:00:00+00:00,NVDA,121.35,121.73,120.01,121.27,591873
2024-07-01 10:00:00+00:00,NVDA,121.21,121.85,121.05,121.7,257863
2024-07-01 11:00:00+00:00,NVDA,121.73,122.62,121.62,122.22,386150
2024-07-01 12:00:00+00:00,NVDA,122.21,123.96,122.2,123.6,544918
2024-07-01 13:00:00+00:00,NVDA,123.63,123.77,118.83,120.59,11479307
2024-07-01 14:00:00+00:00,NVDA,120.6,122.77,119.59,122.0,8375153
2024-07-01 15:00:00+00:00,NVDA,122.0,124.25,121.64,123.79,5105974
2024-07-01 16:00:00+00:00,NVDA,123.795,124.84,123.58,123.8,3269399
2024-07-01 17:00:00+00:00,NVDA,123.8,123.94,122.85,123.43,2255041
2024-07-01 18:00:00+00:00,NVDA,123.43,124.5,123.14,124.15,2303853
2024-07-01 19:00:00+00:00,NVDA,124.14,124.71,123.55,124.18,4604655
2024-07-01 20:00:00+00:00,NVDA,124.18,124.49,124.07,124.12,9551705
2024-07-01 21:00:00+00:00,NVDA,124.11,124.34,124.06,124.21,36065
2024-07-01 22:00:00+00:00,NVDA,124.2,124.21,123.85,123.85,47219
2024-07-01 23:00:00+00:00,NVDA,123.85,124.08,123.72,123.9,54418
2024-07-02 08:00:00+00:00,NVDA,123.28,123.42,122.34,122.73,205569
2024-07-02 09:00:00+00:00,NVDA,122.76,122.97,122.54,122.75,55467
2024-07-02 10:00:00+00:00,NVDA,122.8,123.38,122.66,123.17,98655
2024-07-02 11:00:00+00:00,NVDA,123.19,123.43,122.43,122.74,149742
2024-07-02 12:00:00+00:00,NVDA,122.73,123.2,122.51,122.53,170814
2024-07-02 13:00:00+00:00,NVDA,122.52,123.41,121.01,122.615,7526997
2024-07-02 14:00:00+00:00,NVDA,122.615,122.68,121.1,121.73,5192729
2024-07-02 15:00:00+00:00,NVDA,121.73,122.42,121.28,121.69,2899546
2024-07-02 16:00:00+00:00,NVDA,121.68,123.06,121.57,122.93,2257552
2024-07-02 17:00:00+00:00,NVDA,122.92,123.36,122.32,122.84,1632258
2024-07-02 18:00:00+00:00,NVDA,122.83,122.94,122.36,122.6,1113224
2024-07-02 19:00:00+00:00,NVDA,122.6,122.75,121.785,122.66,3711694
2024-07-02 20:00:00+00:00,NVDA,122.66,122.67,122.01,122.05,15131763
2024-07-02 21:00:00+00:00,NVDA,122.11,122.31,121.95,122.03,64727
2024-07-02 22:00:00+00:00,NVDA,122.01,122.15,121.89,122.08,48861
2024-07-02 23:00:00+00:00,NVDA,122.08,122.18,122.01,122.08,33857
2024-07-03 08:00:00+00:00,NVDA,121.75,121.99,121.02,121.06,201194
2024-07-03 09:00:00+00:00,NVDA,121.06,121.33,120.87,121.08,185818
2024-07-03 10:00:00+00:00,NVDA,121.08,121.19,120.4,121.13,207357
2024-07-03 11:00:00+00:00,NVDA,121.16,122.0,121.03,121.74,326947
2024-07-03 12:00:00+00:00,NVDA,121.73,121.97,121.44,121.9,194034
2024-07-03 13:00:00+00:00,NVDA,121.89,122.76,121.47,122.24,5734231
2024-07-03 14:00:00+00:00,NVDA,122.24,125.76,121.36,125.35,8428631
2024-07-03 15:00:00+00:00,NVDA,125.36,127.49,124.47,127.01,7226072
2024-07-03 16:00:00+00:00,NVDA,127.01,128.28,126.37,128.28,10799558
2024-07-03 17:00:00+00:00,NVDA,128.28,128.69,127.6,127.7,14044688
2024-07-03 18:00:00+00:00,NVDA,127.75,127.81,127.52,127.55,84790
2024-07-03 19:00:00+00:00,NVDA,127.53,127.65,127.25,127.42,71118
2024-07-03 20:00:00+00:00,NVDA,127.33,127.5,127.02,127.43,114095
2024-07-05 08:00:00+00:00,NVDA,128.45,129.19,127.34,128.0,288955
2024-07-05 09:00:00+00:00,NVDA,128.06,128.17,127.57,127.6,110376
2024-07-05 10:00:00+00:00,NVDA,127.61,128.49,127.57,128.07,125692
2024-07-05 11:00:00+00:00,NVDA,128.07,128.62,127.69,128.36,171430
2024-07-05 12:00:00+00:00,NVDA,128.37,128.65,127.01,127.26,441740
2024-07-05 13:00:00+00:00,NVDA,127.26,128.85,125.68,127.33,10731258
2024-07-05 14:00:00+00:00,NVDA,127.33,127.63,126.19,126.62,4012821
2024-07-05 15:00:00+00:00,NVDA,126.63,127.33,126.21,127.24,2545070
2024-07-05 16:00:00+00:00,NVDA,127.24,128.47,127.15,127.31,2416429
2024-07-05 17:00:00+00:00,NVDA,127.31,127.73,126.88,127.67,1376578
2024-07-05 18:00:00+00:00,NVDA,127.67,127.72,126.7,127.1,1511856
2024-07-05 19:00:00+00:00,NVDA,127.1,127.23,125.79,125.79,4767962
2024-07-05 20:00:00+00:00,NVDA,125.82,126.06,125.5,125.93,14892850
2024-07-05 21:00:00+00:00,NVDA,125.91,125.99,125.67,125.7,59536
2024-07-05 22:00:00+00:00,NVDA,125.7,125.7,125.46,125.51,58770
2024-07-05 23:00:00+00:00,NVDA,125.49,125.49,125.1,125.38,44717
2024-07-08 08:00:00+00:00,NVDA,125.65,125.7,124.78,125.01,176978
2024-07-08 09:00:00+00:00,NVDA,125.04,125.27,124.88,125.04,64874
2024-07-08 10:00:00+00:00,NVDA,125.05,125.88,125.03,125.67,123054
2024-07-08 11:00:00+00:00,NVDA,125.66,126.99,125.5,126.75,255937
2024-07-08 12:00:00+00:00,NVDA,126.75,126.99,126.53,126.91,185057
2024-07-08 13:00:00+00:00,NVDA,126.92,130.77,126.88,130.5,9419546
2024-07-08 14:00:00+00:00,NVDA,130.52,130.58,127.15,127.59,7036874
2024-07-08 15:00:00+00:00,NVDA,127.58,129.19,127.38,129.13,3545710
2024-07-08 16:00:00+00:00,NVDA,129.13,129.14,127.66,128.1,2007000
2024-07-08 17:00:00+00:00,NVDA,128.1,129.17,127.98,128.97,1915408
2024-07-08 18:00:00+00:00,NVDA,128.96,129.2,128.23,128.7,1536064
2024-07-08 19:00:00+00:00,NVDA,128.71,128.71,127.69,128.18,4602162
2024-07-08 20:00:00+00:00,NVDA,128.18,128.3,128.01,128.15,11617360
2024-07-08 21:00:00+00:00,NVDA,128.15,128.21,128.1,128.1,43979
2024-07-08 22:00:00+00:00,NVDA,128.1,128.39,128.06,128.22,42343
2024-07-08 23:00:00+00:00,NVDA,128.23,128.91,128.21,128.69,71499
2024-07-09 08:00:00+00:00,NVDA,128.82,129.47,128.8,129.34,174971
2024-07-09 09:00:00+00:00,NVDA,129.37,129.85,129.32,129.55,110245
2024-07-09 10:00:00+00:00,NVDA,129.55,129.85,129.4,129.8,110764
2024-07-09 11:00:00+00:00,NVDA,129.75,130.45,129.5,130.05,375269
2024-07-09 12:00:00+00:00,NVDA,130.04,130.3,129.9,130.18,181267
2024-07-09 13:00:00+00:00,NVDA,130.18,132.78,130.16,132.44,9278469
2024-07-09 14:00:00+00:00,NVDA,132.46,133.81,131.83,132.18,8410604
2024-07-09 15:00:00+00:00,NVDA,132.17,132.5,130.88,131.415,3604578
2024-07-09 16:00:00+00:00,NVDA,131.42,131.68,128.66,130.2,5095458
2024-07-09 17:00:00+00:00,NVDA,130.19,130.55,129.42,130.2,3029979
2024-07-09 18:00:00+00:00,NVDA,130.19,131.14,129.94,131.1,2390529
2024-07-09 19:00:00+00:00,NVDA,131.11,131.59,130.5,131.44,4948688
2024-07-09 20:00:00+00:00,NVDA,131.43,131.58,131.09,131.43,13017107
2024-07-09 21:00:00+00:00,NVDA,131.4,131.75,131.28,131.61,86435
2024-07-09 22:00:00+00:00,NVDA,131.61,132.29,131.61,132.17,131226
2024-07-09 23:00:00+00:00,NVDA,132.2,132.32,132.1,132.21,52055
2024-07-10 08:00:00+00:00,NVDA,132.28,132.99,132.1,132.78,165533
2024-07-10 09:00:00+00:00,NVDA,132.78,132.92,132.51,132.74,67322
2024-07-10 10:00:00+00:00,NVDA,132.74,132.96,132.61,132.9,87763
2024-07-10 11:00:00+00:00,NVDA,132.9,133.59,132.15,133.42,390375
2024-07-10 12:00:00+00:00,NVDA,133.42,134.37,133.35,133.92,506838
2024-07-10 13:00:00+00:00,NVDA,133.92,134.22,132.43,133.22,7417986
2024-07-10 14:00:00+00:00,NVDA,133.22,134.78,132.67,134.04,6721162
2024-07-10 15:00:00+00:00,NVDA,134.03,134.49,133.4,134.37,3055518
2024-07-10 16:00:00+00:00,NVDA,134.37,135.09,134.13,134.88,4992272
2024-07-10 17:00:00+00:00,NVDA,134.875,134.94,134.1,134.58,2438324
2024-07-10 18:00:00+00:00,NVDA,134.59,134.685,133.83,134.35,2309058
2024-07-10 19:00:00+00:00,NVDA,134.35,135.09,134.11,134.88,5544301
2024-07-10 20:00:00+00:00,NVDA,134.84,135.75,134.83,135.7,16335173
2024-07-10 21:00:00+00:00,NVDA,135.7,135.75,135.42,135.64,306857
2024-07-10 22:00:00+00:00,NVDA,135.64,135.65,135.37,135.5,72962
2024-07-10 23:00:00+00:00,NVDA,135.5,135.65,135.23,135.62,81754
2024-07-11 08:00:00+00:00,NVDA,135.94,136.13,135.6,136.0,187732
2024-07-11 09:00:00+00:00,NVDA,136.06,136.16,135.68,135.97,114807
2024-07-11 10:00:00+00:00,NVDA,135.97,136.0,135.65,135.66,77695
2024-07-11 11:00:00+00:00,NVDA,135.69,135.97,135.25,135.42,258707
2024-07-11 12:00:00+00:00,NVDA,135.43,137.32,134.0,136.25,1715999
2024-07-11 13:00:00+00:00,NVDA,136.26,136.41,133.1,134.19,9869642
2024-07-11 14:00:00+00:00,NVDA,134.19,134.26,129.68,129.68,10938323
2024-07-11 15:00:00+00:00,NVDA,129.68,130.72,127.6,128.38,9288582
2024-07-11 16:00:00+00:00,NVDA,128.38,130.34,128.12,128.2,5131659
2024-07-11 17:00:00+00:00,NVDA,128.21,128.955,127.42,127.46,3715396
2024-07-11 18:00:00+00:00,NVDA,127.47,129.44,127.05,129.22,3624672
2024-07-11 19:00:00+00:00,NVDA,129.23,129.72,127.16,127.44,8177845
2024-07-11 20:00:00+00:00,NVDA,127.44,127.54,126.82,127.05,22106425
2024-07-11 21:00:00+00:00,NVDA,127.04,127.06,126.1,126.47,367453
2024-07-11 22:00:00+00:00,NVDA,126.48,126.71,126.2,126.29,132499
2024-07-11 23:00:00+00:00,NVDA,126.3,126.5,126.21,126.21,128362
2024-07-12 08:00:00+00:00,NVDA,126.78,128.43,126.5,128.26,335872
2024-07-12 09:00:00+00:00,NVDA,128.28,128.89,128.02,128.3,291100
2024-07-12 10:00:00+00:00,NVDA,128.3,128.67,127.36,127.64,224873
2024-07-12 11:00:00+00:00,NVDA,127.62,128.18,126.74,128.05,381928
2024-07-12 12:00:00+00:00,NVDA,128.05,128.44,127.3,127.37,454928
2024-07-12 13:00:00+00:00,NVDA,127.39,130.05,126.9,129.92,9193367
2024-07-12 14:00:00+00:00,NVDA,129.93,131.05,128.51,130.83,5925423
2024-07-12 15:00:00+00:00,NVDA,130.82,131.03,129.71,129.79,3383125
2024-07-12 16:00:00+00:00,NVDA,129.78,130.55,129.34,130.44,2345368
2024-07-12 17:00:00+00:00,NVDA,130.435,131.34,130.255,131.07,2407495
2024-07-12 18:00:00+00:00,NVDA,131.08,131.92,130.83,131.88,2581598
2024-07-12 19:00:00+00:00,NVDA,131.87,131.875,128.84,129.17,9589370
2024-07-12 20:00:00+00:00,NVDA,129.17,129.83,128.68,129.81,12742626
2024-07-12 21:00:00+00:00,NVDA,129.81,130.06,129.51,129.79,90987
2024-07-12 22:00:00+00:00,NVDA,129.81,129.85,129.68,129.8,20333
2024-07-12 23:00:00+00:00,NVDA,129.81,129.98,129.65,129.89,26957
2024-07-15 08:00:00+00:00,NVDA,130.22,130.64,130.0,130.27,192120
2024-07-15 09:00:00+00:00,NVDA,130.25,130.33,129.64,130.2,142945
2024-07-15 10:00:00+00:00,NVDA,130.2,130.33,129.93,130.15,72843
2024-07-15 11:00:00+00:00,NVDA,130.12,131.22,130.03,130.9,391590
2024-07-15 12:00:00+00:00,NVDA,130.9,131.47,130.72,130.84,249119
2024-07-15 13:00:00+00:00,NVDA,130.84,131.39,128.06,128.77,6720821
2024-07-15 14:00:00+00:00,NVDA,128.77,130.19,128.64,129.81,3898182
2024-07-15 15:00:00+00:00,NVDA,129.81,130.69,128.45,128.935,3263781
2024-07-15 16:00:00+00:00,NVDA,128.935,129.1,127.27,128.71,4136664
2024-07-15 17:00:00+00:00,NVDA,128.72,128.74,127.51,127.75,2592219
2024-07-15 18:00:00+00:00,NVDA,127.77,128.38,127.38,128.06,2121208
2024-07-15 19:00:00+00:00,NVDA,128.07,128.5,127.18,128.42,4681623
2024-07-15 20:00:00+00:00,NVDA,128.45,128.65,128.12,128.5,9799197
2024-07-15 21:00:00+00:00,NVDA,128.5,128.68,128.46,128.48,30453
2024-07-15 22:00:00+00:00,NVDA,128.55,128.69,128.5,128.56,43262
2024-07-15 23:00:00+00:00,NVDA,128.58,128.63,128.53,128.6,35132
2024-07-16 08:00:00+00:00,NVDA,128.31,128.5,127.61,128.01,117187
2024-07-16 09:00:00+00:00,NVDA,128.03,128.41,127.68,128.07,102930
2024-07-16 10:00:00+00:00,NVDA,128.07,128.4,127.99,128.36,64041
2024-07-16 11:00:00+00:00,NVDA,128.33,128.85,128.26,128.47,137182
2024-07-16 12:00:00+00:00,NVDA,128.49,128.9,128.3,128.78,115970
2024-07-16 13:00:00+00:00,NVDA,128.76,129.03,125.76,126.11,6454350
2024-07-16 14:00:00+00:00,NVDA,126.12,126.65,124.58,125.86,7110795
2024-07-16 15:00:00+00:00,NVDA,125.87,126.95,125.75,126.65,2737179
2024-07-16 16:00:00+00:00,NVDA,126.655,126.86,125.18,125.97,2831813
2024-07-16 17:00:00+00:00,NVDA,125.96,126.34,125.54,125.88,1560005
2024-07-16 18:00:00+00:00,NVDA,125.88,126.57,125.285,126.37,2008424
2024-07-16 19:00:00+00:00,NVDA,126.35,126.65,125.52,126.31,4041042
2024-07-16 20:00:00+00:00,NVDA,126.36,126.65,126.32,126.4,11994370
2024-07-16 21:00:00+00:00,NVDA,126.4,126.4,125.84,126.0,101770
2024-07-16 22:00:00+00:00,NVDA,126.0,126.06,125.82,125.98,29616
2024-07-16 23:00:00+00:00,NVDA,125.97,126.1,125.86,125.91,28256
2024-07-17 08:00:00+00:00,NVDA,124.55,124.55,119.19,122.42,599842
2024-07-17 09:00:00+00:00,NVDA,122.43,122.77,122.18,122.34,211514
2024-07-17 10:00:00+00:00,NVDA,122.35,122.4,121.58,121.93,291070
2024-07-17 11:00:00+00:00,NVDA,121.93,122.47,120.5,121.18,901034
2024-07-17 12:00:00+00:00,NVDA,121.17,122.09,121.01,121.2,694911
2024-07-17 13:00:00+00:00,NVDA,121.2,121.85,119.86,119.87,13441121
2024-07-17 14:00:00+00:00,NVDA,119.89,120.34,118.12,119.56,12816247
2024-07-17 15:00:00+00:00,NVDA,119.55,120.0,118.61,119.19,6070846
2024-07-17 16:00:00+00:00,NVDA,119.19,119.275,116.73,118.02,9471310
2024-07-17 17:00:00+00:00,NVDA,118.02,119.02,117.72,118.04,4068812
2024-07-17 18:00:00+00:00,NVDA,118.04,118.8,117.59,118.02,3601936
2024-07-17 19:00:00+00:00,NVDA,118.02,119.1,117.8,117.85,8940439
2024-07-17 20:00:00+00:00,NVDA,117.81,118.08,117.4,117.8,24123332
2024-07-17 21:00:00+00:00,NVDA,117.8,118.43,117.76,118.31,170962
2024-07-17 22:00:00+00:00,NVDA,118.35,119.69,118.35,119.45,235917
2024-07-17 23:00:00+00:00,NVDA,119.45,119.64,119.05,119.16,108727
2024-07-18 08:00:00+00:00,NVDA,120.88,122.15,120.31,121.9,779819
2024-07-18 09:00:00+00:00,NVDA,121.91,122.0,120.22,120.87,422588
2024-07-18 10:00:00+00:00,NVDA,120.87,121.09,119.36,120.79,505443
2024-07-18 11:00:00+00:00,NVDA,120.75,120.97,120.2,120.51,422980
2024-07-18 12:00:00+00:00,NVDA,120.5,121.62,120.42,121.55,600894
2024-07-18 13:00:00+00:00,NVDA,121.55,122.4,118.835,120.4,11092031
2024-07-18 14:00:00+00:00,NVDA,120.4,121.45,117.58,118.87,8465063
2024-07-18 15:00:00+00:00,NVDA,118.89,119.1,116.56,118.04,7400413
2024-07-18 16:00:00+00:00,NVDA,118.03,120.72,117.75,120.71,5076345
2024-07-18 17:00:00+00:00,NVDA,120.71,121.38,119.65,119.86,3467129
2024-07-18 18:00:00+00:00,NVDA,119.87,120.81,119.505,120.32,2483997
2024-07-18 19:00:00+00:00,NVDA,120.31,121.46,118.95,121.09,7523775
2024-07-18 20:00:00+00:00,NVDA,121.11,121.99,121.09,121.91,11429524
2024-07-18 21:00:00+00:00,NVDA,121.92,122.27,121.72,121.91,194716
2024-07-18 22:00:00+00:00,NVDA,121.91,122.12,121.65,121.94,99620
2024-07-18 23:00:00+00:00,NVDA,121.92,122.06,121.82,121.93,56941
2024-07-19 08:00:00+00:00,NVDA,120.0,120.96,119.15,120.38,296616
2024-07-19 09:00:00+00:00,NVDA,120.37,120.58,119.52,120.04,145845
2024-07-19 10:00:00+00:00,NVDA,120.01,120.73,120.0,120.56,114274
2024-07-19 11:00:00+00:00,NVDA,120.59,121.47,120.27,121.02,202758
2024-07-19 12:00:00+00:00,NVDA,121.04,121.35,120.51,121.04,169310
2024-07-19 13:00:00+00:00,NVDA,121.07,121.6,119.01,120.37,10462792
2024-07-19 14:00:00+00:00,NVDA,120.37,120.75,118.59,119.77,4884036
2024-07-19 15:00:00+00:00,NVDA,119.79,120.26,118.76,119.79,3343343
2024-07-19 16:00:00+00:00,NVDA,119.79,119.97,118.17,118.84,2646920
2024-07-19 17:00:00+00:00,NVDA,118.83,118.94,117.37,118.2,3572108
2024-07-19 18:00:00+00:00,NVDA,118.2,118.51,117.71,118.24,2495664
2024-07-19 19:00:00+00:00,NVDA,118.25,118.85,117.75,117.96,6908255
2024-07-19 20:00:00+00:00,NVDA,118.04,118.39,117.81,117.98,14373287
2024-07-19 21:00:00+00:00,NVDA,117.98,118.15,117.97,118.07,56751
2024-07-19 22:00:00+00:00,NVDA,118.07,118.15,117.85,117.89,43307
2024-07-19 23:00:00+00:00,NVDA,117.9,118.07,117.88,118.0,50373
2024-07-22 08:00:00+00:00,NVDA,119.34,119.74,119.11,119.49,247175
2024-07-22 09:00:00+00:00,NVDA,119.54,120.4,119.46,120.38,175960
2024-07-22 10:00:00+00:00,NVDA,120.38,120.7,120.26,120.35,215145
2024-07-22 11:00:00+00:00,NVDA,120.32,120.47,119.84,120.41,301310
2024-07-22 12:00:00+00:00,NVDA,120.4,120.63,120.3,120.51,240908
2024-07-22 13:00:00+00:00,NVDA,120.5,123.28,119.86,122.47,9558675
2024-07-22 14:00:00+00:00,NVDA,122.47,123.17,121.18,122.09,5406651
2024-07-22 15:00:00+00:00,NVDA,122.1,122.66,120.36,121.23,4405970
2024-07-22 16:00:00+00:00,NVDA,121.23,122.74,120.89,122.5,2476021
2024-07-22 17:00:00+00:00,NVDA,122.5,123.23,122.32,123.07,2539168
2024-07-22 18:00:00+00:00,NVDA,123.07,124.07,123.04,123.45,3029395
2024-07-22 19:00:00+00:00,NVDA,123.46,123.75,122.615,123.74,5395286
2024-07-22 20:00:00+00:00,NVDA,123.74,123.83,123.16,123.42,19327858
2024-07-22 21:00:00+00:00,NVDA,123.42,123.52,123.33,123.37,32100
2024-07-22 22:00:00+00:00,NVDA,123.37,123.7,123.34,123.66,38348
2024-07-22 23:00:00+00:00,NVDA,123.64,123.78,123.23,123.33,42575
2024-07-23 08:00:00+00:00,NVDA,122.4,122.7,121.84,122.31,164579
2024-07-23 09:00:00+00:00,NVDA,122.3,122.99,122.3,122.75,103322
2024-07-23 10:00:00+00:00,NVDA,122.75,123.02,122.56,122.76,57489
2024-07-23 11:00:00+00:00,NVDA,122.76,123.84,122.66,123.38,285829
2024-07-23 12:00:00+00:00,NVDA,123.4,123.54,122.55,123.1,280744
2024-07-23 13:00:00+00:00,NVDA,123.08,124.69,122.51,124.15,6053604
2024-07-23 14:00:00+00:00,NVDA,124.17,124.33,122.9,123.3,4959544
2024-07-23 15:00:00+00:00,NVDA,123.31,124.43,123.02,123.43,3751701
2024-07-23 16:00:00+00:00,NVDA,123.43,123.88,122.51,122.87,2404373
2024-07-23 17:00:00+00:00,NVDA,122.87,123.13,122.43,122.92,1538886
2024-07-23 18:00:00+00:00,NVDA,122.91,123.01,122.1,122.53,1548905
2024-07-23 19:00:00+00:00,NVDA,122.53,123.05,122.24,122.44,3983113
2024-07-23 20:00:00+00:00,NVDA,122.59,123.36,122.22,123.1,12079937
2024-07-23 21:00:00+00:00,NVDA,123.12,123.32,120.85,120.91,331182
2024-07-23 22:00:00+00:00,NVDA,120.97,121.29,120.12,120.7,200550
2024-07-23 23:00:00+00:00,NVDA,120.75,121.04,120.51,120.62,64029
2024-07-24 08:00:00+00:00,NVDA,120.3,120.88,120.18,120.8,147405
2024-07-24 09:00:00+00:00,NVDA,120.82,120.83,120.26,120.34,145010
2024-07-24 10:00:00+00:00,NVDA,120.35,120.74,120.3,120.7,101927
2024-07-24 11:00:00+00:00,NVDA,120.67,120.82,120.11,120.65,166759
2024-07-24 12:00:00+00:00,NVDA,120.63,120.63,118.89,119.48,442496
2024-07-24 13:00:00+00:00,NVDA,119.47,119.95,117.39,118.7,7643611
2024-07-24 14:00:00+00:00,NVDA,118.7,119.43,117.56,118.1,4795651
2024-07-24 15:00:00+00:00,NVDA,118.1,118.27,116.8,116.86,4527525
2024-07-24 16:00:00+00:00,NVDA,116.865,116.865,115.55,116.38,6109655
2024-07-24 17:00:00+00:00,NVDA,116.38,117.33,116.13,116.35,2966204
2024-07-24 18:00:00+00:00,NVDA,116.36,116.47,114.41,114.9,5390858
2024-07-24 19:00:00+00:00,NVDA,114.9,115.74,113.55,114.38,12016782
2024-07-24 20:00:00+00:00,NVDA,114.36,115.52,113.79,115.13,28670329
2024-07-24 21:00:00+00:00,NVDA,115.18,115.35,114.36,114.62,202818
2024-07-24 22:00:00+00:00,NVDA,114.63,115.24,114.52,115.2,121104
2024-07-24 23:00:00+00:00,NVDA,115.21,115.55,115.08,115.44,88602
2024-07-25 08:00:00+00:00,NVDA,114.85,115.15,111.52,113.47,827729
2024-07-25 09:00:00+00:00,NVDA,113.45,114.2,112.61,112.71,337648
2024-07-25 10:00:00+00:00,NVDA,112.75,113.8,112.45,113.64,304297
2024-07-25 11:00:00+00:00,NVDA,113.7,113.88,112.75,112.8,339977
2024-07-25 12:00:00+00:00,NVDA,112.81,113.84,112.09,113.77,689628
2024-07-25 13:00:00+00:00,NVDA,113.76,114.8,108.9,109.78,15512943
2024-07-25 14:00:00+00:00,NVDA,109.78,115.76,106.31,115.48,25918858
2024-07-25 15:00:00+00:00,NVDA,115.465,115.65,112.93,114.84,8472119
2024-07-25 16:00:00+00:00,NVDA,114.85,116.57,113.87,116.05,6057642
2024-07-25 17:00:00+00:00,NVDA,116.05,116.63,114.38,115.64,4174147
2024-07-25 18:00:00+00:00,NVDA,115.64,115.78,113.56,113.94,3792741
2024-07-25 19:00:00+00:00,NVDA,113.93,115.24,112.08,112.34,10441281
2024-07-25 20:00:00+00:00,NVDA,112.34,112.62,111.1,111.97,16047276
2024-07-25 21:00:00+00:00,NVDA,111.97,112.17,111.68,111.89,95387
2024-07-25 22:00:00+00:00,NVDA,111.9,112.64,111.89,112.16,129010
2024-07-25 23:00:00+00:00,NVDA,112.16,112.36,111.82,112.16,116449
2024-07-26 08:00:00+00:00,NVDA,113.78,114.82,113.43,114.8,347016
2024-07-26 09:00:00+00:00,NVDA,114.8,115.25,114.6,114.83,310984
2024-07-26 10:00:00+00:00,NVDA,114.86,115.04,114.42,114.5,178711
2024-07-26 11:00:00+00:00,NVDA,114.5,115.51,114.28,115.5,427611
2024-07-26 12:00:00+00:00,NVDA,115.49,116.29,115.1,115.88,779968
2024-07-26 13:00:00+00:00,NVDA,115.88,116.34,113.5,114.68,8538762
2024-07-26 14:00:00+00:00,NVDA,114.67,115.12,112.01,113.25,6704772
2024-07-26 15:00:00+00:00,NVDA,113.24,113.77,112.45,113.01,3047728
2024-07-26 16:00:00+00:00,NVDA,113.01,114.54,112.82,114.2,3123530
2024-07-26 17:00:00+00:00,NVDA,114.195,114.49,112.67,113.39,3285686
2024-07-26 18:00:00+00:00,NVDA,113.39,113.75,112.51,112.71,2400236
2024-07-26 19:00:00+00:00,NVDA,112.71,113.15,111.59,113.07,7128172
2024-07-26 20:00:00+00:00,NVDA,113.08,113.5,112.93,112.99,14271270
2024-07-26 21:00:00+00:00,NVDA,113.0,113.12,112.92,112.97,59281
2024-07-26 22:00:00+00:00,NVDA,112.97,113.03,112.9,113.0,28768
2024-07-26 23:00:00+00:00,NVDA,112.99,113.07,112.92,113.04,22061
2024-07-29 08:00:00+00:00,NVDA,113.29,114.48,113.29,113.74,186356
2024-07-29 09:00:00+00:00,NVDA,113.74,113.99,113.63,113.96,59886
2024-07-29 10:00:00+00:00,NVDA,113.96,114.14,113.66,113.87,97143
2024-07-29 11:00:00+00:00,NVDA,113.83,114.08,113.2,113.38,348344
2024-07-29 12:00:00+00:00,NVDA,113.37,114.15,113.19,114.0,242958
2024-07-29 13:00:00+00:00,NVDA,113.99,116.28,113.25,115.3,6698798
2024-07-29 14:00:00+00:00,NVDA,115.31,115.89,112.84,112.9,5164991
2024-07-29 15:00:00+00:00,NVDA,112.9,113.365,111.43,113.01,4828858
2024-07-29 16:00:00+00:00,NVDA,113.02,113.71,112.73,113.11,2294309
2024-07-29 17:00:00+00:00,NVDA,113.11,113.415,111.95,112.22,2169143
2024-07-29 18:00:00+00:00,NVDA,112.23,112.23,111.3,111.91,2117822
2024-07-29 19:00:00+00:00,NVDA,111.92,112.29,111.385,111.49,4263019
2024-07-29 20:00:00+00:00,NVDA,111.51,111.94,111.21,111.57,12809989
2024-07-29 21:00:00+00:00,NVDA,111.54,111.78,111.39,111.72,69797
2024-07-29 22:00:00+00:00,NVDA,111.75,111.78,111.51,111.6,31128
2024-07-29 23:00:00+00:00,NVDA,111.6,111.6,110.72,110.77,115655
2024-07-30 08:00:00+00:00,NVDA,111.4,112.04,111.0,111.25,203362
2024-07-30 09:00:00+00:00,NVDA,111.28,111.48,110.54,110.99,124933
2024-07-30 10:00:00+00:00,NVDA,110.97,111.27,110.76,111.18,84802
2024-07-30 11:00:00+00:00,NVDA,111.22,111.98,111.0,111.66,151389
2024-07-30 12:00:00+00:00,NVDA,111.66,112.0,111.3,111.53,157738
2024-07-30 13:00:00+00:00,NVDA,111.57,111.99,108.12,108.16,7819109
2024-07-30 14:00:00+00:00,NVDA,108.18,109.16,106.33,106.73,9718276
2024-07-30 15:00:00+00:00,NVDA,106.72,106.88,103.91,104.55,13381600
2024-07-30 16:00:00+00:00,NVDA,104.56,105.34,102.54,102.61,7839708
2024-07-30 17:00:00+00:00,NVDA,102.62,106.09,102.62,105.32,6987023
2024-07-30 18:00:00+00:00,NVDA,105.33,106.47,104.86,105.22,4358530
2024-07-30 19:00:00+00:00,NVDA,105.215,105.26,103.41,103.71,12355595
2024-07-30 20:00:00+00:00,NVDA,103.71,107.77,100.01,106.02,27827785
2024-07-30 21:00:00+00:00,NVDA,106.02,107.23,105.46,106.1,911169
2024-07-30 22:00:00+00:00,NVDA,106.3,108.98,106.1,108.53,1045844
2024-07-30 23:00:00+00:00,NVDA,108.49,109.9,108.2,109.0,426554
2024-07-31 08:00:00+00:00,NVDA,109.86,110.5,108.4,108.99,613130
2024-07-31 09:00:00+00:00,NVDA,109.0,109.34,108.92,109.01,215326
2024-07-31 10:00:00+00:00,NVDA,109.0,110.37,109.0,110.3,642469
2024-07-31 11:00:00+00:00,NVDA,110.3,111.21,109.77,110.85,1093071
2024-07-31 12:00:00+00:00,NVDA,110.87,111.2,110.5,110.99,1080516
2024-07-31 13:00:00+00:00,NVDA,111.0,114.87,110.88,114.42,18984890
2024-07-31 14:00:00+00:00,NVDA,114.43,115.76,113.82,114.78,10588232
2024-07-31 15:00:00+00:00,NVDA,114.76,116.46,114.445,115.62,6504506
2024-07-31 16:00:00+00:00,NVDA,115.63,116.46,114.75,114.95,3874097
2024-07-31 17:00:00+00:00,NVDA,114.95,116.02,114.25,114.88,4255899
2024-07-31 18:00:00+00:00,NVDA,114.9,118.34,114.42,117.9,7922592
2024-07-31 19:00:00+00:00,NVDA,117.89,117.93,115.93,117.18,10617045
2024-07-31 20:00:00+00:00,NVDA,117.19,119.88,116.99,119.04,39249428
2024-07-31 21:00:00+00:00,NVDA,119.04,120.27,118.62,120.04,758942
2024-07-31 22:00:00+00:00,NVDA,120.04,121.29,119.81,120.98,564691
2024-07-31 23:00:00+00:00,NVDA,120.99,121.61,120.95,121.32,261589
2024-08-01 08:00:00+00:00,NVDA,120.0,121.01,115.03,116.65,1292199
2024-08-01 09:00:00+00:00,NVDA,116.56,118.87,116.5,118.15,562436
2024-08-01 10:00:00+00:00,NVDA,118.1,118.75,117.66,118.71,250162
2024-08-01 11:00:00+00:00,NVDA,118.71,120.8,118.69,119.91,799465
2024-08-01 12:00:00+00:00,NVDA,119.92,120.5,119.0,119.15,703702
2024-08-01 13:00:00+00:00,NVDA,119.13,120.16,116.68,118.9,11751108
2024-08-01 14:00:00+00:00,NVDA,118.89,119.27,113.53,113.97,11465648
2024-08-01 15:00:00+00:00,NVDA,113.99,114.8,111.89,112.69,7885823
2024-08-01 16:00:00+00:00,NVDA,112.69,113.84,110.72,111.24,5601303
2024-08-01 17:00:00+00:00,NVDA,111.24,111.53,107.42,109.72,9876453
2024-08-01 18:00:00+00:00,NVDA,109.71,109.97,106.82,107.065,7834342
2024-08-01 19:00:00+00:00,NVDA,107.06,109.48,107.01,109.33,12025043
2024-08-01 20:00:00+00:00,NVDA,109.37,110.91,108.2,110.67,27520807
2024-08-01 21:00:00+00:00,NVDA,110.67,111.0,108.3,109.28,582075
2024-08-01 22:00:00+00:00,NVDA,109.28,109.59,106.67,106.99,501832
2024-08-01 23:00:00+00:00,NVDA,107.0,108.39,106.58,108.11,251493
2024-08-02 08:00:00+00:00,NVDA,106.69,106.7,105.0,105.58,969296
2024-08-02 09:00:00+00:00,NVDA,105.6,105.6,105.0,105.35,335630
2024-08-02 10:00:00+00:00,NVDA,105.37,106.69,104.44,106.11,877360
2024-08-02 11:00:00+00:00,NVDA,106.11,106.19,103.79,104.34,1001866
2024-08-02 12:00:00+00:00,NVDA,104.35,105.49,101.43,104.0,2750506
2024-08-02 13:00:00+00:00,NVDA,104.03,107.5,102.7,104.08,14696870
2024-08-02 14:00:00+00:00,NVDA,104.08,105.36,101.37,103.835,13310060
2024-08-02 15:00:00+00:00,NVDA,103.835,108.71,103.4,107.81,10269920
2024-08-02 16:00:00+00:00,NVDA,107.81,107.97,105.2,105.39,6467050
2024-08-02 17:00:00+00:00,NVDA,105.39,106.49,104.57,105.69,5112864
2024-08-02 18:00:00+00:00,NVDA,105.685,106.44,104.72,105.19,3767535
2024-08-02 19:00:00+00:00,NVDA,105.19,107.38,105.19,107.27,9145344
2024-08-02 20:00:00+00:00,NVDA,107.27,107.74,106.83,107.1,21961741
2024-08-02 21:00:00+00:00,NVDA,107.15,107.16,106.62,106.91,109837
2024-08-02 22:00:00+00:00,NVDA,106.9,107.01,106.73,106.73,46988
2024-08-02 23:00:00+00:00,NVDA,106.73,106.95,106.7,106.73,94430
2024-08-05 08:00:00+00:00,NVDA,99.43,101.69,97.0,97.49,2089448
2024-08-05 09:00:00+00:00,NVDA,97.46,98.19,96.02,97.74,1346888
2024-08-05 10:00:00+00:00,NVDA,97.74,97.74,96.52,97.62,1105122
2024-08-05 11:00:00+00:00,NVDA,97.64,98.35,92.6,93.39,3756134
2024-08-05 12:00:00+00:00,NVDA,93.4,94.1,91.46,93.24,3965412
2024-08-05 13:00:00+00:00,NVDA,93.23,100.29,90.69,99.41,39491537
2024-08-05 14:00:00+00:00,NVDA,99.45,102.36,97.22,99.59,19342628
2024-08-05 15:00:00+00:00,NVDA,99.61,102.21,99.09,100.89,11988854
2024-08-05 16:00:00+00:00,NVDA,100.88,103.4,100.04,100.14,9734395
2024-08-05 17:00:00+00:00,NVDA,100.16,102.1,100.065,101.01,6425117
2024-08-05 18:00:00+00:00,NVDA,101.01,101.13,99.22,99.38,6890556
2024-08-05 19:00:00+00:00,NVDA,99.39,100.76,98.56,100.6,13586607
2024-08-05 20:00:00+00:00,NVDA,100.6,102.14,100.45,102.12,26160076
2024-08-05 21:00:00+00:00,NVDA,102.11,102.16,101.6,102.14,223203
2024-08-05 22:00:00+00:00,NVDA,102.15,103.26,102.07,102.64,540317
2024-08-05 23:00:00+00:00,NVDA,102.64,103.58,102.53,103.57,248686
2024-08-06 08:00:00+00:00,NVDA,104.51,104.98,102.15,103.29,1034422
2024-08-06 09:00:00+00:00,NVDA,103.27,103.27,100.17,101.48,675052
2024-08-06 10:00:00+00:00,NVDA,101.46,102.98,101.17,102.69,361194
2024-08-06 11:00:00+00:00,NVDA,102.7,104.47,102.6,103.41,1063500
2024-08-06 12:00:00+00:00,NVDA,103.41,103.72,101.83,102.34,820550
2024-08-06 13:00:00+00:00,NVDA,102.33,104.85,100.55,103.44,15133289
2024-08-06 14:00:00+00:00,NVDA,103.42,106.36,102.94,105.28,11918810
2024-08-06 15:00:00+00:00,NVDA,105.28,105.62,103.87,105.28,6910234
2024-08-06 16:00:00+00:00,NVDA,105.29,107.43,105.0,107.15,6983099
2024-08-06 17:00:00+00:00,NVDA,107.145,107.405,106.14,106.75,5271119
2024-08-06 18:00:00+00:00,NVDA,106.745,107.705,106.52,106.76,5314576
2024-08-06 19:00:00+00:00,NVDA,106.755,106.795,104.0,104.01,12025343
2024-08-06 20:00:00+00:00,NVDA,104.01,109.27,103.0,104.19,26830713
2024-08-06 21:00:00+00:00,NVDA,104.18,105.25,101.66,102.33,1278030
2024-08-06 22:00:00+00:00,NVDA,102.32,103.24,101.71,102.26,484006
2024-08-06 23:00:00+00:00,NVDA,102.35,102.66,101.5,101.55,226499
2024-08-07 08:00:00+00:00,NVDA,104.31,106.13,103.17,105.72,760018
2024-08-07 09:00:00+00:00,NVDA,105.79,105.79,105.05,105.71,300152
2024-08-07 10:00:00+00:00,NVDA,105.73,106.12,105.26,105.95,246844
2024-08-07 11:00:00+00:00,NVDA,105.91,107.12,105.79,106.31,703363
2024-08-07 12:00:00+00:00,NVDA,106.31,107.09,106.11,106.87,511926
2024-08-07 13:00:00+00:00,NVDA,106.9,108.8,105.73,106.44,11529687
2024-08-07 14:00:00+00:00,NVDA,106.44,107.06,104.29,105.44,8297103
2024-08-07 15:00:00+00:00,NVDA,105.45,106.17,103.515,104.16,5088422
2024-08-07 16:00:00+00:00,NVDA,104.16,104.3,102.57,102.98,3974112
2024-08-07 17:00:00+00:00,NVDA,102.97,103.24,100.75,101.05,4864873
2024-08-07 18:00:00+00:00,NVDA,101.03,101.4,99.26,99.77,7704531
2024-08-07 19:00:00+00:00,NVDA,99.77,101.39,98.69,98.75,12133823
2024-08-07 20:00:00+00:00,NVDA,98.75,99.18,98.02,98.1,19808321
2024-08-07 21:00:00+00:00,NVDA,98.11,98.12,97.41,98.0,535483
2024-08-07 22:00:00+00:00,NVDA,98.05,98.66,97.95,98.51,231977
2024-08-07 23:00:00+00:00,NVDA,98.5,98.6,97.16,97.61,314762
2024-08-08 08:00:00+00:00,NVDA,99.15,99.78,98.42,99.45,555916
2024-08-08 09:00:00+00:00,NVDA,99.49,99.7,98.44,98.65,238325
2024-08-08 10:00:00+00:00,NVDA,98.75,99.18,98.32,98.56,246233
2024-08-08 11:00:00+00:00,NVDA,98.53,99.38,98.29,99.03,441475
2024-08-08 12:00:00+00:00,NVDA,99.04,101.76,97.33,100.65,2127013
2024-08-08 13:00:00+00:00,NVDA,100.65,102.27,97.52,100.25,11453909
2024-08-08 14:00:00+00:00,NVDA,100.25,102.99,99.95,102.45,9491097
2024-08-08 15:00:00+00:00,NVDA,102.46,103.52,101.52,103.1,5931562
2024-08-08 16:00:00+00:00,NVDA,103.09,104.14,102.78,103.58,4692562
2024-08-08 17:00:00+00:00,NVDA,103.59,105.39,102.93,105.01,4748559
2024-08-08 18:00:00+00:00,NVDA,105.01,105.5,104.61,104.98,3741184
2024-08-08 19:00:00+00:00,NVDA,104.98,105.25,103.67,105.22,9545244
2024-08-08 20:00:00+00:00,NVDA,105.16,105.89,104.95,105.8,21786864
2024-08-08 21:00:00+00:00,NVDA,105.8,105.82,105.3,105.39,108374
2024-08-08 22:00:00+00:00,NVDA,105.42,105.53,105.15,105.37,82231
2024-08-08 23:00:00+00:00,NVDA,105.4,106.19,105.37,106.19,151245
2024-08-09 08:00:00+00:00,NVDA,105.65,108.0,105.65,107.44,567516
2024-08-09 09:00:00+00:00,NVDA,107.46,107.74,106.91,107.15,332444
2024-08-09 10:00:00+00:00,NVDA,107.18,107.22,106.17,106.84,318073
2024-08-09 11:00:00+00:00,NVDA,106.8,107.42,105.51,106.75,826375
2024-08-09 12:00:00+00:00,NVDA,106.75,106.75,104.08,105.43,880692
2024-08-09 13:00:00+00:00,NVDA,105.4,106.6,103.76,103.82,8542341
2024-08-09 14:00:00+00:00,NVDA,103.81,106.04,103.44,104.89,7064647
2024-08-09 15:00:00+00:00,NVDA,104.895,105.67,103.86,103.96,3730570
2024-08-09 16:00:00+00:00,NVDA,103.97,104.59,103.72,104.41,2750044
2024-08-09 17:00:00+00:00,NVDA,104.39,105.82,104.31,105.23,3227963
2024-08-09 18:00:00+00:00,NVDA,105.23,105.44,104.57,104.77,2636519
2024-08-09 19:00:00+00:00,NVDA,104.76,105.04,104.21,104.71,5239513
2024-08-09 20:00:00+00:00,NVDA,104.7,105.04,104.6,104.68,8226733
2024-08-09 21:00:00+00:00,NVDA,104.68,104.75,104.51,104.62,49185
2024-08-09 22:00:00+00:00,NVDA,104.62,104.72,104.59,104.68,19844
2024-08-09 23:00:00+00:00,NVDA,104.67,104.83,104.62,104.76,39660
2024-08-12 08:00:00+00:00,NVDA,105.52,106.16,105.18,105.41,294145
2024-08-12 09:00:00+00:00,NVDA,105.41,105.7,105.19,105.5,101051
2024-08-12 10:00:00+00:00,NVDA,105.49,105.64,105.35,105.5,88350
2024-08-12 11:00:00+00:00,NVDA,105.46,105.79,105.25,105.64,182036
2024-08-12 12:00:00+00:00,NVDA,105.65,106.44,105.57,106.08,328297
2024-08-12 13:00:00+00:00,NVDA,106.1,108.5,105.95,107.12,8993773
2024-08-12 14:00:00+00:00,NVDA,107.15,111.07,107.03,109.445,11856259
2024-08-12 15:00:00+00:00,NVDA,109.445,110.68,108.17,109.34,7260275
2024-08-12 16:00:00+00:00,NVDA,109.33,110.38,108.81,109.28,4125987
2024-08-12 17:00:00+00:00,NVDA,109.29,110.25,109.0,109.59,3279112
2024-08-12 18:00:00+00:00,NVDA,109.6,110.16,109.37,110.06,2657887
2024-08-12 19:00:00+00:00,NVDA,110.07,110.08,108.68,109.13,6599181
2024-08-12 20:00:00+00:00,NVDA,109.13,109.18,108.64,108.75,15948039
2024-08-12 21:00:00+00:00,NVDA,108.75,109.02,108.75,108.84,63108
2024-08-12 22:00:00+00:00,NVDA,108.89,109.12,108.88,109.04,43583
2024-08-12 23:00:00+00:00,NVDA,109.05,109.05,108.93,108.95,35733
2024-08-13 08:00:00+00:00,NVDA,110.9,111.38,110.26,110.76,446370
2024-08-13 09:00:00+00:00,NVDA,110.76,111.09,110.52,110.72,209384
2024-08-13 10:00:00+00:00,NVDA,110.71,110.73,109.83,109.83,236339
2024-08-13 11:00:00+00:00,NVDA,109.83,111.0,109.55,110.99,330066
2024-08-13 12:00:00+00:00,NVDA,110.98,113.35,110.86,113.17,1397730
2024-08-13 13:00:00+00:00,NVDA,113.18,113.945,111.58,113.78,9555039
2024-08-13 14:00:00+00:00,NVDA,113.79,114.75,113.32,114.56,6520664
2024-08-13 15:00:00+00:00,NVDA,114.56,115.0,113.94,113.985,3815693
2024-08-13 16:00:00+00:00,NVDA,113.98,115.12,113.85,115.11,3155843
2024-08-13 17:00:00+00:00,NVDA,115.11,115.72,114.44,115.27,3650382
2024-08-13 18:00:00+00:00,NVDA,115.27,116.17,115.11,115.99,3205864
2024-08-13 19:00:00+00:00,NVDA,115.99,116.23,115.15,116.17,7037358
2024-08-13 20:00:00+00:00,NVDA,116.18,116.74,115.99,116.29,25580833
2024-08-13 21:00:00+00:00,NVDA,116.29,116.59,116.22,116.58,111280
2024-08-13 22:00:00+00:00,NVDA,116.59,116.72,116.49,116.69,99760
2024-08-13 23:00:00+00:00,NVDA,116.69,116.8,116.46,116.76,147586
2024-08-14 08:00:00+00:00,NVDA,116.15,117.27,116.02,116.77,360653
2024-08-14 09:00:00+00:00,NVDA,116.79,117.88,116.75,117.68,249937
2024-08-14 10:00:00+00:00,NVDA,117.68,118.33,117.62,117.76,359684
2024-08-14 11:00:00+00:00,NVDA,117.76,118.3,117.68,118.25,544879
2024-08-14 12:00:00+00:00,NVDA,118.23,119.0,116.7,118.18,1845931
2024-08-14 13:00:00+00:00,NVDA,118.2,119.48,114.08,115.01,15198136
2024-08-14 14:00:00+00:00,NVDA,115.02,117.18,114.51,117.04,8574708
2024-08-14 15:00:00+00:00,NVDA,117.04,118.425,116.61,118.34,5283984
2024-08-14 16:00:00+00:00,NVDA,118.35,118.465,116.23,116.7,4564578
2024-08-14 17:00:00+00:00,NVDA,116.69,117.585,116.51,116.79,2747774
2024-08-14 18:00:00+00:00,NVDA,116.78,117.49,116.55,117.48,1939691
2024-08-14 19:00:00+00:00,NVDA,117.47,118.235,116.76,118.02,7847787
2024-08-14 20:00:00+00:00,NVDA,117.98,118.35,117.55,117.77,15075451
2024-08-14 21:00:00+00:00,NVDA,117.77,118.0,117.75,117.92,40492
2024-08-14 22:00:00+00:00,NVDA,117.95,118.0,117.7,117.72,62170
2024-08-14 23:00:00+00:00,NVDA,117.73,117.78,117.26,117.28,89340
2024-08-15 08:00:00+00:00,NVDA,118.17,118.36,117.02,117.3,230348
2024-08-15 09:00:00+00:00,NVDA,117.33,117.91,117.33,117.74,112025
2024-08-15 10:00:00+00:00,NVDA,117.75,117.82,117.16,117.19,92695
2024-08-15 11:00:00+00:00,NVDA,117.16,117.85,116.98,117.25,272753
2024-08-15 12:00:00+00:00,NVDA,117.25,119.55,117.09,119.01,1072169
2024-08-15 13:00:00+00:00,NVDA,119.04,120.54,117.48,120.53,9160510
2024-08-15 14:00:00+00:00,NVDA,120.54,121.97,119.66,121.55,7473094
2024-08-15 15:00:00+00:00,NVDA,121.55,122.49,121.43,121.88,4490655
2024-08-15 16:00:00+00:00,NVDA,121.89,122.49,121.77,122.09,2857920
2024-08-15 17:00:00+00:00,NVDA,122.1,122.95,121.84,122.94,2761881
2024-08-15 18:00:00+00:00,NVDA,122.94,123.235,122.42,122.89,3538109
2024-08-15 19:00:00+00:00,NVDA,122.88,122.97,122.1,122.91,6378212
2024-08-15 20:00:00+00:00,NVDA,122.86,122.88,122.38,122.41,23438276
2024-08-15 21:00:00+00:00,NVDA,122.43,122.49,121.9,122.44,172485
2024-08-15 22:00:00+00:00,NVDA,122.45,122.68,122.38,122.68,85376
2024-08-15 23:00:00+00:00,NVDA,122.67,123.0,122.67,122.92,105426
2024-08-16 08:00:00+00:00,NVDA,123.59,123.84,123.1,123.51,274203
2024-08-16 09:00:00+00:00,NVDA,123.5,123.81,123.44,123.6,114558
2024-08-16 10:00:00+00:00,NVDA,123.6,123.61,123.18,123.48,113791
2024-08-16 11:00:00+00:00,NVDA,123.48,123.65,122.95,122.96,219284
2024-08-16 12:00:00+00:00,NVDA,123.0,123.12,120.43,121.48,1210117
2024-08-16 13:00:00+00:00,NVDA,121.48,123.89,121.08,122.84,11318278
2024-08-16 14:00:00+00:00,NVDA,122.83,125.0,122.34,122.96,8712413
2024-08-16 15:00:00+00:00,NVDA,122.96,123.66,122.5,123.485,3712156
2024-08-16 16:00:00+00:00,NVDA,123.48,124.56,123.19,124.44,2699474
2024-08-16 17:00:00+00:00,NVDA,124.44,124.755,124.14,124.52,2013014
2024-08-16 18:00:00+00:00,NVDA,124.52,124.7,124.03,124.57,2022370
2024-08-16 19:00:00+00:00,NVDA,124.57,124.59,123.85,124.58,4801689
2024-08-16 20:00:00+00:00,NVDA,124.57,124.58,124.25,124.44,13788006
2024-08-16 21:00:00+00:00,NVDA,124.44,124.5,124.35,124.4,33925
2024-08-16 22:00:00+00:00,NVDA,124.41,124.44,124.34,124.35,24009
2024-08-16 23:00:00+00:00,NVDA,124.34,124.35,124.17,124.23,34095
2024-08-19 08:00:00+00:00,NVDA,124.48,124.5,122.67,123.16,312446
2024-08-19 09:00:00+00:00,NVDA,123.17,123.63,122.77,123.57,132112
2024-08-19 10:00:00+00:00,NVDA,123.55,124.26,123.47,123.56,213658
2024-08-19 11:00:00+00:00,NVDA,123.62,124.79,123.61,124.79,363991
2024-08-19 12:00:00+00:00,NVDA,124.79,125.24,124.57,124.72,383971
2024-08-19 13:00:00+00:00,NVDA,124.74,125.66,123.42,124.91,7883744
2024-08-19 14:00:00+00:00,NVDA,124.93,125.86,123.81,125.7,5825865
2024-08-19 15:00:00+00:00,NVDA,125.7,127.65,125.61,127.07,5084416
2024-08-19 16:00:00+00:00,NVDA,127.075,127.48,126.455,127.35,3173405
2024-08-19 17:00:00+00:00,NVDA,127.32,128.7,127.3,128.56,3658862
2024-08-19 18:00:00+00:00,NVDA,128.56,129.29,128.555,128.83,3715971
2024-08-19 19:00:00+00:00,NVDA,128.83,130.0,128.58,129.99,8632780
2024-08-19 20:00:00+00:00,NVDA,129.99,130.0,129.38,129.48,18322856
2024-08-19 21:00:00+00:00,NVDA,129.46,129.51,129.29,129.41,136166
2024-08-19 22:00:00+00:00,NVDA,129.42,129.49,129.1,129.19,89462
2024-08-19 23:00:00+00:00,NVDA,129.2,129.35,129.1,129.1,81643
2024-08-20 08:00:00+00:00,NVDA,129.75,129.84,128.79,129.07,259732
2024-08-20 09:00:00+00:00,NVDA,129.08,129.6,129.05,129.4,149090
2024-08-20 10:00:00+00:00,NVDA,129.39,129.39,129.1,129.15,104523
2024-08-20 11:00:00+00:00,NVDA,129.15,129.87,129.15,129.62,361206
2024-08-20 12:00:00+00:00,NVDA,129.62,129.76,129.11,129.33,310812
2024-08-20 13:00:00+00:00,NVDA,129.33,129.88,128.19,129.5,8686481
2024-08-20 14:00:00+00:00,NVDA,129.5,129.58,125.89,126.96,9528133
2024-08-20 15:00:00+00:00,NVDA,126.96,128.4,126.45,128.38,3500576
2024-08-20 16:00:00+00:00,NVDA,128.37,128.38,126.82,126.89,2586004
2024-08-20 17:00:00+00:00,NVDA,126.9,127.745,126.54,127.43,1744328
2024-08-20 18:00:00+00:00,NVDA,127.43,128.56,127.26,128.105,2382626
2024-08-20 19:00:00+00:00,NVDA,128.1,128.23,127.12,127.27,3749439
2024-08-20 20:00:00+00:00,NVDA,127.25,127.26,126.75,126.79,9961413
2024-08-20 21:00:00+00:00,NVDA,126.8,126.81,126.34,126.35,135286
2024-08-20 22:00:00+00:00,NVDA,126.35,126.84,126.35,126.54,134996
2024-08-20 23:00:00+00:00,NVDA,126.52,126.54,125.81,125.89,253928
2024-08-21 08:00:00+00:00,NVDA,126.55,126.69,126.16,126.31,137658
2024-08-21 09:00:00+00:00,NVDA,126.3,126.41,125.97,126.21,103898
2024-08-21 10:00:00+00:00,NVDA,126.21,126.81,126.21,126.81,67404
2024-08-21 11:00:00+00:00,NVDA,126.78,127.65,126.54,127.26,336275
2024-08-21 12:00:00+00:00,NVDA,127.27,127.88,127.15,127.43,279362
2024-08-21 13:00:00+00:00,NVDA,127.42,128.58,126.83,127.99,5854901
2024-08-21 14:00:00+00:00,NVDA,127.99,129.34,127.2,127.8,7115319
2024-08-21 15:00:00+00:00,NVDA,127.81,128.41,127.42,127.56,2459989
2024-08-21 16:00:00+00:00,NVDA,127.56,128.05,126.66,127.99,2674086
2024-08-21 17:00:00+00:00,NVDA,127.98,128.33,127.65,128.28,1381433
2024-08-21 18:00:00+00:00,NVDA,128.28,129.34,128.19,128.3,3159062
2024-08-21 19:00:00+00:00,NVDA,128.27,128.61,127.67,128.45,4650978
2024-08-21 20:00:00+00:00,NVDA,128.4,128.5,128.01,128.44,12584494
2024-08-21 21:00:00+00:00,NVDA,128.44,128.46,128.31,128.33,24902
2024-08-21 22:00:00+00:00,NVDA,128.33,128.49,128.33,128.48,42562
2024-08-21 23:00:00+00:00,NVDA,128.47,128.55,128.35,128.55,56616
2024-08-22 08:00:00+00:00,NVDA,128.41,128.67,127.9,128.62,86541
2024-08-22 09:00:00+00:00,NVDA,128.63,128.98,128.59,128.67,64244
2024-08-22 10:00:00+00:00,NVDA,128.69,129.38,128.65,129.36,96284
2024-08-22 11:00:00+00:00,NVDA,129.38,130.85,129.24,130.07,662117
2024-08-22 12:00:00+00:00,NVDA,130.07,130.27,129.42,129.88,490119
2024-08-22 13:00:00+00:00,NVDA,129.89,130.75,129.25,129.89,8904797
2024-08-22 14:00:00+00:00,NVDA,129.91,129.97,127.9,128.36,6543082
2024-08-22 15:00:00+00:00,NVDA,128.36,129.02,124.43,125.61,8009485
2024-08-22 16:00:00+00:00,NVDA,125.6,126.9,125.28,125.72,4780142
2024-08-22 17:00:00+00:00,NVDA,125.73,126.36,123.8,124.37,4876285
2024-08-22 18:00:00+00:00,NVDA,124.39,125.15,123.83,124.115,3530587
2024-08-22 19:00:00+00:00,NVDA,124.12,125.0,123.1,123.79,9564205
2024-08-22 20:00:00+00:00,NVDA,123.88,124.67,123.66,124.33,21193500
2024-08-22 21:00:00+00:00,NVDA,124.34,124.59,124.04,124.58,124490
2024-08-22 22:00:00+00:00,NVDA,124.59,124.59,124.3,124.51,72052
2024-08-22 23:00:00+00:00,NVDA,124.5,124.57,124.43,124.52,48479
2024-08-23 08:00:00+00:00,NVDA,125.5,125.69,125.06,125.51,196621
2024-08-23 09:00:00+00:00,NVDA,125.5,125.5,124.68,125.09,137021
2024-08-23 10:00:00+00:00,NVDA,125.13,125.59,125.13,125.43,95283
2024-08-23 11:00:00+00:00,NVDA,125.39,125.6,125.16,125.42,166536
2024-08-23 12:00:00+00:00,NVDA,125.41,125.54,124.99,125.28,235272
2024-08-23 13:00:00+00:00,NVDA,125.31,127.54,125.23,127.39,6478218
2024-08-23 14:00:00+00:00,NVDA,127.44,129.6,126.51,127.96,12050297
2024-08-23 15:00:00+00:00,NVDA,127.97,129.18,127.3,128.13,5013638
2024-08-23 16:00:00+00:00,NVDA,128.16,128.26,126.625,127.36,3545085
2024-08-23 17:00:00+00:00,NVDA,127.35,128.44,127.17,128.17,2188942
2024-08-23 18:00:00+00:00,NVDA,128.18,128.8,128.1,128.28,2229328
2024-08-23 19:00:00+00:00,NVDA,128.285,129.32,127.875,129.28,7699868
2024-08-23 20:00:00+00:00,NVDA,129.25,129.37,129.03,129.05,18944409
2024-08-23 21:00:00+00:00,NVDA,129.05,129.27,129.02,129.19,126836
2024-08-23 22:00:00+00:00,NVDA,129.19,129.37,129.17,129.36,80404
2024-08-23 23:00:00+00:00,NVDA,129.36,129.47,129.34,129.47,100379
2024-08-26 08:00:00+00:00,NVDA,130.0,130.7,129.89,130.46,243063
2024-08-26 09:00:00+00:00,NVDA,130.48,130.66,130.41,130.58,189846
2024-08-26 10:00:00+00:00,NVDA,130.56,130.93,130.5,130.58,153913
2024-08-26 11:00:00+00:00,NVDA,130.55,130.7,129.52,129.91,467286
2024-08-26 12:00:00+00:00,NVDA,129.89,130.09,129.09,129.55,393324
2024-08-26 13:00:00+00:00,NVDA,129.53,131.26,128.59,128.7,10589226
2024-08-26 14:00:00+00:00,NVDA,128.7,128.875,124.38,126.7,12245575
2024-08-26 15:00:00+00:00,NVDA,126.69,127.44,126.13,126.44,4722956
2024-08-26 16:00:00+00:00,NVDA,126.44,127.54,125.93,126.99,2842166
2024-08-26 17:00:00+00:00,NVDA,126.98,127.015,125.76,126.02,2820409
2024-08-26 18:00:00+00:00,NVDA,126.03,126.99,125.55,126.99,2327164
2024-08-26 19:00:00+00:00,NVDA,126.985,126.99,126.125,126.46,5641022
2024-08-26 20:00:00+00:00,NVDA,126.47,126.69,126.33,126.58,10391877
2024-08-26 21:00:00+00:00,NVDA,126.57,126.81,126.52,126.77,52830
2024-08-26 22:00:00+00:00,NVDA,126.75,126.87,126.52,126.55,52260
2024-08-26 23:00:00+00:00,NVDA,126.57,126.74,126.51,126.58,45536
2024-08-27 08:00:00+00:00,NVDA,126.76,127.33,126.44,126.99,219242
2024-08-27 09:00:00+00:00,NVDA,127.02,127.17,126.9,127.12,44199
2024-08-27 10:00:00+00:00,NVDA,127.14,127.14,126.4,126.55,121857
2024-08-27 11:00:00+00:00,NVDA,126.56,126.86,126.11,126.39,175050
2024-08-27 12:00:00+00:00,NVDA,126.36,126.37,124.72,125.04,513814
2024-08-27 13:00:00+00:00,NVDA,125.07,127.59,123.88,126.82,9540795
2024-08-27 14:00:00+00:00,NVDA,126.83,128.49,126.04,128.47,6113057
2024-08-27 15:00:00+00:00,NVDA,128.48,128.98,127.34,128.02,3712697
2024-08-27 16:00:00+00:00,NVDA,128.02,128.48,127.53,128.19,2247316
2024-08-27 17:00:00+00:00,NVDA,128.18,129.195,128.16,129.0,2513649
2024-08-27 18:00:00+00:00,NVDA,128.99,129.17,128.13,128.605,2378296
2024-08-27 19:00:00+00:00,NVDA,128.605,128.75,128.2,128.34,4684412
2024-08-27 20:00:00+00:00,NVDA,128.34,128.41,128.11,128.29,9729669
2024-08-27 21:00:00+00:00,NVDA,128.29,128.32,128.04,128.21,74679
2024-08-27 22:00:00+00:00,NVDA,128.21,128.23,127.79,127.95,126248
2024-08-27 23:00:00+00:00,NVDA,127.94,128.08,127.68,127.7,88436
2024-08-28 08:00:00+00:00,NVDA,129.0,129.0,127.99,128.91,229098
2024-08-28 09:00:00+00:00,NVDA,128.93,129.14,128.7,128.98,146121
2024-08-28 10:00:00+00:00,NVDA,128.98,129.04,128.54,128.91,89108
2024-08-28 11:00:00+00:00,NVDA,128.92,129.0,128.3,128.34,254912
2024-08-28 12:00:00+00:00,NVDA,128.34,128.66,128.3,128.59,257645
2024-08-28 13:00:00+00:00,NVDA,128.56,128.62,126.08,126.84,7486613
2024-08-28 14:00:00+00:00,NVDA,126.86,127.57,125.1,125.1,6795771
2024-08-28 15:00:00+00:00,NVDA,125.11,125.64,122.65,125.51,10617452
2024-08-28 16:00:00+00:00,NVDA,125.5,126.03,124.68,125.88,4452907
2024-08-28 17:00:00+00:00,NVDA,125.88,126.01,123.89,124.06,3377907
2024-08-28 18:00:00+00:00,NVDA,124.075,125.965,123.96,125.87,3350181
2024-08-28 19:00:00+00:00,NVDA,125.86,126.67,125.42,125.66,9207497
2024-08-28 20:00:00+00:00,NVDA,125.65,128.56,115.01,120.5,24408480
2024-08-28 21:00:00+00:00,NVDA,120.56,120.99,115.5,115.5,4921125
2024-08-28 22:00:00+00:00,NVDA,115.49,118.0,115.01,117.2,1696317
2024-08-28 23:00:00+00:00,NVDA,117.18,117.2,115.91,116.91,646865
2024-08-29 08:00:00+00:00,NVDA,121.0,121.0,118.9,120.28,913148
2024-08-29 09:00:00+00:00,NVDA,120.23,124.13,119.97,123.3,1254242
2024-08-29 10:00:00+00:00,NVDA,123.34,123.74,121.68,121.68,912919
2024-08-29 11:00:00+00:00,NVDA,121.72,122.16,120.0,121.27,1545159
2024-08-29 12:00:00+00:00,NVDA,121.28,121.92,120.5,121.3,989822
2024-08-29 13:00:00+00:00,NVDA,121.29,124.43,119.67,123.13,16487762
2024-08-29 14:00:00+00:00,NVDA,123.13,123.67,119.23,122.2,12340937
2024-08-29 15:00:00+00:00,NVDA,122.19,122.54,120.74,121.12,4732326
2024-08-29 16:00:00+00:00,NVDA,121.11,121.84,120.29,120.64,3475635
2024-08-29 17:00:00+00:00,NVDA,120.64,121.16,120.23,120.99,2767364
2024-08-29 18:00:00+00:00,NVDA,120.99,120.99,116.74,117.77,11063928
2024-08-29 19:00:00+00:00,NVDA,117.79,119.08,117.31,117.63,9951565
2024-08-29 20:00:00+00:00,NVDA,117.59,118.35,117.42,118.21,25209502
2024-08-29 21:00:00+00:00,NVDA,118.18,118.33,118.03,118.1,242829
2024-08-29 22:00:00+00:00,NVDA,118.12,118.22,118.0,118.2,159761
2024-08-29 23:00:00+00:00,NVDA,118.2,118.5,118.16,118.47,108001
2024-08-30 08:00:00+00:00,NVDA,119.36,119.65,119.15,119.43,164568
2024-08-30 09:00:00+00:00,NVDA,119.42,119.74,119.4,119.73,88860
2024-08-30 10:00:00+00:00,NVDA,119.71,119.75,119.0,119.47,138355
2024-08-30 11:00:00+00:00,NVDA,119.41,119.55,118.53,118.63,271072
2024-08-30 12:00:00+00:00,NVDA,118.61,119.35,118.38,118.63,461545
2024-08-30 13:00:00+00:00,NVDA,118.6,121.16,118.44,120.92,8801953
2024-08-30 14:00:00+00:00,NVDA,120.92,121.745,118.29,118.48,7437341
2024-08-30 15:00:00+00:00,NVDA,118.48,118.95,117.22,118.23,5905924
2024-08-30 16:00:00+00:00,NVDA,118.24,118.89,117.725,118.48,2785265
2024-08-30 17:00:00+00:00,NVDA,118.47,118.71,118.025,118.17,1746062
2024-08-30 18:00:00+00:00,NVDA,118.16,119.23,117.98,119.03,2361731
2024-08-30 19:00:00+00:00,NVDA,119.025,119.58,118.31,119.36,6625241
2024-08-30 20:00:00+00:00,NVDA,119.38,119.59,119.03,119.23,28114352
2024-08-30 21:00:00+00:00,NVDA,119.23,119.26,119.15,119.21,80100
2024-08-30 22:00:00+00:00,NVDA,119.2,119.21,119.06,119.16,41801
2024-08-30 23:00:00+00:00,NVDA,119.16,119.29,119.15,119.23,37707
2024-09-03 08:00:00+00:00,NVDA,119.26,119.32,116.86,116.93,407763
2024-09-03 09:00:00+00:00,NVDA,116.92,117.2,116.48,116.66,475181
2024-09-03 10:00:00+00:00,NVDA,116.62,117.27,116.43,117.24,223344
2024-09-03 11:00:00+00:00,NVDA,117.24,117.4,116.52,116.97,395549
2024-09-03 12:00:00+00:00,NVDA,116.96,117.15,116.59,116.65,330142
2024-09-03 13:00:00+00:00,NVDA,116.64,116.79,112.01,112.91,13583507
2024-09-03 14:00:00+00:00,NVDA,112.92,113.53,109.61,109.765,14815510
2024-09-03 15:00:00+00:00,NVDA,109.77,111.67,109.39,110.36,6281722
2024-09-03 16:00:00+00:00,NVDA,110.37,110.83,109.8,110.17,4626908
2024-09-03 17:00:00+00:00,NVDA,110.175,110.72,109.57,109.59,3131425
2024-09-03 18:00:00+00:00,NVDA,109.59,109.64,108.02,108.82,8044498
2024-09-03 19:00:00+00:00,NVDA,108.81,109.2,107.29,107.99,12207279
2024-09-03 20:00:00+00:00,NVDA,108.02,108.05,105.15,105.47,36872890
2024-09-03 21:00:00+00:00,NVDA,105.47,106.38,105.33,106.36,523616
2024-09-03 22:00:00+00:00,NVDA,106.36,106.49,106.05,106.09,306959
2024-09-03 23:00:00+00:00,NVDA,106.06,106.07,105.4,105.4,205035
2024-09-04 08:00:00+00:00,NVDA,106.0,107.46,104.55,106.77,893688
2024-09-04 09:00:00+00:00,NVDA,106.79,107.66,106.51,107.09,385606
2024-09-04 10:00:00+00:00,NVDA,107.12,107.2,106.13,106.26,286940
2024-09-04 11:00:00+00:00,NVDA,106.27,106.45,105.57,106.08,636282
2024-09-04 12:00:00+00:00,NVDA,106.13,106.75,105.68,106.74,536770
2024-09-04 13:00:00+00:00,NVDA,106.73,107.9,104.12,106.93,19014915
2024-09-04 14:00:00+00:00,NVDA,106.95,109.78,105.51,109.665,12312012
2024-09-04 15:00:00+00:00,NVDA,109.66,109.99,107.52,107.905,6850698
2024-09-04 16:00:00+00:00,NVDA,107.895,109.19,107.615,108.93,4124336
2024-09-04 17:00:00+00:00,NVDA,108.92,109.51,108.68,108.715,3293471
2024-09-04 18:00:00+00:00,NVDA,108.715,108.77,106.11,106.195,5043622
2024-09-04 19:00:00+00:00,NVDA,106.195,106.99,105.4,106.18,10091213
2024-09-04 20:00:00+00:00,NVDA,106.16,106.63,105.61,106.6,13335338
2024-09-04 21:00:00+00:00,NVDA,106.58,107.27,106.4,107.14,254680
2024-09-04 22:00:00+00:00,NVDA,107.13,107.19,106.66,107.06,119662
2024-09-04 23:00:00+00:00,NVDA,107.08,107.1,106.5,106.69,146359
2024-09-05 08:00:00+00:00,NVDA,107.26,107.66,107.04,107.2,188584
2024-09-05 09:00:00+00:00,NVDA,107.19,107.2,106.11,106.71,150211
2024-09-05 10:00:00+00:00,NVDA,106.7,106.96,106.42,106.66,122958
2024-09-05 11:00:00+00:00,NVDA,106.66,107.06,106.11,106.29,322585
2024-09-05 12:00:00+00:00,NVDA,106.28,106.34,104.16,105.33,1189279
2024-09-05 13:00:00+00:00,NVDA,105.38,108.99,104.76,108.85,11209590
2024-09-05 14:00:00+00:00,NVDA,108.88,109.645,107.65,107.68,8861415
2024-09-05 15:00:00+00:00,NVDA,107.69,107.83,106.07,106.33,5905598
2024-09-05 16:00:00+00:00,NVDA,106.34,107.705,106.29,106.93,3392309
2024-09-05 17:00:00+00:00,NVDA,106.94,107.59,106.29,107.56,2641565
2024-09-05 18:00:00+00:00,NVDA,107.57,107.75,106.765,107.22,2683800
2024-09-05 19:00:00+00:00,NVDA,107.225,107.395,106.38,107.24,5246168
2024-09-05 20:00:00+00:00,NVDA,107.24,107.6,106.05,106.54,10898681
2024-09-05 21:00:00+00:00,NVDA,106.52,106.7,106.36,106.59,88529
2024-09-05 22:00:00+00:00,NVDA,106.63,106.75,106.41,106.41,73609
2024-09-05 23:00:00+00:00,NVDA,106.4,106.42,106.14,106.35,89104
2024-09-06 08:00:00+00:00,NVDA,105.67,105.75,104.44,104.51,342961
2024-09-06 09:00:00+00:00,NVDA,104.54,105.25,104.38,105.21,149761
2024-09-06 10:00:00+00:00,NVDA,105.2,105.61,104.96,105.31,165103
2024-09-06 11:00:00+00:00,NVDA,105.49,105.95,105.08,105.73,277004
2024-09-06 12:00:00+00:00,NVDA,105.72,108.31,105.35,108.08,1580501
2024-09-06 13:00:00+00:00,NVDA,108.08,108.84,104.125,104.16,10746067
2024-09-06 14:00:00+00:00,NVDA,104.165,105.33,101.95,102.64,12725683
2024-09-06 15:00:00+00:00,NVDA,102.62,103.75,101.39,101.67,8021806
2024-09-06 16:00:00+00:00,NVDA,101.66,102.59,100.95,102.01,6028014
2024-09-06 17:00:00+00:00,NVDA,102.01,103.265,101.86,102.385,4376304
2024-09-06 18:00:00+00:00,NVDA,102.39,102.955,101.78,102.785,3073883
2024-09-06 19:00:00+00:00,NVDA,102.78,103.665,102.495,102.84,7918586
2024-09-06 20:00:00+00:00,NVDA,102.86,103.08,102.13,102.34,24590867
2024-09-06 21:00:00+00:00,NVDA,102.32,102.56,102.22,102.44,85751
2024-09-06 22:00:00+00:00,NVDA,102.44,102.65,102.38,102.49,67188
2024-09-06 23:00:00+00:00,NVDA,102.49,102.66,102.41,102.48,44400
2024-09-09 08:00:00+00:00,NVDA,104.08,104.9,103.71,104.05,392451
2024-09-09 09:00:00+00:00,NVDA,104.09,104.37,103.93,104.1,180944
2024-09-09 10:00:00+00:00,NVDA,104.1,104.13,102.77,103.32,264028
2024-09-09 11:00:00+00:00,NVDA,103.32,104.23,103.27,104.02,315625
2024-09-09 12:00:00+00:00,NVDA,104.03,104.15,103.66,104.07,253072
2024-09-09 13:00:00+00:00,NVDA,104.07,106.55,103.86,106.12,9614071
2024-09-09 14:00:00+00:00,NVDA,106.13,106.3,103.7,103.84,6618227
2024-09-09 15:00:00+00:00,NVDA,103.82,105.39,103.76,105.385,3466983
2024-09-09 16:00:00+00:00,NVDA,105.39,105.965,105.05,105.78,2371188
2024-09-09 17:00:00+00:00,NVDA,105.78,106.2,104.98,105.29,3035129
2024-09-09 18:00:00+00:00,NVDA,105.28,105.51,104.685,105.37,2421382
2024-09-09 19:00:00+00:00,NVDA,105.37,106.55,104.985,106.46,5415353
2024-09-09 20:00:00+00:00,NVDA,106.46,107.13,106.24,106.81,19080400
2024-09-09 21:00:00+00:00,NVDA,106.81,107.16,106.8,106.86,140059
2024-09-09 22:00:00+00:00,NVDA,106.86,107.1,106.81,106.84,104819
2024-09-09 23:00:00+00:00,NVDA,106.84,107.13,106.83,107.11,56289
2024-09-10 08:00:00+00:00,NVDA,106.76,106.83,106.05,106.15,147795
2024-09-10 09:00:00+00:00,NVDA,106.1,106.3,105.58,106.15,132538
2024-09-10 10:00:00+00:00,NVDA,106.19,106.49,105.96,106.35,63410
2024-09-10 11:00:00+00:00,NVDA,106.35,107.19,106.25,107.01,339530
2024-09-10 12:00:00+00:00,NVDA,107.01,107.95,106.97,107.88,405465
2024-09-10 13:00:00+00:00,NVDA,107.89,109.4,106.53,106.99,8834075
2024-09-10 14:00:00+00:00,NVDA,106.99,107.8,105.97,106.87,5718506
2024-09-10 15:00:00+00:00,NVDA,106.87,107.43,105.255,105.29,3861318
2024-09-10 16:00:00+00:00,NVDA,105.29,106.25,104.95,105.82,3680338
2024-09-10 17:00:00+00:00,NVDA,105.81,106.71,105.77,106.545,2451184
2024-09-10 18:00:00+00:00,NVDA,106.55,107.575,106.55,107.135,2461811
2024-09-10 19:00:00+00:00,NVDA,107.13,108.18,107.03,108.02,5022663
2024-09-10 20:00:00+00:00,NVDA,108.02,108.14,107.46,107.8,11057111
2024-09-10 21:00:00+00:00,NVDA,107.8,107.9,107.67,107.9,63880
2024-09-10 22:00:00+00:00,NVDA,107.87,107.87,107.7,107.74,29931
2024-09-10 23:00:00+00:00,NVDA,107.75,107.8,107.5,107.58,34282
2024-09-11 08:00:00+00:00,NVDA,107.86,107.86,107.15,107.34,130622
2024-09-11 09:00:00+00:00,NVDA,107.36,107.67,107.27,107.59,86577
2024-09-11 10:00:00+00:00,NVDA,107.6,107.79,107.53,107.69,50388
2024-09-11 11:00:00+00:00,NVDA,107.69,108.38,107.64,108.29,183744
2024-09-11 12:00:00+00:00,NVDA,108.27,109.39,107.52,109.25,1174234
2024-09-11 13:00:00+00:00,NVDA,109.25,111.93,109.16,110.24,10782168
2024-09-11 14:00:00+00:00,NVDA,110.24,110.47,107.42,108.58,8820242
2024-09-11 15:00:00+00:00,NVDA,108.56,111.255,108.2,111.17,6250177
2024-09-11 16:00:00+00:00,NVDA,111.17,112.88,111.015,112.07,7254297
2024-09-11 17:00:00+00:00,NVDA,112.08,114.4,112.045,114.28,8368657
2024-09-11 18:00:00+00:00,NVDA,114.29,115.5,114.22,115.1,6361254
2024-09-11 19:00:00+00:00,NVDA,115.1,117.18,114.76,116.78,11987049
2024-09-11 20:00:00+00:00,NVDA,116.91,117.2,116.55,116.75,21573182
2024-09-11 21:00:00+00:00,NVDA,116.75,116.78,116.09,116.2,199560
2024-09-11 22:00:00+00:00,NVDA,116.27,116.34,116.1,116.26,90871
2024-09-11 23:00:00+00:00,NVDA,116.29,116.73,116.25,116.59,134542
2024-09-12 08:00:00+00:00,NVDA,117.17,118.07,116.6,117.8,512815
2024-09-12 09:00:00+00:00,NVDA,117.78,118.4,117.72,117.89,289632
2024-09-12 10:00:00+00:00,NVDA,117.87,118.1,117.53,117.58,149894
2024-09-12 11:00:00+00:00,NVDA,117.59,118.28,117.04,118.09,463645
2024-09-12 12:00:00+00:00,NVDA,118.08,118.18,116.79,116.8,766141
2024-09-12 13:00:00+00:00,NVDA,116.8,118.26,115.38,118.26,10318626
2024-09-12 14:00:00+00:00,NVDA,118.26,120.24,117.79,118.62,11272102
2024-09-12 15:00:00+00:00,NVDA,118.62,119.78,117.77,118.14,6430278
2024-09-12 16:00:00+00:00,NVDA,118.14,119.43,118.11,119.43,4157346
2024-09-12 17:00:00+00:00,NVDA,119.43,120.79,119.11,120.65,4833515
2024-09-12 18:00:00+00:00,NVDA,120.65,120.74,119.11,120.33,4249352
2024-09-12 19:00:00+00:00,NVDA,120.32,120.48,119.02,119.21,6668227
2024-09-12 20:00:00+00:00,NVDA,119.22,119.27,118.2,118.72,14761680
2024-09-12 21:00:00+00:00,NVDA,118.71,118.8,118.38,118.79,93740
2024-09-12 22:00:00+00:00,NVDA,118.79,118.89,118.48,118.81,64050
2024-09-12 23:00:00+00:00,NVDA,118.8,119.14,118.77,119.12,57733
2024-09-13 08:00:00+00:00,NVDA,118.91,119.66,118.55,119.56,209833
2024-09-13 09:00:00+00:00,NVDA,119.56,119.61,119.15,119.28,100998
2024-09-13 10:00:00+00:00,NVDA,119.28,119.29,118.86,119.23,110962
2024-09-13 11:00:00+00:00,NVDA,119.23,119.53,119.11,119.3,192553
2024-09-13 12:00:00+00:00,NVDA,119.32,119.5,119.0,119.01,257428
2024-09-13 13:00:00+00:00,NVDA,119.04,119.95,118.35,118.685,5475293
2024-09-13 14:00:00+00:00,NVDA,118.675,119.69,117.6,119.395,6619809
2024-09-13 15:00:00+00:00,NVDA,119.395,119.79,118.825,118.91,3465744
2024-09-13 16:00:00+00:00,NVDA,118.9,119.3,118.31,119.27,2609522
2024-09-13 17:00:00+00:00,NVDA,119.27,119.33,118.76,118.8,1891024
2024-09-13 18:00:00+00:00,NVDA,118.8,119.02,118.37,118.86,2138114
2024-09-13 19:00:00+00:00,NVDA,118.865,119.14,118.64,119.07,5318134
2024-09-13 20:00:00+00:00,NVDA,119.07,119.1,118.91,118.95,9799208
2024-09-13 21:00:00+00:00,NVDA,118.95,118.99,118.82,118.86,52091
2024-09-13 22:00:00+00:00,NVDA,118.86,118.89,118.73,118.76,39226
2024-09-13 23:00:00+00:00,NVDA,118.78,118.86,118.75,118.76,19830
2024-09-16 08:00:00+00:00,NVDA,118.99,119.05,118.55,118.65,79237
2024-09-16 09:00:00+00:00,NVDA,118.65,118.73,118.23,118.26,87720
2024-09-16 10:00:00+00:00,NVDA,118.25,118.3,117.68,117.95,170850
2024-09-16 11:00:00+00:00,NVDA,117.96,118.02,116.82,117.28,533356
2024-09-16 12:00:00+00:00,NVDA,117.28,117.55,116.83,117.03,352852
2024-09-16 13:00:00+00:00,NVDA,117.01,117.39,114.36,116.8,9063746
2024-09-16 14:00:00+00:00,NVDA,116.79,118.18,116.04,116.56,5272821
2024-09-16 15:00:00+00:00,NVDA,116.54,117.03,115.78,116.19,2719758
2024-09-16 16:00:00+00:00,NVDA,116.19,116.44,115.71,116.26,2310605
2024-09-16 17:00:00+00:00,NVDA,116.26,117.07,116.12,116.89,1751242
2024-09-16 18:00:00+00:00,NVDA,116.89,116.89,116.1,116.34,1424745
2024-09-16 19:00:00+00:00,NVDA,116.35,116.79,116.205,116.75,3390469
2024-09-16 20:00:00+00:00,NVDA,116.74,116.8,116.45,116.51,14083560
2024-09-16 21:00:00+00:00,NVDA,116.58,116.64,116.42,116.53,49062
2024-09-16 22:00:00+00:00,NVDA,116.55,116.72,116.54,116.67,27185
2024-09-16 23:00:00+00:00,NVDA,116.7,116.7,116.43,116.43,31390
2024-09-17 08:00:00+00:00,NVDA,116.89,117.29,116.8,116.99,133931
2024-09-17 09:00:00+00:00,NVDA,117.0,117.83,117.0,117.66,139144
2024-09-17 10:00:00+00:00,NVDA,117.67,117.9,117.38,117.5,87508
2024-09-17 11:00:00+00:00,NVDA,117.45,117.88,117.37,117.77,148511
2024-09-17 12:00:00+00:00,NVDA,117.75,118.4,117.71,118.28,391028
2024-09-17 13:00:00+00:00,NVDA,118.28,118.8,116.545,117.3,5312936
2024-09-17 14:00:00+00:00,NVDA,117.31,118.275,117.0,117.51,4226970
2024-09-17 15:00:00+00:00,NVDA,117.52,117.74,116.92,117.32,2388772
2024-09-17 16:00:00+00:00,NVDA,117.33,117.515,115.67,116.01,3737597
2024-09-17 17:00:00+00:00,NVDA,116.02,116.39,114.84,115.51,3030198
2024-09-17 18:00:00+00:00,NVDA,115.5,115.7,114.86,115.13,2076872
2024-09-17 19:00:00+00:00,NVDA,115.12,115.65,114.98,115.56,4373097
2024-09-17 20:00:00+00:00,NVDA,115.59,115.63,115.35,115.43,13975926
2024-09-17 21:00:00+00:00,NVDA,115.41,115.5,115.39,115.45,34866
2024-09-17 22:00:00+00:00,NVDA,115.44,115.55,115.4,115.48,30426
2024-09-17 23:00:00+00:00,NVDA,115.47,115.53,115.36,115.43,44727
2024-09-18 08:00:00+00:00,NVDA,115.78,115.93,114.84,115.14,201161
2024-09-18 09:00:00+00:00,NVDA,115.15,115.37,114.94,115.35,65045
2024-09-18 10:00:00+00:00,NVDA,115.34,115.97,115.15,115.87,138733
2024-09-18 11:00:00+00:00,NVDA,115.87,115.96,115.55,115.66,148618
2024-09-18 12:00:00+00:00,NVDA,115.67,115.77,115.04,115.71,206788
2024-09-18 13:00:00+00:00,NVDA,115.7,116.35,114.61,115.93,3988721
2024-09-18 14:00:00+00:00,NVDA,115.94,115.945,114.7,115.18,2779400
2024-09-18 15:00:00+00:00,NVDA,115.17,115.38,113.68,113.9,2767462
2024-09-18 16:00:00+00:00,NVDA,113.9,115.33,113.78,115.255,2026941
2024-09-18 17:00:00+00:00,NVDA,115.25,115.34,114.62,115.03,1578195
2024-09-18 18:00:00+00:00,NVDA,115.02,117.7,114.62,115.87,8737315
2024-09-18 19:00:00+00:00,NVDA,115.9,115.9,113.22,113.22,10527848
2024-09-18 20:00:00+00:00,NVDA,113.37,113.61,112.78,113.32,20226479
2024-09-18 21:00:00+00:00,NVDA,113.29,113.46,113.27,113.4,55371
2024-09-18 22:00:00+00:00,NVDA,113.4,113.99,113.4,113.9,104146
2024-09-18 23:00:00+00:00,NVDA,113.9,114.57,113.8,114.52,129724
2024-09-19 08:00:00+00:00,NVDA,116.1,116.71,116.03,116.52,473723
2024-09-19 09:00:00+00:00,NVDA,116.54,117.32,116.47,117.09,343622
2024-09-19 10:00:00+00:00,NVDA,117.09,117.3,116.78,116.98,179254
2024-09-19 11:00:00+00:00,NVDA,116.97,117.25,116.79,117.14,255476
2024-09-19 12:00:00+00:00,NVDA,117.12,117.26,116.84,117.0,305322
2024-09-19 13:00:00+00:00,NVDA,117.0,119.18,116.8,118.4,10749435
2024-09-19 14:00:00+00:00,NVDA,118.41,119.47,117.95,118.58,6337353
2024-09-19 15:00:00+00:00,NVDA,118.58,119.66,118.51,118.88,3899922
2024-09-19 16:00:00+00:00,NVDA,118.875,119.49,118.815,119.48,2810659
2024-09-19 17:00:00+00:00,NVDA,119.485,119.66,119.03,119.28,2843438
2024-09-19 18:00:00+00:00,NVDA,119.28,119.39,118.19,118.55,3182720
2024-09-19 19:00:00+00:00,NVDA,118.56,118.645,117.62,117.98,6457419
2024-09-19 20:00:00+00:00,NVDA,117.87,118.05,117.52,117.87,25227160
2024-09-19 21:00:00+00:00,NVDA,117.86,117.96,117.71,117.8,44154
2024-09-19 22:00:00+00:00,NVDA,117.79,117.97,117.74,117.8,43396
2024-09-19 23:00:00+00:00,NVDA,117.79,117.95,117.73,117.87,38140
2024-09-20 08:00:00+00:00,NVDA,118.04,118.05,116.63,117.14,283428
2024-09-20 09:00:00+00:00,NVDA,117.16,117.39,116.8,116.88,102243
2024-09-20 10:00:00+00:00,NVDA,116.86,117.2,116.66,116.77,79039
2024-09-20 11:00:00+00:00,NVDA,116.8,117.06,116.74,117.03,152237
2024-09-20 12:00:00+00:00,NVDA,117.0,117.77,116.66,117.48,382375
2024-09-20 13:00:00+00:00,NVDA,117.48,118.615,116.86,117.59,21650538
2024-09-20 14:00:00+00:00,NVDA,117.58,117.94,116.18,116.515,5790989
2024-09-20 15:00:00+00:00,NVDA,116.5,116.63,115.41,116.29,5473213
2024-09-20 16:00:00+00:00,NVDA,116.29,116.815,116.055,116.275,2745507
2024-09-20 17:00:00+00:00,NVDA,116.27,116.56,115.95,116.0,2384259
2024-09-20 18:00:00+00:00,NVDA,116.0,116.15,115.5,116.07,2900049
2024-09-20 19:00:00+00:00,NVDA,116.08,116.88,115.73,116.08,8771897
2024-09-20 20:00:00+00:00,NVDA,116.08,116.31,116.0,116.02,87652167
2024-09-20 21:00:00+00:00,NVDA,116.02,116.09,116.01,116.08,31519
2024-09-20 22:00:00+00:00,NVDA,116.07,116.17,116.05,116.14,28167
2024-09-20 23:00:00+00:00,NVDA,116.13,116.19,116.05,116.19,35537
2024-09-23 08:00:00+00:00,NVDA,116.38,116.81,116.0,116.32,154284
2024-09-23 09:00:00+00:00,NVDA,116.34,116.53,116.17,116.35,51361
2024-09-23 10:00:00+00:00,NVDA,116.38,116.48,116.15,116.27,37048
2024-09-23 11:00:00+00:00,NVDA,116.29,116.34,115.83,116.22,175851
2024-09-23 12:00:00+00:00,NVDA,116.2,116.47,116.1,116.25,178003
2024-09-23 13:00:00+00:00,NVDA,116.26,116.99,115.45,116.26,5142705
2024-09-23 14:00:00+00:00,NVDA,116.26,116.82,114.86,115.62,4887956
2024-09-23 15:00:00+00:00,NVDA,115.61,116.34,115.105,116.2,2956215
2024-09-23 16:00:00+00:00,NVDA,116.21,116.28,115.32,115.59,2156043
2024-09-23 17:00:00+00:00,NVDA,115.59,115.97,115.27,115.93,1515527
2024-09-23 18:00:00+00:00,NVDA,115.92,116.26,115.72,116.22,1688567
2024-09-23 19:00:00+00:00,NVDA,116.21,116.61,116.02,116.24,3692566
2024-09-23 20:00:00+00:00,NVDA,116.24,116.29,116.03,116.06,17878148
2024-09-23 21:00:00+00:00,NVDA,116.05,116.13,116.02,116.1,30006
2024-09-23 22:00:00+00:00,NVDA,116.09,116.09,115.97,115.98,29941
2024-09-23 23:00:00+00:00,NVDA,115.95,116.1,115.92,116.08,31716
2024-09-24 08:00:00+00:00,NVDA,116.4,117.27,116.4,116.98,226095
2024-09-24 09:00:00+00:00,NVDA,116.97,117.12,116.7,116.81,136074
2024-09-24 10:00:00+00:00,NVDA,116.79,117.01,116.64,116.7,97500
2024-09-24 11:00:00+00:00,NVDA,116.68,116.79,116.07,116.38,213861
2024-09-24 12:00:00+00:00,NVDA,116.38,116.5,116.16,116.35,185456
2024-09-24 13:00:00+00:00,NVDA,116.36,117.61,116.26,117.2,4426965
2024-09-24 14:00:00+00:00,NVDA,117.21,117.21,115.38,116.1,5343864
2024-09-24 15:00:00+00:00,NVDA,116.11,121.24,115.95,120.44,11701226
2024-09-24 16:00:00+00:00,NVDA,120.44,121.61,120.385,120.87,7126484
2024-09-24 17:00:00+00:00,NVDA,120.87,121.8,120.73,121.31,3820459
2024-09-24 18:00:00+00:00,NVDA,121.32,121.55,121.03,121.26,3286203
2024-09-24 19:00:00+00:00,NVDA,121.25,121.27,120.11,120.95,7114860
2024-09-24 20:00:00+00:00,NVDA,120.95,121.3,120.82,121.29,22109185
2024-09-24 21:00:00+00:00,NVDA,121.27,121.3,121.21,121.28,86617
2024-09-24 22:00:00+00:00,NVDA,121.28,121.62,121.25,121.62,123138
2024-09-24 23:00:00+00:00,NVDA,121.62,121.83,121.61,121.77,133428
2024-09-25 08:00:00+00:00,NVDA,120.6,120.83,119.73,119.98,231615
2024-09-25 09:00:00+00:00,NVDA,119.96,120.28,119.77,120.17,145953
2024-09-25 10:00:00+00:00,NVDA,120.17,120.53,120.17,120.51,125785
2024-09-25 11:00:00+00:00,NVDA,120.51,121.35,120.44,121.34,327191
2024-09-25 12:00:00+00:00,NVDA,121.34,122.0,121.19,121.96,453355
2024-09-25 13:00:00+00:00,NVDA,121.96,124.19,121.62,124.16,9997641
2024-09-25 14:00:00+00:00,NVDA,124.14,124.94,123.95,124.6,6903600
2024-09-25 15:00:00+00:00,NVDA,124.58,124.86,123.12,123.57,4348561
2024-09-25 16:00:00+00:00,NVDA,123.58,123.89,123.06,123.205,2609458
2024-09-25 17:00:00+00:00,NVDA,123.21,123.38,122.62,123.22,2743261
2024-09-25 18:00:00+00:00,NVDA,123.215,123.6,122.86,123.465,1654073
2024-09-25 19:00:00+00:00,NVDA,123.465,123.59,123.21,123.56,3672978
2024-09-25 20:00:00+00:00,NVDA,123.56,124.8,123.26,124.41,13881718
2024-09-25 21:00:00+00:00,NVDA,124.39,124.51,124.32,124.49,98430
2024-09-25 22:00:00+00:00,NVDA,124.46,124.6,124.38,124.52,53783
2024-09-25 23:00:00+00:00,NVDA,124.52,124.64,124.46,124.58,48181
2024-09-26 08:00:00+00:00,NVDA,125.0,126.57,123.65,126.07,526320
2024-09-26 09:00:00+00:00,NVDA,126.08,126.13,125.38,125.58,244839
2024-09-26 10:00:00+00:00,NVDA,125.57,125.87,125.4,125.85,140634
2024-09-26 11:00:00+00:00,NVDA,125.82,126.75,125.58,126.34,484815
2024-09-26 12:00:00+00:00,NVDA,126.34,126.75,126.0,126.61,613684
2024-09-26 13:00:00+00:00,NVDA,126.61,127.67,125.78,126.88,11682661
2024-09-26 14:00:00+00:00,NVDA,126.87,127.0,122.63,122.96,8175019
2024-09-26 15:00:00+00:00,NVDA,122.95,124.49,122.16,124.47,5603227
2024-09-26 16:00:00+00:00,NVDA,124.47,124.47,122.95,123.22,3051879
2024-09-26 17:00:00+00:00,NVDA,123.215,123.39,121.8,123.2,3514470
2024-09-26 18:00:00+00:00,NVDA,123.2,124.125,123.19,123.87,2416007
2024-09-26 19:00:00+00:00,NVDA,123.87,124.45,123.53,123.99,4721237
2024-09-26 20:00:00+00:00,NVDA,123.98,124.04,123.7,123.78,13211619
2024-09-26 21:00:00+00:00,NVDA,123.78,123.79,123.34,123.37,59708
2024-09-26 22:00:00+00:00,NVDA,123.42,123.78,123.42,123.61,41485
2024-09-26 23:00:00+00:00,NVDA,123.61,123.64,123.25,123.33,47401
2024-09-27 08:00:00+00:00,NVDA,122.57,122.89,122.15,122.52,293837
2024-09-27 09:00:00+00:00,NVDA,122.57,122.7,122.23,122.66,121924
2024-09-27 10:00:00+00:00,NVDA,122.66,122.71,122.34,122.66,72033
2024-09-27 11:00:00+00:00,NVDA,122.67,123.48,122.65,123.48,218651
2024-09-27 12:00:00+00:00,NVDA,123.45,124.49,123.39,124.22,481270
2024-09-27 13:00:00+00:00,NVDA,124.22,124.25,122.25,122.72,4946845
2024-09-27 14:00:00+00:00,NVDA,122.77,122.98,120.35,121.17,7079787
2024-09-27 15:00:00+00:00,NVDA,121.16,121.19,119.82,120.63,4836907
2024-09-27 16:00:00+00:00,NVDA,120.62,121.18,120.27,120.76,2562883
2024-09-27 17:00:00+00:00,NVDA,120.765,121.09,120.13,120.79,2098735
2024-09-27 18:00:00+00:00,NVDA,120.78,120.96,119.26,120.2,3899715
2024-09-27 19:00:00+00:00,NVDA,120.195,121.7,119.94,121.4,6677845
2024-09-27 20:00:00+00:00,NVDA,121.39,121.44,120.9,120.96,15539735
2024-09-27 21:00:00+00:00,NVDA,120.96,121.06,120.95,120.99,57589
2024-09-27 22:00:00+00:00,NVDA,120.96,120.97,120.73,120.74,35490
2024-09-27 23:00:00+00:00,NVDA,120.74,120.8,120.51,120.56,32143
2024-09-30 08:00:00+00:00,NVDA,120.62,120.73,119.1,119.49,239254
2024-09-30 09:00:00+00:00,NVDA,119.47,119.48,118.65,119.17,181024
2024-09-30 10:00:00+00:00,NVDA,119.17,119.32,118.83,119.25,113607
2024-09-30 11:00:00+00:00,NVDA,119.28,119.38,117.72,118.07,511920
2024-09-30 12:00:00+00:00,NVDA,118.09,118.43,117.8,118.23,375793
2024-09-30 13:00:00+00:00,NVDA,118.23,121.26,118.06,120.18,6546449
2024-09-30 14:00:00+00:00,NVDA,120.18,120.29,119.18,119.9,3289531
2024-09-30 15:00:00+00:00,NVDA,119.89,121.095,119.76,120.69,2679442
2024-09-30 16:00:00+00:00,NVDA,120.7,121.11,120.34,120.51,1885552
2024-09-30 17:00:00+00:00,NVDA,120.515,120.61,119.875,120.45,1869002
2024-09-30 18:00:00+00:00,NVDA,120.45,120.68,119.19,120.19,2724939
2024-09-30 19:00:00+00:00,NVDA,120.19,121.5,119.82,121.49,7399241
2024-09-30 20:00:00+00:00,NVDA,121.5,121.66,121.04,121.18,19252462
2024-09-30 21:00:00+00:00,NVDA,121.15,121.26,120.94,121.03,62857
2024-09-30 22:00:00+00:00,NVDA,121.06,121.13,120.95,121.08,23621
2024-09-30 23:00:00+00:00,NVDA,121.04,121.3,121.02,121.3,47538
2024-10-01 08:00:00+00:00,NVDA,121.43,121.62,121.17,121.35,94907
2024-10-01 09:00:00+00:00,NVDA,121.36,121.59,121.25,121.59,37743
2024-10-01 10:00:00+00:00,NVDA,121.59,122.07,121.59,122.04,88518
2024-10-01 11:00:00+00:00,NVDA,121.98,122.25,121.65,121.9,184178
2024-10-01 12:00:00+00:00,NVDA,121.91,122.16,121.85,122.09,159119
2024-10-01 13:00:00+00:00,NVDA,122.09,122.43,119.7,120.19,5390770
2024-10-01 14:00:00+00:00,NVDA,120.19,120.68,117.14,118.27,8829334
2024-10-01 15:00:00+00:00,NVDA,118.27,118.32,116.2,117.04,5088070
2024-10-01 16:00:00+00:00,NVDA,117.02,118.085,116.38,116.99,3963494
2024-10-01 17:00:00+00:00,NVDA,116.98,117.345,115.79,117.34,4738647
2024-10-01 18:00:00+00:00,NVDA,117.33,118.05,117.245,117.75,3079377
2024-10-01 19:00:00+00:00,NVDA,117.73,117.955,116.72,116.94,5413693
2024-10-01 20:00:00+00:00,NVDA,116.94,117.05,116.45,116.68,21429437
2024-10-01 21:00:00+00:00,NVDA,116.7,116.72,116.26,116.4,68128
2024-10-01 22:00:00+00:00,NVDA,116.44,116.57,116.01,116.08,92350
2024-10-01 23:00:00+00:00,NVDA,116.07,116.22,115.89,116.0,186257
2024-10-02 08:00:00+00:00,NVDA,116.61,119.86,115.99,116.05,166975
2024-10-02 09:00:00+00:00,NVDA,116.09,116.2,114.75,115.53,557635
2024-10-02 10:00:00+00:00,NVDA,115.52,115.87,114.72,115.78,222349
2024-10-02 11:00:00+00:00,NVDA,115.8,116.9,115.65,116.3,318579
2024-10-02 12:00:00+00:00,NVDA,116.29,117.84,116.13,117.45,432843
2024-10-02 13:00:00+00:00,NVDA,117.47,117.8,115.15,117.13,5742811
2024-10-02 14:00:00+00:00,NVDA,117.13,118.75,117.06,118.0,5262630
2024-10-02 15:00:00+00:00,NVDA,118.005,119.28,117.95,118.88,3331679
2024-10-02 16:00:00+00:00,NVDA,118.89,119.12,117.93,117.965,1885621
2024-10-02 17:00:00+00:00,NVDA,117.96,118.585,117.76,118.57,1811715
2024-10-02 18:00:00+00:00,NVDA,118.56,118.89,118.34,118.78,1600970
2024-10-02 19:00:00+00:00,NVDA,118.77,119.38,118.61,118.84,4112787
2024-10-02 20:00:00+00:00,NVDA,118.83,120.81,118.78,120.6,12266596
2024-10-02 21:00:00+00:00,NVDA,120.6,120.74,120.07,120.32,189857
2024-10-02 22:00:00+00:00,NVDA,120.33,120.39,120.12,120.29,72866
2024-10-02 23:00:00+00:00,NVDA,120.3,120.66,120.13,120.64,101481
2024-10-03 08:00:00+00:00,NVDA,119.01,120.4,118.48,119.64,297682
2024-10-03 09:00:00+00:00,NVDA,119.6,119.94,119.5,119.69,107514
2024-10-03 10:00:00+00:00,NVDA,119.69,120.47,119.68,120.45,189079
2024-10-03 11:00:00+00:00,NVDA,120.44,120.75,120.36,120.6,249118
2024-10-03 12:00:00+00:00,NVDA,120.6,121.49,120.57,120.97,514595
2024-10-03 13:00:00+00:00,NVDA,120.97,123.68,120.35,123.34,9250288
2024-10-03 14:00:00+00:00,NVDA,123.33,124.36,121.78,122.36,9879521
2024-10-03 15:00:00+00:00,NVDA,122.36,123.33,121.96,123.07,3445617
2024-10-03 16:00:00+00:00,NVDA,123.07,123.17,121.745,121.95,3269735
2024-10-03 17:00:00+00:00,NVDA,121.96,123.0,121.46,122.96,3004634
2024-10-03 18:00:00+00:00,NVDA,122.95,123.2,122.455,122.54,2183932
2024-10-03 19:00:00+00:00,NVDA,122.53,123.0,122.12,122.84,4841210
2024-10-03 20:00:00+00:00,NVDA,122.85,122.95,122.4,122.51,12744418
2024-10-03 21:00:00+00:00,NVDA,122.5,122.52,122.23,122.43,60034
2024-10-03 22:00:00+00:00,NVDA,122.42,122.89,122.36,122.88,51605
2024-10-03 23:00:00+00:00,NVDA,122.88,122.99,122.67,122.78,59280
2024-10-04 08:00:00+00:00,NVDA,123.02,123.25,122.51,122.98,139885
2024-10-04 09:00:00+00:00,NVDA,123.0,123.15,122.68,123.04,72573
2024-10-04 10:00:00+00:00,NVDA,123.05,123.29,122.87,122.99,95931
2024-10-04 11:00:00+00:00,NVDA,122.99,123.86,122.96,123.55,290654
2024-10-04 12:00:00+00:00,NVDA,123.57,125.15,123.2,125.0,1185944
2024-10-04 13:00:00+00:00,NVDA,125.0,125.08,122.59,122.97,7418346
2024-10-04 14:00:00+00:00,NVDA,122.97,123.695,121.9,123.68,5958480
2024-10-04 15:00:00+00:00,NVDA,123.68,124.285,123.26,124.28,4257691
2024-10-04 16:00:00+00:00,NVDA,124.285,124.49,123.7,124.275,2285468
2024-10-04 17:00:00+00:00,NVDA,124.275,124.49,123.77,123.97,2144982
2024-10-04 18:00:00+00:00,NVDA,123.98,124.695,123.91,124.615,2657082
2024-10-04 19:00:00+00:00,NVDA,124.615,125.02,124.3,124.89,6920804
2024-10-04 20:00:00+00:00,NVDA,124.89,124.95,124.59,124.62,11226439
2024-10-04 21:00:00+00:00,NVDA,124.61,124.72,124.6,124.62,26652
2024-10-04 22:00:00+00:00,NVDA,124.62,124.7,124.61,124.63,26552
2024-10-04 23:00:00+00:00,NVDA,124.63,124.67,124.42,124.44,44718
2024-10-07 08:00:00+00:00,NVDA,124.16,124.52,123.92,124.04,127373
2024-10-07 09:00:00+00:00,NVDA,124.04,124.05,123.01,123.49,232216
2024-10-07 10:00:00+00:00,NVDA,123.48,123.69,123.34,123.66,84585
2024-10-07 11:00:00+00:00,NVDA,123.7,124.55,123.66,124.45,256310
2024-10-07 12:00:00+00:00,NVDA,124.45,125.12,124.36,124.37,381438
2024-10-07 13:00:00+00:00,NVDA,124.38,127.81,124.28,125.92,8916323
2024-10-07 14:00:00+00:00,NVDA,125.92,128.09,125.355,127.695,6792816
2024-10-07 15:00:00+00:00,NVDA,127.68,129.64,127.2,129.18,6845403
2024-10-07 16:00:00+00:00,NVDA,129.18,129.63,128.55,128.975,4145997
2024-10-07 17:00:00+00:00,NVDA,128.98,130.55,128.94,130.535,6901337
2024-10-07 18:00:00+00:00,NVDA,130.535,130.63,127.95,128.05,5282797
2024-10-07 19:00:00+00:00,NVDA,128.03,128.85,127.52,127.78,6631794
2024-10-07 20:00:00+00:00,NVDA,127.72,128.47,127.7,128.16,13313479
2024-10-07 21:00:00+00:00,NVDA,128.16,128.32,128.12,128.22,58757
2024-10-07 22:00:00+00:00,NVDA,128.21,128.27,127.75,127.94,104698
2024-10-07 23:00:00+00:00,NVDA,127.98,128.1,127.92,128.09,50844
2024-10-08 08:00:00+00:00,NVDA,128.08,129.24,127.8,128.88,260025
2024-10-08 09:00:00+00:00,NVDA,128.87,130.05,128.83,129.95,350313
2024-10-08 10:00:00+00:00,NVDA,129.9,130.16,129.62,129.93,149490
2024-10-08 11:00:00+00:00,NVDA,129.95,130.49,129.73,130.04,381479
2024-10-08 12:00:00+00:00,NVDA,130.08,130.37,129.75,129.93,286102
2024-10-08 13:00:00+00:00,NVDA,129.92,130.99,129.42,130.605,8306418
2024-10-08 14:00:00+00:00,NVDA,130.62,132.8,130.62,132.71,8267329
2024-10-08 15:00:00+00:00,NVDA,132.72,132.92,131.53,132.26,3961919
2024-10-08 16:00:00+00:00,NVDA,132.26,132.68,131.62,132.28,2588489
2024-10-08 17:00:00+00:00,NVDA,132.27,132.5,131.7,132.48,1926673
2024-10-08 18:00:00+00:00,NVDA,132.475,133.0,132.18,132.98,2638840
2024-10-08 19:00:00+00:00,NVDA,132.97,133.48,132.58,132.94,7343093
2024-10-08 20:00:00+00:00,NVDA,132.93,132.94,132.49,132.55,14014589
2024-10-08 21:00:00+00:00,NVDA,132.52,132.89,132.46,132.81,103148
2024-10-08 22:00:00+00:00,NVDA,132.81,132.81,132.59,132.71,38688
2024-10-08 23:00:00+00:00,NVDA,132.73,133.03,132.7,133.0,53859
2024-10-09 08:00:00+00:00,NVDA,133.5,134.64,133.15,134.52,470567
2024-10-09 09:00:00+00:00,NVDA,134.53,134.85,134.42,134.55,279491
2024-10-09 10:00:00+00:00,NVDA,134.55,134.62,134.2,134.53,146896
2024-10-09 11:00:00+00:00,NVDA,134.52,134.79,133.62,133.8,428892
2024-10-09 12:00:00+00:00,NVDA,133.81,134.59,133.74,134.2,455849
2024-10-09 13:00:00+00:00,NVDA,134.2,134.68,131.38,132.37,9262843
2024-10-09 14:00:00+00:00,NVDA,132.37,133.99,132.37,133.205,5614749
2024-10-09 15:00:00+00:00,NVDA,133.21,133.79,132.54,132.73,3073736
2024-10-09 16:00:00+00:00,NVDA,132.73,132.78,131.475,132.18,3068337
2024-10-09 17:00:00+00:00,NVDA,132.18,132.26,131.48,131.81,2415763
2024-10-09 18:00:00+00:00,NVDA,131.82,132.69,131.58,132.34,2223443
2024-10-09 19:00:00+00:00,NVDA,132.34,132.835,132.15,132.61,4439929
2024-10-09 20:00:00+00:00,NVDA,132.62,132.65,132.15,132.36,10303676
2024-10-09 21:00:00+00:00,NVDA,132.32,132.43,132.3,132.33,50069
2024-10-09 22:00:00+00:00,NVDA,132.36,132.39,132.13,132.19,21184
2024-10-09 23:00:00+00:00,NVDA,132.19,132.36,132.08,132.14,39844
2024-10-10 08:00:00+00:00,NVDA,132.5,132.6,131.35,131.68,196053
2024-10-10 09:00:00+00:00,NVDA,131.7,131.99,131.48,131.96,67351
2024-10-10 10:00:00+00:00,NVDA,131.98,132.23,131.9,132.02,58897
2024-10-10 11:00:00+00:00,NVDA,132.05,132.74,131.99,132.66,108890
2024-10-10 12:00:00+00:00,NVDA,132.65,132.95,130.82,131.58,969560
2024-10-10 13:00:00+00:00,NVDA,131.55,133.32,131.01,132.82,7195202
2024-10-10 14:00:00+00:00,NVDA,132.83,134.77,132.62,134.31,6474061
2024-10-10 15:00:00+00:00,NVDA,134.31,134.95,133.84,134.9,3108724
2024-10-10 16:00:00+00:00,NVDA,134.89,135.0,133.95,134.47,3657484
2024-10-10 17:00:00+00:00,NVDA,134.47,134.98,134.1,134.62,2524265
2024-10-10 18:00:00+00:00,NVDA,134.62,134.7,133.52,134.1,2378312
2024-10-10 19:00:00+00:00,NVDA,134.1,134.85,133.72,134.8,5355262
2024-10-10 20:00:00+00:00,NVDA,134.83,134.85,134.55,134.68,10925241
2024-10-10 21:00:00+00:00,NVDA,134.68,134.71,134.51,134.59,41587
2024-10-10 22:00:00+00:00,NVDA,134.6,134.79,134.59,134.68,28474
2024-10-10 23:00:00+00:00,NVDA,134.67,134.8,134.67,134.77,29197
2024-10-11 08:00:00+00:00,NVDA,134.82,134.89,133.9,134.09,154008
2024-10-11 09:00:00+00:00,NVDA,134.07,134.55,134.02,134.48,60563
2024-10-11 10:00:00+00:00,NVDA,134.46,134.84,134.33,134.72,59906
2024-10-11 11:00:00+00:00,NVDA,134.71,135.0,134.56,134.76,179934
2024-10-11 12:00:00+00:00,NVDA,134.76,134.99,134.16,134.39,352469
2024-10-11 13:00:00+00:00,NVDA,134.38,135.0,133.67,134.54,5423414
2024-10-11 14:00:00+00:00,NVDA,134.52,135.78,134.18,134.73,6413624
2024-10-11 15:00:00+00:00,NVDA,134.735,135.33,134.65,135.04,2358001
2024-10-11 16:00:00+00:00,NVDA,135.03,135.25,134.675,134.99,1791226
2024-10-11 17:00:00+00:00,NVDA,135.0,135.03,134.735,134.86,1115897
2024-10-11 18:00:00+00:00,NVDA,134.85,135.145,134.56,134.83,1595906
2024-10-11 19:00:00+00:00,NVDA,134.83,134.97,134.69,134.73,3379082
2024-10-11 20:00:00+00:00,NVDA,134.73,134.8,134.49,134.56,9271332
2024-10-11 21:00:00+00:00,NVDA,134.56,134.69,134.5,134.52,18290
2024-10-11 22:00:00+00:00,NVDA,134.5,134.55,134.4,134.43,22699
2024-10-11 23:00:00+00:00,NVDA,134.42,134.45,134.28,134.37,24406
2024-10-14 08:00:00+00:00,NVDA,135.13,135.84,134.59,135.52,222725
2024-10-14 09:00:00+00:00,NVDA,135.52,135.68,135.4,135.44,67923
2024-10-14 10:00:00+00:00,NVDA,135.48,136.33,135.48,135.96,189210
2024-10-14 11:00:00+00:00,NVDA,135.95,136.37,135.71,136.3,219554
2024-10-14 12:00:00+00:00,NVDA,136.34,136.54,136.0,136.48,228877
2024-10-14 13:00:00+00:00,NVDA,136.48,139.39,136.29,139.38,9391008
2024-10-14 14:00:00+00:00,NVDA,139.39,139.6,138.41,138.43,6160696
2024-10-14 15:00:00+00:00,NVDA,138.42,138.68,137.44,137.71,3928616
2024-10-14 16:00:00+00:00,NVDA,137.715,138.615,137.625,138.28,1903891
2024-10-14 17:00:00+00:00,NVDA,138.29,138.92,138.27,138.69,1409622
2024-10-14 18:00:00+00:00,NVDA,138.69,139.05,138.46,138.53,1783518
2024-10-14 19:00:00+00:00,NVDA,138.53,138.9,137.86,138.15,6078826
2024-10-14 20:00:00+00:00,NVDA,138.16,138.39,137.75,138.28,13115689
2024-10-14 21:00:00+00:00,NVDA,138.28,138.3,138.01,138.04,56327
2024-10-14 22:00:00+00:00,NVDA,138.05,138.06,137.9,137.93,40949
2024-10-14 23:00:00+00:00,NVDA,137.92,138.14,137.91,138.09,43608
2024-10-15 08:00:00+00:00,NVDA,137.51,137.68,135.5,136.3,499352
2024-10-15 09:00:00+00:00,NVDA,136.37,136.89,136.17,136.2,223509
2024-10-15 10:00:00+00:00,NVDA,136.23,136.5,135.91,136.41,150016
2024-10-15 11:00:00+00:00,NVDA,136.42,137.46,136.42,136.96,440231
2024-10-15 12:00:00+00:00,NVDA,136.99,137.35,136.6,136.95,257097
2024-10-15 13:00:00+00:00,NVDA,136.99,138.57,135.37,135.5,9721594
2024-10-15 14:00:00+00:00,NVDA,135.51,136.18,128.74,132.06,17434991
2024-10-15 15:00:00+00:00,NVDA,132.07,132.81,130.53,130.58,7114969
2024-10-15 16:00:00+00:00,NVDA,130.58,131.69,130.01,131.42,4640786
2024-10-15 17:00:00+00:00,NVDA,131.4,131.67,130.83,131.36,2888365
2024-10-15 18:00:00+00:00,NVDA,131.36,132.245,131.27,131.43,3362780
2024-10-15 19:00:00+00:00,NVDA,131.43,131.98,130.645,131.61,8399001
2024-10-15 20:00:00+00:00,NVDA,131.605,132.0,130.89,131.05,19108272
2024-10-15 21:00:00+00:00,NVDA,131.05,131.05,130.6,130.95,127586
2024-10-15 22:00:00+00:00,NVDA,130.94,131.3,130.7,131.3,75244
2024-10-15 23:00:00+00:00,NVDA,131.3,131.48,131.21,131.26,59742
2024-10-16 08:00:00+00:00,NVDA,132.24,132.6,131.7,132.27,250514
2024-10-16 09:00:00+00:00,NVDA,132.26,132.82,132.24,132.52,143791
2024-10-16 10:00:00+00:00,NVDA,132.52,132.79,132.32,132.55,106629
2024-10-16 11:00:00+00:00,NVDA,132.56,132.79,132.05,132.51,253207
2024-10-16 12:00:00+00:00,NVDA,132.52,132.78,132.3,132.72,221741
2024-10-16 13:00:00+00:00,NVDA,132.75,134.11,131.58,132.11,8900334
2024-10-16 14:00:00+00:00,NVDA,132.1,134.78,131.69,133.0,5948299
2024-10-16 15:00:00+00:00,NVDA,133.005,134.3,132.92,133.86,2971175
2024-10-16 16:00:00+00:00,NVDA,133.86,134.955,133.745,134.9,2314992
2024-10-16 17:00:00+00:00,NVDA,134.9,136.25,134.7,136.16,3987700
2024-10-16 18:00:00+00:00,NVDA,136.155,136.62,135.68,136.45,3477005
2024-10-16 19:00:00+00:00,NVDA,136.46,136.51,135.32,135.68,4638586
2024-10-16 20:00:00+00:00,NVDA,135.69,135.72,135.26,135.48,15324782
2024-10-16 21:00:00+00:00,NVDA,135.48,135.61,135.4,135.54,37165
2024-10-16 22:00:00+00:00,NVDA,135.54,135.95,135.5,135.91,73406
2024-10-16 23:00:00+00:00,NVDA,135.92,136.02,135.5,135.5,72869
2024-10-17 08:00:00+00:00,NVDA,138.43,139.4,137.3,139.18,514507
2024-10-17 09:00:00+00:00,NVDA,139.18,139.32,138.6,138.9,330801
2024-10-17 10:00:00+00:00,NVDA,138.9,140.3,138.89,140.07,576118
2024-10-17 11:00:00+00:00,NVDA,140.07,140.09,139.58,139.95,591798
2024-10-17 12:00:00+00:00,NVDA,139.94,140.05,139.65,139.94,557824
2024-10-17 13:00:00+00:00,NVDA,139.94,140.89,137.66,138.86,15435420
2024-10-17 14:00:00+00:00,NVDA,138.875,139.75,137.37,139.12,8409235
2024-10-17 15:00:00+00:00,NVDA,139.14,140.13,138.61,140.115,4419465
2024-10-17 16:00:00+00:00,NVDA,140.11,140.26,138.9,138.99,3143538
2024-10-17 17:00:00+00:00,NVDA,139.0,139.915,138.9,139.51,1940474
2024-10-17 18:00:00+00:00,NVDA,139.515,139.58,138.12,138.92,3056959
2024-10-17 19:00:00+00:00,NVDA,138.92,138.97,136.87,136.92,5299810
2024-10-17 20:00:00+00:00,NVDA,136.93,137.68,136.33,137.29,11092567
2024-10-17 21:00:00+00:00,NVDA,137.26,137.49,137.22,137.39,52887
2024-10-17 22:00:00+00:00,NVDA,137.4,137.69,137.34,137.54,50429
2024-10-17 23:00:00+00:00,NVDA,137.51,137.53,137.3,137.38,64359
2024-10-18 08:00:00+00:00,NVDA,132.87,138.82,132.87,138.49,218198
2024-10-18 09:00:00+00:00,NVDA,138.49,138.65,138.09,138.22,87955
2024-10-18 10:00:00+00:00,NVDA,138.24,138.44,138.06,138.2,108975
2024-10-18 11:00:00+00:00,NVDA,138.17,138.5,137.74,138.22,323764
2024-10-18 12:00:00+00:00,NVDA,138.21,138.75,138.03,138.68,254539
2024-10-18 13:00:00+00:00,NVDA,138.7,139.15,137.39,137.99,12765751
2024-10-18 14:00:00+00:00,NVDA,137.98,138.49,137.45,137.535,3650556
2024-10-18 15:00:00+00:00,NVDA,137.53,138.1,137.48,137.87,1879058
2024-10-18 16:00:00+00:00,NVDA,137.87,138.42,137.28,138.24,2135331
2024-10-18 17:00:00+00:00,NVDA,138.23,138.67,138.15,138.29,1918408
2024-10-18 18:00:00+00:00,NVDA,138.29,138.405,137.925,138.03,1444733
2024-10-18 19:00:00+00:00,NVDA,138.03,138.2,137.88,137.98,3134770
2024-10-18 20:00:00+00:00,NVDA,137.985,138.04,137.94,138.01,10523776
2024-10-18 21:00:00+00:00,NVDA,138.0,138.02,137.98,138.0,21735
2024-10-18 22:00:00+00:00,NVDA,138.0,138.02,137.95,137.95,12439
2024-10-18 23:00:00+00:00,NVDA,137.95,138.02,137.93,137.99,21429
2024-10-21 08:00:00+00:00,NVDA,138.3,138.86,138.2,138.74,162244
2024-10-21 09:00:00+00:00,NVDA,138.74,138.75,138.16,138.24,104437
2024-10-21 10:00:00+00:00,NVDA,138.24,138.77,137.95,138.04,110363
2024-10-21 11:00:00+00:00,NVDA,138.07,138.18,136.78,137.09,335935
2024-10-21 12:00:00+00:00,NVDA,137.12,137.8,137.0,137.65,173731
2024-10-21 13:00:00+00:00,NVDA,137.65,141.49,137.64,141.18,8997489
2024-10-21 14:00:00+00:00,NVDA,141.19,141.8,139.95,140.825,6121950
2024-10-21 15:00:00+00:00,NVDA,140.83,141.355,140.0,141.28,3656042
2024-10-21 16:00:00+00:00,NVDA,141.27,141.545,140.68,141.25,2523687
2024-10-21 17:00:00+00:00,NVDA,141.255,142.44,141.19,142.305,4045392
2024-10-21 18:00:00+00:00,NVDA,142.3,142.455,141.79,142.065,2571400
2024-10-21 19:00:00+00:00,NVDA,142.07,143.71,141.81,143.7,9414475
2024-10-21 20:00:00+00:00,NVDA,143.7,144.4,143.51,144.24,18732337
2024-10-21 21:00:00+00:00,NVDA,144.21,144.25,144.03,144.21,109765
2024-10-21 22:00:00+00:00,NVDA,144.22,144.3,144.05,144.11,133954
2024-10-21 23:00:00+00:00,NVDA,144.12,144.49,144.02,144.49,241537
2024-10-22 08:00:00+00:00,NVDA,143.1,143.52,142.85,142.97,212864
2024-10-22 09:00:00+00:00,NVDA,142.93,143.33,142.68,143.16,235687
2024-10-22 10:00:00+00:00,NVDA,143.15,143.32,142.9,143.23,115319
2024-10-22 11:00:00+00:00,NVDA,143.23,144.12,143.19,143.99,449821
2024-10-22 12:00:00+00:00,NVDA,144.0,144.37,143.27,143.52,491278
2024-10-22 13:00:00+00:00,NVDA,143.52,144.17,141.78,143.32,8628821
2024-10-22 14:00:00+00:00,NVDA,143.35,144.415,142.33,143.255,5729409
2024-10-22 15:00:00+00:00,NVDA,143.27,143.7,142.81,143.26,2388348
2024-10-22 16:00:00+00:00,NVDA,143.27,143.28,141.96,142.83,2584794
2024-10-22 17:00:00+00:00,NVDA,142.82,143.96,142.71,143.82,2013806
2024-10-22 18:00:00+00:00,NVDA,143.82,144.055,143.12,143.31,1914134
2024-10-22 19:00:00+00:00,NVDA,143.3,143.86,143.21,143.57,3752703
2024-10-22 20:00:00+00:00,NVDA,143.57,143.62,143.13,143.55,13629663
2024-10-22 21:00:00+00:00,NVDA,143.57,143.57,143.24,143.31,31636
2024-10-22 22:00:00+00:00,NVDA,143.33,143.35,143.1,143.18,23480
2024-10-22 23:00:00+00:00,NVDA,143.19,143.46,143.19,143.35,46510
2024-10-23 08:00:00+00:00,NVDA,143.22,143.5,143.02,143.15,68016
2024-10-23 09:00:00+00:00,NVDA,143.16,143.28,142.4,142.95,120915
2024-10-23 10:00:00+00:00,NVDA,142.91,143.01,142.01,142.29,179052
2024-10-23 11:00:00+00:00,NVDA,142.34,142.78,142.29,142.58,188837
2024-10-23 12:00:00+00:00,NVDA,142.58,142.83,142.21,142.55,242328
2024-10-23 13:00:00+00:00,NVDA,142.55,142.56,140.4,140.84,6959551
2024-10-23 14:00:00+00:00,NVDA,140.83,141.41,138.26,140.75,8012972
2024-10-23 15:00:00+00:00,NVDA,140.74,141.24,139.63,140.66,3863656
2024-10-23 16:00:00+00:00,NVDA,140.66,140.69,139.05,139.19,2664590
2024-10-23 17:00:00+00:00,NVDA,139.18,139.2,137.46,137.86,5427928
2024-10-23 18:00:00+00:00,NVDA,137.86,139.235,137.63,139.085,3675095
2024-10-23 19:00:00+00:00,NVDA,139.08,139.85,138.375,139.56,4649747
2024-10-23 20:00:00+00:00,NVDA,139.55,140.54,139.33,140.01,15644849
2024-10-23 21:00:00+00:00,NVDA,140.01,140.43,139.9,140.41,128648
2024-10-23 22:00:00+00:00,NVDA,140.4,140.41,140.08,140.26,78548
2024-10-23 23:00:00+00:00,NVDA,140.25,140.34,140.12,140.2,53929
2024-10-24 08:00:00+00:00,NVDA,140.39,141.88,140.39,141.42,228947
2024-10-24 09:00:00+00:00,NVDA,141.38,141.44,140.47,140.99,115023
2024-10-24 10:00:00+00:00,NVDA,141.03,141.41,140.85,140.89,95453
2024-10-24 11:00:00+00:00,NVDA,140.92,141.4,140.9,141.4,222170
2024-10-24 12:00:00+00:00,NVDA,141.4,141.71,140.36,140.59,408574
2024-10-24 13:00:00+00:00,NVDA,140.57,141.35,139.585,140.43,5183147
2024-10-24 14:00:00+00:00,NVDA,140.43,140.98,138.47,139.32,5385113
2024-10-24 15:00:00+00:00,NVDA,139.33,139.95,138.79,139.555,2396330
2024-10-24 16:00:00+00:00,NVDA,139.56,139.83,138.83,139.53,1751337
2024-10-24 17:00:00+00:00,NVDA,139.52,140.06,139.145,139.4,1585104
2024-10-24 18:00:00+00:00,NVDA,139.41,140.14,139.26,139.97,1411274
2024-10-24 19:00:00+00:00,NVDA,139.96,140.84,139.7,140.4,3438113
2024-10-24 20:00:00+00:00,NVDA,140.41,140.41,139.99,140.15,11743038
2024-10-24 21:00:00+00:00,NVDA,140.14,140.23,140.02,140.15,37913
2024-10-24 22:00:00+00:00,NVDA,140.18,140.4,140.15,140.16,29635
2024-10-24 23:00:00+00:00,NVDA,140.15,140.3,140.05,140.1,32027
2024-10-25 08:00:00+00:00,NVDA,140.89,141.04,140.46,140.71,129929
2024-10-25 09:00:00+00:00,NVDA,140.81,140.93,140.53,140.68,56376
2024-10-25 10:00:00+00:00,NVDA,140.68,141.05,140.64,140.84,52313
2024-10-25 11:00:00+00:00,NVDA,140.84,141.08,140.63,141.01,131519
2024-10-25 12:00:00+00:00,NVDA,141.01,141.24,140.86,141.09,156863
2024-10-25 13:00:00+00:00,NVDA,141.1,143.27,140.8,142.71,7135829
2024-10-25 14:00:00+00:00,NVDA,142.74,143.775,142.46,143.41,5796479
2024-10-25 15:00:00+00:00,NVDA,143.42,144.125,143.3,143.72,4845967
2024-10-25 16:00:00+00:00,NVDA,143.71,143.78,143.19,143.29,2153945
2024-10-25 17:00:00+00:00,NVDA,143.3,143.49,141.43,141.71,3556790
2024-10-25 18:00:00+00:00,NVDA,141.71,142.29,140.95,142.005,2822887
2024-10-25 19:00:00+00:00,NVDA,142.01,142.18,141.39,141.47,3651739
2024-10-25 20:00:00+00:00,NVDA,141.47,141.58,141.1,141.44,9799532
2024-10-25 21:00:00+00:00,NVDA,141.44,141.75,141.4,141.61,48230
2024-10-25 22:00:00+00:00,NVDA,141.64,141.64,141.49,141.54,56592
2024-10-25 23:00:00+00:00,NVDA,141.51,141.53,140.77,141.06,135637
2024-10-28 08:00:00+00:00,NVDA,142.49,143.3,141.99,143.2,164354
2024-10-28 09:00:00+00:00,NVDA,143.18,143.46,143.06,143.17,93673
2024-10-28 10:00:00+00:00,NVDA,143.18,143.35,142.85,142.89,96330
2024-10-28 11:00:00+00:00,NVDA,142.88,143.2,142.75,143.19,118432
2024-10-28 12:00:00+00:00,NVDA,143.18,143.21,142.82,143.1,137118
2024-10-28 13:00:00+00:00,NVDA,143.1,143.21,140.89,141.32,5831547
2024-10-28 14:00:00+00:00,NVDA,141.31,142.08,140.93,141.34,3583124
2024-10-28 15:00:00+00:00,NVDA,141.33,141.45,140.055,140.31,3120428
2024-10-28 16:00:00+00:00,NVDA,140.32,140.76,140.18,140.56,1792924
2024-10-28 17:00:00+00:00,NVDA,140.55,141.415,140.42,141.39,1696082
2024-10-28 18:00:00+00:00,NVDA,141.37,141.49,140.74,140.99,1771347
2024-10-28 19:00:00+00:00,NVDA,140.99,141.33,140.42,140.62,3560562
2024-10-28 20:00:00+00:00,NVDA,140.58,140.62,140.27,140.46,10104442
2024-10-28 21:00:00+00:00,NVDA,140.45,140.5,140.32,140.42,39235
2024-10-28 22:00:00+00:00,NVDA,140.43,140.43,140.26,140.4,26320
2024-10-28 23:00:00+00:00,NVDA,140.41,140.42,140.21,140.23,24132
2024-10-29 08:00:00+00:00,NVDA,140.55,140.59,139.62,140.0,175002
2024-10-29 09:00:00+00:00,NVDA,139.99,140.0,139.55,139.75,101529
2024-10-29 10:00:00+00:00,NVDA,139.76,140.26,139.67,140.18,80863
2024-10-29 11:00:00+00:00,NVDA,140.18,140.35,139.86,140.0,124253
2024-10-29 12:00:00+00:00,NVDA,140.0,140.14,139.77,139.78,109144
2024-10-29 13:00:00+00:00,NVDA,139.79,140.725,138.9,140.45,4263255
2024-10-29 14:00:00+00:00,NVDA,140.47,141.04,139.92,140.91,3118443
2024-10-29 15:00:00+00:00,NVDA,140.92,141.85,140.36,141.69,2367252
2024-10-29 16:00:00+00:00,NVDA,141.685,142.0,141.195,141.39,1952455
2024-10-29 17:00:00+00:00,NVDA,141.39,141.85,141.31,141.36,1318953
2024-10-29 18:00:00+00:00,NVDA,141.37,141.97,141.25,141.735,1525707
2024-10-29 19:00:00+00:00,NVDA,141.73,142.255,141.03,141.28,4203719
2024-10-29 20:00:00+00:00,NVDA,141.36,141.5,140.3,140.77,11129133
2024-10-29 21:00:00+00:00,NVDA,140.77,141.15,140.63,140.93,160840
2024-10-29 22:00:00+00:00,NVDA,140.9,141.36,140.82,141.25,63255
2024-10-29 23:00:00+00:00,NVDA,141.24,141.39,141.01,141.39,39648
2024-10-30 08:00:00+00:00,NVDA,140.98,141.36,139.82,139.89,164718
2024-10-30 09:00:00+00:00,NVDA,139.88,140.52,139.75,140.07,118230
2024-10-30 10:00:00+00:00,NVDA,140.07,140.39,140.02,140.29,50240
2024-10-30 11:00:00+00:00,NVDA,140.29,141.06,140.28,140.29,188097
2024-10-30 12:00:00+00:00,NVDA,140.3,140.51,139.56,139.9,382438
2024-10-30 13:00:00+00:00,NVDA,139.86,139.9,136.81,139.07,7930586
2024-10-30 14:00:00+00:00,NVDA,139.05,139.92,138.83,139.13,3208142
2024-10-30 15:00:00+00:00,NVDA,139.11,140.17,139.01,139.84,2131393
2024-10-30 16:00:00+00:00,NVDA,139.83,140.33,139.36,140.045,1562826
2024-10-30 17:00:00+00:00,NVDA,140.04,140.23,138.96,139.46,1601363
2024-10-30 18:00:00+00:00,NVDA,139.46,140.28,139.38,139.86,1348104
2024-10-30 19:00:00+00:00,NVDA,139.85,139.99,139.13,139.47,4651721
2024-10-30 20:00:00+00:00,NVDA,139.4,139.6,138.46,139.0,13985047
2024-10-30 21:00:00+00:00,NVDA,139.0,139.68,138.9,139.05,187671
2024-10-30 22:00:00+00:00,NVDA,139.09,139.2,137.36,137.51,387669
2024-10-30 23:00:00+00:00,NVDA,137.48,137.96,137.35,137.9,121268
2024-10-31 08:00:00+00:00,NVDA,136.81,137.5,136.58,137.37,273815
2024-10-31 09:00:00+00:00,NVDA,137.32,137.45,137.18,137.28,83926
2024-10-31 10:00:00+00:00,NVDA,137.29,137.4,137.04,137.37,105584
2024-10-31 11:00:00+00:00,NVDA,137.37,138.34,137.1,138.2,296411
2024-10-31 12:00:00+00:00,NVDA,138.21,138.38,137.5,137.58,327821
2024-10-31 13:00:00+00:00,NVDA,137.57,137.79,132.7,133.01,10022391
2024-10-31 14:00:00+00:00,NVDA,132.98,134.74,132.38,133.31,6029287
2024-10-31 15:00:00+00:00,NVDA,133.305,133.95,132.3,133.15,4072621
2024-10-31 16:00:00+00:00,NVDA,133.15,133.7,132.79,133.33,2210741
2024-10-31 17:00:00+00:00,NVDA,133.33,133.84,132.795,132.97,2186871
2024-10-31 18:00:00+00:00,NVDA,132.97,133.085,132.12,132.735,2779208
2024-10-31 19:00:00+00:00,NVDA,132.73,134.55,132.41,132.64,8240395
2024-10-31 20:00:00+00:00,NVDA,132.55,133.61,132.37,133.23,28085199
2024-10-31 21:00:00+00:00,NVDA,133.2,134.55,133.2,134.4,215319
2024-10-31 22:00:00+00:00,NVDA,134.4,134.47,134.1,134.15,79452
2024-10-31 23:00:00+00:00,NVDA,134.26,134.4,134.13,134.4,31031
2024-11-01 08:00:00+00:00,NVDA,134.88,135.51,134.58,135.27,187150
2024-11-01 09:00:00+00:00,NVDA,135.27,135.59,135.16,135.23,123329
2024-11-01 10:00:00+00:00,NVDA,135.25,135.74,135.22,135.38,102509
2024-11-01 11:00:00+00:00,NVDA,135.36,135.39,134.61,134.91,216262
2024-11-01 12:00:00+00:00,NVDA,134.93,135.49,134.04,134.26,490480
2024-11-01 13:00:00+00:00,NVDA,134.29,136.58,134.06,136.17,6012829
2024-11-01 14:00:00+00:00,NVDA,136.19,137.3,135.465,136.65,4713115
2024-11-01 15:00:00+00:00,NVDA,136.65,137.13,135.91,136.52,2783188
2024-11-01 16:00:00+00:00,NVDA,136.51,136.8,135.63,135.8,2079467
2024-11-01 17:00:00+00:00,NVDA,135.8,136.4,135.32,135.375,2065266
2024-11-01 18:00:00+00:00,NVDA,135.37,135.85,134.955,135.57,1960062
2024-11-01 19:00:00+00:00,NVDA,135.56,136.08,135.035,135.43,4202224
2024-11-01 20:00:00+00:00,NVDA,135.4,135.53,135.29,135.44,12214894
2024-11-01 21:00:00+00:00,NVDA,135.4,138.92,135.15,138.92,941020
2024-11-01 22:00:00+00:00,NVDA,138.92,139.83,138.83,139.21,685109
2024-11-01 23:00:00+00:00,NVDA,139.16,139.46,138.91,139.33,145032
2024-11-04 09:00:00+00:00,NVDA,139.3,139.49,138.27,138.42,363604
2024-11-04 10:00:00+00:00,NVDA,138.41,138.77,138.41,138.51,91443
2024-11-04 11:00:00+00:00,NVDA,138.51,138.53,138.0,138.29,103552
2024-11-04 12:00:00+00:00,NVDA,138.33,138.75,137.36,137.84,316613
2024-11-04 13:00:00+00:00,NVDA,137.84,138.17,137.31,137.89,321145
2024-11-04 14:00:00+00:00,NVDA,137.85,137.99,135.57,137.37,6666128
2024-11-04 15:00:00+00:00,NVDA,137.38,137.92,136.54,137.71,3135443
2024-11-04 16:00:00+00:00,NVDA,137.72,138.95,137.56,137.82,2980390
2024-11-04 17:00:00+00:00,NVDA,137.82,138.08,137.03,137.77,1937612
2024-11-04 18:00:00+00:00,NVDA,137.77,138.28,137.32,138.13,1472549
2024-11-04 19:00:00+00:00,NVDA,138.13,138.38,137.73,137.78,1108280
2024-11-04 20:00:00+00:00,NVDA,137.78,137.85,136.0,136.08,4299139
2024-11-04 21:00:00+00:00,NVDA,136.11,136.87,135.9,136.13,11213088
2024-11-04 22:00:00+00:00,NVDA,136.15,136.2,135.76,136.0,64908
2024-11-04 23:00:00+00:00,NVDA,136.1,136.2,135.86,136.01,45544
2024-11-05 09:00:00+00:00,NVDA,136.24,137.36,136.16,137.08,125441
2024-11-05 10:00:00+00:00,NVDA,137.05,137.18,136.81,137.08,66598
2024-11-05 11:00:00+00:00,NVDA,137.07,137.68,137.05,137.23,100089
2024-11-05 12:00:00+00:00,NVDA,137.22,137.29,136.66,136.92,173853
2024-11-05 13:00:00+00:00,NVDA,136.92,137.25,136.85,136.9,159117
2024-11-05 14:00:00+00:00,NVDA,136.91,138.99,136.79,138.78,4443900
2024-11-05 15:00:00+00:00,NVDA,138.79,139.48,138.63,139.08,3287796
2024-11-05 16:00:00+00:00,NVDA,139.06,140.36,138.88,140.36,2923638
2024-11-05 17:00:00+00:00,NVDA,140.37,140.37,139.36,139.66,1817090
2024-11-05 18:00:00+00:00,NVDA,139.67,139.96,139.08,139.275,1323907
2024-11-05 19:00:00+00:00,NVDA,139.28,140.0,139.28,139.435,1615161
2024-11-05 20:00:00+00:00,NVDA,139.42,139.94,139.13,139.91,3773699
2024-11-05 21:00:00+00:00,NVDA,139.91,140.07,139.42,139.71,12508285
2024-11-05 22:00:00+00:00,NVDA,139.73,139.75,139.48,139.64,63909
2024-11-05 23:00:00+00:00,NVDA,139.64,139.77,139.52,139.7,28185
2024-11-06 09:00:00+00:00,NVDA,141.39,142.39,141.38,142.39,304362
2024-11-06 10:00:00+00:00,NVDA,142.4,142.48,141.9,142.22,237787
2024-11-06 11:00:00+00:00,NVDA,142.2,142.33,140.17,140.19,357263
2024-11-06 12:00:00+00:00,NVDA,140.26,141.49,140.22,141.2,522274
2024-11-06 13:00:00+00:00,NVDA,141.2,142.23,141.08,142.21,429821
2024-11-06 14:00:00+00:00,NVDA,142.18,144.63,141.76,142.87,10461145
2024-11-06 15:00:00+00:00,NVDA,142.88,144.31,142.88,143.88,5087683
2024-11-06 16:00:00+00:00,NVDA,143.9,144.44,143.505,144.42,2618583
2024-11-06 17:00:00+00:00,NVDA,144.41,145.49,144.305,145.48,5180369
2024-11-06 18:00:00+00:00,NVDA,145.48,146.34,145.41,145.91,3899572
2024-11-06 19:00:00+00:00,NVDA,145.93,146.46,145.42,146.41,2603285
2024-11-06 20:00:00+00:00,NVDA,146.4,146.49,145.325,145.62,5416128
2024-11-06 21:00:00+00:00,NVDA,145.61,145.75,145.09,145.59,18722784
2024-11-06 22:00:00+00:00,NVDA,145.52,145.88,145.24,145.55,261244
2024-11-06 23:00:00+00:00,NVDA,145.52,145.9,145.51,145.66,72820
2024-11-07 09:00:00+00:00,NVDA,145.32,145.8,145.01,145.63,165806
2024-11-07 10:00:00+00:00,NVDA,145.64,145.65,144.82,144.98,116044
2024-11-07 11:00:00+00:00,NVDA,144.95,145.39,144.6,145.31,122068
2024-11-07 12:00:00+00:00,NVDA,145.33,145.75,145.28,145.72,213533
2024-11-07 13:00:00+00:00,NVDA,145.73,146.11,145.61,146.06,372181
2024-11-07 14:00:00+00:00,NVDA,146.05,148.205,146.0,148.155,7011477
2024-11-07 15:00:00+00:00,NVDA,148.155,148.75,147.75,147.98,4584232
2024-11-07 16:00:00+00:00,NVDA,147.99,148.29,147.29,148.23,2452301
2024-11-07 17:00:00+00:00,NVDA,148.235,148.24,147.72,148.225,1526559
2024-11-07 18:00:00+00:00,NVDA,148.23,148.25,147.45,148.02,1942009
2024-11-07 19:00:00+00:00,NVDA,148.02,148.49,147.56,148.47,2839524
2024-11-07 20:00:00+00:00,NVDA,148.47,148.91,148.065,148.89,5607774
2024-11-07 21:00:00+00:00,NVDA,148.89,149.24,148.56,148.71,21759160
2024-11-07 22:00:00+00:00,NVDA,148.73,148.84,148.7,148.8,65381
2024-11-07 23:00:00+00:00,NVDA,148.8,149.1,148.7,149.01,101207
2024-11-08 09:00:00+00:00,NVDA,149.5,149.95,149.45,149.48,175558
2024-11-08 10:00:00+00:00,NVDA,149.47,149.47,146.85,147.31,326005
2024-11-08 11:00:00+00:00,NVDA,147.29,148.22,146.8,148.14,307747
2024-11-08 12:00:00+00:00,NVDA,148.17,149.2,148.04,149.16,311103
2024-11-08 13:00:00+00:00,NVDA,149.11,149.35,148.42,148.51,363355
2024-11-08 14:00:00+00:00,NVDA,148.51,149.77,147.96,148.435,5879809
2024-11-08 15:00:00+00:00,NVDA,148.415,148.72,146.26,147.29,4913055
2024-11-08 16:00:00+00:00,NVDA,147.28,147.97,146.36,147.65,2821293
2024-11-08 17:00:00+00:00,NVDA,147.66,147.85,147.13,147.345,1354996
2024-11-08 18:00:00+00:00,NVDA,147.345,147.73,147.22,147.55,1169859
2024-11-08 19:00:00+00:00,NVDA,147.55,147.56,146.86,147.02,1423321
2024-11-08 20:00:00+00:00,NVDA,147.02,147.84,146.88,147.69,3373443
2024-11-08 21:00:00+00:00,NVDA,147.63,147.8,147.51,147.53,17188051
2024-11-08 22:00:00+00:00,NVDA,147.53,147.65,147.4,147.54,37418
2024-11-08 23:00:00+00:00,NVDA,147.53,147.62,147.46,147.5,26285
2024-11-11 09:00:00+00:00,NVDA,148.56,148.58,146.81,147.14,288909
2024-11-11 10:00:00+00:00,NVDA,147.14,147.55,146.4,146.77,204556
2024-11-11 11:00:00+00:00,NVDA,146.78,147.4,146.67,147.34,123220
2024-11-11 12:00:00+00:00,NVDA,147.34,148.85,147.31,148.65,366341
2024-11-11 13:00:00+00:00,NVDA,148.65,148.76,147.91,148.44,248887
2024-11-11 14:00:00+00:00,NVDA,148.47,148.84,143.88,143.96,8734370
2024-11-11 15:00:00+00:00,NVDA,143.98,146.49,143.57,146.22,5196819
2024-11-11 16:00:00+00:00,NVDA,146.21,146.25,145.1,145.32,2421942
2024-11-11 17:00:00+00:00,NVDA,145.32,145.59,144.7,145.32,2183674
2024-11-11 18:00:00+00:00,NVDA,145.31,145.31,144.48,144.875,1926736
2024-11-11 19:00:00+00:00,NVDA,144.88,145.29,144.63,145.055,1656718
2024-11-11 20:00:00+00:00,NVDA,145.06,145.895,144.885,145.28,3691329
2024-11-11 21:00:00+00:00,NVDA,145.28,145.41,145.0,145.27,12024185
2024-11-11 22:00:00+00:00,NVDA,145.28,145.42,145.25,145.3,58402
2024-11-11 23:00:00+00:00,NVDA,145.31,145.36,145.0,145.03,35375
2024-11-12 09:00:00+00:00,NVDA,145.0,145.0,143.89,144.1,218998
2024-11-12 10:00:00+00:00,NVDA,144.08,144.19,143.38,143.84,241887
2024-11-12 11:00:00+00:00,NVDA,143.88,144.69,143.84,144.59,161663
2024-11-12 12:00:00+00:00,NVDA,144.6,145.97,144.26,145.63,340486
2024-11-12 13:00:00+00:00,NVDA,145.66,146.83,145.5,146.76,395445
2024-11-12 14:00:00+00:00,NVDA,146.77,148.315,146.02,147.88,6800877
2024-11-12 15:00:00+00:00,NVDA,147.86,149.62,147.62,148.31,5682765
2024-11-12 16:00:00+00:00,NVDA,148.31,149.37,147.93,148.595,2904585
2024-11-12 17:00:00+00:00,NVDA,148.59,148.665,146.83,146.93,2658080
2024-11-12 18:00:00+00:00,NVDA,146.94,148.415,146.58,148.12,2105736
2024-11-12 19:00:00+00:00,NVDA,148.11,148.74,147.7,148.51,1582815
2024-11-12 20:00:00+00:00,NVDA,148.5,148.57,147.56,148.39,3462214
2024-11-12 21:00:00+00:00,NVDA,148.29,148.43,148.15,148.2,12587599
2024-11-12 22:00:00+00:00,NVDA,148.21,148.68,148.16,148.67,90215
2024-11-12 23:00:00+00:00,NVDA,148.69,148.74,148.25,148.51,61193
2024-11-13 09:00:00+00:00,NVDA,148.62,148.62,147.43,147.9,133239
2024-11-13 10:00:00+00:00,NVDA,147.92,148.64,147.88,148.5,161170
2024-11-13 11:00:00+00:00,NVDA,148.5,149.0,148.3,148.47,168430
2024-11-13 12:00:00+00:00,NVDA,148.47,148.75,148.01,148.09,190407
2024-11-13 13:00:00+00:00,NVDA,148.09,149.4,147.95,148.85,463252
2024-11-13 14:00:00+00:00,NVDA,148.85,149.66,147.555,148.03,5957998
2024-11-13 15:00:00+00:00,NVDA,148.03,148.1,146.55,147.18,3997260
2024-11-13 16:00:00+00:00,NVDA,147.18,147.49,145.91,146.79,3228379
2024-11-13 17:00:00+00:00,NVDA,146.78,147.28,146.415,147.19,1670399
2024-11-13 18:00:00+00:00,NVDA,147.19,147.83,146.88,147.73,1460617
2024-11-13 19:00:00+00:00,NVDA,147.74,147.76,146.51,146.82,2131724
2024-11-13 20:00:00+00:00,NVDA,146.81,147.19,145.95,146.42,4932012
2024-11-13 21:00:00+00:00,NVDA,146.27,146.7,146.27,146.51,11901154
2024-11-13 22:00:00+00:00,NVDA,146.55,146.64,146.39,146.57,53401
2024-11-13 23:00:00+00:00,NVDA,146.56,146.61,146.42,146.54,13222
2024-11-14 09:00:00+00:00,NVDA,146.72,147.45,146.72,147.17,101000
2024-11-14 10:00:00+00:00,NVDA,147.16,147.64,147.13,147.36,101804
2024-11-14 11:00:00+00:00,NVDA,147.38,147.49,147.25,147.41,59428
2024-11-14 12:00:00+00:00,NVDA,147.41,147.73,147.11,147.56,199061
2024-11-14 13:00:00+00:00,NVDA,147.55,147.72,146.9,147.05,283308
2024-11-14 14:00:00+00:00,NVDA,147.08,147.77,145.55,147.59,5415725
2024-11-14 15:00:00+00:00,NVDA,147.58,148.85,147.33,148.36,5827282
2024-11-14 16:00:00+00:00,NVDA,148.35,149.0,148.33,148.43,4090437
2024-11-14 17:00:00+00:00,NVDA,148.44,148.68,147.27,147.69,2591843
2024-11-14 18:00:00+00:00,NVDA,147.665,147.795,146.53,146.62,2148471
2024-11-14 19:00:00+00:00,NVDA,146.615,147.22,146.47,146.9,1831229
2024-11-14 20:00:00+00:00,NVDA,146.89,146.895,145.765,146.8,5310367
2024-11-14 21:00:00+00:00,NVDA,146.82,146.93,146.32,146.7,10804185
2024-11-14 22:00:00+00:00,NVDA,146.7,146.75,146.35,146.5,43142
2024-11-14 23:00:00+00:00,NVDA,146.46,146.46,146.24,146.43,34955
2024-11-15 09:00:00+00:00,NVDA,146.01,146.25,145.56,145.92,148488
2024-11-15 10:00:00+00:00,NVDA,145.92,146.15,145.8,145.86,103916
2024-11-15 11:00:00+00:00,NVDA,145.87,146.61,145.85,146.37,148793
2024-11-15 12:00:00+00:00,NVDA,146.38,146.49,145.86,146.07,163994
2024-11-15 13:00:00+00:00,NVDA,146.05,146.05,145.04,145.28,318939
2024-11-15 14:00:00+00:00,NVDA,145.28,145.72,143.28,143.82,11148150
2024-11-15 15:00:00+00:00,NVDA,143.83,144.3,141.82,143.19,5406208
2024-11-15 16:00:00+00:00,NVDA,143.18,143.53,141.3,141.42,3478380
2024-11-15 17:00:00+00:00,NVDA,141.44,142.19,140.84,141.74,3070760
2024-11-15 18:00:00+00:00,NVDA,141.73,141.79,140.36,140.57,2653838
2024-11-15 19:00:00+00:00,NVDA,140.57,141.545,140.09,141.32,2955014
2024-11-15 20:00:00+00:00,NVDA,141.325,142.335,141.27,141.88,5922593
2024-11-15 21:00:00+00:00,NVDA,141.89,142.2,141.84,142.05,19053542
2024-11-15 22:00:00+00:00,NVDA,142.05,142.22,141.95,142.1,101326
2024-11-15 23:00:00+00:00,NVDA,142.16,142.41,142.15,142.32,50803
2024-11-18 09:00:00+00:00,NVDA,143.21,143.21,137.2,138.62,1107500
2024-11-18 10:00:00+00:00,NVDA,138.65,139.2,138.08,139.19,458277
2024-11-18 11:00:00+00:00,NVDA,139.21,139.49,138.5,139.0,268588
2024-11-18 12:00:00+00:00,NVDA,139.03,139.83,138.14,138.49,728554
2024-11-18 13:00:00+00:00,NVDA,138.48,139.09,137.13,138.86,836142
2024-11-18 14:00:00+00:00,NVDA,138.87,140.14,137.15,138.13,9304789
2024-11-18 15:00:00+00:00,NVDA,138.145,140.56,138.02,140.23,4430336
2024-11-18 16:00:00+00:00,NVDA,140.24,141.28,139.73,140.01,3401091
2024-11-18 17:00:00+00:00,NVDA,140.0,140.07,138.88,139.495,2197019
2024-11-18 18:00:00+00:00,NVDA,139.49,140.38,139.36,140.36,1958388
2024-11-18 19:00:00+00:00,NVDA,140.355,140.4,139.45,140.21,1567800
2024-11-18 20:00:00+00:00,NVDA,140.21,141.54,139.5,140.2,5115823
2024-11-18 21:00:00+00:00,NVDA,140.2,140.58,140.0,140.25,19488607
2024-11-18 22:00:00+00:00,NVDA,140.3,140.8,140.26,140.64,65500
2024-11-18 23:00:00+00:00,NVDA,140.65,140.67,140.35,140.51,27963
2024-11-19 09:00:00+00:00,NVDA,140.99,142.59,140.73,141.31,473199
2024-11-19 10:00:00+00:00,NVDA,141.3,141.82,141.19,141.48,87468
2024-11-19 11:00:00+00:00,NVDA,141.51,142.08,141.26,141.7,126191
2024-11-19 12:00:00+00:00,NVDA,141.69,142.57,141.55,142.16,296803
2024-11-19 13:00:00+00:00,NVDA,142.16,142.45,140.01,140.23,576001
2024-11-19 14:00:00+00:00,NVDA,140.23,143.55,140.14,142.32,6785899
2024-11-19 15:00:00+00:00,NVDA,142.32,144.4,141.71,144.29,4340872
2024-11-19 16:00:00+00:00,NVDA,144.3,144.55,143.37,143.4,2723196
2024-11-19 17:00:00+00:00,NVDA,143.4,143.96,143.16,143.955,1487495
2024-11-19 18:00:00+00:00,NVDA,143.96,145.52,143.83,145.415,3096026
2024-11-19 19:00:00+00:00,NVDA,145.42,146.91,145.335,146.55,3673527
2024-11-19 20:00:00+00:00,NVDA,146.55,147.125,146.13,147.0,6551278
2024-11-19 21:00:00+00:00,NVDA,147.0,147.68,146.78,147.16,22318817
2024-11-19 22:00:00+00:00,NVDA,147.17,147.18,146.76,146.97,120030
2024-11-19 23:00:00+00:00,NVDA,146.96,147.58,146.89,147.44,67849
2024-11-20 09:00:00+00:00,NVDA,147.63,147.9,146.35,146.8,262136
2024-11-20 10:00:00+00:00,NVDA,146.75,147.43,146.47,147.31,125457
2024-11-20 11:00:00+00:00,NVDA,147.3,147.5,147.08,147.48,112188
2024-11-20 12:00:00+00:00,NVDA,147.47,148.08,147.31,147.9,329647
2024-11-20 13:00:00+00:00,NVDA,147.92,147.96,147.57,147.72,233483
2024-11-20 14:00:00+00:00,NVDA,147.72,147.78,144.15,144.18,7919947
2024-11-20 15:00:00+00:00,NVDA,144.18,146.02,142.73,145.86,6687595
2024-11-20 16:00:00+00:00,NVDA,145.85,146.585,144.2,145.7,4538779
2024-11-20 17:00:00+00:00,NVDA,145.7,145.93,144.5,144.83,2497388
2024-11-20 18:00:00+00:00,NVDA,144.825,145.12,144.09,144.41,2226958
2024-11-20 19:00:00+00:00,NVDA,144.4,144.565,143.24,144.3,3068415
2024-11-20 20:00:00+00:00,NVDA,144.3,146.155,143.88,145.93,6815383
2024-11-20 21:00:00+00:00,NVDA,145.9,146.3,137.91,144.94,22100098
2024-11-20 22:00:00+00:00,NVDA,144.94,145.85,142.37,144.1,2850099
2024-11-20 23:00:00+00:00,NVDA,144.11,144.51,143.3,143.52,547765
2024-11-21 09:00:00+00:00,NVDA,143.31,143.31,139.8,141.33,813656
2024-11-21 10:00:00+00:00,NVDA,141.34,141.83,141.04,141.83,238830
2024-11-21 11:00:00+00:00,NVDA,141.76,143.67,141.76,143.62,416888
2024-11-21 12:00:00+00:00,NVDA,143.61,144.98,143.3,144.4,854556
2024-11-21 13:00:00+00:00,NVDA,144.43,149.39,144.25,147.92,2563816
2024-11-21 14:00:00+00:00,NVDA,147.93,152.89,144.34,145.68,18570919
2024-11-21 15:00:00+00:00,NVDA,145.68,145.93,140.7,144.35,10641666
2024-11-21 16:00:00+00:00,NVDA,144.38,145.45,142.9,143.61,5866799
2024-11-21 17:00:00+00:00,NVDA,143.6,144.81,143.16,144.08,3464779
2024-11-21 18:00:00+00:00,NVDA,144.08,147.5,143.88,147.345,4382008
2024-11-21 19:00:00+00:00,NVDA,147.345,148.0,145.875,147.76,4180851
2024-11-21 20:00:00+00:00,NVDA,147.76,148.55,146.3,146.62,6606168
2024-11-21 21:00:00+00:00,NVDA,146.62,146.99,145.9,146.1,15387486
2024-11-21 22:00:00+00:00,NVDA,146.1,146.34,146.05,146.2,49407
2024-11-21 23:00:00+00:00,NVDA,146.18,146.49,146.07,146.1,48471
2024-11-22 09:00:00+00:00,NVDA,146.26,146.4,144.3,145.3,374369
2024-11-22 10:00:00+00:00,NVDA,145.29,145.85,144.9,145.82,148435
2024-11-22 11:00:00+00:00,NVDA,145.77,146.1,145.6,145.8,108217
2024-11-22 12:00:00+00:00,NVDA,145.79,146.25,145.7,145.97,169086
2024-11-22 13:00:00+00:00,NVDA,145.97,146.48,145.62,145.71,226119
2024-11-22 14:00:00+00:00,NVDA,145.7,147.16,143.59,144.88,7591712
2024-11-22 15:00:00+00:00,NVDA,144.85,144.86,142.46,143.67,7079780
2024-11-22 16:00:00+00:00,NVDA,143.66,143.815,141.55,142.19,5168310
2024-11-22 17:00:00+00:00,NVDA,142.19,142.29,141.66,142.07,2438582
2024-11-22 18:00:00+00:00,NVDA,142.07,142.32,141.805,141.945,1916739
2024-11-22 19:00:00+00:00,NVDA,141.94,142.22,141.1,142.085,2667205
2024-11-22 20:00:00+00:00,NVDA,142.08,142.14,141.48,141.88,5525853
2024-11-22 21:00:00+00:00,NVDA,141.88,142.03,141.8,141.97,14371630
2024-11-22 22:00:00+00:00,NVDA,141.98,142.06,141.93,142.0,49121
2024-11-22 23:00:00+00:00,NVDA,141.99,142.0,141.72,141.73,47382
2024-11-25 09:00:00+00:00,NVDA,142.95,143.18,140.04,142.39,357174
2024-11-25 10:00:00+00:00,NVDA,142.4,142.4,141.68,142.23,145187
2024-11-25 11:00:00+00:00,NVDA,142.2,142.25,141.88,142.05,73046
2024-11-25 12:00:00+00:00,NVDA,142.06,142.25,141.08,141.08,261826
2024-11-25 13:00:00+00:00,NVDA,141.08,142.26,141.01,141.98,465816
2024-11-25 14:00:00+00:00,NVDA,141.99,142.17,136.64,137.73,12281028
2024-11-25 15:00:00+00:00,NVDA,137.72,138.32,136.22,137.4,7687735
2024-11-25 16:00:00+00:00,NVDA,137.39,138.66,136.97,137.55,3202919
2024-11-25 17:00:00+00:00,NVDA,137.545,137.62,136.45,137.48,3095028
2024-11-25 18:00:00+00:00,NVDA,137.48,137.89,136.375,136.58,2465662
2024-11-25 19:00:00+00:00,NVDA,136.58,137.415,136.3,136.8,2387866
2024-11-25 20:00:00+00:00,NVDA,136.79,137.15,135.82,135.94,8269310
2024-11-25 21:00:00+00:00,NVDA,135.93,136.5,135.38,136.25,51564180
2024-11-25 22:00:00+00:00,NVDA,136.27,136.4,136.13,136.4,66822
2024-11-25 23:00:00+00:00,NVDA,136.42,136.74,136.05,136.07,116723
2024-11-26 09:00:00+00:00,NVDA,136.0,136.94,135.8,136.64,170116
2024-11-26 10:00:00+00:00,NVDA,136.65,136.83,136.32,136.68,65786
2024-11-26 11:00:00+00:00,NVDA,136.69,137.29,136.51,136.97,128552
2024-11-26 12:00:00+00:00,NVDA,136.97,137.7,136.72,137.45,266354
2024-11-26 13:00:00+00:00,NVDA,137.4,138.54,137.3,138.05,431178
2024-11-26 14:00:00+00:00,NVDA,138.07,139.3,136.62,137.15,8650448
2024-11-26 15:00:00+00:00,NVDA,137.18,137.68,136.17,136.19,5473152
2024-11-26 16:00:00+00:00,NVDA,136.18,137.14,136.175,136.985,2478959
2024-11-26 17:00:00+00:00,NVDA,136.98,137.1,136.48,137.0,1747831
2024-11-26 18:00:00+00:00,NVDA,136.99,137.02,136.38,136.815,1386039
2024-11-26 19:00:00+00:00,NVDA,136.815,136.85,135.67,136.295,2439871
2024-11-26 20:00:00+00:00,NVDA,136.29,137.1,136.2,136.82,3840748
2024-11-26 21:00:00+00:00,NVDA,136.92,136.94,136.48,136.69,15387336
2024-11-26 22:00:00+00:00,NVDA,136.69,136.74,136.21,136.36,61079
2024-11-26 23:00:00+00:00,NVDA,136.34,136.46,136.3,136.33,34681
2024-11-27 09:00:00+00:00,NVDA,136.52,136.52,135.26,135.61,191237
2024-11-27 10:00:00+00:00,NVDA,135.61,135.61,135.05,135.45,197974
2024-11-27 11:00:00+00:00,NVDA,135.45,135.64,135.27,135.57,116081
2024-11-27 12:00:00+00:00,NVDA,135.57,135.64,135.02,135.18,229524
2024-11-27 13:00:00+00:00,NVDA,135.18,135.45,135.07,135.07,239700
2024-11-27 14:00:00+00:00,NVDA,135.08,135.28,133.4,133.99,7938369
2024-11-27 15:00:00+00:00,NVDA,133.99,134.02,132.02,132.72,6723181
2024-11-27 16:00:00+00:00,NVDA,132.72,133.08,132.0,132.33,3594435
2024-11-27 17:00:00+00:00,NVDA,132.32,133.08,131.93,133.045,2332369
2024-11-27 18:00:00+00:00,NVDA,133.045,134.43,132.84,134.215,2518420
2024-11-27 19:00:00+00:00,NVDA,134.215,134.6,133.985,134.34,1856648
2024-11-27 20:00:00+00:00,NVDA,134.34,135.42,134.18,135.42,4482243
2024-11-27 21:00:00+00:00,NVDA,135.41,135.7,135.11,135.41,19579754
2024-11-27 22:00:00+00:00,NVDA,135.4,135.49,135.25,135.31,58560
2024-11-27 23:00:00+00:00,NVDA,135.32,135.44,135.3,135.43,33239
2024-11-29 09:00:00+00:00,NVDA,137.56,137.79,137.0,137.45,138555
2024-11-29 10:00:00+00:00,NVDA,137.45,137.69,137.24,137.57,65440
2024-11-29 11:00:00+00:00,NVDA,137.58,137.8,137.31,137.34,83438
2024-11-29 12:00:00+00:00,NVDA,137.33,137.44,136.6,136.89,194062
2024-11-29 13:00:00+00:00,NVDA,136.89,137.05,136.27,136.62,194913
2024-11-29 14:00:00+00:00,NVDA,136.67,138.49,136.05,138.49,5455553
2024-11-29 15:00:00+00:00,NVDA,138.49,139.35,138.0,138.37,4933202
2024-11-29 16:00:00+00:00,NVDA,138.39,139.01,138.13,138.9,2555411
2024-11-29 17:00:00+00:00,NVDA,138.89,139.08,138.24,138.28,4685736
2024-11-29 18:00:00+00:00,NVDA,138.28,138.38,138.0,138.24,14365666
2024-11-29 19:00:00+00:00,NVDA,138.24,138.29,138.1,138.18,34267
2024-11-29 20:00:00+00:00,NVDA,138.19,138.25,138.0,138.0,37103
2024-11-29 21:00:00+00:00,NVDA,138.1,138.2,138.06,138.12,15280
2024-12-02 09:00:00+00:00,NVDA,137.97,138.18,136.36,136.47,280608
2024-12-02 10:00:00+00:00,NVDA,136.5,136.74,135.71,136.45,216067
2024-12-02 11:00:00+00:00,NVDA,136.5,136.97,136.32,136.86,103105
2024-12-02 12:00:00+00:00,NVDA,136.88,137.74,136.81,137.46,235739
2024-12-02 13:00:00+00:00,NVDA,137.47,138.16,137.43,137.85,292912
2024-12-02 14:00:00+00:00,NVDA,137.83,140.44,137.83,139.87,6737700
2024-12-02 15:00:00+00:00,NVDA,139.87,140.365,138.3,138.54,4535648
2024-12-02 16:00:00+00:00,NVDA,138.545,139.53,138.53,139.26,1912058
2024-12-02 17:00:00+00:00,NVDA,139.26,139.64,138.76,138.76,1525179
2024-12-02 18:00:00+00:00,NVDA,138.76,138.89,137.94,138.59,2010954
2024-12-02 19:00:00+00:00,NVDA,138.59,138.59,137.825,138.57,1259170
2024-12-02 20:00:00+00:00,NVDA,138.56,138.88,137.89,138.64,4057350
2024-12-02 21:00:00+00:00,NVDA,138.63,138.75,138.3,138.48,14043008
2024-12-02 22:00:00+00:00,NVDA,138.48,138.53,138.36,138.4,23561
2024-12-02 23:00:00+00:00,NVDA,138.38,138.47,138.36,138.41,4497
2024-12-03 09:00:00+00:00,NVDA,138.4,138.79,138.19,138.45,84509
2024-12-03 10:00:00+00:00,NVDA,138.45,138.68,138.28,138.32,56054
2024-12-03 11:00:00+00:00,NVDA,138.34,138.68,138.25,138.6,62394
2024-12-03 12:00:00+00:00,NVDA,138.6,138.92,138.3,138.83,108083
2024-12-03 13:00:00+00:00,NVDA,138.84,139.12,138.68,138.69,147961
2024-12-03 14:00:00+00:00,NVDA,138.69,140.54,137.8,139.49,5828400
2024-12-03 15:00:00+00:00,NVDA,139.49,139.53,138.1,138.76,3507038
2024-12-03 16:00:00+00:00,NVDA,138.75,139.45,138.575,138.68,2240246
2024-12-03 17:00:00+00:00,NVDA,138.69,139.155,138.495,139.09,1383217
2024-12-03 18:00:00+00:00,NVDA,139.09,139.44,138.92,139.22,1257696
2024-12-03 19:00:00+00:00,NVDA,139.225,139.86,139.065,139.82,1312308
2024-12-03 20:00:00+00:00,NVDA,139.81,140.28,139.72,140.25,4289295
2024-12-03 21:00:00+00:00,NVDA,140.26,140.78,140.1,140.52,14093441
2024-12-03 22:00:00+00:00,NVDA,140.5,140.6,140.41,140.56,56180
2024-12-03 23:00:00+00:00,NVDA,140.55,140.73,140.42,140.72,54708
2024-12-04 09:00:00+00:00,NVDA,141.4,141.7,141.11,141.63,163906
2024-12-04 10:00:00+00:00,NVDA,141.64,141.67,141.25,141.45,78200
2024-12-04 11:00:00+00:00,NVDA,141.45,141.68,141.29,141.53,56863
2024-12-04 12:00:00+00:00,NVDA,141.52,141.93,141.36,141.78,186321
2024-12-04 13:00:00+00:00,NVDA,141.77,142.08,141.71,142.05,178989
2024-12-04 14:00:00+00:00,NVDA,142.05,142.63,140.39,140.63,5683299
2024-12-04 15:00:00+00:00,NVDA,140.64,142.37,140.29,141.99,4492036
2024-12-04 16:00:00+00:00,NVDA,141.99,143.66,141.86,143.6,4330920
2024-12-04 17:00:00+00:00,NVDA,143.59,144.59,143.58,144.34,4016609
2024-12-04 18:00:00+00:00,NVDA,144.34,144.615,143.76,144.3,2832993
2024-12-04 19:00:00+00:00,NVDA,144.29,145.785,144.22,145.54,4336063
2024-12-04 20:00:00+00:00,NVDA,145.53,145.67,144.58,145.13,6129150
2024-12-04 21:00:00+00:00,NVDA,145.13,145.14,144.53,144.85,16442103
2024-12-04 22:00:00+00:00,NVDA,144.84,144.88,144.67,144.82,54257
2024-12-04 23:00:00+00:00,NVDA,144.77,144.83,144.46,144.52,57547
2024-12-05 09:00:00+00:00,NVDA,144.47,144.66,144.15,144.44,98095
2024-12-05 10:00:00+00:00,NVDA,144.44,144.88,144.38,144.76,71020
2024-12-05 11:00:00+00:00,NVDA,144.76,145.32,144.66,145.08,88947
2024-12-05 12:00:00+00:00,NVDA,145.09,145.49,144.92,145.32,163092
2024-12-05 13:00:00+00:00,NVDA,145.3,145.3,144.7,144.89,166290
2024-12-05 14:00:00+00:00,NVDA,144.91,146.07,144.18,144.68,5752851
2024-12-05 15:00:00+00:00,NVDA,144.7,145.455,143.95,145.34,3991949
2024-12-05 16:00:00+00:00,NVDA,145.34,146.535,145.26,146.08,3037177
2024-12-05 17:00:00+00:00,NVDA,146.08,146.35,145.76,145.945,1684603
2024-12-05 18:00:00+00:00,NVDA,145.95,146.005,144.31,144.52,2670090
2024-12-05 19:00:00+00:00,NVDA,144.51,145.25,144.35,145.19,1768447
2024-12-05 20:00:00+00:00,NVDA,145.18,145.5,144.88,145.01,3939013
2024-12-05 21:00:00+00:00,NVDA,145.06,145.17,144.67,144.82,17375784
2024-12-05 22:00:00+00:00,NVDA,144.81,144.82,144.49,144.53,25546
2024-12-05 23:00:00+00:00,NVDA,144.53,144.58,144.38,144.44,43784
2024-12-06 09:00:00+00:00,NVDA,144.96,145.14,144.67,144.84,93383
2024-12-06 10:00:00+00:00,NVDA,144.88,144.88,144.52,144.59,50947
2024-12-06 11:00:00+00:00,NVDA,144.61,144.77,144.51,144.71,35650
2024-12-06 12:00:00+00:00,NVDA,144.68,144.89,144.52,144.59,111123
2024-12-06 13:00:00+00:00,NVDA,144.59,144.99,144.2,144.65,254243
2024-12-06 14:00:00+00:00,NVDA,144.66,145.65,144.18,145.49,3779011
2024-12-06 15:00:00+00:00,NVDA,145.49,145.7,143.45,143.74,3658782
2024-12-06 16:00:00+00:00,NVDA,143.75,143.81,141.32,142.01,5471605
2024-12-06 17:00:00+00:00,NVDA,142.01,143.23,141.95,142.41,2634175
2024-12-06 18:00:00+00:00,NVDA,142.42,142.91,142.3,142.62,1395454
2024-12-06 19:00:00+00:00,NVDA,142.615,142.7,142.185,142.27,1554701
2024-12-06 20:00:00+00:00,NVDA,142.26,142.5,141.795,142.4,4966486
2024-12-06 21:00:00+00:00,NVDA,142.4,142.49,142.03,142.16,13717394
2024-12-06 22:00:00+00:00,NVDA,142.15,142.18,141.9,141.91,44025
2024-12-06 23:00:00+00:00,NVDA,141.93,142.03,141.81,141.93,58383
2024-12-09 09:00:00+00:00,NVDA,142.01,142.49,140.73,140.97,258367
2024-12-09 10:00:00+00:00,NVDA,140.93,141.3,140.61,140.84,299221
2024-12-09 11:00:00+00:00,NVDA,140.85,141.12,138.81,139.74,490524
2024-12-09 12:00:00+00:00,NVDA,139.77,140.2,139.39,139.94,422410
2024-12-09 13:00:00+00:00,NVDA,139.94,139.99,138.91,139.52,412772
2024-12-09 14:00:00+00:00,NVDA,139.5,139.94,137.42,139.68,8466401
2024-12-09 15:00:00+00:00,NVDA,139.68,139.92,137.59,137.84,5325599
2024-12-09 16:00:00+00:00,NVDA,137.83,138.485,137.13,138.33,3687954
2024-12-09 17:00:00+00:00,NVDA,138.32,139.71,138.23,139.35,2363683
2024-12-09 18:00:00+00:00,NVDA,139.35,139.84,139.06,139.11,1696293
2024-12-09 19:00:00+00:00,NVDA,139.115,139.15,138.05,138.44,1679486
2024-12-09 20:00:00+00:00,NVDA,138.44,139.14,138.135,138.805,3788646
2024-12-09 21:00:00+00:00,NVDA,138.83,139.29,138.45,138.46,14557002
2024-12-09 22:00:00+00:00,NVDA,138.51,138.57,138.32,138.38,36779
2024-12-09 23:00:00+00:00,NVDA,138.38,138.38,138.0,138.13,42155
2024-12-10 09:00:00+00:00,NVDA,137.99,137.99,137.08,137.23,139057
2024-12-10 10:00:00+00:00,NVDA,137.21,137.7,137.02,137.65,126134
2024-12-10 11:00:00+00:00,NVDA,137.64,138.35,137.63,138.07,118357
2024-12-10 12:00:00+00:00,NVDA,138.05,138.83,138.03,138.59,157459
2024-12-10 13:00:00+00:00,NVDA,138.59,139.15,138.5,138.74,254822
2024-12-10 14:00:00+00:00,NVDA,138.75,141.81,138.6,140.92,6328121
2024-12-10 15:00:00+00:00,NVDA,140.91,141.28,138.1,138.14,4034301
2024-12-10 16:00:00+00:00,NVDA,138.15,138.28,136.185,136.975,4443873
2024-12-10 17:00:00+00:00,NVDA,136.97,136.99,135.76,136.48,2424518
2024-12-10 18:00:00+00:00,NVDA,136.47,136.645,135.68,135.71,1830287
2024-12-10 19:00:00+00:00,NVDA,135.71,136.15,134.69,134.7,2717363
2024-12-10 20:00:00+00:00,NVDA,134.71,135.38,133.79,135.08,5956604
2024-12-10 21:00:00+00:00,NVDA,135.08,135.47,134.52,135.46,21354382
2024-12-10 22:00:00+00:00,NVDA,135.47,135.48,135.28,135.38,44029
2024-12-10 23:00:00+00:00,NVDA,135.38,135.74,135.37,135.6,51020
2024-12-11 09:00:00+00:00,NVDA,136.22,136.72,136.0,136.6,125025
2024-12-11 10:00:00+00:00,NVDA,136.59,136.68,136.22,136.58,66063
2024-12-11 11:00:00+00:00,NVDA,136.6,136.88,136.59,136.61,64561
2024-12-11 12:00:00+00:00,NVDA,136.59,136.63,136.17,136.25,129126
2024-12-11 13:00:00+00:00,NVDA,136.22,137.59,136.08,137.48,440532
2024-12-11 14:00:00+00:00,NVDA,137.49,138.05,135.22,137.73,6086873
2024-12-11 15:00:00+00:00,NVDA,137.72,137.82,135.43,135.92,3735218
2024-12-11 16:00:00+00:00,NVDA,135.92,138.34,135.88,138.33,3198963
2024-12-11 17:00:00+00:00,NVDA,138.33,139.04,138.065,138.86,2457177
2024-12-11 18:00:00+00:00,NVDA,138.86,139.77,138.64,139.75,2032352
2024-12-11 19:00:00+00:00,NVDA,139.745,140.13,139.285,139.77,2237890
2024-12-11 20:00:00+00:00,NVDA,139.78,140.16,138.945,139.27,3992425
2024-12-11 21:00:00+00:00,NVDA,139.31,139.32,138.8,138.99,18016941
2024-12-11 22:00:00+00:00,NVDA,138.99,139.15,138.99,139.03,30617
2024-12-11 23:00:00+00:00,NVDA,139.02,139.15,138.95,138.97,22008
2024-12-12 09:00:00+00:00,NVDA,139.06,139.43,138.38,138.6,90239
2024-12-12 10:00:00+00:00,NVDA,138.6,139.07,138.51,139.06,34090
2024-12-12 11:00:00+00:00,NVDA,139.07,139.2,138.62,139.0,75346
2024-12-12 12:00:00+00:00,NVDA,139.0,139.0,138.46,138.57,112534
2024-12-12 13:00:00+00:00,NVDA,138.57,139.09,137.45,137.7,290089
2024-12-12 14:00:00+00:00,NVDA,137.74,138.07,135.88,136.9,6820243
2024-12-12 15:00:00+00:00,NVDA,136.9,137.525,135.8,137.08,4641295
2024-12-12 16:00:00+00:00,NVDA,137.07,137.385,136.1,136.24,1905148
2024-12-12 17:00:00+00:00,NVDA,136.24,138.0,136.16,137.91,1695598
2024-12-12 18:00:00+00:00,NVDA,137.9,138.4,137.325,137.485,1682085
2024-12-12 19:00:00+00:00,NVDA,137.49,138.115,137.385,138.06,1329953
2024-12-12 20:00:00+00:00,NVDA,138.05,138.05,137.0,137.31,3228951
2024-12-12 21:00:00+00:00,NVDA,137.34,137.82,136.95,137.23,12312264
2024-12-12 22:00:00+00:00,NVDA,137.29,139.0,137.15,138.9,343785
2024-12-12 23:00:00+00:00,NVDA,138.95,139.4,138.5,138.79,181804
2024-12-13 09:00:00+00:00,NVDA,139.8,139.8,138.0,138.82,122428
2024-12-13 10:00:00+00:00,NVDA,138.87,138.99,138.69,138.85,54851
2024-12-13 11:00:00+00:00,NVDA,138.88,138.92,138.49,138.54,61271
2024-12-13 12:00:00+00:00,NVDA,138.56,139.39,138.56,139.34,208036
2024-12-13 13:00:00+00:00,NVDA,139.34,139.98,139.28,139.87,292440
2024-12-13 14:00:00+00:00,NVDA,139.87,139.87,137.485,138.87,5382513
2024-12-13 15:00:00+00:00,NVDA,138.88,139.1,134.03,134.17,7171179
2024-12-13 16:00:00+00:00,NVDA,134.17,134.28,132.54,133.53,7718405
2024-12-13 17:00:00+00:00,NVDA,133.52,134.15,132.85,133.53,2633720
2024-12-13 18:00:00+00:00,NVDA,133.53,134.62,133.5,134.32,1652794
2024-12-13 19:00:00+00:00,NVDA,134.32,134.91,133.65,133.71,1772439
2024-12-13 20:00:00+00:00,NVDA,133.71,134.31,133.685,134.22,4567731
2024-12-13 21:00:00+00:00,NVDA,134.22,134.39,133.82,134.01,14586769
2024-12-13 22:00:00+00:00,NVDA,134.03,134.17,134.0,134.06,30620
2024-12-13 23:00:00+00:00,NVDA,134.08,134.1,134.0,134.02,18698
2024-12-16 09:00:00+00:00,NVDA,134.27,134.27,133.19,133.21,197698
2024-12-16 10:00:00+00:00,NVDA,133.22,133.59,133.05,133.46,96673
2024-12-16 11:00:00+00:00,NVDA,133.46,133.76,133.38,133.72,47841
2024-12-16 12:00:00+00:00,NVDA,133.71,133.87,133.33,133.58,204867
2024-12-16 13:00:00+00:00,NVDA,133.58,134.8,133.58,134.77,237661
2024-12-16 14:00:00+00:00,NVDA,134.77,134.89,130.45,132.51,10642297
2024-12-16 15:00:00+00:00,NVDA,132.51,132.86,130.43,131.55,6077088
2024-12-16 16:00:00+00:00,NVDA,131.54,132.16,130.69,131.39,3492142
2024-12-16 17:00:00+00:00,NVDA,131.39,131.56,130.45,131.47,2686370
2024-12-16 18:00:00+00:00,NVDA,131.47,132.04,130.71,131.115,2601063
2024-12-16 19:00:00+00:00,NVDA,131.12,132.78,131.05,131.91,2715773
2024-12-16 20:00:00+00:00,NVDA,131.92,132.735,131.52,131.99,4766265
2024-12-16 21:00:00+00:00,NVDA,132.0,132.15,131.54,131.62,18374902
2024-12-16 22:00:00+00:00,NVDA,131.62,131.63,131.22,131.38,87188
2024-12-16 23:00:00+00:00,NVDA,131.37,131.38,131.01,131.09,71626
2024-12-17 09:00:00+00:00,NVDA,130.72,130.96,128.88,129.37,456930
2024-12-17 10:00:00+00:00,NVDA,129.34,129.8,129.0,129.76,209495
2024-12-17 11:00:00+00:00,NVDA,129.75,130.4,129.52,130.03,228824
2024-12-17 12:00:00+00:00,NVDA,130.08,130.29,129.56,129.8,298694
2024-12-17 13:00:00+00:00,NVDA,129.8,129.97,129.28,129.58,300328
2024-12-17 14:00:00+00:00,NVDA,129.6,129.7,127.22,127.44,11608128
2024-12-17 15:00:00+00:00,NVDA,127.44,129.3,126.87,128.91,7299380
2024-12-17 16:00:00+00:00,NVDA,128.91,130.61,128.28,129.755,4783688
2024-12-17 17:00:00+00:00,NVDA,129.76,131.59,129.52,130.915,2973756
2024-12-17 18:00:00+00:00,NVDA,130.91,131.19,129.25,129.75,2435746
2024-12-17 19:00:00+00:00,NVDA,129.75,130.195,129.42,129.85,1919781
2024-12-17 20:00:00+00:00,NVDA,129.84,130.41,128.825,130.35,6426781
2024-12-17 21:00:00+00:00,NVDA,130.39,131.59,130.29,130.89,21284424
2024-12-17 22:00:00+00:00,NVDA,130.88,130.98,130.7,130.84,53091
2024-12-17 23:00:00+00:00,NVDA,130.81,131.28,130.16,131.2,112954
2024-12-18 09:00:00+00:00,NVDA,131.91,135.0,131.84,134.74,616537
2024-12-18 10:00:00+00:00,NVDA,134.75,135.0,133.83,134.18,354229
2024-12-18 11:00:00+00:00,NVDA,134.17,134.32,133.32,133.5,217323
2024-12-18 12:00:00+00:00,NVDA,133.5,134.53,133.1,134.36,315463
2024-12-18 13:00:00+00:00,NVDA,134.35,134.54,133.06,133.68,386017
2024-12-18 14:00:00+00:00,NVDA,133.68,135.78,132.81,134.86,8141375
2024-12-18 15:00:00+00:00,NVDA,134.87,136.2,134.22,135.95,5346513
2024-12-18 16:00:00+00:00,NVDA,135.97,136.7,134.66,135.16,3870602
2024-12-18 17:00:00+00:00,NVDA,135.15,135.85,134.83,135.73,1895749
2024-12-18 18:00:00+00:00,NVDA,135.72,136.42,135.51,135.64,2019520
2024-12-18 19:00:00+00:00,NVDA,135.645,135.69,132.38,132.7,5508410
2024-12-18 20:00:00+00:00,NVDA,132.71,132.9,128.28,128.71,13147180
2024-12-18 21:00:00+00:00,NVDA,128.87,130.21,126.5,129.75,24946148
2024-12-18 22:00:00+00:00,NVDA,129.78,131.4,129.57,130.6,398725
2024-12-18 23:00:00+00:00,NVDA,130.55,130.74,129.66,130.41,187888
2024-12-19 09:00:00+00:00,NVDA,132.03,133.0,131.61,132.02,338425
2024-12-19 10:00:00+00:00,NVDA,132.03,132.3,131.03,131.33,129023
2024-12-19 11:00:00+00:00,NVDA,131.32,131.8,131.05,131.38,129396
2024-12-19 12:00:00+00:00,NVDA,131.38,132.7,131.36,132.46,307824
2024-12-19 13:00:00+00:00,NVDA,132.42,132.52,131.31,131.92,370741
2024-12-19 14:00:00+00:00,NVDA,131.92,132.23,129.83,130.94,7740363
2024-12-19 15:00:00+00:00,NVDA,130.94,132.06,129.56,131.61,6167295
2024-12-19 16:00:00+00:00,NVDA,131.59,134.02,130.8,133.06,4568471
2024-12-19 17:00:00+00:00,NVDA,133.05,133.18,131.46,132.39,2667609
2024-12-19 18:00:00+00:00,NVDA,132.38,132.94,131.52,132.89,1864286
2024-12-19 19:00:00+00:00,NVDA,132.89,132.89,131.31,131.54,1742225
2024-12-19 20:00:00+00:00,NVDA,131.55,132.09,130.31,130.65,4775556
2024-12-19 21:00:00+00:00,NVDA,130.65,131.31,130.17,131.05,18425991
2024-12-19 22:00:00+00:00,NVDA,131.05,131.12,130.8,130.99,23906
2024-12-19 23:00:00+00:00,NVDA,130.99,131.23,130.87,131.04,24764
2024-12-20 09:00:00+00:00,NVDA,128.9,129.32,127.21,127.36,447720
2024-12-20 10:00:00+00:00,NVDA,127.38,128.13,127.27,127.62,302844
2024-12-20 11:00:00+00:00,NVDA,127.61,127.9,126.34,127.22,397938
2024-12-20 12:00:00+00:00,NVDA,127.22,127.52,126.6,127.52,431128
2024-12-20 13:00:00+00:00,NVDA,127.52,130.72,127.45,130.03,794684
2024-12-20 14:00:00+00:00,NVDA,130.03,130.18,128.23,129.67,19465643
2024-12-20 15:00:00+00:00,NVDA,129.68,133.54,129.63,132.95,5833050
2024-12-20 16:00:00+00:00,NVDA,132.96,134.79,132.8,134.36,3976776
2024-12-20 17:00:00+00:00,NVDA,134.38,135.27,133.97,134.44,3495461
2024-12-20 18:00:00+00:00,NVDA,134.45,134.6,133.55,134.11,2383666
2024-12-20 19:00:00+00:00,NVDA,134.08,135.03,133.95,134.4,2318456
2024-12-20 20:00:00+00:00,NVDA,134.41,135.01,132.905,134.96,8970416
2024-12-20 21:00:00+00:00,NVDA,134.98,135.02,134.3,134.63,55100111
2024-12-20 22:00:00+00:00,NVDA,134.64,135.29,134.62,135.28,157031
2024-12-20 23:00:00+00:00,NVDA,135.29,135.6,135.1,135.59,113276
2024-12-23 09:00:00+00:00,NVDA,136.54,137.17,135.8,136.39,227723
2024-12-23 10:00:00+00:00,NVDA,136.33,136.43,135.53,135.7,131723
2024-12-23 11:00:00+00:00,NVDA,135.66,135.79,134.56,135.52,174114
2024-12-23 12:00:00+00:00,NVDA,135.52,136.69,135.43,136.68,222794
2024-12-23 13:00:00+00:00,NVDA,136.65,136.99,135.4,135.85,290442
2024-12-23 14:00:00+00:00,NVDA,135.84,137.82,135.71,137.31,5559508
2024-12-23 15:00:00+00:00,NVDA,137.31,137.37,135.12,136.55,4395090
2024-12-23 16:00:00+00:00,NVDA,136.54,138.37,136.51,138.36,3555481
2024-12-23 17:00:00+00:00,NVDA,138.37,138.49,137.755,138.47,2369154
2024-12-23 18:00:00+00:00,NVDA,138.48,139.13,138.36,139.06,3298624
2024-12-23 19:00:00+00:00,NVDA,139.06,139.7,138.82,138.96,3195512
2024-12-23 20:00:00+00:00,NVDA,138.95,139.79,138.34,139.67,5382010
2024-12-23 21:00:00+00:00,NVDA,139.67,139.7,139.2,139.42,16541856
2024-12-23 22:00:00+00:00,NVDA,139.42,139.46,139.28,139.34,24757
2024-12-23 23:00:00+00:00,NVDA,139.35,139.37,139.06,139.18,31650
2024-12-24 09:00:00+00:00,NVDA,139.5,140.2,139.5,139.88,132638
2024-12-24 10:00:00+00:00,NVDA,139.88,139.9,139.4,139.6,50321
2024-12-24 11:00:00+00:00,NVDA,139.59,139.73,139.23,139.35,46526
2024-12-24 12:00:00+00:00,NVDA,139.38,140.5,139.35,140.36,186368
2024-12-24 13:00:00+00:00,NVDA,140.31,140.55,140.16,140.23,142905
2024-12-24 14:00:00+00:00,NVDA,140.24,141.8,139.32,141.65,5708444
2024-12-24 15:00:00+00:00,NVDA,141.65,141.9,140.265,141.21,3200201
2024-12-24 16:00:00+00:00,NVDA,141.2,141.405,140.455,140.5,2109821
2024-12-24 17:00:00+00:00,NVDA,140.51,141.0,138.64,140.35,4294534
2024-12-24 18:00:00+00:00,NVDA,140.35,140.35,139.92,139.95,6810770
2024-12-24 19:00:00+00:00,NVDA,139.97,140.0,139.6,139.62,31875
2024-12-24 20:00:00+00:00,NVDA,139.62,139.65,139.5,139.63,10322
2024-12-24 21:00:00+00:00,NVDA,139.62,139.79,139.52,139.77,21993
2024-12-26 09:00:00+00:00,NVDA,140.37,140.37,138.19,138.49,226904
2024-12-26 10:00:00+00:00,NVDA,138.49,139.07,138.37,138.87,101605
2024-12-26 11:00:00+00:00,NVDA,138.83,139.19,138.41,138.95,112653
2024-12-26 12:00:00+00:00,NVDA,138.97,139.6,138.91,139.29,129052
2024-12-26 13:00:00+00:00,NVDA,139.29,139.48,138.87,139.29,99075
2024-12-26 14:00:00+00:00,NVDA,139.27,140.85,138.42,139.02,4124500
2024-12-26 15:00:00+00:00,NVDA,139.01,139.54,137.73,139.5,3255313
2024-12-26 16:00:00+00:00,NVDA,139.5,139.655,139.03,139.615,1576606
2024-12-26 17:00:00+00:00,NVDA,139.615,140.44,139.36,139.88,1832233
2024-12-26 18:00:00+00:00,NVDA,139.875,140.4,139.75,140.16,1361609
2024-12-26 19:00:00+00:00,NVDA,140.15,140.26,139.85,140.19,1150340
2024-12-26 20:00:00+00:00,NVDA,140.19,140.29,139.82,139.89,2982444
2024-12-26 21:00:00+00:00,NVDA,139.91,139.93,139.58,139.66,7061329
2024-12-26 22:00:00+00:00,NVDA,139.64,139.85,139.61,139.81,17690
2024-12-26 23:00:00+00:00,NVDA,139.82,139.92,139.65,139.72,30180
2024-12-27 09:00:00+00:00,NVDA,138.76,139.2,138.5,138.76,119889
2024-12-27 10:00:00+00:00,NVDA,138.75,139.33,138.7,139.27,66167
2024-12-27 11:00:00+00:00,NVDA,139.27,139.33,139.11,139.28,31085
2024-12-27 12:00:00+00:00,NVDA,139.27,139.67,139.27,139.38,63957
2024-12-27 13:00:00+00:00,NVDA,139.37,139.37,138.83,139.1,136320
2024-12-27 14:00:00+00:00,NVDA,139.1,139.16,136.2,136.48,5676250
2024-12-27 15:00:00+00:00,NVDA,136.48,136.64,134.71,135.96,6582850
2024-12-27 16:00:00+00:00,NVDA,135.95,136.93,135.58,136.035,2557160
2024-12-27 17:00:00+00:00,NVDA,136.03,136.24,135.19,136.04,2338357
2024-12-27 18:00:00+00:00,NVDA,136.04,136.775,135.855,136.68,1887079
2024-12-27 19:00:00+00:00,NVDA,136.68,136.97,136.16,136.9,1584840
2024-12-27 20:00:00+00:00,NVDA,136.89,137.14,136.3,137.12,5166554
2024-12-27 21:00:00+00:00,NVDA,137.12,137.18,136.96,137.0,18269188
2024-12-27 22:00:00+00:00,NVDA,137.0,137.02,136.7,136.78,84253
2024-12-27 23:00:00+00:00,NVDA,136.77,136.81,136.63,136.71,24759
2024-12-30 09:00:00+00:00,NVDA,136.11,136.42,135.28,135.88,133430
2024-12-30 10:00:00+00:00,NVDA,135.84,136.19,135.78,136.14,56010
2024-12-30 11:00:00+00:00,NVDA,136.13,136.4,136.0,136.15,56795
2024-12-30 12:00:00+00:00,NVDA,136.27,136.74,135.02,135.29,236479
2024-12-30 13:00:00+00:00,NVDA,135.3,135.36,133.95,134.26,313280
2024-12-30 14:00:00+00:00,NVDA,134.24,138.2,134.02,136.895,6328200
2024-12-30 15:00:00+00:00,NVDA,136.9,138.67,136.33,138.19,5530882
2024-12-30 16:00:00+00:00,NVDA,138.19,138.4,137.28,138.3,2478921
2024-12-30 17:00:00+00:00,NVDA,138.29,139.99,138.22,139.86,3373781
2024-12-30 18:00:00+00:00,NVDA,139.86,140.27,139.16,139.48,3046363
2024-12-30 19:00:00+00:00,NVDA,139.49,139.58,138.84,139.37,2246368
2024-12-30 20:00:00+00:00,NVDA,139.37,139.47,137.39,137.39,4948895
2024-12-30 21:00:00+00:00,NVDA,137.38,137.53,136.78,137.06,9398616
2024-12-30 22:00:00+00:00,NVDA,137.06,137.1,136.71,136.8,49834
2024-12-30 23:00:00+00:00,NVDA,136.8,136.84,136.63,136.74,26688
2024-12-31 09:00:00+00:00,NVDA,136.97,138.83,136.97,138.27,141280
2024-12-31 10:00:00+00:00,NVDA,138.28,138.61,138.15,138.46,38623
2024-12-31 11:00:00+00:00,NVDA,138.47,138.69,138.18,138.42,38606
2024-12-31 12:00:00+00:00,NVDA,138.37,138.74,138.2,138.39,88791
2024-12-31 13:00:00+00:00,NVDA,138.42,138.66,138.01,138.55,85986
2024-12-31 14:00:00+00:00,NVDA,138.5,138.74,136.16,136.96,3900429
2024-12-31 15:00:00+00:00,NVDA,136.95,137.79,135.67,136.59,3173551
2024-12-31 16:00:00+00:00,NVDA,136.6,136.65,134.93,135.72,2795177
2024-12-31 17:00:00+00:00,NVDA,135.72,136.19,134.26,135.31,2271875
2024-12-31 18:00:00+00:00,NVDA,135.3,135.72,134.05,134.31,2055108
2024-12-31 19:00:00+00:00,NVDA,134.31,134.86,133.84,134.84,2022790
2024-12-31 20:00:00+00:00,NVDA,134.84,135.62,134.0,134.29,6199831
2024-12-31 21:00:00+00:00,NVDA,134.29,134.67,134.06,134.38,14648586
2024-12-31 22:00:00+00:00,NVDA,134.4,134.49,134.25,134.35,25121
2024-12-31 23:00:00+00:00,NVDA,134.32,134.34,134.2,134.2,15526
2025-01-02 09:00:00+00:00,NVDA,134.72,135.97,133.29,135.93,271238
2025-01-02 10:00:00+00:00,NVDA,135.97,136.1,135.6,135.99,80606
2025-01-02 11:00:00+00:00,NVDA,135.97,136.84,135.67,136.66,206597
2025-01-02 12:00:00+00:00,NVDA,136.62,136.71,136.21,136.53,232820
2025-01-02 13:00:00+00:00,NVDA,136.54,136.6,135.39,136.21,481903
2025-01-02 14:00:00+00:00,NVDA,136.21,137.88,134.63,137.27,6911564
2025-01-02 15:00:00+00:00,NVDA,137.27,138.37,136.41,137.37,5426295
2025-01-02 16:00:00+00:00,NVDA,137.39,138.8,136.64,138.67,3545243
2025-01-02 17:00:00+00:00,NVDA,138.67,138.88,135.15,136.2,4271007
2025-01-02 18:00:00+00:00,NVDA,136.22,136.41,135.27,136.1,2384157
2025-01-02 19:00:00+00:00,NVDA,136.1,137.72,135.93,136.92,2656114
2025-01-02 20:00:00+00:00,NVDA,136.91,138.62,136.89,138.28,4857624
2025-01-02 21:00:00+00:00,NVDA,138.28,138.74,138.05,138.34,13315924
2025-01-02 22:00:00+00:00,NVDA,138.35,138.36,138.1,138.34,46064
2025-01-02 23:00:00+00:00,NVDA,138.38,138.4,137.8,137.92,66107
2025-01-03 09:00:00+00:00,NVDA,138.45,139.35,138.44,139.21,131692
2025-01-03 10:00:00+00:00,NVDA,139.23,139.33,139.0,139.17,85841
2025-01-03 11:00:00+00:00,NVDA,139.19,139.56,139.04,139.36,72918
2025-01-03 12:00:00+00:00,NVDA,139.33,139.37,138.51,139.29,180289
2025-01-03 13:00:00+00:00,NVDA,139.28,139.74,139.1,139.35,186099
2025-01-03 14:00:00+00:00,NVDA,139.37,143.97,139.28,143.93,11722190
2025-01-03 15:00:00+00:00,NVDA,143.93,144.21,142.515,143.2,7640404
2025-01-03 16:00:00+00:00,NVDA,143.21,144.01,142.76,143.875,4543741
2025-01-03 17:00:00+00:00,NVDA,143.88,144.68,143.62,144.62,3501877
2025-01-03 18:00:00+00:00,NVDA,144.62,144.9,143.91,144.08,3052124
2025-01-03 19:00:00+00:00,NVDA,144.07,144.72,143.825,144.41,2809507
2025-01-03 20:00:00+00:00,NVDA,144.41,144.71,144.04,144.59,5649351
2025-01-03 21:00:00+00:00,NVDA,144.59,144.69,144.3,144.56,15511506
2025-01-03 22:00:00+00:00,NVDA,144.56,144.83,144.5,144.82,64023
2025-01-03 23:00:00+00:00,NVDA,144.82,144.97,144.8,144.92,66558
2025-01-06 09:00:00+00:00,NVDA,145.8,147.69,144.87,147.5,465370
2025-01-06 10:00:00+00:00,NVDA,147.53,147.61,146.99,147.17,163058
2025-01-06 11:00:00+00:00,NVDA,147.18,147.79,147.1,147.34,250546
2025-01-06 12:00:00+00:00,NVDA,147.32,148.73,147.02,148.23,714719
2025-01-06 13:00:00+00:00,NVDA,148.24,148.65,147.99,148.59,426314
2025-01-06 14:00:00+00:00,NVDA,148.58,150.33,147.83,149.86,13640940
2025-01-06 15:00:00+00:00,NVDA,149.86,152.0,149.67,151.56,7353089
2025-01-06 16:00:00+00:00,NVDA,151.57,152.15,151.04,151.095,3674554
2025-01-06 17:00:00+00:00,NVDA,151.1,151.57,150.89,151.465,2385519
2025-01-06 18:00:00+00:00,NVDA,151.465,151.85,150.46,150.51,2795268
2025-01-06 19:00:00+00:00,NVDA,150.52,150.83,149.66,149.75,2642900
2025-01-06 20:00:00+00:00,NVDA,149.74,150.825,148.26,149.51,6624412
2025-01-06 21:00:00+00:00,NVDA,149.53,149.92,149.3,149.45,22761654
2025-01-06 22:00:00+00:00,NVDA,149.46,150.43,149.3,150.09,216523
2025-01-06 23:00:00+00:00,NVDA,150.05,150.38,150.05,150.28,93398
2025-01-07 09:00:00+00:00,NVDA,146.45,152.13,146.45,151.49,442081
2025-01-07 10:00:00+00:00,NVDA,151.48,152.29,151.31,152.27,246133
2025-01-07 11:00:00+00:00,NVDA,152.24,152.56,151.95,152.39,341986
2025-01-07 12:00:00+00:00,NVDA,152.39,153.65,152.06,153.11,740403
2025-01-07 13:00:00+00:00,NVDA,153.1,153.18,152.24,152.97,576133
2025-01-07 14:00:00+00:00,NVDA,152.98,153.74,145.6,146.27,13869096
2025-01-07 15:00:00+00:00,NVDA,146.26,146.48,140.44,142.69,17905643
2025-01-07 16:00:00+00:00,NVDA,142.71,143.11,141.01,141.67,8921017
2025-01-07 17:00:00+00:00,NVDA,141.675,142.3,141.12,142.27,3778413
2025-01-07 18:00:00+00:00,NVDA,142.265,143.45,141.93,142.03,3325822
2025-01-07 19:00:00+00:00,NVDA,142.04,142.52,141.08,141.25,2531607
2025-01-07 20:00:00+00:00,NVDA,141.26,141.58,140.01,140.12,8543607
2025-01-07 21:00:00+00:00,NVDA,140.12,141.39,140.02,141.39,21233787
2025-01-07 22:00:00+00:00,NVDA,141.38,141.57,141.09,141.2,156384
2025-01-07 23:00:00+00:00,NVDA,141.2,141.5,141.0,141.48,91659
2025-01-08 09:00:00+00:00,NVDA,142.34,142.8,142.0,142.65,311453
2025-01-08 10:00:00+00:00,NVDA,142.64,142.81,142.5,142.72,125104
2025-01-08 11:00:00+00:00,NVDA,142.74,142.75,141.01,141.7,370588
2025-01-08 12:00:00+00:00,NVDA,141.71,141.9,140.04,140.56,581637
2025-01-08 13:00:00+00:00,NVDA,140.58,142.3,140.53,142.13,686886
2025-01-08 14:00:00+00:00,NVDA,142.16,143.3,140.59,143.1,9303134
2025-01-08 15:00:00+00:00,NVDA,143.07,143.94,139.44,140.54,7961102
2025-01-08 16:00:00+00:00,NVDA,140.54,140.92,139.43,140.38,3510799
2025-01-08 17:00:00+00:00,NVDA,140.39,140.415,137.89,139.44,3855288
2025-01-08 18:00:00+00:00,NVDA,139.45,140.86,139.41,140.04,2653423
2025-01-08 19:00:00+00:00,NVDA,140.03,141.02,139.57,140.14,3057665
2025-01-08 20:00:00+00:00,NVDA,140.15,140.3,139.71,140.04,3914031
2025-01-08 21:00:00+00:00,NVDA,140.11,140.25,137.6,138.63,13424220
2025-01-08 22:00:00+00:00,NVDA,138.63,139.15,138.5,138.93,184957
2025-01-08 23:00:00+00:00,NVDA,138.93,139.14,138.37,138.37,88506
2025-01-10 09:00:00+00:00,NVDA,137.31,139.07,137.31,138.16,237689
2025-01-10 10:00:00+00:00,NVDA,138.15,139.18,137.9,138.76,241561
2025-01-10 11:00:00+00:00,NVDA,138.76,139.6,138.55,139.08,143899
2025-01-10 12:00:00+00:00,NVDA,139.06,139.11,137.51,138.0,551305
2025-01-10 13:00:00+00:00,NVDA,137.97,138.13,135.33,136.46,1089612
2025-01-10 14:00:00+00:00,NVDA,136.47,137.73,134.62,135.39,9096289
2025-01-10 15:00:00+00:00,NVDA,135.4,137.41,134.22,135.61,6663069
2025-01-10 16:00:00+00:00,NVDA,135.62,136.13,135.0,135.08,3091364
2025-01-10 17:00:00+00:00,NVDA,135.09,136.73,135.04,136.66,2191871
2025-01-10 18:00:00+00:00,NVDA,136.655,137.1,136.275,137.06,2489924
2025-01-10 19:00:00+00:00,NVDA,137.07,137.08,135.77,136.22,1977242
2025-01-10 20:00:00+00:00,NVDA,136.22,136.46,135.42,135.86,4349376
2025-01-10 21:00:00+00:00,NVDA,135.86,136.09,135.82,136.0,18722832
2025-01-10 22:00:00+00:00,NVDA,135.99,136.04,135.8,135.8,52831
2025-01-10 23:00:00+00:00,NVDA,135.8,135.84,135.72,135.78,19591
2025-01-13 09:00:00+00:00,NVDA,133.16,133.53,131.68,131.94,640790
2025-01-13 10:00:00+00:00,NVDA,131.95,132.13,131.45,131.7,505699
2025-01-13 11:00:00+00:00,NVDA,131.7,131.96,131.36,131.72,364353
2025-01-13 12:00:00+00:00,NVDA,131.7,132.45,131.0,132.04,741613
2025-01-13 13:00:00+00:00,NVDA,132.04,132.04,131.22,131.46,657453
2025-01-13 14:00:00+00:00,NVDA,131.46,132.61,129.11,132.16,13835926
2025-01-13 15:00:00+00:00,NVDA,132.13,133.11,130.62,131.88,5677324
2025-01-13 16:00:00+00:00,NVDA,131.88,132.63,131.27,131.61,3029400
2025-01-13 17:00:00+00:00,NVDA,131.6,132.84,131.14,132.51,2193988
2025-01-13 18:00:00+00:00,NVDA,132.51,132.9,132.0,132.14,1515180
2025-01-13 19:00:00+00:00,NVDA,132.13,132.53,131.575,132.465,2080650
2025-01-13 20:00:00+00:00,NVDA,132.46,133.49,132.1,133.24,4340001
2025-01-13 21:00:00+00:00,NVDA,133.23,134.39,133.03,134.13,15873996
2025-01-13 22:00:00+00:00,NVDA,134.13,134.58,134.12,134.57,63233
2025-01-13 23:00:00+00:00,NVDA,134.57,135.58,134.57,135.12,153996
2025-01-14 09:00:00+00:00,NVDA,136.0,136.33,135.65,135.82,190247
2025-01-14 10:00:00+00:00,NVDA,135.87,136.35,135.62,135.95,128802
2025-01-14 11:00:00+00:00,NVDA,135.9,135.92,135.11,135.37,221536
2025-01-14 12:00:00+00:00,NVDA,135.38,135.74,134.25,135.08,420155
2025-01-14 13:00:00+00:00,NVDA,135.08,136.73,134.45,135.86,787824
2025-01-14 14:00:00+00:00,NVDA,135.88,136.38,133.35,133.5,6582034
2025-01-14 15:00:00+00:00,NVDA,133.52,134.55,130.84,130.87,6056157
2025-01-14 16:00:00+00:00,NVDA,130.87,131.59,130.325,130.55,3762168
2025-01-14 17:00:00+00:00,NVDA,130.54,131.24,130.46,131.02,1958466
2025-01-14 18:00:00+00:00,NVDA,131.01,132.31,130.84,132.17,2104039
2025-01-14 19:00:00+00:00,NVDA,132.16,132.35,130.42,130.48,2319515
2025-01-14 20:00:00+00:00,NVDA,130.48,131.85,130.05,131.85,4804185
2025-01-14 21:00:00+00:00,NVDA,131.85,132.2,131.76,131.92,11294598
2025-01-14 22:00:00+00:00,NVDA,131.92,131.92,131.3,131.52,118483
2025-01-14 23:00:00+00:00,NVDA,131.53,131.58,131.2,131.32,80836
2025-01-15 09:00:00+00:00,NVDA,131.31,131.7,130.81,131.59,92527
2025-01-15 10:00:00+00:00,NVDA,131.59,131.59,131.05,131.4,61650
2025-01-15 11:00:00+00:00,NVDA,131.42,132.08,131.4,131.78,163332
2025-01-15 12:00:00+00:00,NVDA,131.77,132.3,131.77,132.1,203190
2025-01-15 13:00:00+00:00,NVDA,132.09,134.72,131.99,133.57,1032813
2025-01-15 14:00:00+00:00,NVDA,133.58,134.09,131.29,133.6,5988422
2025-01-15 15:00:00+00:00,NVDA,133.6,135.59,133.58,134.81,4618914
2025-01-15 16:00:00+00:00,NVDA,134.83,135.45,133.495,133.85,3507535
2025-01-15 17:00:00+00:00,NVDA,133.88,135.47,133.77,135.08,2475383
2025-01-15 18:00:00+00:00,NVDA,135.08,135.73,135.075,135.51,2164115
2025-01-15 19:00:00+00:00,NVDA,135.505,136.0,135.27,135.755,2047223
2025-01-15 20:00:00+00:00,NVDA,135.76,136.425,135.46,136.2,4321613
2025-01-15 21:00:00+00:00,NVDA,136.2,136.31,135.85,135.93,18441032
2025-01-15 22:00:00+00:00,NVDA,135.92,136.18,135.92,136.17,48713
2025-01-15 23:00:00+00:00,NVDA,136.16,136.26,136.0,136.1,40681
2025-01-16 09:00:00+00:00,NVDA,139.18,140.21,137.68,138.46,721085
2025-01-16 10:00:00+00:00,NVDA,138.42,138.98,137.92,138.47,263137
2025-01-16 11:00:00+00:00,NVDA,138.46,138.98,138.45,138.59,161467
2025-01-16 12:00:00+00:00,NVDA,138.56,138.61,137.38,137.86,446911
2025-01-16 13:00:00+00:00,NVDA,137.86,138.48,137.65,138.23,636932
2025-01-16 14:00:00+00:00,NVDA,138.23,138.84,136.46,137.11,8021573
2025-01-16 15:00:00+00:00,NVDA,137.09,137.73,136.09,136.85,4900746
2025-01-16 16:00:00+00:00,NVDA,136.84,137.28,134.12,135.16,4613485
2025-01-16 17:00:00+00:00,NVDA,135.15,135.665,134.84,135.02,2529081
2025-01-16 18:00:00+00:00,NVDA,135.02,135.23,133.55,134.44,3051398
2025-01-16 19:00:00+00:00,NVDA,134.44,135.86,134.28,135.73,3685204
2025-01-16 20:00:00+00:00,NVDA,135.735,135.82,133.5,133.56,5820718
2025-01-16 21:00:00+00:00,NVDA,133.55,134.08,133.28,133.57,17283274
2025-01-16 22:00:00+00:00,NVDA,133.57,133.97,133.55,133.7,60423
2025-01-16 23:00:00+00:00,NVDA,133.8,133.9,133.63,133.64,55979
2025-01-17 09:00:00+00:00,NVDA,134.82,135.74,134.75,135.27,146863
2025-01-17 10:00:00+00:00,NVDA,135.26,135.34,134.87,135.05,58409
2025-01-17 11:00:00+00:00,NVDA,135.07,135.42,134.81,134.93,75259
2025-01-17 12:00:00+00:00,NVDA,134.93,134.95,134.54,134.82,146443
2025-01-17 13:00:00+00:00,NVDA,134.81,135.61,134.77,135.53,387316
2025-01-17 14:00:00+00:00,NVDA,135.54,137.19,135.47,136.67,20595362
2025-01-17 15:00:00+00:00,NVDA,136.68,138.09,136.23,138.08,5554180
2025-01-17 16:00:00+00:00,NVDA,138.07,138.23,137.36,137.98,2498657
2025-01-17 17:00:00+00:00,NVDA,137.98,138.09,137.63,137.76,1803809
2025-01-17 18:00:00+00:00,NVDA,137.76,138.5,137.58,137.8,2252017
2025-01-17 19:00:00+00:00,NVDA,137.8,138.16,137.475,137.86,1785985
2025-01-17 20:00:00+00:00,NVDA,137.855,138.1,137.315,137.75,4759297
2025-01-17 21:00:00+00:00,NVDA,137.74,138.02,137.6,137.96,19995466
2025-01-17 22:00:00+00:00,NVDA,137.97,138.03,137.7,137.7,101157
2025-01-17 23:00:00+00:00,NVDA,137.69,137.94,137.65,137.69,79199
2025-01-21 09:00:00+00:00,NVDA,138.62,139.25,138.4,138.89,146329
2025-01-21 10:00:00+00:00,NVDA,138.9,139.0,138.76,138.76,92251
2025-01-21 11:00:00+00:00,NVDA,138.78,138.93,138.76,138.83,83203
2025-01-21 12:00:00+00:00,NVDA,138.83,138.87,138.13,138.41,491492
2025-01-21 13:00:00+00:00,NVDA,138.43,139.18,138.33,139.06,627988
2025-01-21 14:00:00+00:00,NVDA,139.08,140.21,137.73,139.07,8055214
2025-01-21 15:00:00+00:00,NVDA,139.09,139.13,137.09,138.9,3579386
2025-01-21 16:00:00+00:00,NVDA,138.9,139.49,138.34,139.25,2063786
2025-01-21 17:00:00+00:00,NVDA,139.25,140.94,138.84,140.91,2936954
2025-01-21 18:00:00+00:00,NVDA,140.92,141.83,140.68,141.25,3475842
2025-01-21 19:00:00+00:00,NVDA,141.255,141.73,140.76,141.3,2147191
2025-01-21 20:00:00+00:00,NVDA,141.305,141.72,140.58,140.83,3769363
2025-01-21 21:00:00+00:00,NVDA,140.83,141.38,140.6,141.3,23387331
2025-01-21 22:00:00+00:00,NVDA,141.32,143.85,141.15,143.06,867936
2025-01-21 23:00:00+00:00,NVDA,143.04,143.2,142.26,142.83,292858
2025-01-22 09:00:00+00:00,NVDA,143.46,144.75,143.41,144.75,259517
2025-01-22 10:00:00+00:00,NVDA,144.76,144.9,144.26,144.48,281055
2025-01-22 11:00:00+00:00,NVDA,144.5,144.9,144.46,144.6,183374
2025-01-22 12:00:00+00:00,NVDA,144.56,145.46,144.52,145.3,548529
2025-01-22 13:00:00+00:00,NVDA,145.3,146.0,144.91,145.46,756358
2025-01-22 14:00:00+00:00,NVDA,145.43,147.43,143.67,146.2,12924303
2025-01-22 15:00:00+00:00,NVDA,146.21,147.18,145.72,145.79,5996312
2025-01-22 16:00:00+00:00,NVDA,145.8,146.67,145.46,146.59,3567303
2025-01-22 17:00:00+00:00,NVDA,146.59,146.99,146.43,146.97,2546910
2025-01-22 18:00:00+00:00,NVDA,146.97,147.71,146.38,147.41,4066223
2025-01-22 19:00:00+00:00,NVDA,147.41,147.77,147.13,147.76,2455036
2025-01-22 20:00:00+00:00,NVDA,147.75,147.79,146.705,147.03,5095530
2025-01-22 21:00:00+00:00,NVDA,147.035,147.11,146.55,146.7,18684901
2025-01-22 22:00:00+00:00,NVDA,146.69,146.72,146.16,146.4,121550
2025-01-22 23:00:00+00:00,NVDA,146.38,146.38,146.03,146.05,44254
2025-01-23 09:00:00+00:00,NVDA,145.3,145.3,144.05,144.4,482418
2025-01-23 10:00:00+00:00,NVDA,144.4,144.6,144.09,144.16,189239
2025-01-23 11:00:00+00:00,NVDA,144.16,144.69,144.12,144.65,155630
2025-01-23 12:00:00+00:00,NVDA,144.65,145.0,143.83,144.36,504391
2025-01-23 13:00:00+00:00,NVDA,144.36,144.95,144.12,144.7,355853
2025-01-23 14:00:00+00:00,NVDA,144.7,145.71,143.72,145.36,6473327
2025-01-23 15:00:00+00:00,NVDA,145.36,146.29,144.77,145.97,4186002
2025-01-23 16:00:00+00:00,NVDA,145.97,146.315,145.32,145.83,2082569
2025-01-23 17:00:00+00:00,NVDA,145.825,145.84,144.98,145.42,1627804
2025-01-23 18:00:00+00:00,NVDA,145.43,146.35,145.42,146.265,1442582
2025-01-23 19:00:00+00:00,NVDA,146.265,146.855,146.1,146.28,1505531
2025-01-23 20:00:00+00:00,NVDA,146.28,147.23,146.0,147.22,4817422
2025-01-23 21:00:00+00:00,NVDA,147.22,147.24,146.4,146.84,10652769
2025-01-23 22:00:00+00:00,NVDA,146.85,146.98,146.49,146.55,58931
2025-01-23 23:00:00+00:00,NVDA,146.53,146.68,146.3,146.62,83334
2025-01-24 09:00:00+00:00,NVDA,146.26,147.4,146.26,147.15,154238
2025-01-24 10:00:00+00:00,NVDA,147.15,147.2,146.8,146.86,62130
2025-01-24 11:00:00+00:00,NVDA,146.94,146.96,145.51,146.08,200125
2025-01-24 12:00:00+00:00,NVDA,146.1,146.77,146.02,146.64,221762
2025-01-24 13:00:00+00:00,NVDA,146.6,146.95,145.97,146.19,290403
2025-01-24 14:00:00+00:00,NVDA,146.17,149.1,146.02,147.85,8907714
2025-01-24 15:00:00+00:00,NVDA,147.85,148.21,145.03,145.14,5855631
2025-01-24 16:00:00+00:00,NVDA,145.14,145.69,144.24,144.35,3564185
2025-01-24 17:00:00+00:00,NVDA,144.35,144.77,142.9,143.19,3768475
2025-01-24 18:00:00+00:00,NVDA,143.19,143.69,142.29,142.3,3128537
2025-01-24 19:00:00+00:00,NVDA,142.3,142.85,141.95,142.35,3075483
2025-01-24 20:00:00+00:00,NVDA,142.35,142.835,141.88,142.64,6146081
2025-01-24 21:00:00+00:00,NVDA,142.61,142.71,142.34,142.48,17881485
2025-01-24 22:00:00+00:00,NVDA,142.46,142.47,142.17,142.29,88005
2025-01-24 23:00:00+00:00,NVDA,142.32,142.32,142.06,142.18,78822
2025-01-27 09:00:00+00:00,NVDA,133.0,133.69,128.14,128.2,4257325
2025-01-27 10:00:00+00:00,NVDA,128.24,129.09,122.72,124.26,3803042
2025-01-27 11:00:00+00:00,NVDA,124.26,127.77,123.5,124.9,4914596
2025-01-27 12:00:00+00:00,NVDA,124.94,127.0,124.74,126.22,4192072
2025-01-27 13:00:00+00:00,NVDA,126.19,127.67,125.5,127.14,4079939
2025-01-27 14:00:00+00:00,NVDA,127.14,128.4,123.64,126.875,32747624
2025-01-27 15:00:00+00:00,NVDA,126.87,126.99,122.81,123.0,22175518
2025-01-27 16:00:00+00:00,NVDA,122.99,123.29,117.26,120.27,29254258
2025-01-27 17:00:00+00:00,NVDA,120.28,121.75,118.49,118.5,14723284
2025-01-27 18:00:00+00:00,NVDA,118.51,119.96,117.8,117.84,10442608
2025-01-27 19:00:00+00:00,NVDA,117.835,119.47,116.7,117.93,13659238
2025-01-27 20:00:00+00:00,NVDA,117.92,118.75,117.05,118.52,20979571
2025-01-27 21:00:00+00:00,NVDA,118.51,121.2,118.34,120.4,45837903
2025-01-27 22:00:00+00:00,NVDA,120.45,122.89,120.43,122.69,1204846
2025-01-27 23:00:00+00:00,NVDA,122.7,122.95,121.13,121.24,1173686
2025-01-28 09:00:00+00:00,NVDA,124.17,124.65,122.84,124.62,1174807
2025-01-28 10:00:00+00:00,NVDA,124.65,125.1,124.16,124.4,882199
2025-01-28 11:00:00+00:00,NVDA,124.42,125.02,123.06,123.19,855161
2025-01-28 12:00:00+00:00,NVDA,123.19,123.5,120.64,121.31,1966151
2025-01-28 13:00:00+00:00,NVDA,121.32,122.74,121.05,121.91,1429115
2025-01-28 14:00:00+00:00,NVDA,121.91,122.73,116.25,119.73,28956492
2025-01-28 15:00:00+00:00,NVDA,119.725,121.91,118.79,120.7,14937119
2025-01-28 16:00:00+00:00,NVDA,120.7,123.49,120.33,123.445,12470953
2025-01-28 17:00:00+00:00,NVDA,123.44,126.64,123.2,125.795,19347275
2025-01-28 18:00:00+00:00,NVDA,125.8,126.92,125.46,126.65,10065246
2025-01-28 19:00:00+00:00,NVDA,126.655,127.87,126.13,127.46,8989814
2025-01-28 20:00:00+00:00,NVDA,127.46,129.0,126.64,128.98,18967592
2025-01-28 21:00:00+00:00,NVDA,128.98,129.05,127.61,127.66,32163455
2025-01-28 22:00:00+00:00,NVDA,127.68,127.94,127.22,127.56,411866
2025-01-28 23:00:00+00:00,NVDA,127.6,128.18,127.6,127.66,169585
2025-01-29 09:00:00+00:00,NVDA,129.81,130.29,128.1,129.41,702136
2025-01-29 10:00:00+00:00,NVDA,129.43,129.46,128.25,128.76,288369
2025-01-29 11:00:00+00:00,NVDA,128.72,128.73,127.57,128.34,346566
2025-01-29 12:00:00+00:00,NVDA,128.33,128.43,127.16,127.46,419673
2025-01-29 13:00:00+00:00,NVDA,127.48,127.77,125.6,126.1,973931
2025-01-29 14:00:00+00:00,NVDA,126.12,126.88,124.5,125.25,9109382
2025-01-29 15:00:00+00:00,NVDA,125.26,126.07,121.72,122.67,10494621
2025-01-29 16:00:00+00:00,NVDA,122.68,123.375,121.89,122.17,6225360
2025-01-29 17:00:00+00:00,NVDA,122.17,123.45,122.1,122.96,3892280
2025-01-29 18:00:00+00:00,NVDA,122.96,122.99,120.05,120.95,7930920
2025-01-29 19:00:00+00:00,NVDA,120.95,122.79,120.3,122.1,5964944
2025-01-29 20:00:00+00:00,NVDA,122.09,123.81,121.52,123.81,10212806
2025-01-29 21:00:00+00:00,NVDA,123.81,126.5,122.25,126.0,25006137
2025-01-29 22:00:00+00:00,NVDA,126.0,127.35,124.92,125.09,1947573
2025-01-29 23:00:00+00:00,NVDA,125.13,125.15,121.55,121.79,1317223
2025-01-30 09:00:00+00:00,NVDA,123.71,124.68,123.3,123.46,455159
2025-01-30 10:00:00+00:00,NVDA,123.45,123.72,122.0,122.33,299265
2025-01-30 11:00:00+00:00,NVDA,122.36,123.28,122.01,122.89,247936
2025-01-30 12:00:00+00:00,NVDA,122.89,123.5,122.63,123.0,413188
2025-01-30 13:00:00+00:00,NVDA,122.99,123.98,122.3,123.34,867789
2025-01-30 14:00:00+00:00,NVDA,123.34,124.15,121.25,122.16,8688826
2025-01-30 15:00:00+00:00,NVDA,122.18,122.3,118.51,118.56,11367522
2025-01-30 16:00:00+00:00,NVDA,118.56,120.885,118.1,120.58,7413465
2025-01-30 17:00:00+00:00,NVDA,120.58,120.58,119.1,120.005,3777062
2025-01-30 18:00:00+00:00,NVDA,120.005,120.22,119.26,120.14,2939818
2025-01-30 19:00:00+00:00,NVDA,120.14,122.48,120.0,122.28,5374778
2025-01-30 20:00:00+00:00,NVDA,122.28,125.0,121.87,124.91,15487055
2025-01-30 21:00:00+00:00,NVDA,124.91,125.06,122.63,123.05,20539771
2025-01-30 22:00:00+00:00,NVDA,123.02,123.69,122.87,123.27,246545
2025-01-30 23:00:00+00:00,NVDA,123.29,123.56,123.08,123.38,140247
2025-01-31 09:00:00+00:00,NVDA,123.18,123.9,122.81,123.5,255148
2025-01-31 10:00:00+00:00,NVDA,123.51,123.67,122.76,123.02,150092
2025-01-31 11:00:00+00:00,NVDA,123.01,123.66,122.83,123.14,141982
2025-01-31 12:00:00+00:00,NVDA,123.17,123.2,122.6,122.96,227721
2025-01-31 13:00:00+00:00,NVDA,122.93,124.92,122.37,124.58,1090649
2025-01-31 14:00:00+00:00,NVDA,124.58,125.15,123.22,124.98,7666146
2025-01-31 15:00:00+00:00,NVDA,124.99,127.14,124.99,126.79,7543035
2025-01-31 16:00:00+00:00,NVDA,126.79,127.85,124.84,125.42,5984289
2025-01-31 17:00:00+00:00,NVDA,125.43,125.95,124.07,125.88,3957365
2025-01-31 18:00:00+00:00,NVDA,125.88,125.88,123.29,123.8,3757384
2025-01-31 19:00:00+00:00,NVDA,123.81,124.0,121.25,121.87,4775996
2025-01-31 20:00:00+00:00,NVDA,121.86,121.86,119.2,119.99,11369352
2025-01-31 21:00:00+00:00,NVDA,120.01,120.63,119.91,120.05,19056712
2025-01-31 22:00:00+00:00,NVDA,120.07,120.19,119.61,119.79,191709
2025-01-31 23:00:00+00:00,NVDA,119.79,120.08,119.62,119.69,105234
2025-02-03 09:00:00+00:00,NVDA,117.67,117.67,115.0,116.51,1051855
2025-02-03 10:00:00+00:00,NVDA,116.51,117.99,116.25,117.22,447282
2025-02-03 11:00:00+00:00,NVDA,117.25,117.68,116.38,116.87,371084
2025-02-03 12:00:00+00:00,NVDA,116.92,117.34,114.78,114.99,981032
2025-02-03 13:00:00+00:00,NVDA,115.0,115.8,114.95,115.55,938518
2025-02-03 14:00:00+00:00,NVDA,115.55,116.1,113.01,114.7,19948655
2025-02-03 15:00:00+00:00,NVDA,114.7,118.0,113.62,117.85,11543146
2025-02-03 16:00:00+00:00,NVDA,117.86,117.97,115.92,115.95,4899503
2025-02-03 17:00:00+00:00,NVDA,115.95,116.77,115.5,116.3,3437552
2025-02-03 18:00:00+00:00,NVDA,116.285,117.09,115.545,116.96,3455045
2025-02-03 19:00:00+00:00,NVDA,116.95,118.565,116.925,117.81,3891167
2025-02-03 20:00:00+00:00,NVDA,117.81,118.13,116.015,116.66,6059506
2025-02-03 21:00:00+00:00,NVDA,116.64,118.56,116.28,118.18,20387719
2025-02-03 22:00:00+00:00,NVDA,118.2,118.37,118.0,118.22,206833
2025-02-03 23:00:00+00:00,NVDA,118.24,118.92,118.0,118.87,228304
2025-02-04 09:00:00+00:00,NVDA,117.25,117.77,117.07,117.59,208533
2025-02-04 10:00:00+00:00,NVDA,117.57,117.72,117.27,117.52,138681
2025-02-04 11:00:00+00:00,NVDA,117.53,117.65,116.96,116.97,152168
2025-02-04 12:00:00+00:00,NVDA,117.03,117.47,116.89,117.12,301509
2025-02-04 13:00:00+00:00,NVDA,117.1,117.3,116.49,116.57,442422
2025-02-04 14:00:00+00:00,NVDA,116.59,119.88,116.19,119.36,7310071
2025-02-04 15:00:00+00:00,NVDA,119.37,121.2,119.28,119.53,7483798
2025-02-04 16:00:00+00:00,NVDA,119.54,120.23,119.05,119.07,3113602
2025-02-04 17:00:00+00:00,NVDA,119.07,119.125,117.86,118.85,3610026
2025-02-04 18:00:00+00:00,NVDA,118.84,119.82,118.19,119.37,2151563
2025-02-04 19:00:00+00:00,NVDA,119.36,119.6,118.36,118.64,1988368
2025-02-04 20:00:00+00:00,NVDA,118.64,118.95,118.08,118.69,4336712
2025-02-04 21:00:00+00:00,NVDA,118.7,120.58,118.2,119.19,17347546
2025-02-04 22:00:00+00:00,NVDA,119.19,119.29,118.75,118.96,165631
2025-02-04 23:00:00+00:00,NVDA,118.96,119.14,118.28,118.29,102181
2025-02-05 09:00:00+00:00,NVDA,118.58,119.16,118.35,118.9,206681
2025-02-05 10:00:00+00:00,NVDA,118.9,119.03,118.42,118.74,110114
2025-02-05 11:00:00+00:00,NVDA,118.72,119.29,118.68,119.07,164592
2025-02-05 12:00:00+00:00,NVDA,119.07,120.15,118.72,119.92,520222
2025-02-05 13:00:00+00:00,NVDA,119.91,120.63,119.49,120.49,727244
2025-02-05 14:00:00+00:00,NVDA,120.49,122.67,120.44,122.54,9661713
2025-02-05 15:00:00+00:00,NVDA,122.55,123.39,121.78,122.72,6330301
2025-02-05 16:00:00+00:00,NVDA,122.72,124.34,122.58,124.05,4161550
2025-02-05 17:00:00+00:00,NVDA,124.05,124.635,123.48,123.87,2801628
2025-02-05 18:00:00+00:00,NVDA,123.87,124.22,122.34,123.12,2376981
2025-02-05 19:00:00+00:00,NVDA,123.11,124.09,123.07,124.08,1970254
2025-02-05 20:00:00+00:00,NVDA,124.085,125.0,123.55,124.96,9291936
2025-02-05 21:00:00+00:00,NVDA,124.96,125.25,124.04,124.16,16248067
2025-02-05 22:00:00+00:00,NVDA,124.22,124.88,124.1,124.3,129675
2025-02-05 23:00:00+00:00,NVDA,124.3,124.57,124.3,124.46,64584
2025-02-06 09:00:00+00:00,NVDA,125.35,126.38,125.11,125.8,391038
2025-02-06 10:00:00+00:00,NVDA,125.8,126.0,125.27,125.89,286581
2025-02-06 11:00:00+00:00,NVDA,125.89,126.2,125.57,125.63,193268
2025-02-06 12:00:00+00:00,NVDA,125.64,126.33,125.31,126.26,320960
2025-02-06 13:00:00+00:00,NVDA,126.25,127.22,126.02,127.09,837966
2025-02-06 14:00:00+00:00,NVDA,127.11,127.59,125.21,125.99,9398571
2025-02-06 15:00:00+00:00,NVDA,126.0,127.1,125.56,126.51,4877526
2025-02-06 16:00:00+00:00,NVDA,126.52,128.23,126.26,127.8,5392990
2025-02-06 17:00:00+00:00,NVDA,127.81,128.09,127.22,127.79,3372065
2025-02-06 18:00:00+00:00,NVDA,127.785,128.4,127.68,128.29,3068433
2025-02-06 19:00:00+00:00,NVDA,128.275,128.44,126.67,127.63,3448394
2025-02-06 20:00:00+00:00,NVDA,127.63,128.75,127.365,128.68,5757347
2025-02-06 21:00:00+00:00,NVDA,128.69,129.39,128.12,128.61,15678571
2025-02-06 22:00:00+00:00,NVDA,128.61,129.0,126.24,128.0,969286
2025-02-06 23:00:00+00:00,NVDA,128.05,128.34,127.69,127.98,79216
2025-02-07 09:00:00+00:00,NVDA,128.43,129.06,127.2,127.28,300816
2025-02-07 10:00:00+00:00,NVDA,127.29,127.87,127.01,127.78,198200
2025-02-07 11:00:00+00:00,NVDA,127.76,128.33,127.5,128.31,113417
2025-02-07 12:00:00+00:00,NVDA,128.3,128.99,128.14,128.84,289092
2025-02-07 13:00:00+00:00,NVDA,128.84,129.08,127.82,128.97,614790
2025-02-07 14:00:00+00:00,NVDA,128.96,130.37,128.72,129.66,9233129
2025-02-07 15:00:00+00:00,NVDA,129.65,129.9,127.81,129.38,7720294
2025-02-07 16:00:00+00:00,NVDA,129.38,129.49,127.6,128.24,4358744
2025-02-07 17:00:00+00:00,NVDA,128.24,128.99,127.63,128.915,2989728
2025-02-07 18:00:00+00:00,NVDA,128.905,129.65,128.3,128.39,2571510
2025-02-07 19:00:00+00:00,NVDA,128.39,128.735,127.91,128.64,2126434
2025-02-07 20:00:00+00:00,NVDA,128.63,130.0,128.19,129.87,6891135
2025-02-07 21:00:00+00:00,NVDA,129.84,129.85,129.19,129.22,10818065
2025-02-07 22:00:00+00:00,NVDA,129.19,129.4,129.01,129.1,60141
2025-02-07 23:00:00+00:00,NVDA,129.1,129.12,128.85,129.0,71987
2025-02-10 09:00:00+00:00,NVDA,130.08,130.31,129.67,129.89,213552
2025-02-10 10:00:00+00:00,NVDA,129.89,130.25,129.86,130.16,99241
2025-02-10 11:00:00+00:00,NVDA,130.15,130.15,128.36,129.52,753221
2025-02-10 12:00:00+00:00,NVDA,129.51,130.0,129.26,129.7,431927
2025-02-10 13:00:00+00:00,NVDA,129.71,130.56,129.71,130.51,513279
2025-02-10 14:00:00+00:00,NVDA,130.51,134.49,129.94,133.92,11954359
2025-02-10 15:00:00+00:00,NVDA,133.94,134.84,133.51,133.97,6151447
2025-02-10 16:00:00+00:00,NVDA,133.97,134.23,132.99,133.5,3424878
2025-02-10 17:00:00+00:00,NVDA,133.5,134.49,133.27,134.32,2181395
2025-02-10 18:00:00+00:00,NVDA,134.315,134.69,134.11,134.355,1876498
2025-02-10 19:00:00+00:00,NVDA,134.35,134.65,134.13,134.415,1691632
2025-02-10 20:00:00+00:00,NVDA,134.415,135.0,133.39,133.51,5685614
2025-02-10 21:00:00+00:00,NVDA,133.51,133.67,133.1,133.51,17435241
2025-02-10 22:00:00+00:00,NVDA,133.51,133.6,133.43,133.51,35705
2025-02-10 23:00:00+00:00,NVDA,133.46,133.53,133.07,133.17,102741
2025-02-11 09:00:00+00:00,NVDA,133.1,133.18,132.24,132.31,153303
2025-02-11 10:00:00+00:00,NVDA,132.3,132.35,131.46,131.77,231159
2025-02-11 11:00:00+00:00,NVDA,131.75,132.5,131.75,132.47,179468
2025-02-11 12:00:00+00:00,NVDA,132.46,133.2,132.43,133.02,232166
2025-02-11 13:00:00+00:00,NVDA,133.01,133.16,131.8,131.95,203107
2025-02-11 14:00:00+00:00,NVDA,131.94,134.475,131.89,133.45,6503532
2025-02-11 15:00:00+00:00,NVDA,133.43,134.22,132.9,133.83,4378670
2025-02-11 16:00:00+00:00,NVDA,133.84,134.38,132.78,132.85,2871817
2025-02-11 17:00:00+00:00,NVDA,132.85,132.86,131.03,132.41,4032282
2025-02-11 18:00:00+00:00,NVDA,132.4,133.9,132.01,133.32,2296118
2025-02-11 19:00:00+00:00,NVDA,133.31,133.69,132.92,133.59,1596347
2025-02-11 20:00:00+00:00,NVDA,133.59,133.74,132.41,132.87,3830211
2025-02-11 21:00:00+00:00,NVDA,132.87,132.88,132.1,132.73,10942574
2025-02-11 22:00:00+00:00,NVDA,132.75,133.61,132.73,133.05,154626
2025-02-11 23:00:00+00:00,NVDA,133.12,133.3,132.85,133.05,51199
2025-02-12 09:00:00+00:00,NVDA,133.36,133.37,132.8,133.02,105039
2025-02-12 10:00:00+00:00,NVDA,133.02,133.57,132.96,133.53,89791
2025-02-12 11:00:00+00:00,NVDA,133.54,133.57,133.04,133.26,69514
2025-02-12 12:00:00+00:00,NVDA,133.29,133.42,133.02,133.36,107342
2025-02-12 13:00:00+00:00,NVDA,133.37,133.79,130.5,130.88,848504
2025-02-12 14:00:00+00:00,NVDA,130.89,132.24,129.08,131.94,6019680
2025-02-12 15:00:00+00:00,NVDA,131.95,132.0,130.36,131.39,4074648
2025-02-12 16:00:00+00:00,NVDA,131.4,131.71,130.36,131.67,2643555
2025-02-12 17:00:00+00:00,NVDA,131.66,132.0,130.905,131.385,2404293
2025-02-12 18:00:00+00:00,NVDA,131.385,131.43,130.63,130.83,1636502
2025-02-12 19:00:00+00:00,NVDA,130.83,131.19,130.19,130.995,1964902
2025-02-12 20:00:00+00:00,NVDA,130.99,131.7,130.895,131.07,3040413
2025-02-12 21:00:00+00:00,NVDA,131.14,131.24,130.78,130.93,13192236
2025-02-12 22:00:00+00:00,NVDA,130.94,131.03,130.52,130.64,83881
2025-02-12 23:00:00+00:00,NVDA,130.64,131.03,130.55,130.88,44086
2025-02-13 09:00:00+00:00,NVDA,130.48,131.36,130.0,131.08,184882
2025-02-13 10:00:00+00:00,NVDA,131.09,131.2,130.74,130.97,109295
2025-02-13 11:00:00+00:00,NVDA,130.99,131.08,130.43,130.64,81046
2025-02-13 12:00:00+00:00,NVDA,130.65,131.1,130.61,130.94,167075
2025-02-13 13:00:00+00:00,NVDA,130.91,131.86,130.51,131.49,275000
2025-02-13 14:00:00+00:00,NVDA,131.46,134.1,131.17,133.97,5480132
2025-02-13 15:00:00+00:00,NVDA,133.96,136.5,133.59,136.13,7689545
2025-02-13 16:00:00+00:00,NVDA,136.125,136.19,134.63,134.91,3833605
2025-02-13 17:00:00+00:00,NVDA,134.915,135.57,134.72,135.34,1862991
2025-02-13 18:00:00+00:00,NVDA,135.345,135.44,133.42,135.0,3274225
2025-02-13 19:00:00+00:00,NVDA,134.99,135.545,134.745,135.32,2078161
2025-02-13 20:00:00+00:00,NVDA,135.32,135.53,134.73,135.25,4542959
2025-02-13 21:00:00+00:00,NVDA,135.255,135.29,134.85,134.95,13929576
2025-02-13 22:00:00+00:00,NVDA,134.98,135.0,134.85,134.97,63224
2025-02-13 23:00:00+00:00,NVDA,134.96,135.05,134.9,134.95,35689
2025-02-14 09:00:00+00:00,NVDA,135.52,136.23,135.45,136.02,158280
2025-02-14 10:00:00+00:00,NVDA,136.03,136.05,135.58,135.82,125178
2025-02-14 11:00:00+00:00,NVDA,135.8,135.86,134.6,134.96,175972
2025-02-14 12:00:00+00:00,NVDA,134.98,135.59,134.94,135.35,173552
2025-02-14 13:00:00+00:00,NVDA,135.35,136.25,135.3,136.14,286735
2025-02-14 14:00:00+00:00,NVDA,136.14,137.48,135.5,136.71,6522572
2025-02-14 15:00:00+00:00,NVDA,136.69,138.31,135.89,137.78,6584943
2025-02-14 16:00:00+00:00,NVDA,137.79,137.95,136.01,136.51,3494397
2025-02-14 17:00:00+00:00,NVDA,136.5,137.46,136.3,137.37,2343596
2025-02-14 18:00:00+00:00,NVDA,137.38,137.74,137.09,137.41,2038715
2025-02-14 19:00:00+00:00,NVDA,137.41,138.275,137.37,138.195,2512462
2025-02-14 20:00:00+00:00,NVDA,138.19,139.2,138.02,138.8,7188025
2025-02-14 21:00:00+00:00,NVDA,138.79,139.0,138.52,138.6,15651695
2025-02-14 22:00:00+00:00,NVDA,138.61,138.7,138.42,138.62,88518
2025-02-14 23:00:00+00:00,NVDA,138.61,138.62,138.4,138.61,18412
2025-02-18 09:00:00+00:00,NVDA,140.0,140.2,139.55,139.7,167194
2025-02-18 10:00:00+00:00,NVDA,139.71,140.11,139.7,140.03,92245
2025-02-18 11:00:00+00:00,NVDA,140.03,140.18,139.89,139.93,97455
2025-02-18 12:00:00+00:00,NVDA,139.92,141.45,139.89,141.23,664506
2025-02-18 13:00:00+00:00,NVDA,141.23,141.77,140.96,141.65,486132
2025-02-18 14:00:00+00:00,NVDA,141.67,143.44,140.765,141.33,12510225
2025-02-18 15:00:00+00:00,NVDA,141.31,141.6,138.98,140.09,6266366
2025-02-18 16:00:00+00:00,NVDA,140.085,141.21,139.87,140.28,2644443
2025-02-18 17:00:00+00:00,NVDA,140.275,140.545,139.855,140.25,1542103
2025-02-18 18:00:00+00:00,NVDA,140.25,140.7,139.69,140.0,1851066
2025-02-18 19:00:00+00:00,NVDA,140.0,140.23,139.09,140.03,2035985
2025-02-18 20:00:00+00:00,NVDA,140.03,140.085,137.93,139.41,6502960
2025-02-18 21:00:00+00:00,NVDA,139.4,139.44,138.46,138.64,15640828
2025-02-18 22:00:00+00:00,NVDA,138.64,138.93,138.52,138.79,51365
2025-02-18 23:00:00+00:00,NVDA,138.8,139.24,138.8,139.21,68887
2025-02-19 09:00:00+00:00,NVDA,139.29,140.57,139.29,140.01,225293
2025-02-19 10:00:00+00:00,NVDA,140.03,140.25,139.5,140.07,83910
2025-02-19 11:00:00+00:00,NVDA,140.05,140.15,139.72,140.03,120085
2025-02-19 12:00:00+00:00,NVDA,140.02,140.28,139.82,139.87,102259
2025-02-19 13:00:00+00:00,NVDA,139.85,140.02,139.41,139.52,118667
2025-02-19 14:00:00+00:00,NVDA,139.58,140.0,138.1,138.28,4365100
2025-02-19 15:00:00+00:00,NVDA,138.27,140.41,137.22,139.82,5293665
2025-02-19 16:00:00+00:00,NVDA,139.84,140.5,139.5,139.915,3027148
2025-02-19 17:00:00+00:00,NVDA,139.9,141.355,139.565,141.23,2753179
2025-02-19 18:00:00+00:00,NVDA,141.23,141.25,140.125,140.24,1647052
2025-02-19 19:00:00+00:00,NVDA,140.25,140.84,140.19,140.67,1502158
2025-02-19 20:00:00+00:00,NVDA,140.67,140.79,138.775,139.24,4229974
2025-02-19 21:00:00+00:00,NVDA,139.24,139.35,138.74,138.74,9785431
2025-02-19 22:00:00+00:00,NVDA,138.73,138.94,138.66,138.9,53946
2025-02-19 23:00:00+00:00,NVDA,138.92,139.36,138.9,139.05,53199
2025-02-20 09:00:00+00:00,NVDA,138.62,139.63,138.6,139.63,104135
2025-02-20 10:00:00+00:00,NVDA,139.61,139.64,139.22,139.29,58718
2025-02-20 11:00:00+00:00,NVDA,139.25,139.79,138.79,139.38,159277
2025-02-20 12:00:00+00:00,NVDA,139.47,139.76,139.04,139.65,132409
2025-02-20 13:00:00+00:00,NVDA,139.64,140.27,139.34,140.2,174998
2025-02-20 14:00:00+00:00,NVDA,140.2,140.89,137.07,137.16,5038300
2025-02-20 15:00:00+00:00,NVDA,137.15,139.07,136.8,137.24,3590656
2025-02-20 16:00:00+00:00,NVDA,137.24,138.95,137.17,138.735,2006713
2025-02-20 17:00:00+00:00,NVDA,138.73,139.97,138.67,139.17,2032695
2025-02-20 18:00:00+00:00,NVDA,139.17,139.83,139.09,139.595,1422938
2025-02-20 19:00:00+00:00,NVDA,139.59,140.22,139.38,140.15,1825682
2025-02-20 20:00:00+00:00,NVDA,140.145,140.32,139.63,140.13,3121128
2025-02-20 21:00:00+00:00,NVDA,140.13,140.18,139.8,139.84,10195627
2025-02-20 22:00:00+00:00,NVDA,139.81,139.99,139.76,139.87,29682
2025-02-20 23:00:00+00:00,NVDA,139.89,140.0,139.85,139.86,44239
2025-02-21 09:00:00+00:00,NVDA,139.89,140.23,139.78,139.97,83887
2025-02-21 10:00:00+00:00,NVDA,139.96,140.08,139.87,139.91,62181
2025-02-21 11:00:00+00:00,NVDA,139.92,139.95,139.46,139.81,52936
2025-02-21 12:00:00+00:00,NVDA,139.82,140.33,139.79,140.33,124892
2025-02-21 13:00:00+00:00,NVDA,140.32,140.87,140.16,140.58,161955
2025-02-21 14:00:00+00:00,NVDA,140.55,141.46,139.25,139.95,8951517
2025-02-21 15:00:00+00:00,NVDA,139.97,140.58,138.74,139.48,4092923
2025-02-21 16:00:00+00:00,NVDA,139.48,139.7,138.55,139.27,2247302
2025-02-21 17:00:00+00:00,NVDA,139.26,139.79,137.62,137.75,2968488
2025-02-21 18:00:00+00:00,NVDA,137.75,138.07,136.07,137.19,4056250
2025-02-21 19:00:00+00:00,NVDA,137.2,137.3,134.58,135.1,4469376
2025-02-21 20:00:00+00:00,NVDA,135.11,135.59,134.04,134.27,7388484
2025-02-21 21:00:00+00:00,NVDA,134.27,134.57,134.05,134.25,18991690
2025-02-21 22:00:00+00:00,NVDA,134.25,135.6,134.21,135.33,262189
2025-02-21 23:00:00+00:00,NVDA,135.34,135.34,134.89,135.02,59005
2025-02-24 09:00:00+00:00,NVDA,136.02,136.44,135.6,135.75,306542
2025-02-24 10:00:00+00:00,NVDA,135.78,135.82,135.4,135.74,138163
2025-02-24 11:00:00+00:00,NVDA,135.74,136.28,135.51,136.18,261667
2025-02-24 12:00:00+00:00,NVDA,136.17,136.37,135.55,136.35,306453
2025-02-24 13:00:00+00:00,NVDA,136.33,137.18,136.3,137.09,489081
2025-02-24 14:00:00+00:00,NVDA,137.08,138.59,134.57,134.69,9778026
2025-02-24 15:00:00+00:00,NVDA,134.69,135.47,130.62,132.025,9972447
2025-02-24 16:00:00+00:00,NVDA,132.02,134.88,131.69,134.24,5300332
2025-02-24 17:00:00+00:00,NVDA,134.23,134.99,133.99,134.45,2536620
2025-02-24 18:00:00+00:00,NVDA,134.44,134.89,133.94,134.06,1637408
2025-02-24 19:00:00+00:00,NVDA,134.05,134.29,132.46,132.615,2352780
2025-02-24 20:00:00+00:00,NVDA,132.615,133.07,130.09,130.09,8760336
2025-02-24 21:00:00+00:00,NVDA,130.09,131.1,130.05,130.96,15941243
2025-02-24 22:00:00+00:00,NVDA,130.95,131.0,130.5,130.77,79103
2025-02-24 23:00:00+00:00,NVDA,130.78,130.95,130.0,130.1,110436
2025-02-25 09:00:00+00:00,NVDA,134.0,134.0,128.2,128.79,343056
2025-02-25 10:00:00+00:00,NVDA,128.8,129.1,127.47,128.0,308632
2025-02-25 11:00:00+00:00,NVDA,128.03,129.43,128.0,129.25,253928
2025-02-25 12:00:00+00:00,NVDA,129.28,130.54,128.92,130.52,314350
2025-02-25 13:00:00+00:00,NVDA,130.52,131.96,130.07,130.54,754386
2025-02-25 14:00:00+00:00,NVDA,130.53,130.56,125.95,127.59,9807284
2025-02-25 15:00:00+00:00,NVDA,127.59,127.64,124.44,126.53,10655498
2025-02-25 16:00:00+00:00,NVDA,126.56,128.16,125.425,127.875,5597034
2025-02-25 17:00:00+00:00,NVDA,127.87,129.59,127.18,129.235,4578094
2025-02-25 18:00:00+00:00,NVDA,129.24,129.89,127.82,128.06,3802293
2025-02-25 19:00:00+00:00,NVDA,128.06,128.43,127.04,127.84,3245227
2025-02-25 20:00:00+00:00,NVDA,127.845,129.37,126.19,126.63,8386949
2025-02-25 21:00:00+00:00,NVDA,126.63,127.7,126.46,127.46,14601019
2025-02-25 22:00:00+00:00,NVDA,127.46,127.63,127.27,127.59,69570
2025-02-25 23:00:00+00:00,NVDA,127.6,128.22,127.53,128.18,84944
2025-02-26 09:00:00+00:00,NVDA,129.45,130.5,129.28,129.63,292242
2025-02-26 10:00:00+00:00,NVDA,129.66,130.04,129.66,129.97,118486
2025-02-26 11:00:00+00:00,NVDA,129.95,129.98,129.05,129.5,146063
2025-02-26 12:00:00+00:00,NVDA,129.48,130.0,129.03,129.95,318411
2025-02-26 13:00:00+00:00,NVDA,129.99,130.41,129.43,129.79,665371
2025-02-26 14:00:00+00:00,NVDA,129.8,131.6,129.06,130.84,7371620
2025-02-26 15:00:00+00:00,NVDA,130.85,132.17,129.725,132.09,5634528
2025-02-26 16:00:00+00:00,NVDA,132.11,133.73,131.9,132.08,4914971
2025-02-26 17:00:00+00:00,NVDA,132.11,132.76,131.48,131.67,2888184
2025-02-26 18:00:00+00:00,NVDA,131.67,131.84,129.03,129.42,4425917
2025-02-26 19:00:00+00:00,NVDA,129.41,130.36,128.49,129.18,4523061
2025-02-26 20:00:00+00:00,NVDA,129.19,132.09,128.95,131.52,8808567
2025-02-26 21:00:00+00:00,NVDA,131.53,136.6,125.54,134.92,26659187
2025-02-26 22:00:00+00:00,NVDA,134.96,135.51,130.62,130.62,3054441
2025-02-26 23:00:00+00:00,NVDA,130.61,131.43,130.0,130.9,880909
2025-02-27 09:00:00+00:00,NVDA,131.55,132.06,129.79,132.05,478637
2025-02-27 10:00:00+00:00,NVDA,132.06,133.31,132.0,132.48,435821
2025-02-27 11:00:00+00:00,NVDA,132.49,133.09,132.05,132.69,273102
2025-02-27 12:00:00+00:00,NVDA,132.71,135.5,132.5,135.23,1250788
2025-02-27 13:00:00+00:00,NVDA,135.2,135.37,133.14,133.84,1169056
2025-02-27 14:00:00+00:00,NVDA,133.83,135.35,126.36,126.74,16881786
2025-02-27 15:00:00+00:00,NVDA,126.73,129.0,125.29,126.02,11155685
2025-02-27 16:00:00+00:00,NVDA,126.025,128.06,125.515,125.97,5691906
2025-02-27 17:00:00+00:00,NVDA,125.98,127.3,125.65,127.07,3745360
2025-02-27 18:00:00+00:00,NVDA,127.07,128.445,126.05,126.11,4148133
2025-02-27 19:00:00+00:00,NVDA,126.12,126.23,122.63,124.215,8368824
2025-02-27 20:00:00+00:00,NVDA,124.22,124.43,120.01,120.01,16299238
2025-02-27 21:00:00+00:00,NVDA,120.08,121.49,119.35,120.88,27114384
2025-02-27 22:00:00+00:00,NVDA,120.88,121.1,120.6,120.94,258243
2025-02-27 23:00:00+00:00,NVDA,121.0,121.92,120.97,121.64,248504
2025-02-28 09:00:00+00:00,NVDA,127.21,127.21,120.46,120.65,575086
2025-02-28 10:00:00+00:00,NVDA,120.65,121.46,120.61,121.32,295638
2025-02-28 11:00:00+00:00,NVDA,121.34,121.69,120.98,121.0,247174
2025-02-28 12:00:00+00:00,NVDA,120.99,121.15,117.75,118.84,1113830
2025-02-28 13:00:00+00:00,NVDA,118.85,119.03,116.68,117.81,2406204
2025-02-28 14:00:00+00:00,NVDA,117.81,119.59,116.41,118.38,16306354
2025-02-28 15:00:00+00:00,NVDA,118.37,123.7,117.99,122.995,12300147
2025-02-28 16:00:00+00:00,NVDA,122.99,123.64,121.14,121.78,5403625
2025-02-28 17:00:00+00:00,NVDA,121.78,122.51,118.92,118.99,5393862
2025-02-28 18:00:00+00:00,NVDA,118.99,121.22,118.85,119.745,5406448
2025-02-28 19:00:00+00:00,NVDA,119.74,121.725,119.685,121.61,3816824
2025-02-28 20:00:00+00:00,NVDA,121.6,125.07,121.16,125.05,14124239
2025-02-28 21:00:00+00:00,NVDA,125.05,125.12,124.64,124.87,36401684
2025-02-28 22:00:00+00:00,NVDA,124.87,124.93,124.52,124.59,145850
2025-02-28 23:00:00+00:00,NVDA,124.57,125.0,124.52,124.76,54040
2025-03-03 09:00:00+00:00,NVDA,124.56,124.96,123.03,124.19,394276
2025-03-03 10:00:00+00:00,NVDA,124.23,124.35,123.31,123.51,210142
2025-03-03 11:00:00+00:00,NVDA,123.51,124.09,123.13,123.97,173165
2025-03-03 12:00:00+00:00,NVDA,123.95,124.94,123.8,124.25,323498
2025-03-03 13:00:00+00:00,NVDA,124.24,124.45,123.81,123.91,313027
2025-03-03 14:00:00+00:00,NVDA,123.9,124.24,118.64,119.0,10982920
2025-03-03 15:00:00+00:00,NVDA,119.0,120.03,118.3,118.61,8791947
2025-03-03 16:00:00+00:00,NVDA,118.61,120.19,118.6,119.01,4543283
2025-03-03 17:00:00+00:00,NVDA,119.01,119.03,116.45,116.805,6448646
2025-03-03 18:00:00+00:00,NVDA,116.8,117.0,114.515,116.55,9877817
2025-03-03 19:00:00+00:00,NVDA,116.53,117.62,115.01,115.115,5948945
2025-03-03 20:00:00+00:00,NVDA,115.13,115.16,112.28,114.01,17717459
2025-03-03 21:00:00+00:00,NVDA,114.01,114.95,113.99,114.62,23260887
2025-03-03 22:00:00+00:00,NVDA,114.62,114.71,113.65,113.86,317256
2025-03-03 23:00:00+00:00,NVDA,113.89,114.9,113.69,114.45,217525
2025-03-04 09:00:00+00:00,NVDA,114.14,115.55,114.13,114.71,358799
2025-03-04 10:00:00+00:00,NVDA,114.71,114.83,113.36,113.4,345212
2025-03-04 11:00:00+00:00,NVDA,113.41,114.52,113.29,114.24,341617
2025-03-04 12:00:00+00:00,NVDA,114.15,114.18,110.4,110.58,1560656
2025-03-04 13:00:00+00:00,NVDA,110.59,110.99,108.85,109.92,2303868
2025-03-04 14:00:00+00:00,NVDA,109.91,115.14,109.58,112.93,17167583
2025-03-04 15:00:00+00:00,NVDA,112.88,113.3,110.11,112.36,11455082
2025-03-04 16:00:00+00:00,NVDA,112.37,115.18,110.9,114.38,7657348
2025-03-04 17:00:00+00:00,NVDA,114.39,116.6,113.86,115.57,6994143
2025-03-04 18:00:00+00:00,NVDA,115.57,117.58,115.24,117.27,5550373
2025-03-04 19:00:00+00:00,NVDA,117.27,118.25,117.04,118.12,5292641
2025-03-04 20:00:00+00:00,NVDA,118.13,119.3,115.055,115.96,11303619
2025-03-04 21:00:00+00:00,NVDA,115.93,118.11,115.2,117.7,19382149
2025-03-04 22:00:00+00:00,NVDA,117.68,118.1,117.5,117.95,121594
2025-03-04 23:00:00+00:00,NVDA,117.98,118.86,117.81,118.27,192581
2025-03-05 09:00:00+00:00,NVDA,118.71,118.82,118.09,118.47,244364
2025-03-05 10:00:00+00:00,NVDA,118.48,118.53,117.46,117.92,219610
2025-03-05 11:00:00+00:00,NVDA,117.93,118.21,117.1,117.54,222412
2025-03-05 12:00:00+00:00,NVDA,117.56,118.1,117.39,117.7,273570
2025-03-05 13:00:00+00:00,NVDA,117.68,117.95,116.66,116.66,435146
2025-03-05 14:00:00+00:00,NVDA,116.65,117.99,114.65,115.13,10517329
2025-03-05 15:00:00+00:00,NVDA,115.17,117.0,114.7,115.91,7785764
2025-03-05 16:00:00+00:00,NVDA,115.9,116.4,114.51,115.89,5610540
2025-03-05 17:00:00+00:00,NVDA,115.9,117.905,115.45,117.73,4436761
2025-03-05 18:00:00+00:00,NVDA,117.72,117.91,115.82,117.35,4302004
2025-03-05 19:00:00+00:00,NVDA,117.34,118.23,116.73,117.5,3955414
2025-03-05 20:00:00+00:00,NVDA,117.47,118.27,116.77,117.3,7466529
2025-03-05 21:00:00+00:00,NVDA,117.29,117.75,116.44,117.2,15782500
2025-03-05 22:00:00+00:00,NVDA,117.18,117.25,116.8,116.8,98782
2025-03-05 23:00:00+00:00,NVDA,116.78,116.93,116.64,116.65,66483
2025-03-06 09:00:00+00:00,NVDA,119.64,119.64,114.57,114.94,485605
2025-03-06 10:00:00+00:00,NVDA,114.92,115.49,114.27,114.94,267737
2025-03-06 11:00:00+00:00,NVDA,114.93,115.2,114.58,114.81,194875
2025-03-06 12:00:00+00:00,NVDA,114.82,115.05,113.42,113.68,480491
2025-03-06 13:00:00+00:00,NVDA,113.68,113.95,113.0,113.3,646558
2025-03-06 14:00:00+00:00,NVDA,113.3,114.35,112.31,113.59,9238699
2025-03-06 15:00:00+00:00,NVDA,113.58,115.34,113.3,114.24,5676582
2025-03-06 16:00:00+00:00,NVDA,114.245,115.0,112.71,112.755,5056912
2025-03-06 17:00:00+00:00,NVDA,112.75,113.03,110.95,111.565,7133941
2025-03-06 18:00:00+00:00,NVDA,111.56,112.0,110.44,111.56,5333779
2025-03-06 19:00:00+00:00,NVDA,111.54,112.215,110.22,110.85,5930155
2025-03-06 20:00:00+00:00,NVDA,110.85,111.85,110.41,110.56,10311412
2025-03-06 21:00:00+00:00,NVDA,110.57,112.2,110.45,111.85,21222243
2025-03-06 22:00:00+00:00,NVDA,111.84,112.37,111.31,112.03,396437
2025-03-06 23:00:00+00:00,NVDA,112.05,112.06,111.15,111.28,97756
2025-03-07 09:00:00+00:00,NVDA,111.93,112.77,111.82,112.15,176583
2025-03-07 10:00:00+00:00,NVDA,112.16,112.37,111.91,112.14,91637
2025-03-07 11:00:00+00:00,NVDA,112.17,112.7,111.92,112.16,141930
2025-03-07 12:00:00+00:00,NVDA,112.2,112.2,110.8,111.39,378703
2025-03-07 13:00:00+00:00,NVDA,111.38,112.68,111.28,111.64,806497
2025-03-07 14:00:00+00:00,NVDA,111.59,113.48,110.73,112.51,9555189
2025-03-07 15:00:00+00:00,NVDA,112.51,112.97,109.52,111.22,11260645
2025-03-07 16:00:00+00:00,NVDA,111.23,111.26,107.56,107.93,9796370
2025-03-07 17:00:00+00:00,NVDA,107.935,110.99,107.75,109.49,6920905
2025-03-07 18:00:00+00:00,NVDA,109.54,111.44,109.48,111.27,5236606
2025-03-07 19:00:00+00:00,NVDA,111.28,112.61,110.525,111.9,5217322
2025-03-07 20:00:00+00:00,NVDA,111.9,113.1,111.035,112.73,9569037
2025-03-07 21:00:00+00:00,NVDA,112.72,112.73,112.11,112.71,11589250
2025-03-07 22:00:00+00:00,NVDA,112.72,112.74,112.41,112.43,41723
2025-03-07 23:00:00+00:00,NVDA,112.42,112.42,112.08,112.08,40057
2025-03-10 08:00:00+00:00,NVDA,111.17,111.76,109.56,109.89,213560
2025-03-10 09:00:00+00:00,NVDA,109.9,110.69,109.76,110.29,128666
2025-03-10 10:00:00+00:00,NVDA,110.24,110.4,109.56,109.89,151445
2025-03-10 11:00:00+00:00,NVDA,109.89,110.87,109.87,110.3,283699
2025-03-10 12:00:00+00:00,NVDA,110.3,110.32,109.53,109.7,357355
2025-03-10 13:00:00+00:00,NVDA,109.74,111.84,109.02,110.08,8813380
2025-03-10 14:00:00+00:00,NVDA,110.075,110.08,106.18,106.21,11955459
2025-03-10 15:00:00+00:00,NVDA,106.21,108.915,106.21,107.18,9319435
2025-03-10 16:00:00+00:00,NVDA,107.175,108.85,106.85,107.62,6404354
2025-03-10 17:00:00+00:00,NVDA,107.61,107.7,106.3,106.79,6236449
2025-03-10 18:00:00+00:00,NVDA,106.785,107.32,105.84,105.95,5038986
2025-03-10 19:00:00+00:00,NVDA,105.95,107.91,105.46,107.02,13756921
2025-03-10 20:00:00+00:00,NVDA,107.02,107.66,106.68,107.05,22419901
2025-03-10 21:00:00+00:00,NVDA,107.02,107.09,105.49,105.55,234830
2025-03-10 22:00:00+00:00,NVDA,105.59,106.26,105.43,105.9,170091
2025-03-10 23:00:00+00:00,NVDA,105.9,106.01,104.41,104.69,328612
2025-03-11 08:00:00+00:00,NVDA,106.39,108.47,106.01,108.47,544345
2025-03-11 09:00:00+00:00,NVDA,108.47,109.0,108.26,108.65,282511
2025-03-11 10:00:00+00:00,NVDA,108.64,108.75,107.65,107.8,289041
2025-03-11 11:00:00+00:00,NVDA,107.82,107.82,106.69,107.74,390372
2025-03-11 12:00:00+00:00,NVDA,107.77,107.89,106.58,106.96,257613
2025-03-11 13:00:00+00:00,NVDA,106.96,110.99,106.22,109.48,12076595
2025-03-11 14:00:00+00:00,NVDA,109.49,110.6,104.77,106.43,14024891
2025-03-11 15:00:00+00:00,NVDA,106.435,110.6,106.09,109.02,8439456
2025-03-11 16:00:00+00:00,NVDA,109.02,109.4,108.035,108.21,4688096
2025-03-11 17:00:00+00:00,NVDA,108.22,109.275,107.45,108.98,4864992
2025-03-11 18:00:00+00:00,NVDA,108.99,112.235,108.85,111.75,9045090
2025-03-11 19:00:00+00:00,NVDA,111.76,111.94,108.64,108.64,10356143
2025-03-11 20:00:00+00:00,NVDA,108.65,108.79,108.02,108.45,16904383
2025-03-11 21:00:00+00:00,NVDA,108.45,108.64,108.31,108.58,93414
2025-03-11 22:00:00+00:00,NVDA,108.6,109.63,108.6,109.58,91045
2025-03-11 23:00:00+00:00,NVDA,109.59,109.65,109.17,109.43,75444
2025-03-12 08:00:00+00:00,NVDA,110.07,110.49,109.54,110.33,242303
2025-03-12 09:00:00+00:00,NVDA,110.31,110.5,110.15,110.45,133832
2025-03-12 10:00:00+00:00,NVDA,110.49,110.9,110.13,110.69,173375
2025-03-12 11:00:00+00:00,NVDA,110.68,111.75,110.62,111.34,302630
2025-03-12 12:00:00+00:00,NVDA,111.32,113.95,111.03,113.7,1484705
2025-03-12 13:00:00+00:00,NVDA,113.71,116.76,113.28,115.38,14090171
2025-03-12 14:00:00+00:00,NVDA,115.37,116.19,113.41,114.135,10337166
2025-03-12 15:00:00+00:00,NVDA,114.13,115.52,112.88,115.435,6761610
2025-03-12 16:00:00+00:00,NVDA,115.44,116.6,114.905,115.85,5592629
2025-03-12 17:00:00+00:00,NVDA,115.86,116.26,114.3,114.475,4588733
2025-03-12 18:00:00+00:00,NVDA,114.48,116.04,114.335,115.79,4153749
2025-03-12 19:00:00+00:00,NVDA,115.78,115.98,114.98,115.75,8938428
2025-03-12 20:00:00+00:00,NVDA,115.74,115.94,115.48,115.58,17581941
2025-03-12 21:00:00+00:00,NVDA,115.58,116.14,115.55,115.99,142767
2025-03-12 22:00:00+00:00,NVDA,115.95,116.55,115.83,116.39,97280
2025-03-12 23:00:00+00:00,NVDA,116.41,116.98,116.4,116.98,144129
2025-03-13 08:00:00+00:00,NVDA,114.8,115.04,114.1,114.95,199609
2025-03-13 09:00:00+00:00,NVDA,114.98,116.34,114.58,116.34,285523
2025-03-13 10:00:00+00:00,NVDA,116.34,117.18,116.11,116.49,532626
2025-03-13 11:00:00+00:00,NVDA,116.5,116.81,115.25,115.93,404579
2025-03-13 12:00:00+00:00,NVDA,115.94,116.5,115.45,116.43,517977
2025-03-13 13:00:00+00:00,NVDA,116.43,117.18,113.96,114.4,8688029
2025-03-13 14:00:00+00:00,NVDA,114.4,117.76,113.79,116.48,9099694
2025-03-13 15:00:00+00:00,NVDA,116.49,117.05,115.41,115.71,5637058
2025-03-13 16:00:00+00:00,NVDA,115.72,116.8,115.12,115.51,4618761
2025-03-13 17:00:00+00:00,NVDA,115.5,115.98,114.45,115.465,4279181
2025-03-13 18:00:00+00:00,NVDA,115.46,117.565,115.405,117.3,4922839
2025-03-13 19:00:00+00:00,NVDA,117.29,117.73,115.12,115.72,9521331
2025-03-13 20:00:00+00:00,NVDA,115.72,116.2,115.58,115.88,17402966
2025-03-13 21:00:00+00:00,NVDA,115.86,115.92,115.59,115.78,90143
2025-03-13 22:00:00+00:00,NVDA,115.85,116.61,115.8,116.49,88609
2025-03-13 23:00:00+00:00,NVDA,116.5,116.6,116.3,116.42,53926
2025-03-14 08:00:00+00:00,NVDA,117.0,117.68,117.0,117.45,149058
2025-03-14 09:00:00+00:00,NVDA,117.49,117.87,117.44,117.82,124320
2025-03-14 10:00:00+00:00,NVDA,117.84,117.92,117.39,117.68,166049
2025-03-14 11:00:00+00:00,NVDA,117.68,118.49,117.5,118.38,250661
2025-03-14 12:00:00+00:00,NVDA,118.37,119.18,118.28,118.99,381284
2025-03-14 13:00:00+00:00,NVDA,119.0,120.565,118.15,119.74,8697613
2025-03-14 14:00:00+00:00,NVDA,119.72,120.67,118.97,120.25,6433201
2025-03-14 15:00:00+00:00,NVDA,120.24,121.88,120.22,120.91,5924254
2025-03-14 16:00:00+00:00,NVDA,120.92,121.285,120.36,120.88,3402156
2025-03-14 17:00:00+00:00,NVDA,120.87,121.075,120.28,120.42,2725423
2025-03-14 18:00:00+00:00,NVDA,120.43,120.86,120.11,120.59,2465552
2025-03-14 19:00:00+00:00,NVDA,120.58,121.8,120.415,121.45,9545498
2025-03-14 20:00:00+00:00,NVDA,121.67,121.67,121.01,121.2,22560896
2025-03-14 21:00:00+00:00,NVDA,121.2,121.37,120.87,121.34,91289
2025-03-14 22:00:00+00:00,NVDA,121.35,121.59,121.3,121.51,72289
2025-03-14 23:00:00+00:00,NVDA,121.51,121.6,121.42,121.53,42051
2025-03-17 08:00:00+00:00,NVDA,121.03,123.03,121.01,122.71,364458
2025-03-17 09:00:00+00:00,NVDA,122.72,122.92,122.34,122.68,215564
2025-03-17 10:00:00+00:00,NVDA,122.68,122.75,122.4,122.48,163463
2025-03-17 11:00:00+00:00,NVDA,122.47,123.7,122.45,123.47,389735
2025-03-17 12:00:00+00:00,NVDA,123.49,123.62,122.85,123.1,519786
2025-03-17 13:00:00+00:00,NVDA,123.09,123.47,120.06,121.12,8933382
2025-03-17 14:00:00+00:00,NVDA,121.13,121.3,119.08,119.33,7145828
2025-03-17 15:00:00+00:00,NVDA,119.34,119.86,118.88,119.305,3892304
2025-03-17 16:00:00+00:00,NVDA,119.31,119.59,118.03,118.66,4178662
2025-03-17 17:00:00+00:00,NVDA,118.66,119.64,118.35,119.2,3065532
2025-03-17 18:00:00+00:00,NVDA,119.2,121.07,119.13,120.69,3858641
2025-03-17 19:00:00+00:00,NVDA,120.69,120.86,119.42,119.48,6813324
2025-03-17 20:00:00+00:00,NVDA,119.48,119.88,119.18,119.65,13709479
2025-03-17 21:00:00+00:00,NVDA,119.65,119.86,119.59,119.79,60964
2025-03-17 22:00:00+00:00,NVDA,119.8,119.98,119.72,119.72,28187
2025-03-17 23:00:00+00:00,NVDA,119.75,119.8,119.44,119.52,55557
2025-03-18 08:00:00+00:00,NVDA,119.53,120.73,119.19,120.45,190884
2025-03-18 09:00:00+00:00,NVDA,120.44,120.56,119.62,119.63,135204
2025-03-18 10:00:00+00:00,NVDA,119.64,120.01,119.19,119.96,204418
2025-03-18 11:00:00+00:00,NVDA,119.96,120.04,118.81,119.35,197555
2025-03-18 12:00:00+00:00,NVDA,119.36,119.52,118.46,118.47,251354
2025-03-18 13:00:00+00:00,NVDA,118.46,118.61,114.855,115.08,9287450
2025-03-18 14:00:00+00:00,NVDA,115.09,116.45,114.54,116.275,6099802
2025-03-18 15:00:00+00:00,NVDA,116.285,117.08,115.48,116.42,4030843
2025-03-18 16:00:00+00:00,NVDA,116.425,118.72,116.325,118.39,3886576
2025-03-18 17:00:00+00:00,NVDA,118.37,119.02,116.53,116.88,5558806
2025-03-18 18:00:00+00:00,NVDA,116.88,117.58,115.75,117.04,5366782
2025-03-18 19:00:00+00:00,NVDA,117.03,117.29,114.95,115.58,8932522
2025-03-18 20:00:00+00:00,NVDA,115.59,115.8,114.76,115.21,17803235
2025-03-18 21:00:00+00:00,NVDA,115.2,115.27,114.69,115.03,111668
2025-03-18 22:00:00+00:00,NVDA,115.03,115.15,114.7,115.06,105378
2025-03-18 23:00:00+00:00,NVDA,115.04,115.15,114.73,114.75,65415
2025-03-19 08:00:00+00:00,NVDA,115.07,116.19,115.07,115.95,232084
2025-03-19 09:00:00+00:00,NVDA,115.95,116.94,115.83,116.81,210819
2025-03-19 10:00:00+00:00,NVDA,116.82,117.24,116.55,116.65,222450
2025-03-19 11:00:00+00:00,NVDA,116.66,117.0,116.21,116.76,260008
2025-03-19 12:00:00+00:00,NVDA,116.74,117.06,116.53,116.85,235506
2025-03-19 13:00:00+00:00,NVDA,116.82,118.15,115.68,116.88,5899387
2025-03-19 14:00:00+00:00,NVDA,116.9,118.0,116.36,116.42,4352733
2025-03-19 15:00:00+00:00,NVDA,116.41,117.72,116.295,117.55,2537464
2025-03-19 16:00:00+00:00,NVDA,117.55,118.12,117.01,118.005,3758151
2025-03-19 17:00:00+00:00,NVDA,118.0,118.25,117.27,117.88,2452863
2025-03-19 18:00:00+00:00,NVDA,117.82,119.575,117.59,119.57,5502359
2025-03-19 19:00:00+00:00,NVDA,119.56,120.44,117.395,117.52,10379568
2025-03-19 20:00:00+00:00,NVDA,117.52,117.68,117.2,117.54,24916256
2025-03-19 21:00:00+00:00,NVDA,117.53,117.99,117.53,117.93,113323
2025-03-19 22:00:00+00:00,NVDA,117.93,118.64,117.85,118.39,216130
2025-03-19 23:00:00+00:00,NVDA,118.4,118.8,118.32,118.8,91377
2025-03-20 08:00:00+00:00,NVDA,119.3,119.55,118.93,119.21,169194
2025-03-20 09:00:00+00:00,NVDA,119.23,119.31,117.53,118.09,270050
2025-03-20 10:00:00+00:00,NVDA,118.11,118.11,116.02,117.02,506265
2025-03-20 11:00:00+00:00,NVDA,117.07,117.4,116.38,117.24,375364
2025-03-20 12:00:00+00:00,NVDA,117.25,117.77,116.91,117.15,259871
2025-03-20 13:00:00+00:00,NVDA,117.12,119.44,116.4,118.41,6134967
2025-03-20 14:00:00+00:00,NVDA,118.42,119.58,118.16,119.11,4268136
2025-03-20 15:00:00+00:00,NVDA,119.12,120.2,118.9,119.42,4123940
2025-03-20 16:00:00+00:00,NVDA,119.41,119.83,117.82,118.06,3570293
2025-03-20 17:00:00+00:00,NVDA,118.06,118.7,117.84,118.33,2100052
2025-03-20 18:00:00+00:00,NVDA,118.33,119.07,117.74,118.01,3163784
2025-03-20 19:00:00+00:00,NVDA,118.01,118.915,117.95,118.465,5389354
2025-03-20 20:00:00+00:00,NVDA,118.465,118.88,118.23,118.62,26205717
2025-03-20 21:00:00+00:00,NVDA,118.64,118.74,118.43,118.56,38005
2025-03-20 22:00:00+00:00,NVDA,118.58,118.58,118.33,118.42,43187
2025-03-20 23:00:00+00:00,NVDA,118.4,118.42,118.13,118.16,32833
2025-03-21 08:00:00+00:00,NVDA,118.03,118.39,117.62,117.74,149070
2025-03-21 09:00:00+00:00,NVDA,117.74,117.77,116.96,117.17,176775
2025-03-21 10:00:00+00:00,NVDA,117.19,117.7,117.04,117.4,116834
2025-03-21 11:00:00+00:00,NVDA,117.43,118.1,117.3,117.85,113981
2025-03-21 12:00:00+00:00,NVDA,117.83,118.04,117.14,117.17,200651
2025-03-21 13:00:00+00:00,NVDA,117.17,117.67,115.42,116.07,20459704
2025-03-21 14:00:00+00:00,NVDA,116.075,117.09,115.53,116.79,4493487
2025-03-21 15:00:00+00:00,NVDA,116.79,117.04,116.22,116.71,2959235
2025-03-21 16:00:00+00:00,NVDA,116.69,117.99,116.44,117.975,3312869
2025-03-21 17:00:00+00:00,NVDA,117.97,117.97,116.83,117.27,2270944
2025-03-21 18:00:00+00:00,NVDA,117.275,117.55,116.98,117.185,2021643
2025-03-21 19:00:00+00:00,NVDA,117.19,117.8,116.39,117.65,8511228
2025-03-21 20:00:00+00:00,NVDA,117.62,117.99,117.37,117.84,38626218
2025-03-21 21:00:00+00:00,NVDA,117.86,117.95,117.68,117.71,47717
2025-03-21 22:00:00+00:00,NVDA,117.71,117.76,117.6,117.64,12713
2025-03-21 23:00:00+00:00,NVDA,117.65,117.71,117.53,117.64,8718
2025-03-24 08:00:00+00:00,NVDA,119.1,119.64,118.82,119.08,206056
2025-03-24 09:00:00+00:00,NVDA,119.06,119.2,118.74,119.1,135091
2025-03-24 10:00:00+00:00,NVDA,119.07,119.49,119.01,119.29,176460
2025-03-24 11:00:00+00:00,NVDA,119.29,120.14,119.27,119.87,216048
2025-03-24 12:00:00+00:00,NVDA,119.9,120.17,119.55,120.05,225180
2025-03-24 13:00:00+00:00,NVDA,120.05,121.07,119.58,120.03,7334874
2025-03-24 14:00:00+00:00,NVDA,120.05,121.94,119.34,121.715,5889169
2025-03-24 15:00:00+00:00,NVDA,121.715,122.22,121.35,121.685,3888739
2025-03-24 16:00:00+00:00,NVDA,121.69,122.22,121.61,121.905,2464485
2025-03-24 17:00:00+00:00,NVDA,121.905,121.995,121.39,121.845,2017427
2025-03-24 18:00:00+00:00,NVDA,121.85,122.05,121.56,121.905,2399731
2025-03-24 19:00:00+00:00,NVDA,121.91,122.075,121.22,121.22,6254428
2025-03-24 20:00:00+00:00,NVDA,121.22,121.41,121.17,121.29,19861160
2025-03-24 21:00:00+00:00,NVDA,121.29,121.35,121.16,121.2,56406
2025-03-24 22:00:00+00:00,NVDA,121.21,121.23,120.94,120.96,59826
2025-03-24 23:00:00+00:00,NVDA,120.97,121.03,120.93,120.94,44776
2025-03-25 08:00:00+00:00,NVDA,120.74,120.91,119.73,120.15,144834
2025-03-25 09:00:00+00:00,NVDA,120.15,120.62,120.02,120.61,71472
2025-03-25 10:00:00+00:00,NVDA,120.58,121.12,120.32,120.87,117583
2025-03-25 11:00:00+00:00,NVDA,120.87,121.25,120.21,120.65,192933
2025-03-25 12:00:00+00:00,NVDA,120.67,120.85,120.26,120.58,188518
2025-03-25 13:00:00+00:00,NVDA,120.56,121.22,118.93,119.47,8020222
2025-03-25 14:00:00+00:00,NVDA,119.5,120.35,119.15,119.93,4433146
2025-03-25 15:00:00+00:00,NVDA,119.92,120.87,119.9,120.465,2131481
2025-03-25 16:00:00+00:00,NVDA,120.47,121.13,120.43,120.895,2005928
2025-03-25 17:00:00+00:00,NVDA,120.9,121.12,120.17,120.63,1722845
2025-03-25 18:00:00+00:00,NVDA,120.62,121.015,120.44,120.82,1647865
2025-03-25 19:00:00+00:00,NVDA,120.81,121.29,120.51,120.645,3461075
2025-03-25 20:00:00+00:00,NVDA,120.645,120.73,120.37,120.67,9962612
2025-03-25 21:00:00+00:00,NVDA,120.65,120.68,120.5,120.52,44415
2025-03-25 22:00:00+00:00,NVDA,120.52,120.64,120.46,120.52,19260
2025-03-25 23:00:00+00:00,NVDA,120.52,120.64,120.5,120.6,23176
2025-03-26 08:00:00+00:00,NVDA,120.06,120.06,119.64,119.82,80880
2025-03-26 09:00:00+00:00,NVDA,119.84,119.93,119.43,119.43,74461
2025-03-26 10:00:00+00:00,NVDA,119.42,119.69,119.19,119.59,82456
2025-03-26 11:00:00+00:00,NVDA,119.57,119.7,118.71,119.0,321624
2025-03-26 12:00:00+00:00,NVDA,119.0,119.0,118.5,118.73,300658
2025-03-26 13:00:00+00:00,NVDA,118.74,118.89,115.815,116.33,10217185
2025-03-26 14:00:00+00:00,NVDA,116.32,116.765,114.455,115.37,9641984
2025-03-26 15:00:00+00:00,NVDA,115.365,115.64,113.94,114.085,4722803
2025-03-26 16:00:00+00:00,NVDA,114.09,114.28,113.39,113.54,4530572
2025-03-26 17:00:00+00:00,NVDA,113.535,113.855,112.71,112.94,4156802
2025-03-26 18:00:00+00:00,NVDA,112.95,113.79,112.77,112.84,3383497
2025-03-26 19:00:00+00:00,NVDA,112.835,114.15,112.83,113.69,7081516
2025-03-26 20:00:00+00:00,NVDA,113.76,113.85,113.3,113.5,17828532
2025-03-26 21:00:00+00:00,NVDA,113.49,113.6,113.27,113.33,91702
2025-03-26 22:00:00+00:00,NVDA,113.3,113.45,112.01,112.41,320853
2025-03-26 23:00:00+00:00,NVDA,112.42,112.43,111.83,112.2,203441
2025-03-27 08:00:00+00:00,NVDA,112.0,112.7,111.53,112.63,241211
2025-03-27 09:00:00+00:00,NVDA,112.63,113.44,112.41,112.93,214069
2025-03-27 10:00:00+00:00,NVDA,112.98,113.13,112.24,112.29,118830
2025-03-27 11:00:00+00:00,NVDA,112.29,112.46,111.66,111.96,214216
2025-03-27 12:00:00+00:00,NVDA,111.96,112.11,111.56,111.94,372866
2025-03-27 13:00:00+00:00,NVDA,111.91,113.285,110.66,112.785,10478843
2025-03-27 14:00:00+00:00,NVDA,112.79,114.45,112.075,114.07,6000870
2025-03-27 15:00:00+00:00,NVDA,114.07,114.32,112.1,112.205,4470392
2025-03-27 16:00:00+00:00,NVDA,112.21,113.05,111.75,111.795,3432893
2025-03-27 17:00:00+00:00,NVDA,111.8,112.42,111.52,111.9,2436908
2025-03-27 18:00:00+00:00,NVDA,111.9,112.87,111.825,112.22,2680063
2025-03-27 19:00:00+00:00,NVDA,112.21,112.97,111.185,111.43,5731901
2025-03-27 20:00:00+00:00,NVDA,111.43,111.85,111.23,111.66,16027613
2025-03-27 21:00:00+00:00,NVDA,111.68,111.72,111.45,111.61,54152
2025-03-27 22:00:00+00:00,NVDA,111.6,111.67,111.55,111.61,11933
2025-03-27 23:00:00+00:00,NVDA,111.61,111.61,111.25,111.3,49750
2025-03-28 08:00:00+00:00,NVDA,111.17,111.74,110.74,111.54,210892
2025-03-28 09:00:00+00:00,NVDA,111.54,111.83,111.3,111.39,108828
2025-03-28 10:00:00+00:00,NVDA,111.39,112.38,111.36,112.1,123712
2025-03-28 11:00:00+00:00,NVDA,112.1,112.2,111.65,111.88,129043
2025-03-28 12:00:00+00:00,NVDA,111.87,112.2,111.2,111.26,240487
2025-03-28 13:00:00+00:00,NVDA,111.28,112.86,110.81,111.59,6222930
2025-03-28 14:00:00+00:00,NVDA,111.56,111.84,109.08,109.71,7963224
2025-03-28 15:00:00+00:00,NVDA,109.71,110.18,109.29,109.39,3732841
2025-03-28 16:00:00+00:00,NVDA,109.39,110.14,109.1,109.515,3491087
2025-03-28 17:00:00+00:00,NVDA,109.51,109.98,109.245,109.89,2770758
2025-03-28 18:00:00+00:00,NVDA,109.88,110.41,109.7,110.38,2878067
2025-03-28 19:00:00+00:00,NVDA,110.38,110.61,109.4,109.63,6293007
2025-03-28 20:00:00+00:00,NVDA,109.62,109.8,109.1,109.14,15620661
2025-03-28 21:00:00+00:00,NVDA,109.15,109.3,109.07,109.26,98125
2025-03-28 22:00:00+00:00,NVDA,109.26,109.29,109.06,109.08,29055
2025-03-28 23:00:00+00:00,NVDA,109.07,109.08,109.0,109.01,60188
2025-03-31 08:00:00+00:00,NVDA,106.85,107.09,105.88,106.01,442022
2025-03-31 09:00:00+00:00,NVDA,106.0,106.19,105.6,105.8,222732
2025-03-31 10:00:00+00:00,NVDA,105.8,106.03,105.28,105.77,229857
2025-03-31 11:00:00+00:00,NVDA,105.79,106.0,104.7,105.01,525650
2025-03-31 12:00:00+00:00,NVDA,105.0,106.21,104.8,105.91,472884
2025-03-31 13:00:00+00:00,NVDA,105.89,106.13,103.66,104.81,12496665
2025-03-31 14:00:00+00:00,NVDA,104.8,106.01,103.8,104.685,7850571
2025-03-31 15:00:00+00:00,NVDA,104.69,105.665,104.35,105.175,4616580
2025-03-31 16:00:00+00:00,NVDA,105.18,106.25,104.78,105.38,3285703
2025-03-31 17:00:00+00:00,NVDA,105.38,106.155,105.31,105.64,2303514
2025-03-31 18:00:00+00:00,NVDA,105.65,108.14,105.6,107.18,5283541
2025-03-31 19:00:00+00:00,NVDA,107.18,108.96,107.12,108.77,11186179
2025-03-31 20:00:00+00:00,NVDA,108.77,108.77,107.6,107.92,24560169
2025-03-31 21:00:00+00:00,NVDA,107.93,107.94,107.7,107.91,49338
2025-03-31 22:00:00+00:00,NVDA,107.87,107.91,107.56,107.75,59019
2025-03-31 23:00:00+00:00,NVDA,107.71,107.88,107.38,107.52,39908
2025-04-01 08:00:00+00:00,NVDA,107.99,109.74,107.95,109.47,236219
2025-04-01 09:00:00+00:00,NVDA,109.5,109.97,109.18,109.66,174933
2025-04-01 10:00:00+00:00,NVDA,109.68,109.68,108.16,108.99,271893
2025-04-01 11:00:00+00:00,NVDA,108.97,108.98,108.21,108.41,201439
2025-04-01 12:00:00+00:00,NVDA,108.38,108.82,108.26,108.67,138575
2025-04-01 13:00:00+00:00,NVDA,108.67,109.09,106.84,107.54,6266605
2025-04-01 14:00:00+00:00,NVDA,107.53,108.49,106.47,108.35,5015155
2025-04-01 15:00:00+00:00,NVDA,108.34,109.49,108.245,109.355,3989019
2025-04-01 16:00:00+00:00,NVDA,109.36,109.92,108.45,109.02,3171354
2025-04-01 17:00:00+00:00,NVDA,109.03,109.32,108.51,108.575,2152033
2025-04-01 18:00:00+00:00,NVDA,108.58,108.65,107.415,108.16,2546074
2025-04-01 19:00:00+00:00,NVDA,108.15,110.2,108.06,110.19,7699749
2025-04-01 20:00:00+00:00,NVDA,110.14,110.52,109.84,110.01,14361768
2025-04-01 21:00:00+00:00,NVDA,110.02,110.08,109.85,109.92,37743
2025-04-01 22:00:00+00:00,NVDA,109.91,110.5,109.91,110.12,121913
2025-04-01 23:00:00+00:00,NVDA,110.12,110.26,110.01,110.02,32479
2025-04-02 08:00:00+00:00,NVDA,109.02,109.65,108.77,109.3,181359
2025-04-02 09:00:00+00:00,NVDA,109.28,109.48,109.19,109.29,41018
2025-04-02 10:00:00+00:00,NVDA,109.25,109.3,108.25,108.64,170537
2025-04-02 11:00:00+00:00,NVDA,108.64,108.74,107.78,107.8,166766
2025-04-02 12:00:00+00:00,NVDA,107.79,108.48,107.5,107.91,453377
2025-04-02 13:00:00+00:00,NVDA,107.9,109.58,106.8,108.84,6231241
2025-04-02 14:00:00+00:00,NVDA,108.83,109.72,108.12,109.38,4017474
2025-04-02 15:00:00+00:00,NVDA,109.37,110.49,108.85,109.93,3639451
2025-04-02 16:00:00+00:00,NVDA,109.93,111.55,109.8,111.25,3484613
2025-04-02 17:00:00+00:00,NVDA,111.24,111.98,110.1,110.33,3121779
2025-04-02 18:00:00+00:00,NVDA,110.33,110.58,108.97,108.99,3234058
2025-04-02 19:00:00+00:00,NVDA,108.99,110.76,108.85,110.31,5848885
2025-04-02 20:00:00+00:00,NVDA,110.3,113.23,105.81,106.79,11992612
2025-04-02 21:00:00+00:00,NVDA,106.79,107.08,104.02,105.6,1348898
2025-04-02 22:00:00+00:00,NVDA,105.67,107.02,104.75,105.23,577657
2025-04-02 23:00:00+00:00,NVDA,105.23,105.23,104.03,104.14,357119
2025-04-03 08:00:00+00:00,NVDA,105.73,107.38,105.73,107.0,336311
2025-04-03 09:00:00+00:00,NVDA,107.03,107.2,105.24,105.7,352942
2025-04-03 10:00:00+00:00,NVDA,105.71,105.99,104.5,105.1,488405
2025-04-03 11:00:00+00:00,NVDA,105.15,105.2,103.98,104.27,688756
2025-04-03 12:00:00+00:00,NVDA,104.18,104.8,103.46,103.8,667062
2025-04-03 13:00:00+00:00,NVDA,103.77,105.57,103.27,105.1,11468727
2025-04-03 14:00:00+00:00,NVDA,105.07,105.63,102.51,102.78,11151855
2025-04-03 15:00:00+00:00,NVDA,102.78,103.825,102.01,103.145,6518623
2025-04-03 16:00:00+00:00,NVDA,103.14,104.19,102.85,103.03,4777046
2025-04-03 17:00:00+00:00,NVDA,103.05,103.54,102.725,102.73,3174495
2025-04-03 18:00:00+00:00,NVDA,102.725,104.1,102.3,103.74,4240487
2025-04-03 19:00:00+00:00,NVDA,103.74,103.98,101.61,101.86,11576863
2025-04-03 20:00:00+00:00,NVDA,101.8,102.35,101.56,102.29,25681876
2025-04-03 21:00:00+00:00,NVDA,102.28,102.83,102.2,102.8,215197
2025-04-03 22:00:00+00:00,NVDA,102.8,102.94,102.14,102.39,134237
2025-04-03 23:00:00+00:00,NVDA,102.4,102.45,101.85,102.41,85887
2025-04-04 08:00:00+00:00,NVDA,101.8,102.67,101.67,102.34,246497
2025-04-04 09:00:00+00:00,NVDA,102.33,102.4,101.55,101.95,138553
2025-04-04 10:00:00+00:00,NVDA,101.98,102.26,96.88,97.77,2279930
2025-04-04 11:00:00+00:00,NVDA,97.8,98.53,95.36,97.42,1991338
2025-04-04 12:00:00+00:00,NVDA,97.4,98.75,96.93,98.59,1626506
2025-04-04 13:00:00+00:00,NVDA,98.58,100.13,96.22,97.6,19554664
2025-04-04 14:00:00+00:00,NVDA,97.64,97.86,92.11,94.19,22168530
2025-04-04 15:00:00+00:00,NVDA,94.18,96.56,93.63,94.655,16713442
2025-04-04 16:00:00+00:00,NVDA,94.66,95.73,93.24,94.08,8285937
2025-04-04 17:00:00+00:00,NVDA,94.08,95.74,93.4,95.73,8102143
2025-04-04 18:00:00+00:00,NVDA,95.735,96.13,93.26,93.93,8585275
2025-04-04 19:00:00+00:00,NVDA,93.93,96.38,93.7,94.32,18973243
2025-04-04 20:00:00+00:00,NVDA,94.32,94.42,93.47,93.95,33156863
2025-04-04 21:00:00+00:00,NVDA,93.96,94.05,93.7,93.81,222297
2025-04-04 22:00:00+00:00,NVDA,93.81,93.81,93.13,93.16,141354
2025-04-04 23:00:00+00:00,NVDA,93.16,93.31,92.55,92.58,282751
2025-04-07 08:00:00+00:00,NVDA,87.0,90.57,86.05,89.8,2342133
2025-04-07 09:00:00+00:00,NVDA,89.79,90.25,88.56,89.74,983081
2025-04-07 10:00:00+00:00,NVDA,89.78,93.55,89.36,91.4,2156635
2025-04-07 11:00:00+00:00,NVDA,91.44,91.66,88.75,89.48,2282134
2025-04-07 12:00:00+00:00,NVDA,89.59,90.67,88.05,90.29,2291100
2025-04-07 13:00:00+00:00,NVDA,90.25,94.3,86.63,93.9,31686472
2025-04-07 14:00:00+00:00,NVDA,93.9,101.74,92.02,96.945,34764946
2025-04-07 15:00:00+00:00,NVDA,96.91,98.28,93.64,95.74,18090563
2025-04-07 16:00:00+00:00,NVDA,95.74,96.78,94.56,95.16,8210470
2025-04-07 17:00:00+00:00,NVDA,95.15,99.49,95.02,99.4,11340744
2025-04-07 18:00:00+00:00,NVDA,99.42,99.68,96.845,97.18,8411535
2025-04-07 19:00:00+00:00,NVDA,97.18,98.37,96.27,97.71,11432571
2025-04-07 20:00:00+00:00,NVDA,97.71,98.6,97.45,98.4,30970289
2025-04-07 21:00:00+00:00,NVDA,98.39,98.44,98.2,98.33,48044
2025-04-07 22:00:00+00:00,NVDA,98.33,99.3,98.26,99.22,189672
2025-04-07 23:00:00+00:00,NVDA,99.22,99.47,98.89,99.15,135501
2025-04-08 08:00:00+00:00,NVDA,99.83,101.22,98.91,100.54,866274
2025-04-08 09:00:00+00:00,NVDA,100.54,100.59,99.9,100.04,379389
2025-04-08 10:00:00+00:00,NVDA,100.01,100.45,99.54,100.0,443219
2025-04-08 11:00:00+00:00,NVDA,100.0,102.12,99.95,101.9,879069
2025-04-08 12:00:00+00:00,NVDA,101.87,102.33,101.45,102.17,1115594
2025-04-08 13:00:00+00:00,NVDA,102.15,105.1,102.1,104.55,19419928
2025-04-08 14:00:00+00:00,NVDA,104.55,105.85,103.285,103.315,13121079
2025-04-08 15:00:00+00:00,NVDA,103.32,104.25,101.37,102.67,10775854
2025-04-08 16:00:00+00:00,NVDA,102.675,102.71,99.38,99.62,10736104
2025-04-08 17:00:00+00:00,NVDA,99.61,101.0,98.59,100.315,9165064
2025-04-08 18:00:00+00:00,NVDA,100.33,101.0,98.3,98.45,7306981
2025-04-08 19:00:00+00:00,NVDA,98.455,98.66,94.46,96.71,18922789
2025-04-08 20:00:00+00:00,NVDA,96.73,97.22,95.93,96.34,22306578
2025-04-08 21:00:00+00:00,NVDA,96.34,97.14,96.01,96.75,291432
2025-04-08 22:00:00+00:00,NVDA,96.73,96.77,94.58,94.81,290714
2025-04-08 23:00:00+00:00,NVDA,94.83,94.83,92.59,93.35,388753
2025-04-09 08:00:00+00:00,NVDA,98.82,101.16,96.85,99.38,1815221
2025-04-09 09:00:00+00:00,NVDA,99.38,100.16,98.35,98.8,703127
2025-04-09 10:00:00+00:00,NVDA,98.82,99.14,97.36,98.2,520768
2025-04-09 11:00:00+00:00,NVDA,98.15,98.3,94.59,95.79,1576445
2025-04-09 12:00:00+00:00,NVDA,95.77,98.57,95.51,97.8,1131087
2025-04-09 13:00:00+00:00,NVDA,97.82,100.38,97.71,99.78,11944868
2025-04-09 14:00:00+00:00,NVDA,99.78,101.18,97.84,97.86,10724938
2025-04-09 15:00:00+00:00,NVDA,97.875,99.86,97.73,98.56,7197499
2025-04-09 16:00:00+00:00,NVDA,98.56,101.3,98.12,100.66,7673359
2025-04-09 17:00:00+00:00,NVDA,100.66,110.41,100.28,110.11,25566028
2025-04-09 18:00:00+00:00,NVDA,110.13,112.99,109.57,111.07,19729078
2025-04-09 19:00:00+00:00,NVDA,111.08,115.1,110.38,114.25,27065457
2025-04-09 20:00:00+00:00,NVDA,114.22,114.6,113.15,114.05,51166984
2025-04-09 21:00:00+00:00,NVDA,114.02,114.24,112.29,112.86,421080
2025-04-09 22:00:00+00:00,NVDA,112.86,113.6,112.41,113.6,246349
2025-04-09 23:00:00+00:00,NVDA,113.6,113.7,112.22,112.58,279596
2025-04-10 08:00:00+00:00,NVDA,111.44,111.98,109.0,109.96,859126
2025-04-10 09:00:00+00:00,NVDA,110.0,110.67,109.62,110.34,542586
2025-04-10 10:00:00+00:00,NVDA,110.35,111.6,110.33,110.75,456909
2025-04-10 11:00:00+00:00,NVDA,110.74,111.15,110.29,110.92,498502
2025-04-10 12:00:00+00:00,NVDA,110.91,111.35,109.55,110.2,1314649
2025-04-10 13:00:00+00:00,NVDA,110.2,110.75,107.42,107.48,13251517
2025-04-10 14:00:00+00:00,NVDA,107.48,110.86,106.94,109.41,10704775
2025-04-10 15:00:00+00:00,NVDA,109.41,109.95,105.59,105.97,8702850
2025-04-10 16:00:00+00:00,NVDA,105.96,107.13,103.01,107.02,12288978
2025-04-10 17:00:00+00:00,NVDA,107.0,108.37,104.7,107.48,8471868
2025-04-10 18:00:00+00:00,NVDA,107.47,108.93,106.12,108.025,8403296
2025-04-10 19:00:00+00:00,NVDA,108.03,108.75,105.5,107.7,14965009
2025-04-10 20:00:00+00:00,NVDA,107.7,108.05,106.95,107.53,28003575
2025-04-10 21:00:00+00:00,NVDA,107.54,107.54,107.11,107.2,51597
2025-04-10 22:00:00+00:00,NVDA,107.19,108.18,107.18,107.77,96669
2025-04-10 23:00:00+00:00,NVDA,107.77,107.77,105.91,106.2,154214
2025-04-11 08:00:00+00:00,NVDA,108.6,108.75,106.67,107.32,547446
2025-04-11 09:00:00+00:00,NVDA,107.26,109.08,106.98,109.0,356757
2025-04-11 10:00:00+00:00,NVDA,108.98,109.19,108.27,108.9,452516
2025-04-11 11:00:00+00:00,NVDA,108.92,109.15,108.06,108.84,338986
2025-04-11 12:00:00+00:00,NVDA,108.88,109.62,108.64,108.8,493758
2025-04-11 13:00:00+00:00,NVDA,108.8,110.69,107.84,110.35,8874249
2025-04-11 14:00:00+00:00,NVDA,110.33,110.6,107.485,108.45,9735075
2025-04-11 15:00:00+00:00,NVDA,108.44,109.67,107.86,109.455,6298102
2025-04-11 16:00:00+00:00,NVDA,109.455,111.06,109.09,110.43,6099194
2025-04-11 17:00:00+00:00,NVDA,110.435,111.485,109.29,110.98,5863253
2025-04-11 18:00:00+00:00,NVDA,110.98,111.095,109.58,109.73,5106638
2025-04-11 19:00:00+00:00,NVDA,109.74,111.0,109.715,110.71,11210632
2025-04-11 20:00:00+00:00,NVDA,110.7,110.97,110.59,110.66,19666625
2025-04-11 21:00:00+00:00,NVDA,110.66,110.77,110.55,110.59,70789
2025-04-11 22:00:00+00:00,NVDA,110.58,110.59,110.47,110.52,26419
2025-04-11 23:00:00+00:00,NVDA,110.51,110.7,110.4,110.69,30167
2025-04-14 08:00:00+00:00,NVDA,114.7,114.82,113.46,113.51,469906
2025-04-14 09:00:00+00:00,NVDA,113.51,113.72,112.41,112.96,336662
2025-04-14 10:00:00+00:00,NVDA,113.0,113.27,112.79,113.25,219913
2025-04-14 11:00:00+00:00,NVDA,113.26,114.9,113.22,114.27,685512
2025-04-14 12:00:00+00:00,NVDA,114.27,114.83,114.1,114.62,332686
2025-04-14 13:00:00+00:00,NVDA,114.62,115.38,111.39,111.68,12161433
2025-04-14 14:00:00+00:00,NVDA,111.69,113.03,111.69,112.19,5816898
2025-04-14 15:00:00+00:00,NVDA,112.19,112.59,109.205,109.64,6139727
2025-04-14 16:00:00+00:00,NVDA,109.66,111.12,109.07,110.13,4115959
2025-04-14 17:00:00+00:00,NVDA,110.13,111.19,109.79,110.64,3380414
2025-04-14 18:00:00+00:00,NVDA,110.62,111.65,110.57,111.18,2787903
2025-04-14 19:00:00+00:00,NVDA,111.17,111.88,110.64,110.7,6032412
2025-04-14 20:00:00+00:00,NVDA,110.7,110.71,109.77,110.42,9268431
2025-04-14 21:00:00+00:00,NVDA,110.43,110.43,110.16,110.3,54188
2025-04-14 22:00:00+00:00,NVDA,110.25,110.27,109.57,109.57,57784
2025-04-14 23:00:00+00:00,NVDA,109.57,109.75,109.32,109.37,91762
2025-04-15 08:00:00+00:00,NVDA,111.0,111.31,110.71,111.05,151936
2025-04-15 09:00:00+00:00,NVDA,111.04,111.25,110.72,110.93,111740
2025-04-15 10:00:00+00:00,NVDA,110.93,111.05,110.48,110.87,88548
2025-04-15 11:00:00+00:00,NVDA,110.85,110.99,110.25,110.76,328616
2025-04-15 12:00:00+00:00,NVDA,110.73,110.94,109.85,110.44,335181
2025-04-15 13:00:00+00:00,NVDA,110.44,112.76,110.19,111.73,5451537
2025-04-15 14:00:00+00:00,NVDA,111.73,112.3,110.5,111.6,5240132
2025-04-15 15:00:00+00:00,NVDA,111.6,112.785,111.525,112.71,3554718
2025-04-15 16:00:00+00:00,NVDA,112.72,113.61,112.3,112.465,3534031
2025-04-15 17:00:00+00:00,NVDA,112.46,112.81,111.735,112.5,2654378
2025-04-15 18:00:00+00:00,NVDA,112.49,112.72,111.78,112.63,2564138
2025-04-15 19:00:00+00:00,NVDA,112.62,112.655,111.95,112.1,4602345
2025-04-15 20:00:00+00:00,NVDA,112.1,112.34,111.9,112.01,8251083
2025-04-15 21:00:00+00:00,NVDA,112.01,112.14,104.75,105.29,1819453
2025-04-15 22:00:00+00:00,NVDA,105.29,106.46,104.75,105.84,1041500
2025-04-15 23:00:00+00:00,NVDA,105.86,105.95,104.91,105.12,514263
2025-04-16 08:00:00+00:00,NVDA,105.27,107.38,104.21,106.24,1234328
2025-04-16 09:00:00+00:00,NVDA,106.25,106.57,105.46,105.7,876118
2025-04-16 10:00:00+00:00,NVDA,105.7,105.97,105.42,105.79,223092
2025-04-16 11:00:00+00:00,NVDA,105.79,105.8,104.59,104.92,792215
2025-04-16 12:00:00+00:00,NVDA,104.91,105.22,104.4,104.62,800830
2025-04-16 13:00:00+00:00,NVDA,104.62,106.79,104.13,105.22,12814799
2025-04-16 14:00:00+00:00,NVDA,105.22,105.745,104.07,104.35,8588389
2025-04-16 15:00:00+00:00,NVDA,104.36,105.44,103.8,104.41,6173401
2025-04-16 16:00:00+00:00,NVDA,104.42,104.475,103.565,103.65,4748331
2025-04-16 17:00:00+00:00,NVDA,103.65,104.0,101.89,102.02,6812677
2025-04-16 18:00:00+00:00,NVDA,102.01,102.74,100.45,101.04,7354945
2025-04-16 19:00:00+00:00,NVDA,101.05,104.55,100.67,104.5,14024384
2025-04-16 20:00:00+00:00,NVDA,104.5,104.55,103.0,103.03,30427941
2025-04-16 21:00:00+00:00,NVDA,103.04,103.78,103.04,103.6,212085
2025-04-16 22:00:00+00:00,NVDA,103.6,104.05,103.52,103.9,123544
2025-04-16 23:00:00+00:00,NVDA,103.89,103.9,103.25,103.39,109206
2025-04-17 08:00:00+00:00,NVDA,105.82,106.05,105.2,105.34,335548
2025-04-17 09:00:00+00:00,NVDA,105.35,105.98,105.3,105.65,180192
2025-04-17 10:00:00+00:00,NVDA,105.62,105.75,104.63,104.8,272747
2025-04-17 11:00:00+00:00,NVDA,104.76,104.89,104.22,104.88,229365
2025-04-17 12:00:00+00:00,NVDA,104.88,105.39,104.71,104.81,410943
2025-04-17 13:00:00+00:00,NVDA,104.8,104.8,102.03,102.92,13611011
2025-04-17 14:00:00+00:00,NVDA,102.915,103.06,100.12,100.14,10545396
2025-04-17 15:00:00+00:00,NVDA,100.14,101.33,100.05,100.275,6368835
2025-04-17 16:00:00+00:00,NVDA,100.275,101.71,100.16,101.56,6121421
2025-04-17 17:00:00+00:00,NVDA,101.55,101.84,100.79,101.485,3851384
2025-04-17 18:00:00+00:00,NVDA,101.48,102.49,101.43,101.43,4762170
2025-04-17 19:00:00+00:00,NVDA,101.425,101.82,100.85,101.41,8523825
2025-04-17 20:00:00+00:00,NVDA,101.4,101.69,101.24,101.35,14537694
2025-04-17 21:00:00+00:00,NVDA,101.38,101.67,101.18,101.21,101288
2025-04-17 22:00:00+00:00,NVDA,101.22,101.25,101.03,101.13,47604
2025-04-17 23:00:00+00:00,NVDA,101.13,101.39,101.07,101.28,53030
2025-04-21 08:00:00+00:00,NVDA,100.01,100.18,99.07,99.29,256745
2025-04-21 09:00:00+00:00,NVDA,99.3,99.44,98.77,99.05,251120
2025-04-21 10:00:00+00:00,NVDA,99.05,99.16,97.7,98.47,474731
2025-04-21 11:00:00+00:00,NVDA,98.48,99.58,97.67,97.94,643560
2025-04-21 12:00:00+00:00,NVDA,97.91,98.46,97.79,98.25,334602
2025-04-21 13:00:00+00:00,NVDA,98.24,99.44,96.8,96.85,9740855
2025-04-21 14:00:00+00:00,NVDA,96.84,97.05,95.57,96.365,6740102
2025-04-21 15:00:00+00:00,NVDA,96.365,96.57,95.74,95.84,3748525
2025-04-21 16:00:00+00:00,NVDA,95.84,96.39,95.68,95.71,2963362
2025-04-21 17:00:00+00:00,NVDA,95.72,95.85,95.05,95.17,2946750
2025-04-21 18:00:00+00:00,NVDA,95.17,95.805,95.04,95.3,2891078
2025-04-21 19:00:00+00:00,NVDA,95.29,97.2,95.21,96.8,9798232
2025-04-21 20:00:00+00:00,NVDA,96.8,97.01,96.2,96.23,24400014
2025-04-21 21:00:00+00:00,NVDA,96.24,96.44,96.22,96.34,69636
2025-04-21 22:00:00+00:00,NVDA,96.34,96.38,95.9,96.03,129789
2025-04-21 23:00:00+00:00,NVDA,96.03,96.65,96.0,96.65,81948
2025-04-22 08:00:00+00:00,NVDA,98.22,98.23,97.7,98.15,252363
2025-04-22 09:00:00+00:00,NVDA,98.15,98.51,98.04,98.12,149601
2025-04-22 10:00:00+00:00,NVDA,98.09,98.33,97.88,98.12,107570
2025-04-22 11:00:00+00:00,NVDA,98.1,98.14,97.61,97.73,181259
2025-04-22 12:00:00+00:00,NVDA,97.72,98.38,97.72,98.37,255030
2025-04-22 13:00:00+00:00,NVDA,98.36,99.27,97.36,98.94,7079333
2025-04-22 14:00:00+00:00,NVDA,98.94,99.38,98.355,98.645,4771973
2025-04-22 15:00:00+00:00,NVDA,98.65,99.45,98.3,98.88,4439381
2025-04-22 16:00:00+00:00,NVDA,98.88,99.81,98.88,99.17,3922514
2025-04-22 17:00:00+00:00,NVDA,99.165,99.595,97.57,97.76,4644118
2025-04-22 18:00:00+00:00,NVDA,97.765,98.82,97.715,98.685,2155278
2025-04-22 19:00:00+00:00,NVDA,98.69,99.0,97.29,98.88,7216949
2025-04-22 20:00:00+00:00,NVDA,98.88,99.2,98.6,99.03,17114841
2025-04-22 21:00:00+00:00,NVDA,99.02,102.36,98.89,101.85,939202
2025-04-22 22:00:00+00:00,NVDA,101.81,102.1,101.4,101.99,306344
2025-04-22 23:00:00+00:00,NVDA,102.02,102.66,101.97,102.5,280037
2025-04-23 08:00:00+00:00,NVDA,102.75,104.29,102.69,103.85,919569
2025-04-23 09:00:00+00:00,NVDA,103.85,104.09,103.54,103.82,257765
2025-04-23 10:00:00+00:00,NVDA,103.81,104.6,103.77,104.34,317585
2025-04-23 11:00:00+00:00,NVDA,104.33,104.7,104.01,104.01,411633
2025-04-23 12:00:00+00:00,NVDA,104.03,104.67,103.92,104.55,489578
2025-04-23 13:00:00+00:00,NVDA,104.55,104.8,102.61,103.4,10907212
2025-04-23 14:00:00+00:00,NVDA,103.41,104.74,102.58,103.86,7085830
2025-04-23 15:00:00+00:00,NVDA,103.87,104.29,102.62,103.265,6370005
2025-04-23 16:00:00+00:00,NVDA,103.26,104.18,102.65,104.05,3913065
2025-04-23 17:00:00+00:00,NVDA,104.05,104.33,103.49,104.09,3073625
2025-04-23 18:00:00+00:00,NVDA,104.08,104.16,103.27,103.5,2668082
2025-04-23 19:00:00+00:00,NVDA,103.49,103.66,102.02,102.51,8093585
2025-04-23 20:00:00+00:00,NVDA,102.51,103.2,102.37,102.71,18042880
2025-04-23 21:00:00+00:00,NVDA,102.72,102.97,102.36,102.55,98406
2025-04-23 22:00:00+00:00,NVDA,102.51,102.58,101.81,102.52,111106
2025-04-23 23:00:00+00:00,NVDA,102.51,102.95,102.17,102.49,76363
2025-04-24 08:00:00+00:00,NVDA,101.72,101.74,100.63,100.94,259623
2025-04-24 09:00:00+00:00,NVDA,100.95,101.98,100.92,101.9,172260
2025-04-24 10:00:00+00:00,NVDA,101.92,103.03,101.8,102.76,336222
2025-04-24 11:00:00+00:00,NVDA,102.78,102.82,102.31,102.71,217411
2025-04-24 12:00:00+00:00,NVDA,102.68,103.59,102.66,103.57,361779
2025-04-24 13:00:00+00:00,NVDA,103.59,105.15,103.12,104.94,6319132
2025-04-24 14:00:00+00:00,NVDA,104.95,105.59,104.46,104.86,4754262
2025-04-24 15:00:00+00:00,NVDA,104.85,105.99,104.76,105.29,3963329
2025-04-24 16:00:00+00:00,NVDA,105.3,106.265,105.04,106.15,3395519
2025-04-24 17:00:00+00:00,NVDA,106.155,106.455,105.87,106.26,2552230
2025-04-24 18:00:00+00:00,NVDA,106.25,106.5,106.095,106.17,2113610
2025-04-24 19:00:00+00:00,NVDA,106.16,106.54,105.51,106.37,6436179
2025-04-24 20:00:00+00:00,NVDA,106.37,106.59,106.01,106.15,25293299
2025-04-24 21:00:00+00:00,NVDA,106.15,106.99,106.12,106.99,173864
2025-04-24 22:00:00+00:00,NVDA,106.99,106.99,106.55,106.92,82237
2025-04-24 23:00:00+00:00,NVDA,106.95,107.9,106.85,107.72,154562
2025-04-25 08:00:00+00:00,NVDA,107.98,108.12,107.42,107.6,213946
2025-04-25 09:00:00+00:00,NVDA,107.66,107.66,107.07,107.39,145733
2025-04-25 10:00:00+00:00,NVDA,107.36,107.6,106.0,106.2,384893
2025-04-25 11:00:00+00:00,NVDA,106.22,107.08,106.18,106.52,399511
2025-04-25 12:00:00+00:00,NVDA,106.52,106.97,106.35,106.45,388112
2025-04-25 13:00:00+00:00,NVDA,106.44,107.72,105.74,106.85,5424880
2025-04-25 14:00:00+00:00,NVDA,106.87,108.505,106.77,108.09,4982891
2025-04-25 15:00:00+00:00,NVDA,108.1,109.32,107.89,109.025,3397794
2025-04-25 16:00:00+00:00,NVDA,109.03,110.975,108.485,110.975,5214802
2025-04-25 17:00:00+00:00,NVDA,110.97,111.92,109.83,110.37,5908326
2025-04-25 18:00:00+00:00,NVDA,110.365,111.44,110.16,111.09,3473315
2025-04-25 19:00:00+00:00,NVDA,111.09,111.18,110.21,110.96,7501421
2025-04-25 20:00:00+00:00,NVDA,110.96,111.15,110.75,110.96,14568431
2025-04-25 21:00:00+00:00,NVDA,110.95,111.05,110.72,110.73,69911
2025-04-25 22:00:00+00:00,NVDA,110.74,110.81,110.52,110.79,52431
2025-04-25 23:00:00+00:00,NVDA,110.76,110.9,110.69,110.9,55466
2025-04-28 08:00:00+00:00,NVDA,109.95,110.18,109.06,109.5,372389
2025-04-28 09:00:00+00:00,NVDA,109.5,110.11,109.38,109.86,188318
2025-04-28 10:00:00+00:00,NVDA,109.86,110.1,109.36,109.53,247475
2025-04-28 11:00:00+00:00,NVDA,109.55,109.74,109.11,109.27,244524
2025-04-28 12:00:00+00:00,NVDA,109.27,109.84,109.15,109.75,217985
2025-04-28 13:00:00+00:00,NVDA,109.78,110.36,108.1,108.44,6952131
2025-04-28 14:00:00+00:00,NVDA,108.45,108.92,107.73,107.79,4199081
2025-04-28 15:00:00+00:00,NVDA,107.79,108.0,106.385,107.27,3922167
2025-04-28 16:00:00+00:00,NVDA,107.26,107.335,106.545,106.71,2137003
2025-04-28 17:00:00+00:00,NVDA,106.7,107.035,106.02,106.99,2486638
2025-04-28 18:00:00+00:00,NVDA,106.99,107.6,106.7,107.47,2063407
2025-04-28 19:00:00+00:00,NVDA,107.47,108.85,107.41,108.64,5607140
2025-04-28 20:00:00+00:00,NVDA,108.73,108.73,108.36,108.47,14164497
2025-04-28 21:00:00+00:00,NVDA,108.51,108.52,108.18,108.31,62877
2025-04-28 22:00:00+00:00,NVDA,108.3,108.3,108.02,108.16,60558
2025-04-28 23:00:00+00:00,NVDA,108.17,108.29,108.09,108.11,52249
2025-04-29 08:00:00+00:00,NVDA,108.96,109.14,108.46,108.77,115191
2025-04-29 09:00:00+00:00,NVDA,108.78,108.8,108.57,108.74,64421
2025-04-29 10:00:00+00:00,NVDA,108.74,108.78,107.58,108.09,112211
2025-04-29 11:00:00+00:00,NVDA,108.08,108.16,107.88,108.12,83105
2025-04-29 12:00:00+00:00,NVDA,108.11,108.5,107.84,108.1,174620
2025-04-29 13:00:00+00:00,NVDA,108.09,109.22,107.4,108.8,5035729
2025-04-29 14:00:00+00:00,NVDA,108.78,109.72,108.3,108.85,3503212
2025-04-29 15:00:00+00:00,NVDA,108.855,109.235,108.45,108.93,1833151
2025-04-29 16:00:00+00:00,NVDA,108.93,109.265,108.22,108.37,1688210
2025-04-29 17:00:00+00:00,NVDA,108.37,109.675,108.285,109.43,1850519
2025-04-29 18:00:00+00:00,NVDA,109.43,110.13,109.315,109.565,2810610
2025-04-29 19:00:00+00:00,NVDA,109.565,109.85,108.775,108.92,6725114
2025-04-29 20:00:00+00:00,NVDA,108.91,109.02,105.71,107.23,10062505
2025-04-29 21:00:00+00:00,NVDA,107.19,107.33,106.7,106.88,298850
2025-04-29 22:00:00+00:00,NVDA,106.89,107.28,106.82,106.96,96456
2025-04-29 23:00:00+00:00,NVDA,106.96,107.02,106.76,106.78,79378
2025-04-30 08:00:00+00:00,NVDA,107.14,107.87,106.65,107.18,164813
2025-04-30 09:00:00+00:00,NVDA,107.18,107.52,107.17,107.31,55918
2025-04-30 10:00:00+00:00,NVDA,107.31,107.33,106.66,106.84,192315
2025-04-30 11:00:00+00:00,NVDA,106.86,106.89,106.38,106.69,199381
2025-04-30 12:00:00+00:00,NVDA,106.67,106.78,104.59,104.98,761470
2025-04-30 13:00:00+00:00,NVDA,104.96,105.53,104.08,104.65,7607321
2025-04-30 14:00:00+00:00,NVDA,104.65,106.44,104.58,106.01,3844489
2025-04-30 15:00:00+00:00,NVDA,105.98,106.9,105.97,106.63,2587618
2025-04-30 16:00:00+00:00,NVDA,106.625,106.9,105.75,106.35,2210859
2025-04-30 17:00:00+00:00,NVDA,106.36,107.27,105.64,107.07,2155924
2025-04-30 18:00:00+00:00,NVDA,107.06,107.84,106.865,107.39,3096819
2025-04-30 19:00:00+00:00,NVDA,107.39,108.88,107.1,108.8,8479592
2025-04-30 20:00:00+00:00,NVDA,108.76,112.64,108.43,112.26,27631868
2025-04-30 21:00:00+00:00,NVDA,112.3,113.1,111.22,111.81,675360
2025-04-30 22:00:00+00:00,NVDA,111.82,113.97,111.82,113.44,732373
2025-04-30 23:00:00+00:00,NVDA,113.4,113.52,112.92,112.98,207443
2025-05-01 08:00:00+00:00,NVDA,112.97,113.35,112.56,113.11,218876
2025-05-01 09:00:00+00:00,NVDA,113.1,113.71,113.02,113.55,217655
2025-05-01 10:00:00+00:00,NVDA,113.54,113.93,113.35,113.71,195353
2025-05-01 11:00:00+00:00,NVDA,113.72,114.47,113.6,114.22,410823
2025-05-01 12:00:00+00:00,NVDA,114.2,114.31,113.42,113.64,554631
2025-05-01 13:00:00+00:00,NVDA,113.65,114.15,112.085,112.8,10175911
2025-05-01 14:00:00+00:00,NVDA,112.8,113.68,112.36,113.53,5014616
2025-05-01 15:00:00+00:00,NVDA,113.53,114.94,113.055,113.25,7399243
2025-05-01 16:00:00+00:00,NVDA,113.26,113.9,112.87,113.125,2949146
2025-05-01 17:00:00+00:00,NVDA,113.12,113.87,112.89,113.31,2056562
2025-05-01 18:00:00+00:00,NVDA,113.315,113.91,113.235,113.26,1961791
2025-05-01 19:00:00+00:00,NVDA,113.27,113.28,111.32,111.53,7005246
2025-05-01 20:00:00+00:00,NVDA,111.53,111.9,110.73,111.79,17812295
2025-05-01 21:00:00+00:00,NVDA,111.78,111.99,111.01,111.05,119887
2025-05-01 22:00:00+00:00,NVDA,111.05,111.28,110.51,111.08,141615
2025-05-01 23:00:00+00:00,NVDA,111.05,111.55,111.04,111.09,53951
2025-05-02 08:00:00+00:00,NVDA,112.05,112.83,112.05,112.29,165659
2025-05-02 09:00:00+00:00,NVDA,112.31,112.89,112.29,112.85,68593
2025-05-02 10:00:00+00:00,NVDA,112.83,112.95,112.7,112.79,66942
2025-05-02 11:00:00+00:00,NVDA,112.76,112.88,112.51,112.66,77784
2025-05-02 12:00:00+00:00,NVDA,112.64,114.2,112.57,114.05,544974
2025-05-02 13:00:00+00:00,NVDA,114.07,115.4,113.61,113.92,8151088
2025-05-02 14:00:00+00:00,NVDA,113.92,114.445,113.38,114.435,4472843
2025-05-02 15:00:00+00:00,NVDA,114.43,114.85,114.3,114.755,2508861
2025-05-02 16:00:00+00:00,NVDA,114.76,115.25,114.42,114.42,3249381
2025-05-02 17:00:00+00:00,NVDA,114.43,114.76,113.95,114.45,2238717
2025-05-02 18:00:00+00:00,NVDA,114.46,115.04,114.33,114.505,2197269
2025-05-02 19:00:00+00:00,NVDA,114.5,114.6,113.9,114.39,6472023
2025-05-02 20:00:00+00:00,NVDA,114.37,114.65,114.19,114.25,13110507
2025-05-02 21:00:00+00:00,NVDA,114.25,114.3,114.1,114.19,51569
2025-05-02 22:00:00+00:00,NVDA,114.19,114.25,114.14,114.21,24853
2025-05-02 23:00:00+00:00,NVDA,114.2,114.29,114.14,114.22,28079
2025-05-05 08:00:00+00:00,NVDA,113.86,113.88,112.61,112.8,153995
2025-05-05 09:00:00+00:00,NVDA,112.81,113.26,112.47,112.97,114839
2025-05-05 10:00:00+00:00,NVDA,113.0,113.1,112.66,112.98,102628
2025-05-05 11:00:00+00:00,NVDA,112.99,113.21,112.82,112.91,125193
2025-05-05 12:00:00+00:00,NVDA,112.91,113.18,112.8,113.0,138926
2025-05-05 13:00:00+00:00,NVDA,112.97,114.38,112.76,113.75,3817453
2025-05-05 14:00:00+00:00,NVDA,113.76,114.2,112.67,113.565,3040982
2025-05-05 15:00:00+00:00,NVDA,113.56,114.12,113.4,113.57,1809074
2025-05-05 16:00:00+00:00,NVDA,113.57,114.06,113.56,114.03,963347
2025-05-05 17:00:00+00:00,NVDA,114.01,114.36,113.875,114.26,1110978
2025-05-05 18:00:00+00:00,NVDA,114.27,114.66,114.135,114.18,1191056
2025-05-05 19:00:00+00:00,NVDA,114.18,114.62,113.67,113.81,3483079
2025-05-05 20:00:00+00:00,NVDA,113.82,113.86,113.11,113.64,13650893
2025-05-05 21:00:00+00:00,NVDA,113.62,113.75,113.36,113.51,60997
2025-05-05 22:00:00+00:00,NVDA,113.5,113.53,113.26,113.31,17506
2025-05-05 23:00:00+00:00,NVDA,113.32,113.43,113.26,113.26,15780
2025-05-06 08:00:00+00:00,NVDA,113.17,113.17,112.34,112.6,132019
2025-05-06 09:00:00+00:00,NVDA,112.59,112.59,112.25,112.55,154285
2025-05-06 10:00:00+00:00,NVDA,112.51,112.69,112.43,112.62,41270
2025-05-06 11:00:00+00:00,NVDA,112.62,112.74,112.02,112.27,115783
2025-05-06 12:00:00+00:00,NVDA,112.27,112.41,112.08,112.32,141092
2025-05-06 13:00:00+00:00,NVDA,112.31,112.32,110.83,111.1,4920412
2025-05-06 14:00:00+00:00,NVDA,111.1,113.245,110.93,112.72,3983814
2025-05-06 15:00:00+00:00,NVDA,112.71,113.16,112.57,112.725,1445663
2025-05-06 16:00:00+00:00,NVDA,112.72,113.79,112.6,112.63,2585106
2025-05-06 17:00:00+00:00,NVDA,112.63,113.11,112.62,112.88,1383266
2025-05-06 18:00:00+00:00,NVDA,112.88,114.12,112.88,114.05,2361795
2025-05-06 19:00:00+00:00,NVDA,114.05,114.74,113.38,113.45,4742317
2025-05-06 20:00:00+00:00,NVDA,113.45,114.28,112.95,113.47,10384925
2025-05-06 21:00:00+00:00,NVDA,113.45,113.63,112.02,112.27,225798
2025-05-06 22:00:00+00:00,NVDA,112.27,114.62,112.26,114.49,348505
2025-05-06 23:00:00+00:00,NVDA,114.5,114.58,114.14,114.5,64183
2025-05-07 08:00:00+00:00,NVDA,114.28,114.34,113.64,114.11,113290
2025-05-07 09:00:00+00:00,NVDA,114.1,114.2,113.79,113.95,66733
2025-05-07 10:00:00+00:00,NVDA,113.9,114.13,113.72,113.95,80863
2025-05-07 11:00:00+00:00,NVDA,113.96,114.35,113.92,114.12,108015
2025-05-07 12:00:00+00:00,NVDA,114.1,114.15,113.6,113.79,129997
2025-05-07 13:00:00+00:00,NVDA,113.75,113.75,112.615,113.26,4681039
2025-05-07 14:00:00+00:00,NVDA,113.275,113.67,112.95,113.18,2841258
2025-05-07 15:00:00+00:00,NVDA,113.17,114.22,112.955,114.01,2330175
2025-05-07 16:00:00+00:00,NVDA,114.0,114.1,113.5,113.92,1447449
2025-05-07 17:00:00+00:00,NVDA,113.92,114.13,113.16,113.335,1469656
2025-05-07 18:00:00+00:00,NVDA,113.32,113.83,112.29,113.76,3016536
2025-05-07 19:00:00+00:00,NVDA,113.76,117.68,113.155,117.01,16916338
2025-05-07 20:00:00+00:00,NVDA,117.01,117.25,116.3,116.4,16598792
2025-05-07 21:00:00+00:00,NVDA,116.4,116.7,116.19,116.3,236258
2025-05-07 22:00:00+00:00,NVDA,116.31,116.52,116.14,116.37,57368
2025-05-07 23:00:00+00:00,NVDA,116.37,116.94,116.37,116.85,80614
2025-05-08 08:00:00+00:00,NVDA,119.42,119.45,118.86,119.19,337609
2025-05-08 09:00:00+00:00,NVDA,119.2,119.36,118.79,119.19,254842
2025-05-08 10:00:00+00:00,NVDA,119.19,119.42,118.82,119.02,221178
2025-05-08 11:00:00+00:00,NVDA,119.0,119.26,118.51,118.72,236991
2025-05-08 12:00:00+00:00,NVDA,118.71,119.2,118.34,118.72,370107
2025-05-08 13:00:00+00:00,NVDA,118.71,119.0,116.49,117.44,6770699
2025-05-08 14:00:00+00:00,NVDA,117.45,117.64,115.85,116.145,4628311
2025-05-08 15:00:00+00:00,NVDA,116.145,118.37,115.99,117.985,4913865
2025-05-08 16:00:00+00:00,NVDA,117.99,118.45,117.735,118.17,2619333
2025-05-08 17:00:00+00:00,NVDA,118.175,118.205,117.53,117.87,1868164
2025-05-08 18:00:00+00:00,NVDA,117.87,118.375,117.815,118.02,1806189
2025-05-08 19:00:00+00:00,NVDA,118.01,118.68,117.295,117.37,5751012
2025-05-08 20:00:00+00:00,NVDA,117.37,117.45,117.01,117.19,13502556
2025-05-08 21:00:00+00:00,NVDA,117.19,117.4,117.11,117.31,51991
2025-05-08 22:00:00+00:00,NVDA,117.33,117.35,117.2,117.29,37148
2025-05-08 23:00:00+00:00,NVDA,117.3,117.32,117.0,117.04,38701
2025-05-09 08:00:00+00:00,NVDA,117.85,118.2,117.64,117.8,88101
2025-05-09 09:00:00+00:00,NVDA,117.81,118.1,117.78,118.05,47309
2025-05-09 10:00:00+00:00,NVDA,118.06,118.19,117.95,117.98,48954
2025-05-09 11:00:00+00:00,NVDA,117.98,118.19,117.22,117.56,208495
2025-05-09 12:00:00+00:00,NVDA,117.51,117.92,117.39,117.78,151510
2025-05-09 13:00:00+00:00,NVDA,117.76,118.23,117.13,117.75,4138583
2025-05-09 14:00:00+00:00,NVDA,117.74,117.87,115.21,116.28,4699832
2025-05-09 15:00:00+00:00,NVDA,116.27,116.77,116.01,116.71,2123075
2025-05-09 16:00:00+00:00,NVDA,116.71,116.75,115.98,116.34,1333946
2025-05-09 17:00:00+00:00,NVDA,116.35,116.8,116.12,116.77,1400387
2025-05-09 18:00:00+00:00,NVDA,116.77,116.91,116.51,116.62,1060523
2025-05-09 19:00:00+00:00,NVDA,116.61,116.865,116.43,116.61,3719513
2025-05-09 20:00:00+00:00,NVDA,116.61,116.65,116.33,116.4,6843878
2025-05-09 21:00:00+00:00,NVDA,116.39,116.43,116.31,116.36,24706
2025-05-09 22:00:00+00:00,NVDA,116.37,116.43,116.33,116.36,11998
2025-05-09 23:00:00+00:00,NVDA,116.36,116.4,116.35,116.37,25790
2025-05-12 08:00:00+00:00,NVDA,120.0,122.2,119.79,122.07,691026
2025-05-12 09:00:00+00:00,NVDA,122.09,122.67,122.07,122.43,349401
2025-05-12 10:00:00+00:00,NVDA,122.43,122.78,122.02,122.44,352662
2025-05-12 11:00:00+00:00,NVDA,122.43,122.63,121.76,121.9,566670
2025-05-12 12:00:00+00:00,NVDA,121.91,122.05,121.58,121.93,497931
2025-05-12 13:00:00+00:00,NVDA,121.94,122.815,120.69,121.38,10482206
2025-05-12 14:00:00+00:00,NVDA,121.38,121.69,120.28,120.87,4260476
2025-05-12 15:00:00+00:00,NVDA,120.89,121.88,120.71,121.72,2858386
2025-05-12 16:00:00+00:00,NVDA,121.73,122.73,121.65,122.56,3351775
2025-05-12 17:00:00+00:00,NVDA,122.57,122.925,122.335,122.815,2139317
2025-05-12 18:00:00+00:00,NVDA,122.82,122.935,122.5,122.6,2042475
2025-05-12 19:00:00+00:00,NVDA,122.6,123.0,122.08,122.99,7979298
2025-05-12 20:00:00+00:00,NVDA,122.99,123.08,122.56,122.71,20024679
2025-05-12 21:00:00+00:00,NVDA,122.71,122.8,122.53,122.79,119572
2025-05-12 22:00:00+00:00,NVDA,122.78,122.86,122.61,122.73,27304
2025-05-12 23:00:00+00:00,NVDA,122.72,122.94,122.72,122.81,51356
2025-05-13 08:00:00+00:00,NVDA,122.25,122.31,121.67,121.77,159943
2025-05-13 09:00:00+00:00,NVDA,121.77,122.37,121.77,122.28,84816
2025-05-13 10:00:00+00:00,NVDA,122.33,123.32,122.12,123.04,242708
2025-05-13 11:00:00+00:00,NVDA,123.04,124.03,123.04,123.96,299441
2025-05-13 12:00:00+00:00,NVDA,123.98,124.94,123.7,124.86,616863
2025-05-13 13:00:00+00:00,NVDA,124.85,127.89,124.47,127.725,12390676
2025-05-13 14:00:00+00:00,NVDA,127.73,130.83,127.47,130.63,14783966
2025-05-13 15:00:00+00:00,NVDA,130.63,130.64,129.45,129.91,7891247
2025-05-13 16:00:00+00:00,NVDA,129.92,131.0,129.32,130.63,5249422
2025-05-13 17:00:00+00:00,NVDA,130.635,131.215,130.225,130.245,3835651
2025-05-13 18:00:00+00:00,NVDA,130.25,130.5,129.72,130.47,4362292
2025-05-13 19:00:00+00:00,NVDA,130.47,130.675,129.82,129.84,7230085
2025-05-13 20:00:00+00:00,NVDA,129.835,129.96,129.41,129.44,17622543
2025-05-13 21:00:00+00:00,NVDA,129.47,130.31,129.45,130.24,125501
2025-05-13 22:00:00+00:00,NVDA,130.24,130.48,130.21,130.44,137400
2025-05-13 23:00:00+00:00,NVDA,130.43,131.35,130.41,131.28,259202
2025-05-14 08:00:00+00:00,NVDA,132.1,132.74,131.32,132.42,595180
2025-05-14 09:00:00+00:00,NVDA,132.42,132.56,131.95,132.17,259638
2025-05-14 10:00:00+00:00,NVDA,132.16,132.5,131.9,132.41,187414
2025-05-14 11:00:00+00:00,NVDA,132.4,134.25,132.24,133.84,742720
2025-05-14 12:00:00+00:00,NVDA,133.83,134.1,133.38,133.53,761242
2025-05-14 13:00:00+00:00,NVDA,133.52,134.86,131.93,132.665,12982459
2025-05-14 14:00:00+00:00,NVDA,132.67,133.775,131.69,133.515,6367221
2025-05-14 15:00:00+00:00,NVDA,133.52,134.59,133.005,134.51,4548695
2025-05-14 16:00:00+00:00,NVDA,134.505,135.43,134.37,134.71,5433847
2025-05-14 17:00:00+00:00,NVDA,134.72,135.15,133.965,134.99,3514883
2025-05-14 18:00:00+00:00,NVDA,134.995,135.32,134.43,135.09,2959595
2025-05-14 19:00:00+00:00,NVDA,135.1,135.395,134.27,135.34,7680439
2025-05-14 20:00:00+00:00,NVDA,135.34,136.59,135.02,136.25,15946165
2025-05-14 21:00:00+00:00,NVDA,136.25,136.27,135.11,135.51,289899
2025-05-14 22:00:00+00:00,NVDA,135.54,136.0,135.45,135.98,74248
2025-05-14 23:00:00+00:00,NVDA,135.99,136.25,135.55,136.25,135932
2025-05-15 08:00:00+00:00,NVDA,133.51,134.34,132.08,132.15,638569
2025-05-15 09:00:00+00:00,NVDA,132.16,133.08,131.88,132.96,411403
2025-05-15 10:00:00+00:00,NVDA,132.94,133.6,132.5,133.11,256552
2025-05-15 11:00:00+00:00,NVDA,133.12,134.64,133.09,134.18,528489
2025-05-15 12:00:00+00:00,NVDA,134.19,134.96,133.75,134.32,431644
2025-05-15 13:00:00+00:00,NVDA,134.33,134.71,132.67,133.59,7189851
2025-05-15 14:00:00+00:00,NVDA,133.58,134.2,132.75,133.565,4390879
2025-05-15 15:00:00+00:00,NVDA,133.57,134.67,133.44,134.53,2619192
2025-05-15 16:00:00+00:00,NVDA,134.53,136.245,134.525,135.78,4263312
2025-05-15 17:00:00+00:00,NVDA,135.79,136.3,135.73,135.93,2575234
2025-05-15 18:00:00+00:00,NVDA,135.93,135.96,134.58,134.61,2730161
2025-05-15 19:00:00+00:00,NVDA,134.615,135.015,133.59,134.89,6854329
2025-05-15 20:00:00+00:00,NVDA,134.89,135.4,134.63,134.72,12167979
2025-05-15 21:00:00+00:00,NVDA,134.7,134.7,134.28,134.35,58963
2025-05-15 22:00:00+00:00,NVDA,134.36,134.48,134.29,134.36,45168
2025-05-15 23:00:00+00:00,NVDA,134.38,134.87,134.31,134.66,60609
2025-05-16 08:00:00+00:00,NVDA,134.95,136.08,133.99,135.86,301224
2025-05-16 09:00:00+00:00,NVDA,135.89,135.9,135.66,135.71,96613
2025-05-16 10:00:00+00:00,NVDA,135.72,135.97,135.38,135.91,116087
2025-05-16 11:00:00+00:00,NVDA,135.91,136.39,135.61,136.39,196514
2025-05-16 12:00:00+00:00,NVDA,136.4,136.89,136.08,136.31,427533
2025-05-16 13:00:00+00:00,NVDA,136.31,136.58,135.03,135.55,10944509
2025-05-16 14:00:00+00:00,NVDA,135.54,136.115,133.47,134.32,6281822
2025-05-16 15:00:00+00:00,NVDA,134.33,135.325,134.32,134.66,2838270
2025-05-16 16:00:00+00:00,NVDA,134.665,135.16,134.535,134.62,1851747
2025-05-16 17:00:00+00:00,NVDA,134.625,136.25,134.435,135.545,4073952
2025-05-16 18:00:00+00:00,NVDA,135.55,135.55,134.955,135.12,1986938
2025-05-16 19:00:00+00:00,NVDA,135.12,135.635,134.875,135.32,6096526
2025-05-16 20:00:00+00:00,NVDA,135.32,135.5,134.71,134.87,16454777
2025-05-16 21:00:00+00:00,NVDA,134.89,135.03,133.91,133.98,667326
2025-05-16 22:00:00+00:00,NVDA,133.97,134.35,131.84,132.53,449379
2025-05-16 23:00:00+00:00,NVDA,132.53,133.23,132.07,132.13,234988
2025-05-19 08:00:00+00:00,NVDA,132.32,132.57,130.03,130.39,742355
2025-05-19 09:00:00+00:00,NVDA,130.38,131.0,130.25,130.92,314863
2025-05-19 10:00:00+00:00,NVDA,130.92,132.16,130.61,131.5,428372
2025-05-19 11:00:00+00:00,NVDA,131.5,131.93,130.98,131.66,488321
2025-05-19 12:00:00+00:00,NVDA,131.65,132.3,131.4,132.06,428090
2025-05-19 13:00:00+00:00,NVDA,132.06,134.905,131.5,134.08,8580529
2025-05-19 14:00:00+00:00,NVDA,134.07,135.87,133.93,134.65,6149755
2025-05-19 15:00:00+00:00,NVDA,134.66,135.72,134.305,135.085,3301699
2025-05-19 16:00:00+00:00,NVDA,135.09,135.33,134.7,135.09,2097475
2025-05-19 17:00:00+00:00,NVDA,135.09,135.7,135.01,135.43,2408948
2025-05-19 18:00:00+00:00,NVDA,135.43,135.555,134.955,135.285,1598433
2025-05-19 19:00:00+00:00,NVDA,135.29,135.6,134.99,135.49,4467769
2025-05-19 20:00:00+00:00,NVDA,135.49,135.96,135.26,135.36,9501041
2025-05-19 21:00:00+00:00,NVDA,135.36,135.51,135.3,135.42,35605
2025-05-19 22:00:00+00:00,NVDA,135.41,135.44,135.33,135.36,22491
2025-05-19 23:00:00+00:00,NVDA,135.4,135.9,135.38,135.62,63751
2025-05-20 08:00:00+00:00,NVDA,135.13,135.25,134.8,134.96,130611
2025-05-20 09:00:00+00:00,NVDA,135.0,135.15,134.92,135.03,66091
2025-05-20 10:00:00+00:00,NVDA,135.04,135.32,134.96,135.27,87054
2025-05-20 11:00:00+00:00,NVDA,135.27,135.42,134.9,135.01,211558
2025-05-20 12:00:00+00:00,NVDA,135.01,135.15,134.61,134.68,173453
2025-05-20 13:00:00+00:00,NVDA,134.67,134.85,132.75,133.08,5821655
2025-05-20 14:00:00+00:00,NVDA,133.08,133.92,132.625,133.645,3798466
2025-05-20 15:00:00+00:00,NVDA,133.64,134.26,133.305,134.14,2793274
2025-05-20 16:00:00+00:00,NVDA,134.13,134.43,133.73,134.155,1826049
2025-05-20 17:00:00+00:00,NVDA,134.155,134.435,133.825,134.005,2055560
2025-05-20 18:00:00+00:00,NVDA,134.0,134.24,133.375,133.635,2698012
2025-05-20 19:00:00+00:00,NVDA,133.63,134.46,133.04,134.38,5005949
2025-05-20 20:00:00+00:00,NVDA,134.39,135.25,134.11,134.67,8735456
2025-05-20 21:00:00+00:00,NVDA,134.66,134.66,134.25,134.3,66457
2025-05-20 22:00:00+00:00,NVDA,134.29,134.33,133.7,133.97,55197
2025-05-20 23:00:00+00:00,NVDA,133.92,134.28,133.92,133.97,34936
2025-05-21 08:00:00+00:00,NVDA,133.57,133.67,132.95,133.22,128853
2025-05-21 09:00:00+00:00,NVDA,133.24,133.38,132.93,132.97,113144
2025-05-21 10:00:00+00:00,NVDA,132.97,133.29,132.65,133.29,117583
2025-05-21 11:00:00+00:00,NVDA,133.27,133.42,133.02,133.29,105049
2025-05-21 12:00:00+00:00,NVDA,133.27,133.62,133.22,133.33,125810
2025-05-21 13:00:00+00:00,NVDA,133.33,134.9,133.0,134.35,5200577
2025-05-21 14:00:00+00:00,NVDA,134.35,134.85,133.75,134.85,4320675
2025-05-21 15:00:00+00:00,NVDA,134.845,137.065,134.705,136.745,6146828
2025-05-21 16:00:00+00:00,NVDA,136.745,137.4,136.705,136.925,3204601
2025-05-21 17:00:00+00:00,NVDA,136.93,137.07,132.71,133.37,10093153
2025-05-21 18:00:00+00:00,NVDA,133.38,133.52,132.29,132.53,6487329
2025-05-21 19:00:00+00:00,NVDA,132.53,132.75,130.59,131.73,10825131
2025-05-21 20:00:00+00:00,NVDA,131.73,131.85,131.23,131.4,18282130
2025-05-21 21:00:00+00:00,NVDA,131.37,131.56,131.37,131.46,66900
2025-05-21 22:00:00+00:00,NVDA,131.45,131.58,131.2,131.4,29985
2025-05-21 23:00:00+00:00,NVDA,131.39,131.55,131.0,131.15,69668
2025-05-22 08:00:00+00:00,NVDA,132.29,132.95,132.22,132.67,190320
2025-05-22 09:00:00+00:00,NVDA,132.63,132.84,132.46,132.74,108487
2025-05-22 10:00:00+00:00,NVDA,132.73,132.73,132.2,132.28,102143
2025-05-22 11:00:00+00:00,NVDA,132.26,132.87,131.69,131.69,215454
2025-05-22 12:00:00+00:00,NVDA,131.73,132.49,131.05,132.49,346109
2025-05-22 13:00:00+00:00,NVDA,132.49,133.625,131.55,133.46,5752135
2025-05-22 14:00:00+00:00,NVDA,133.47,133.95,132.535,133.135,5166070
2025-05-22 15:00:00+00:00,NVDA,133.14,133.5,132.585,133.425,3658847
2025-05-22 16:00:00+00:00,NVDA,133.42,133.85,133.02,133.18,2797620
2025-05-22 17:00:00+00:00,NVDA,133.185,133.72,133.07,133.455,2629402
2025-05-22 18:00:00+00:00,NVDA,133.455,134.195,133.11,133.93,2781777
2025-05-22 19:00:00+00:00,NVDA,133.94,134.25,132.66,132.79,6219113
2025-05-22 20:00:00+00:00,NVDA,132.78,133.15,132.61,133.1,10643439
2025-05-22 21:00:00+00:00,NVDA,133.13,133.2,132.89,133.09,44293
2025-05-22 22:00:00+00:00,NVDA,133.1,133.19,132.7,132.83,36040
2025-05-22 23:00:00+00:00,NVDA,132.82,132.95,132.73,132.83,51107
2025-05-23 08:00:00+00:00,NVDA,133.08,133.27,132.87,133.04,95755
2025-05-23 09:00:00+00:00,NVDA,133.03,133.1,132.32,132.9,110143
2025-05-23 10:00:00+00:00,NVDA,132.89,133.1,132.79,133.08,54692
2025-05-23 11:00:00+00:00,NVDA,133.07,133.17,130.33,130.43,621244
2025-05-23 12:00:00+00:00,NVDA,130.43,130.45,127.8,129.21,1515440
2025-05-23 13:00:00+00:00,NVDA,129.24,130.99,128.96,130.31,7432337
2025-05-23 14:00:00+00:00,NVDA,130.32,131.37,130.24,131.2,5357842
2025-05-23 15:00:00+00:00,NVDA,131.21,131.48,130.19,130.69,3474302
2025-05-23 16:00:00+00:00,NVDA,130.695,131.29,130.63,131.06,2830824
2025-05-23 17:00:00+00:00,NVDA,131.06,132.095,130.935,131.9,3218707
2025-05-23 18:00:00+00:00,NVDA,131.895,132.68,131.585,131.865,4446530
2025-05-23 19:00:00+00:00,NVDA,131.865,132.13,131.14,131.29,7334175
2025-05-23 20:00:00+00:00,NVDA,131.3,131.38,130.97,131.26,9647076
2025-05-23 21:00:00+00:00,NVDA,131.27,131.29,131.14,131.18,19721
2025-05-23 22:00:00+00:00,NVDA,131.18,131.23,131.16,131.2,13815
2025-05-23 23:00:00+00:00,NVDA,131.19,131.25,131.15,131.18,17786
2025-05-27 08:00:00+00:00,NVDA,134.99,135.05,134.5,134.59,238939
2025-05-27 09:00:00+00:00,NVDA,134.6,135.08,134.53,134.83,191180
2025-05-27 10:00:00+00:00,NVDA,134.83,135.0,134.73,134.75,78500
2025-05-27 11:00:00+00:00,NVDA,134.73,134.75,134.3,134.57,135813
2025-05-27 12:00:00+00:00,NVDA,134.56,134.7,134.37,134.61,155078
2025-05-27 13:00:00+00:00,NVDA,134.62,135.0,133.31,134.45,8265702
2025-05-27 14:00:00+00:00,NVDA,134.45,135.56,134.41,135.22,5459879
2025-05-27 15:00:00+00:00,NVDA,135.21,135.39,134.84,135.06,2688375
2025-05-27 16:00:00+00:00,NVDA,135.065,135.66,135.025,135.21,2546056
2025-05-27 17:00:00+00:00,NVDA,135.21,135.65,135.21,135.52,2073992
2025-05-27 18:00:00+00:00,NVDA,135.51,135.625,135.035,135.38,2361405
2025-05-27 19:00:00+00:00,NVDA,135.37,135.5,134.72,135.49,7079127
2025-05-27 20:00:00+00:00,NVDA,135.49,135.77,135.07,135.3,15234393
2025-05-27 21:00:00+00:00,NVDA,135.27,135.41,135.25,135.33,56190
2025-05-27 22:00:00+00:00,NVDA,135.31,135.48,135.2,135.48,31775
2025-05-27 23:00:00+00:00,NVDA,135.47,135.59,135.42,135.59,52279
2025-05-28 08:00:00+00:00,NVDA,135.63,135.98,135.06,135.11,184378
2025-05-28 09:00:00+00:00,NVDA,135.12,135.75,135.03,135.75,146249
2025-05-28 10:00:00+00:00,NVDA,135.74,136.47,135.72,136.42,173655
2025-05-28 11:00:00+00:00,NVDA,136.41,136.59,136.11,136.57,174976
2025-05-28 12:00:00+00:00,NVDA,136.58,136.76,136.25,136.41,237729
2025-05-28 13:00:00+00:00,NVDA,136.43,136.47,135.05,135.05,7711557
2025-05-28 14:00:00+00:00,NVDA,135.05,135.48,134.8,134.995,3898708
2025-05-28 15:00:00+00:00,NVDA,135.0,135.91,134.98,135.52,2909020
2025-05-28 16:00:00+00:00,NVDA,135.53,136.11,135.525,135.76,2757076
2025-05-28 17:00:00+00:00,NVDA,135.76,136.68,135.755,136.67,3667527
2025-05-28 18:00:00+00:00,NVDA,136.66,137.25,136.32,136.9,4276044
2025-05-28 19:00:00+00:00,NVDA,136.9,137.18,134.79,134.82,10048213
2025-05-28 20:00:00+00:00,NVDA,134.82,141.8,134.0,141.75,21221342
2025-05-28 21:00:00+00:00,NVDA,141.78,143.16,139.84,140.5,4264967
2025-05-28 22:00:00+00:00,NVDA,140.51,141.2,140.2,140.8,732851
2025-05-28 23:00:00+00:00,NVDA,140.73,141.99,140.69,141.38,1129566
2025-05-29 08:00:00+00:00,NVDA,142.07,142.45,141.34,141.67,496110
2025-05-29 09:00:00+00:00,NVDA,141.66,143.84,141.63,143.54,772719
2025-05-29 10:00:00+00:00,NVDA,143.53,143.71,142.62,142.83,509017
2025-05-29 11:00:00+00:00,NVDA,142.81,143.34,141.8,142.1,716176
2025-05-29 12:00:00+00:00,NVDA,142.07,142.56,141.61,142.03,826562
2025-05-29 13:00:00+00:00,NVDA,142.04,143.49,140.85,141.59,24902431
2025-05-29 14:00:00+00:00,NVDA,141.58,141.885,139.3,141.785,12370189
2025-05-29 15:00:00+00:00,NVDA,141.79,141.94,140.34,140.54,5499690
2025-05-29 16:00:00+00:00,NVDA,140.54,141.05,140.055,140.45,4352568
2025-05-29 17:00:00+00:00,NVDA,140.45,140.605,138.33,138.79,5473138
2025-05-29 18:00:00+00:00,NVDA,138.8,139.48,137.91,139.02,5030976
2025-05-29 19:00:00+00:00,NVDA,139.02,139.46,138.44,139.18,8568601
2025-05-29 20:00:00+00:00,NVDA,139.18,139.28,138.63,138.68,13709737
2025-05-29 21:00:00+00:00,NVDA,138.73,138.79,138.01,138.05,113388
2025-05-29 22:00:00+00:00,NVDA,138.07,138.33,137.82,137.85,95070
2025-05-29 23:00:00+00:00,NVDA,137.86,138.09,137.8,137.81,122797
2025-05-30 08:00:00+00:00,NVDA,137.81,139.07,137.81,138.19,208756
2025-05-30 09:00:00+00:00,NVDA,138.18,138.49,138.11,138.11,144492
2025-05-30 10:00:00+00:00,NVDA,138.11,138.82,138.05,138.82,136837
2025-05-30 11:00:00+00:00,NVDA,138.8,139.34,138.56,138.94,147968
2025-05-30 12:00:00+00:00,NVDA,138.94,139.22,138.02,138.35,496905
2025-05-30 13:00:00+00:00,NVDA,138.36,139.62,135.8,136.165,8012512
2025-05-30 14:00:00+00:00,NVDA,136.15,137.45,136.04,136.465,5598586
2025-05-30 15:00:00+00:00,NVDA,136.47,136.61,134.745,135.38,5125991
2025-05-30 16:00:00+00:00,NVDA,135.39,135.41,132.925,133.74,6845731
2025-05-30 17:00:00+00:00,NVDA,133.745,134.91,133.6,133.935,3820048
2025-05-30 18:00:00+00:00,NVDA,133.94,135.095,133.79,134.525,3265115
2025-05-30 19:00:00+00:00,NVDA,134.52,135.74,134.43,134.84,11184655
2025-05-30 20:00:00+00:00,NVDA,134.84,135.14,134.83,134.98,42649303
2025-05-30 21:00:00+00:00,NVDA,134.98,135.24,134.95,135.23,142655
2025-05-30 22:00:00+00:00,NVDA,135.24,135.25,134.75,134.77,26647
2025-05-30 23:00:00+00:00,NVDA,134.8,134.93,134.4,134.53,43933
2025-06-02 08:00:00+00:00,NVDA,133.56,134.18,133.56,133.95,211929
2025-06-02 09:00:00+00:00,NVDA,133.93,134.0,133.7,133.92,90017
2025-06-02 10:00:00+00:00,NVDA,133.9,134.67,133.65,134.35,136645
2025-06-02 11:00:00+00:00,NVDA,134.36,134.53,134.14,134.18,140364
2025-06-02 12:00:00+00:00,NVDA,134.19,134.97,134.16,134.94,175877
2025-06-02 13:00:00+00:00,NVDA,134.95,137.655,134.8,136.33,7445703
2025-06-02 14:00:00+00:00,NVDA,136.32,137.17,135.87,136.41,5631803
2025-06-02 15:00:00+00:00,NVDA,136.41,137.425,136.175,137.28,3049392
2025-06-02 16:00:00+00:00,NVDA,137.285,137.635,137.07,137.41,2187913
2025-06-02 17:00:00+00:00,NVDA,137.41,137.82,137.33,137.58,1965671
2025-06-02 18:00:00+00:00,NVDA,137.58,138.115,137.125,137.94,2806114
2025-06-02 19:00:00+00:00,NVDA,137.94,137.97,136.96,137.37,4566079
2025-06-02 20:00:00+00:00,NVDA,137.37,137.72,137.37,137.7,9421957
2025-06-02 21:00:00+00:00,NVDA,137.69,137.87,137.69,137.72,55221
2025-06-02 22:00:00+00:00,NVDA,137.71,137.71,137.48,137.53,19766
2025-06-02 23:00:00+00:00,NVDA,137.53,137.7,137.31,137.45,27213
2025-06-03 08:00:00+00:00,NVDA,137.26,137.26,136.51,137.0,90153
2025-06-03 09:00:00+00:00,NVDA,137.02,137.33,136.95,137.11,110310
2025-06-03 10:00:00+00:00,NVDA,137.11,137.78,136.95,137.78,119538
2025-06-03 11:00:00+00:00,NVDA,137.75,138.3,137.6,138.18,166700
2025-06-03 12:00:00+00:00,NVDA,138.18,138.2,137.86,138.19,220115
2025-06-03 13:00:00+00:00,NVDA,138.19,140.445,137.95,140.32,7782219
2025-06-03 14:00:00+00:00,NVDA,140.33,141.97,140.33,141.94,8349202
2025-06-03 15:00:00+00:00,NVDA,141.94,142.0,141.08,141.47,3574818
2025-06-03 16:00:00+00:00,NVDA,141.46,141.86,141.33,141.735,2027465
2025-06-03 17:00:00+00:00,NVDA,141.74,141.77,141.085,141.1,1984027
2025-06-03 18:00:00+00:00,NVDA,141.105,141.44,140.26,141.425,3410880
2025-06-03 19:00:00+00:00,NVDA,141.425,141.53,141.04,141.27,5793719
2025-06-03 20:00:00+00:00,NVDA,141.26,141.34,140.85,141.09,12863532
2025-06-03 21:00:00+00:00,NVDA,141.09,141.27,141.05,141.18,43068
2025-06-03 22:00:00+00:00,NVDA,141.16,141.5,141.13,141.47,43033
2025-06-03 23:00:00+00:00,NVDA,141.44,141.52,141.34,141.48,49308
2025-06-04 08:00:00+00:00,NVDA,141.6,142.36,141.55,142.13,175864
2025-06-04 09:00:00+00:00,NVDA,142.15,142.62,142.1,142.49,114759
2025-06-04 10:00:00+00:00,NVDA,142.47,142.57,142.13,142.38,85859
2025-06-04 11:00:00+00:00,NVDA,142.39,142.56,142.06,142.46,121657
2025-06-04 12:00:00+00:00,NVDA,142.46,142.59,141.73,142.14,361827
2025-06-04 13:00:00+00:00,NVDA,142.14,142.39,140.78,141.15,6362025
2025-06-04 14:00:00+00:00,NVDA,141.16,141.38,139.55,141.36,4930067
2025-06-04 15:00:00+00:00,NVDA,141.37,141.55,140.925,140.95,2623447
2025-06-04 16:00:00+00:00,NVDA,140.95,141.04,140.355,140.59,1846999
2025-06-04 17:00:00+00:00,NVDA,140.6,141.18,140.54,141.05,1483503
2025-06-04 18:00:00+00:00,NVDA,141.05,141.775,141.04,141.44,2344709
2025-06-04 19:00:00+00:00,NVDA,141.445,141.97,141.395,141.84,4684583
2025-06-04 20:00:00+00:00,NVDA,141.84,141.92,141.46,141.55,8594376
2025-06-04 21:00:00+00:00,NVDA,141.59,141.68,141.48,141.65,30562
2025-06-04 22:00:00+00:00,NVDA,141.64,141.69,141.48,141.49,39344
2025-06-04 23:00:00+00:00,NVDA,141.48,141.58,141.31,141.35,30452
2025-06-05 08:00:00+00:00,NVDA,141.69,142.36,141.69,141.9,130967
2025-06-05 09:00:00+00:00,NVDA,141.9,141.91,141.65,141.71,50545
2025-06-05 10:00:00+00:00,NVDA,141.72,141.95,141.34,141.65,83947
2025-06-05 11:00:00+00:00,NVDA,141.65,141.67,141.11,141.33,84570
2025-06-05 12:00:00+00:00,NVDA,141.33,142.18,141.02,141.64,340948
2025-06-05 13:00:00+00:00,NVDA,141.67,143.19,140.74,140.965,7255552
2025-06-05 14:00:00+00:00,NVDA,140.97,142.6,140.83,142.525,5450235
2025-06-05 15:00:00+00:00,NVDA,142.525,144.0,142.38,143.75,5478810
2025-06-05 16:00:00+00:00,NVDA,143.74,143.76,140.97,141.18,3936106
2025-06-05 17:00:00+00:00,NVDA,141.18,141.87,140.79,140.98,2419403
2025-06-05 18:00:00+00:00,NVDA,140.99,141.125,139.79,140.62,3929676
2025-06-05 19:00:00+00:00,NVDA,140.615,140.9,138.84,139.95,8639573
2025-06-05 20:00:00+00:00,NVDA,139.95,140.3,138.05,138.15,21097882
2025-06-05 21:00:00+00:00,NVDA,138.13,139.12,137.87,138.04,223571
2025-06-05 22:00:00+00:00,NVDA,138.05,139.0,138.05,138.95,72126
2025-06-05 23:00:00+00:00,NVDA,138.96,139.32,138.9,138.95,61661
2025-06-06 08:00:00+00:00,NVDA,140.29,140.46,139.77,140.37,119978
2025-06-06 09:00:00+00:00,NVDA,140.38,140.93,140.24,140.89,71731
2025-06-06 10:00:00+00:00,NVDA,140.91,140.92,140.35,140.42,74567
2025-06-06 11:00:00+00:00,NVDA,140.39,140.67,140.25,140.51,95898
2025-06-06 12:00:00+00:00,NVDA,140.5,141.96,140.5,141.84,421120
2025-06-06 13:00:00+00:00,NVDA,141.85,143.27,141.8,142.36,6704915
2025-06-06 14:00:00+00:00,NVDA,142.37,142.59,141.51,142.39,3871411
2025-06-06 15:00:00+00:00,NVDA,142.39,142.79,141.565,142.115,2933971
2025-06-06 16:00:00+00:00,NVDA,142.115,142.88,141.55,141.875,2903209
2025-06-06 17:00:00+00:00,NVDA,141.885,142.49,141.76,142.44,1637471
2025-06-06 18:00:00+00:00,NVDA,142.445,142.86,142.22,142.245,2437702
2025-06-06 19:00:00+00:00,NVDA,142.24,142.335,141.64,141.69,5385772
2025-06-06 20:00:00+00:00,NVDA,141.685,142.03,141.5,141.97,9306245
2025-06-06 21:00:00+00:00,NVDA,141.95,142.0,141.62,141.67,41773
2025-06-06 22:00:00+00:00,NVDA,141.7,141.83,141.69,141.76,9602
2025-06-06 23:00:00+00:00,NVDA,141.77,141.85,141.71,141.85,27168
2025-06-09 08:00:00+00:00,NVDA,142.19,142.51,142.13,142.44,113588
2025-06-09 09:00:00+00:00,NVDA,142.44,142.49,142.32,142.43,49951
2025-06-09 10:00:00+00:00,NVDA,142.42,142.45,142.14,142.23,65392
2025-06-09 11:00:00+00:00,NVDA,142.23,142.8,142.16,142.71,154560
2025-06-09 12:00:00+00:00,NVDA,142.73,143.58,142.63,143.27,376121
2025-06-09 13:00:00+00:00,NVDA,143.28,144.7,142.9,143.61,6497602
2025-06-09 14:00:00+00:00,NVDA,143.63,145.0,143.41,144.23,5878857
2025-06-09 15:00:00+00:00,NVDA,144.24,144.605,142.4,142.84,5097004
2025-06-09 16:00:00+00:00,NVDA,142.84,143.05,141.94,142.69,3279552
2025-06-09 17:00:00+00:00,NVDA,142.69,143.045,141.97,142.31,1947279
2025-06-09 18:00:00+00:00,NVDA,142.315,143.03,142.165,142.815,1668410
2025-06-09 19:00:00+00:00,NVDA,142.81,142.97,142.19,142.55,5192494
2025-06-09 20:00:00+00:00,NVDA,142.55,142.73,142.47,142.69,10692687
2025-06-09 21:00:00+00:00,NVDA,142.66,142.76,142.58,142.74,45224
2025-06-09 22:00:00+00:00,NVDA,142.7,142.83,142.69,142.76,29738
2025-06-09 23:00:00+00:00,NVDA,142.76,142.94,142.63,142.63,34074
2025-06-10 08:00:00+00:00,NVDA,142.46,142.85,142.05,142.35,120365
2025-06-10 09:00:00+00:00,NVDA,142.35,142.97,142.3,142.91,63319
2025-06-10 10:00:00+00:00,NVDA,142.91,143.28,142.85,143.08,67614
2025-06-10 11:00:00+00:00,NVDA,143.08,143.33,142.84,143.25,78913
2025-06-10 12:00:00+00:00,NVDA,143.24,143.45,143.16,143.34,92026
2025-06-10 13:00:00+00:00,NVDA,143.35,143.4,141.81,142.41,4819372
2025-06-10 14:00:00+00:00,NVDA,142.4,143.13,142.16,142.43,3606138
2025-06-10 15:00:00+00:00,NVDA,142.42,143.14,141.53,142.745,3314097
2025-06-10 16:00:00+00:00,NVDA,142.74,143.285,142.71,143.21,1983695
2025-06-10 17:00:00+00:00,NVDA,143.205,143.21,142.47,142.56,1457507
2025-06-10 18:00:00+00:00,NVDA,142.56,144.05,142.105,143.915,3041266
2025-06-10 19:00:00+00:00,NVDA,143.91,144.29,143.24,143.95,5536328
2025-06-10 20:00:00+00:00,NVDA,143.95,144.2,143.82,143.95,11261149
2025-06-10 21:00:00+00:00,NVDA,143.93,143.95,143.76,143.83,37634
2025-06-10 22:00:00+00:00,NVDA,143.82,143.95,143.75,143.85,21235
2025-06-10 23:00:00+00:00,NVDA,143.8,143.98,143.64,143.76,24538
2025-06-11 08:00:00+00:00,NVDA,143.55,143.97,143.55,143.85,79507
2025-06-11 09:00:00+00:00,NVDA,143.85,143.92,143.65,143.8,55540
2025-06-11 10:00:00+00:00,NVDA,143.8,143.94,143.72,143.85,81906
2025-06-11 11:00:00+00:00,NVDA,143.87,144.26,143.7,144.17,125358
2025-06-11 12:00:00+00:00,NVDA,144.18,145.25,143.73,145.1,669825
2025-06-11 13:00:00+00:00,NVDA,145.11,145.29,143.03,143.76,6488198
2025-06-11 14:00:00+00:00,NVDA,143.75,144.685,143.53,144.33,4009594
2025-06-11 15:00:00+00:00,NVDA,144.32,144.485,143.26,143.77,3482680
2025-06-11 16:00:00+00:00,NVDA,143.78,143.93,142.78,143.41,2460267
2025-06-11 17:00:00+00:00,NVDA,143.405,143.845,142.98,143.045,1664805
2025-06-11 18:00:00+00:00,NVDA,143.04,143.19,142.02,142.31,3723219
2025-06-11 19:00:00+00:00,NVDA,142.31,143.0,141.87,142.85,5455673
2025-06-11 20:00:00+00:00,NVDA,142.85,143.69,142.76,143.05,8766543
2025-06-11 21:00:00+00:00,NVDA,143.05,143.34,142.81,142.98,61337
2025-06-11 22:00:00+00:00,NVDA,142.95,143.07,142.36,142.41,58709
2025-06-11 23:00:00+00:00,NVDA,142.42,142.54,142.2,142.25,44217
2025-06-12 08:00:00+00:00,NVDA,142.27,142.28,141.0,141.87,125764
2025-06-12 09:00:00+00:00,NVDA,141.84,142.01,141.41,141.55,106503
2025-06-12 10:00:00+00:00,NVDA,141.53,141.72,140.92,141.28,163926
2025-06-12 11:00:00+00:00,NVDA,141.3,141.42,140.45,140.56,171861
2025-06-12 12:00:00+00:00,NVDA,140.57,141.7,140.57,141.68,258298
2025-06-12 13:00:00+00:00,NVDA,141.68,143.935,141.5,143.27,5486541
2025-06-12 14:00:00+00:00,NVDA,143.25,144.99,143.18,144.72,6141940
2025-06-12 15:00:00+00:00,NVDA,144.72,145.0,144.11,144.255,4037270
2025-06-12 16:00:00+00:00,NVDA,144.26,144.6,143.975,144.18,2399943
2025-06-12 17:00:00+00:00,NVDA,144.2,144.67,144.035,144.485,1640221
2025-06-12 18:00:00+00:00,NVDA,144.49,144.835,144.255,144.63,2468513
2025-06-12 19:00:00+00:00,NVDA,144.62,145.0,144.5,145.0,5555381
2025-06-12 20:00:00+00:00,NVDA,144.995,145.0,144.63,144.83,10617940
2025-06-12 21:00:00+00:00,NVDA,144.81,144.88,144.77,144.87,41535
2025-06-12 22:00:00+00:00,NVDA,144.87,144.87,144.5,144.56,51891
2025-06-12 23:00:00+00:00,NVDA,144.53,144.79,144.37,144.37,53943
2025-06-13 08:00:00+00:00,NVDA,142.13,143.19,142.04,142.16,323093
2025-06-13 09:00:00+00:00,NVDA,142.15,142.49,141.73,142.31,173297
2025-06-13 10:00:00+00:00,NVDA,142.31,142.46,141.9,142.42,139743
2025-06-13 11:00:00+00:00,NVDA,142.42,143.24,142.28,143.14,400486
2025-06-13 12:00:00+00:00,NVDA,143.1,143.46,142.8,142.9,343261
2025-06-13 13:00:00+00:00,NVDA,142.88,143.58,142.2,142.93,6513604
2025-06-13 14:00:00+00:00,NVDA,142.93,143.36,141.07,142.315,5515920
2025-06-13 15:00:00+00:00,NVDA,142.315,143.315,142.17,143.065,2632731
2025-06-13 16:00:00+00:00,NVDA,143.065,143.37,142.875,143.25,1779937
2025-06-13 17:00:00+00:00,NVDA,143.25,143.34,142.38,142.735,2251962
2025-06-13 18:00:00+00:00,NVDA,142.74,142.84,140.855,141.78,3964068
2025-06-13 19:00:00+00:00,NVDA,141.775,142.08,141.44,141.955,6363440
2025-06-13 20:00:00+00:00,NVDA,141.96,142.13,141.81,141.81,10877831
2025-06-13 21:00:00+00:00,NVDA,141.81,141.97,141.72,141.85,44635
2025-06-13 22:00:00+00:00,NVDA,141.83,141.88,141.75,141.83,27443
2025-06-13 23:00:00+00:00,NVDA,141.81,141.84,141.71,141.8,19679
2025-06-16 08:00:00+00:00,NVDA,142.68,143.25,142.68,143.05,92773
2025-06-16 09:00:00+00:00,NVDA,143.08,143.08,142.64,142.91,78319
2025-06-16 10:00:00+00:00,NVDA,142.87,143.3,142.8,143.28,74997
2025-06-16 11:00:00+00:00,NVDA,143.26,143.3,143.0,143.3,95474
2025-06-16 12:00:00+00:00,NVDA,143.29,143.53,143.14,143.39,156438
2025-06-16 13:00:00+00:00,NVDA,143.39,144.765,143.01,144.73,6906577
2025-06-16 14:00:00+00:00,NVDA,144.74,144.885,144.025,144.75,4813003
2025-06-16 15:00:00+00:00,NVDA,144.745,146.175,144.715,145.495,9145401
2025-06-16 16:00:00+00:00,NVDA,145.5,146.06,145.49,145.66,2772393
2025-06-16 17:00:00+00:00,NVDA,145.665,145.795,145.035,145.19,2115812
2025-06-16 18:00:00+00:00,NVDA,145.2,145.345,144.855,145.005,1699857
2025-06-16 19:00:00+00:00,NVDA,145.0,145.11,144.27,144.67,6004363
2025-06-16 20:00:00+00:00,NVDA,144.69,144.69,144.38,144.54,13523602
2025-06-16 21:00:00+00:00,NVDA,144.53,144.79,144.44,144.61,46883
2025-06-16 22:00:00+00:00,NVDA,144.62,144.77,144.03,144.12,80336
2025-06-16 23:00:00+00:00,NVDA,144.12,144.36,143.66,143.66,114663
2025-06-17 08:00:00+00:00,NVDA,144.15,145.29,144.01,144.98,239992
2025-06-17 09:00:00+00:00,NVDA,145.02,145.2,144.52,144.72,162794
2025-06-17 10:00:00+00:00,NVDA,144.71,144.79,143.8,144.41,171242
2025-06-17 11:00:00+00:00,NVDA,144.41,144.93,144.24,144.88,167440
2025-06-17 12:00:00+00:00,NVDA,144.88,145.43,144.71,144.83,231912
2025-06-17 13:00:00+00:00,NVDA,144.83,145.21,144.03,144.755,4866913
2025-06-17 14:00:00+00:00,NVDA,144.755,145.04,144.245,144.38,3220747
2025-06-17 15:00:00+00:00,NVDA,144.375,144.95,144.23,144.74,2673700
2025-06-17 16:00:00+00:00,NVDA,144.735,145.16,144.4,144.5,2775801
2025-06-17 17:00:00+00:00,NVDA,144.5,145.12,144.18,144.34,3091256
2025-06-17 18:00:00+00:00,NVDA,144.33,144.67,143.78,144.39,2849148
2025-06-17 19:00:00+00:00,NVDA,144.39,144.74,144.01,144.04,4729985
2025-06-17 20:00:00+00:00,NVDA,144.035,144.21,143.91,144.09,11207032
2025-06-17 21:00:00+00:00,NVDA,144.05,144.05,143.57,143.71,81894
2025-06-17 22:00:00+00:00,NVDA,143.71,143.74,143.34,143.37,50430
2025-06-17 23:00:00+00:00,NVDA,143.34,143.65,143.27,143.6,45802
2025-06-18 08:00:00+00:00,NVDA,144.3,144.8,144.24,144.72,79650
2025-06-18 09:00:00+00:00,NVDA,144.73,144.97,144.67,144.74,88341
2025-06-18 10:00:00+00:00,NVDA,144.73,144.78,144.17,144.23,78246
2025-06-18 11:00:00+00:00,NVDA,144.27,144.77,144.11,144.52,94581
2025-06-18 12:00:00+00:00,NVDA,144.52,144.66,144.42,144.45,72060
2025-06-18 13:00:00+00:00,NVDA,144.46,144.64,143.13,144.51,4400368
2025-06-18 14:00:00+00:00,NVDA,144.52,145.61,144.335,145.085,4281987
2025-06-18 15:00:00+00:00,NVDA,145.085,145.47,144.73,145.145,2386613
2025-06-18 16:00:00+00:00,NVDA,145.14,145.6,144.895,145.435,2037348
2025-06-18 17:00:00+00:00,NVDA,145.43,145.6,144.75,145.17,2008502
2025-06-18 18:00:00+00:00,NVDA,145.185,145.5,144.06,144.28,3938159
2025-06-18 19:00:00+00:00,NVDA,144.29,145.6,143.91,145.47,12259853
2025-06-18 20:00:00+00:00,NVDA,145.46,145.5,145.09,145.2,14043311
2025-06-18 21:00:00+00:00,NVDA,145.22,145.28,144.93,144.98,47669
2025-06-18 22:00:00+00:00,NVDA,145.01,145.12,144.9,145.03,25809
2025-06-18 23:00:00+00:00,NVDA,145.05,145.1,145.0,145.07,18015
2025-06-20 08:00:00+00:00,NVDA,144.98,145.19,144.5,144.55,133227
2025-06-20 09:00:00+00:00,NVDA,144.55,145.0,144.55,144.86,70430
2025-06-20 10:00:00+00:00,NVDA,144.85,144.98,144.7,144.9,45791
2025-06-20 11:00:00+00:00,NVDA,144.89,145.3,144.85,145.11,372904
2025-06-20 12:00:00+00:00,NVDA,145.11,145.58,145.11,145.57,179646
2025-06-20 13:00:00+00:00,NVDA,145.57,146.19,144.96,145.67,20872599
2025-06-20 14:00:00+00:00,NVDA,145.67,145.74,142.71,143.15,7211972
2025-06-20 15:00:00+00:00,NVDA,143.14,144.465,142.66,143.81,3720577
2025-06-20 16:00:00+00:00,NVDA,143.81,144.33,143.79,144.15,2198084
2025-06-20 17:00:00+00:00,NVDA,144.14,144.31,143.23,143.865,2250550
2025-06-20 18:00:00+00:00,NVDA,143.865,144.32,143.61,143.68,2132640
2025-06-20 19:00:00+00:00,NVDA,143.68,143.98,143.14,143.78,6950050
2025-06-20 20:00:00+00:00,NVDA,143.85,144.12,143.71,143.76,37874857
2025-06-20 21:00:00+00:00,NVDA,143.74,143.77,143.48,143.58,43517
2025-06-20 22:00:00+00:00,NVDA,143.56,143.71,143.56,143.6,5601
2025-06-20 23:00:00+00:00,NVDA,143.6,143.78,143.58,143.63,7676
2025-06-23 08:00:00+00:00,NVDA,143.51,143.8,142.59,143.38,144793
2025-06-23 09:00:00+00:00,NVDA,143.37,143.56,142.98,142.99,85861
2025-06-23 10:00:00+00:00,NVDA,142.95,143.37,142.68,142.87,122018
2025-06-23 11:00:00+00:00,NVDA,142.89,143.1,142.1,142.53,124122
2025-06-23 12:00:00+00:00,NVDA,142.52,142.89,142.24,142.82,228022
2025-06-23 13:00:00+00:00,NVDA,142.83,143.84,142.01,143.59,6391411
2025-06-23 14:00:00+00:00,NVDA,143.59,144.3,143.53,143.79,3893270
2025-06-23 15:00:00+00:00,NVDA,143.8,144.235,143.57,143.795,2736142
2025-06-23 16:00:00+00:00,NVDA,143.8,143.905,142.04,143.21,5308345
2025-06-23 17:00:00+00:00,NVDA,143.22,144.74,143.04,144.315,4889860
2025-06-23 18:00:00+00:00,NVDA,144.31,144.51,143.89,144.045,2335011
2025-06-23 19:00:00+00:00,NVDA,144.045,144.385,143.665,144.175,4356339
2025-06-23 20:00:00+00:00,NVDA,144.18,144.28,143.86,143.95,8834209
2025-06-23 21:00:00+00:00,NVDA,143.93,144.05,143.9,144.01,49269
2025-06-23 22:00:00+00:00,NVDA,144.0,145.23,143.98,145.05,475474
2025-06-23 23:00:00+00:00,NVDA,145.05,145.5,145.05,145.5,208096
2025-06-24 08:00:00+00:00,NVDA,145.62,145.95,145.6,145.72,120181
2025-06-24 09:00:00+00:00,NVDA,145.73,145.95,145.68,145.73,60634
2025-06-24 10:00:00+00:00,NVDA,145.73,145.78,145.54,145.68,82763
2025-06-24 11:00:00+00:00,NVDA,145.68,145.77,145.25,145.5,213776
2025-06-24 12:00:00+00:00,NVDA,145.49,145.54,145.29,145.44,189826
2025-06-24 13:00:00+00:00,NVDA,145.42,147.9,145.32,147.13,9877674
2025-06-24 14:00:00+00:00,NVDA,147.11,147.43,146.05,147.05,5249100
2025-06-24 15:00:00+00:00,NVDA,147.06,147.28,146.555,146.66,3212226
2025-06-24 16:00:00+00:00,NVDA,146.665,147.43,146.655,147.105,1974937
2025-06-24 17:00:00+00:00,NVDA,147.105,147.59,147.02,147.45,2224929
2025-06-24 18:00:00+00:00,NVDA,147.455,147.6,147.175,147.395,1751610
2025-06-24 19:00:00+00:00,NVDA,147.395,147.96,147.185,147.83,5852414
2025-06-24 20:00:00+00:00,NVDA,147.83,147.92,147.61,147.62,20693456
2025-06-24 21:00:00+00:00,NVDA,147.61,147.64,147.4,147.59,72805
2025-06-24 22:00:00+00:00,NVDA,147.59,147.59,147.42,147.52,51654
2025-06-24 23:00:00+00:00,NVDA,147.53,147.8,147.53,147.8,61556
2025-06-25 08:00:00+00:00,NVDA,147.81,147.99,147.5,147.66,128458
2025-06-25 09:00:00+00:00,NVDA,147.66,147.95,147.54,147.77,67014
2025-06-25 10:00:00+00:00,NVDA,147.76,148.73,147.55,148.66,251347
2025-06-25 11:00:00+00:00,NVDA,148.65,149.55,148.37,149.45,470384
2025-06-25 12:00:00+00:00,NVDA,149.44,149.65,149.14,149.6,356193
2025-06-25 13:00:00+00:00,NVDA,149.6,151.87,149.12,151.4,17215032
2025-06-25 14:00:00+00:00,NVDA,151.39,153.0,150.92,152.815,10373704
2025-06-25 15:00:00+00:00,NVDA,152.815,152.85,151.47,151.52,5301904
2025-06-25 16:00:00+00:00,NVDA,151.52,152.88,151.395,152.85,3514943
2025-06-25 17:00:00+00:00,NVDA,152.86,153.95,152.695,153.595,6700634
2025-06-25 18:00:00+00:00,NVDA,153.6,154.01,153.36,153.72,4238586
2025-06-25 19:00:00+00:00,NVDA,153.71,154.44,153.34,154.31,9725455
2025-06-25 20:00:00+00:00,NVDA,154.31,155.0,154.26,154.62,14030787
2025-06-25 21:00:00+00:00,NVDA,154.61,154.76,154.18,154.29,188875
2025-06-25 22:00:00+00:00,NVDA,154.33,154.64,154.33,154.54,72853
2025-06-25 23:00:00+00:00,NVDA,154.53,154.65,154.36,154.6,87361
2025-06-26 08:00:00+00:00,NVDA,155.57,155.95,155.47,155.89,290261
2025-06-26 09:00:00+00:00,NVDA,155.88,156.27,155.86,155.98,313140
2025-06-26 10:00:00+00:00,NVDA,156.0,156.2,155.8,155.9,215600
2025-06-26 11:00:00+00:00,NVDA,155.89,156.81,155.58,156.8,519870
2025-06-26 12:00:00+00:00,NVDA,156.8,156.99,156.07,156.33,610216
2025-06-26 13:00:00+00:00,NVDA,156.35,156.37,154.03,155.77,9696343
2025-06-26 14:00:00+00:00,NVDA,155.77,156.715,155.22,155.5,6083556
2025-06-26 15:00:00+00:00,NVDA,155.495,156.045,154.795,155.37,3456906
2025-06-26 16:00:00+00:00,NVDA,155.37,155.725,155.115,155.49,2033791
2025-06-26 17:00:00+00:00,NVDA,155.48,156.19,155.31,155.94,2425835
2025-06-26 18:00:00+00:00,NVDA,155.94,156.5,155.66,155.83,2606144
2025-06-26 19:00:00+00:00,NVDA,155.835,155.945,154.875,155.07,5844981
2025-06-26 20:00:00+00:00,NVDA,155.08,155.1,154.69,154.9,9193192
2025-06-26 21:00:00+00:00,NVDA,154.95,155.33,154.91,155.24,75545
2025-06-26 22:00:00+00:00,NVDA,155.2,155.35,155.16,155.31,28817
2025-06-26 23:00:00+00:00,NVDA,155.33,155.42,155.21,155.3,38463
2025-06-27 08:00:00+00:00,NVDA,155.69,155.94,155.53,155.94,111959
2025-06-27 09:00:00+00:00,NVDA,155.93,155.93,155.74,155.86,56874
2025-06-27 10:00:00+00:00,NVDA,155.89,155.9,155.69,155.83,49271
2025-06-27 11:00:00+00:00,NVDA,155.81,156.49,155.78,156.38,160250
2025-06-27 12:00:00+00:00,NVDA,156.38,156.46,155.64,155.87,156783
2025-06-27 13:00:00+00:00,NVDA,155.86,157.0,155.26,156.16,6444419
2025-06-27 14:00:00+00:00,NVDA,156.15,157.67,156.05,157.16,6183973
2025-06-27 15:00:00+00:00,NVDA,157.17,158.705,156.78,158.22,4748740
2025-06-27 16:00:00+00:00,NVDA,158.22,158.34,156.965,157.365,3131934
2025-06-27 17:00:00+00:00,NVDA,157.36,157.795,156.5,157.035,2671857
2025-06-27 18:00:00+00:00,NVDA,157.05,157.345,155.46,155.615,4084690
2025-06-27 19:00:00+00:00,NVDA,155.62,157.845,155.535,157.74,7555355
2025-06-27 20:00:00+00:00,NVDA,157.74,157.75,156.27,157.51,33169284
2025-06-27 21:00:00+00:00,NVDA,157.46,157.63,157.26,157.38,115285
2025-06-27 22:00:00+00:00,NVDA,157.38,157.7,157.38,157.57,54397
2025-06-27 23:00:00+00:00,NVDA,157.59,157.66,157.5,157.59,17534
2025-06-30 08:00:00+00:00,NVDA,158.96,159.18,158.47,158.73,142951
2025-06-30 09:00:00+00:00,NVDA,158.72,159.1,158.72,158.81,90776
2025-06-30 10:00:00+00:00,NVDA,158.8,159.0,158.67,158.67,55711
2025-06-30 11:00:00+00:00,NVDA,158.65,158.85,158.35,158.45,129951
2025-06-30 12:00:00+00:00,NVDA,158.44,158.58,158.34,158.41,108182
2025-06-30 13:00:00+00:00,NVDA,158.41,158.9,155.96,156.62,6524002
2025-06-30 14:00:00+00:00,NVDA,156.62,157.495,156.53,157.42,3674250
2025-06-30 15:00:00+00:00,NVDA,157.425,158.265,156.755,158.08,2929601
2025-06-30 16:00:00+00:00,NVDA,158.07,158.105,157.565,158.0,1718630
2025-06-30 17:00:00+00:00,NVDA,158.0,158.16,157.59,157.83,1592330
2025-06-30 18:00:00+00:00,NVDA,157.83,158.025,156.84,157.74,1909863
2025-06-30 19:00:00+00:00,NVDA,157.75,158.66,157.68,157.87,6390139
2025-06-30 20:00:00+00:00,NVDA,157.87,158.23,157.39,157.79,23531039
2025-06-30 21:00:00+00:00,NVDA,157.77,157.85,157.7,157.79,22409
2025-06-30 22:00:00+00:00,NVDA,157.74,157.79,157.5,157.51,16756
2025-06-30 23:00:00+00:00,NVDA,157.53,157.6,157.5,157.5,9091
2025-07-01 08:00:00+00:00,NVDA,157.04,157.33,156.87,157.18,81144
2025-07-01 09:00:00+00:00,NVDA,157.18,157.23,156.65,156.86,55907
2025-07-01 10:00:00+00:00,NVDA,156.85,157.01,156.65,156.71,42774
2025-07-01 11:00:00+00:00,NVDA,156.74,156.97,156.5,156.61,63086
2025-07-01 12:00:00+00:00,NVDA,156.61,156.79,155.72,156.42,258376
2025-07-01 13:00:00+00:00,NVDA,156.42,157.2,155.765,156.05,4764802
2025-07-01 14:00:00+00:00,NVDA,156.04,156.295,152.83,153.125,7997647
2025-07-01 15:00:00+00:00,NVDA,153.12,153.46,151.5,152.82,7104935
2025-07-01 16:00:00+00:00,NVDA,152.82,154.785,152.35,154.365,3828281
2025-07-01 17:00:00+00:00,NVDA,154.37,154.975,154.01,154.54,2643254
2025-07-01 18:00:00+00:00,NVDA,154.545,154.72,153.475,153.59,2162529
2025-07-01 19:00:00+00:00,NVDA,153.58,154.13,152.92,153.29,6507344
2025-07-01 20:00:00+00:00,NVDA,153.29,153.52,152.91,153.1,11690828
2025-07-01 21:00:00+00:00,NVDA,153.13,153.13,152.85,153.01,53874
2025-07-01 22:00:00+00:00,NVDA,153.0,153.16,152.88,153.02,25928
2025-07-01 23:00:00+00:00,NVDA,153.04,153.1,152.84,152.88,27007
2025-07-02 08:00:00+00:00,NVDA,153.44,153.62,153.1,153.22,70044
2025-07-02 09:00:00+00:00,NVDA,153.22,153.25,152.88,153.17,50007
2025-07-02 10:00:00+00:00,NVDA,153.15,153.18,152.19,152.48,129999
2025-07-02 11:00:00+00:00,NVDA,152.49,152.64,152.11,152.3,113265
2025-07-02 12:00:00+00:00,NVDA,152.27,152.31,151.1,151.52,362538
2025-07-02 13:00:00+00:00,NVDA,151.54,155.3,151.46,154.34,6008024
2025-07-02 14:00:00+00:00,NVDA,154.33,157.43,154.29,157.1,6469898
2025-07-02 15:00:00+00:00,NVDA,157.11,157.6,156.07,156.66,3532387
2025-07-02 16:00:00+00:00,NVDA,156.66,157.565,156.535,157.24,2745661
2025-07-02 17:00:00+00:00,NVDA,157.24,157.47,156.91,157.17,1596984
2025-07-02 18:00:00+00:00,NVDA,157.17,157.18,156.665,156.695,1684964
2025-07-02 19:00:00+00:00,NVDA,156.69,157.425,156.51,157.23,5424872
2025-07-02 20:00:00+00:00,NVDA,157.23,157.45,156.89,157.08,14834591
2025-07-02 21:00:00+00:00,NVDA,157.09,157.12,156.82,156.99,44511
2025-07-02 22:00:00+00:00,NVDA,156.95,157.09,156.93,157.08,22903
2025-07-02 23:00:00+00:00,NVDA,157.08,157.25,157.03,157.25,14027
2025-07-03 08:00:00+00:00,NVDA,157.57,157.68,156.95,157.03,80056
2025-07-03 09:00:00+00:00,NVDA,157.01,157.2,156.72,156.73,54165
2025-07-03 10:00:00+00:00,NVDA,156.74,157.16,156.6,157.08,56214
2025-07-03 11:00:00+00:00,NVDA,157.07,157.25,156.98,157.16,69327
2025-07-03 12:00:00+00:00,NVDA,157.16,158.2,157.05,158.03,407482
2025-07-03 13:00:00+00:00,NVDA,158.04,158.99,157.77,158.79,6067225
2025-07-03 14:00:00+00:00,NVDA,158.79,160.98,158.76,159.73,10524503
2025-07-03 15:00:00+00:00,NVDA,159.73,159.97,159.19,159.395,3823590
2025-07-03 16:00:00+00:00,NVDA,159.4,159.695,158.58,159.38,4922252
2025-07-03 17:00:00+00:00,NVDA,159.26,159.37,158.9,159.09,9770146
2025-07-03 18:00:00+00:00,NVDA,159.09,159.22,159.07,159.13,28510
2025-07-03 19:00:00+00:00,NVDA,159.16,159.37,159.05,159.34,40857
2025-07-03 20:00:00+00:00,NVDA,159.35,159.43,159.16,159.23,40299
2025-07-07 08:00:00+00:00,NVDA,158.56,158.9,157.51,157.61,163076
2025-07-07 09:00:00+00:00,NVDA,157.61,158.35,157.54,158.33,79078
2025-07-07 10:00:00+00:00,NVDA,158.34,158.56,158.13,158.2,104502
2025-07-07 11:00:00+00:00,NVDA,158.27,158.41,157.9,158.29,91137
2025-07-07 12:00:00+00:00,NVDA,158.26,158.32,157.75,157.86,171618
2025-07-07 13:00:00+00:00,NVDA,157.86,159.3,157.79,158.51,5294575
2025-07-07 14:00:00+00:00,NVDA,158.49,158.83,157.35,157.71,3629005
2025-07-07 15:00:00+00:00,NVDA,157.7,158.33,157.515,158.24,2762794
2025-07-07 16:00:00+00:00,NVDA,158.23,158.7,157.7,158.18,2591318
2025-07-07 17:00:00+00:00,NVDA,158.18,158.775,158.145,158.285,1757454
2025-07-07 18:00:00+00:00,NVDA,158.285,158.63,157.735,158.44,1969161
2025-07-07 19:00:00+00:00,NVDA,158.435,158.6,158.08,158.25,3747833
2025-07-07 20:00:00+00:00,NVDA,158.24,158.48,157.95,157.99,10398797
2025-07-07 21:00:00+00:00,NVDA,157.99,158.06,157.86,157.96,18574
2025-07-07 22:00:00+00:00,NVDA,157.97,158.09,157.87,157.97,17371
2025-07-07 23:00:00+00:00,NVDA,157.99,158.19,157.99,158.01,26051
2025-07-08 08:00:00+00:00,NVDA,158.9,159.76,158.65,159.7,122566
2025-07-08 09:00:00+00:00,NVDA,159.68,159.86,159.36,159.43,87646
2025-07-08 10:00:00+00:00,NVDA,159.45,159.75,159.3,159.58,45702
2025-07-08 11:00:00+00:00,NVDA,159.57,159.63,159.37,159.42,136558
2025-07-08 12:00:00+00:00,NVDA,159.39,159.5,159.22,159.31,79837
2025-07-08 13:00:00+00:00,NVDA,159.32,159.74,158.395,158.83,3952088
2025-07-08 14:00:00+00:00,NVDA,158.83,159.53,158.59,159.14,4218667
2025-07-08 15:00:00+00:00,NVDA,159.135,159.29,158.835,159.135,2316376
2025-07-08 16:00:00+00:00,NVDA,159.14,159.87,159.09,159.545,2487508
2025-07-08 17:00:00+00:00,NVDA,159.545,160.05,159.305,159.945,2259679
2025-07-08 18:00:00+00:00,NVDA,159.94,160.22,159.26,159.67,2075264
2025-07-08 19:00:00+00:00,NVDA,159.675,160.08,159.37,160.01,3993420
2025-07-08 20:00:00+00:00,NVDA,160.0,160.1,159.93,160.07,10658780
2025-07-08 21:00:00+00:00,NVDA,160.04,160.27,160.02,160.18,54723
2025-07-08 22:00:00+00:00,NVDA,160.23,160.24,160.13,160.19,13491
2025-07-08 23:00:00+00:00,NVDA,160.19,160.3,160.17,160.3,18908
2025-07-09 08:00:00+00:00,NVDA,160.0,160.12,159.69,159.84,57781
2025-07-09 09:00:00+00:00,NVDA,159.86,160.31,159.82,160.17,56226
2025-07-09 10:00:00+00:00,NVDA,160.19,160.32,160.02,160.15,44853
2025-07-09 11:00:00+00:00,NVDA,160.17,160.72,160.16,160.69,80566
2025-07-09 12:00:00+00:00,NVDA,160.66,161.11,160.55,160.87,131672
2025-07-09 13:00:00+00:00,NVDA,160.88,164.41,160.8,164.15,9393696
2025-07-09 14:00:00+00:00,NVDA,164.14,164.32,162.44,163.12,5945346
2025-07-09 15:00:00+00:00,NVDA,163.11,163.45,162.82,163.23,3030789
2025-07-09 16:00:00+00:00,NVDA,163.23,163.38,162.9,163.11,1818331
2025-07-09 17:00:00+00:00,NVDA,163.11,163.32,162.49,162.71,2744383
2025-07-09 18:00:00+00:00,NVDA,162.7,163.035,162.52,162.88,1687355
2025-07-09 19:00:00+00:00,NVDA,162.88,163.215,162.575,162.83,4518836
2025-07-09 20:00:00+00:00,NVDA,162.88,163.03,162.72,162.86,10415820
2025-07-09 21:00:00+00:00,NVDA,162.87,163.13,162.84,163.04,55582
2025-07-09 22:00:00+00:00,NVDA,163.04,163.38,163.04,163.35,57373
2025-07-09 23:00:00+00:00,NVDA,163.33,163.38,163.18,163.38,19020
2025-07-10 08:00:00+00:00,NVDA,163.28,164.35,163.22,164.06,195880
2025-07-10 09:00:00+00:00,NVDA,164.06,164.1,163.54,163.75,108211
2025-07-10 10:00:00+00:00,NVDA,163.76,164.07,163.7,163.89,98730
2025-07-10 11:00:00+00:00,NVDA,163.89,164.5,163.82,164.4,168257
2025-07-10 12:00:00+00:00,NVDA,164.37,164.59,164.25,164.34,176122
2025-07-10 13:00:00+00:00,NVDA,164.34,164.84,162.31,162.91,6910856
2025-07-10 14:00:00+00:00,NVDA,162.905,163.0,161.89,162.46,5387508
2025-07-10 15:00:00+00:00,NVDA,162.46,163.245,161.61,163.02,3423770
2025-07-10 16:00:00+00:00,NVDA,163.02,163.53,162.57,163.23,1958039
2025-07-10 17:00:00+00:00,NVDA,163.22,164.19,163.205,164.03,2351971
2025-07-10 18:00:00+00:00,NVDA,164.03,164.49,163.65,163.76,2349526
2025-07-10 19:00:00+00:00,NVDA,163.765,164.315,163.73,164.1,4575812
2025-07-10 20:00:00+00:00,NVDA,164.1,164.14,163.88,164.06,10192220
2025-07-10 21:00:00+00:00,NVDA,164.05,164.13,163.82,163.82,48474
2025-07-10 22:00:00+00:00,NVDA,163.81,163.9,163.67,163.9,43762
2025-07-10 23:00:00+00:00,NVDA,163.9,164.09,163.9,164.07,29891
2025-07-11 08:00:00+00:00,NVDA,163.02,163.36,162.61,162.79,143085
2025-07-11 09:00:00+00:00,NVDA,162.79,163.02,162.62,162.68,50126
2025-07-11 10:00:00+00:00,NVDA,162.68,162.93,162.61,162.88,54835
2025-07-11 11:00:00+00:00,NVDA,162.9,163.33,162.88,163.25,68850
2025-07-11 12:00:00+00:00,NVDA,163.24,163.34,163.01,163.16,79176
2025-07-11 13:00:00+00:00,NVDA,163.16,166.6,163.02,166.155,9047506
2025-07-11 14:00:00+00:00,NVDA,166.15,167.89,165.715,167.01,8624413
2025-07-11 15:00:00+00:00,NVDA,167.0,167.12,166.11,166.31,4746573
2025-07-11 16:00:00+00:00,NVDA,166.315,166.69,165.935,166.26,2961610
2025-07-11 17:00:00+00:00,NVDA,166.27,166.54,165.65,166.12,2390075
2025-07-11 18:00:00+00:00,NVDA,166.11,166.17,165.355,165.39,2477968
2025-07-11 19:00:00+00:00,NVDA,165.395,165.435,164.835,164.88,5463154
2025-07-11 20:00:00+00:00,NVDA,164.88,165.08,164.87,165.02,11409143
2025-07-11 21:00:00+00:00,NVDA,165.03,165.06,164.97,165.03,47927
2025-07-11 22:00:00+00:00,NVDA,165.04,165.05,164.91,164.96,13865
2025-07-11 23:00:00+00:00,NVDA,164.95,165.0,164.84,164.93,16144
2025-07-14 08:00:00+00:00,NVDA,164.92,165.74,164.71,165.59,150719
2025-07-14 09:00:00+00:00,NVDA,165.6,165.98,165.34,165.89,82517
2025-07-14 10:00:00+00:00,NVDA,165.91,165.98,164.86,164.97,186389
2025-07-14 11:00:00+00:00,NVDA,164.99,165.3,164.8,164.87,167479
2025-07-14 12:00:00+00:00,NVDA,164.85,165.74,164.54,165.43,216922
2025-07-14 13:00:00+00:00,NVDA,165.41,165.9,162.02,163.13,8540688
2025-07-14 14:00:00+00:00,NVDA,163.14,164.3,163.11,164.28,4689401
2025-07-14 15:00:00+00:00,NVDA,164.285,165.285,164.23,165.14,4226172
2025-07-14 16:00:00+00:00,NVDA,165.14,165.175,164.58,165.03,1587812
2025-07-14 17:00:00+00:00,NVDA,165.03,165.36,164.79,164.82,1227638
2025-07-14 18:00:00+00:00,NVDA,164.825,165.065,164.49,164.9,1287521
2025-07-14 19:00:00+00:00,NVDA,164.905,164.935,164.0,164.07,3613746
2025-07-14 20:00:00+00:00,NVDA,164.07,164.19,163.73,164.13,7439037
2025-07-14 21:00:00+00:00,NVDA,164.12,164.17,164.0,164.02,30906
2025-07-14 22:00:00+00:00,NVDA,164.01,164.04,163.9,163.97,22769
2025-07-14 23:00:00+00:00,NVDA,163.96,164.0,163.86,163.86,15733
2025-07-15 08:00:00+00:00,NVDA,169.5,172.0,169.5,171.55,678691
2025-07-15 09:00:00+00:00,NVDA,171.55,172.83,171.44,172.47,499366
2025-07-15 10:00:00+00:00,NVDA,172.47,172.52,171.56,171.77,366718
2025-07-15 11:00:00+00:00,NVDA,171.76,171.8,170.92,171.45,518673
2025-07-15 12:00:00+00:00,NVDA,171.44,172.4,171.0,172.3,946710
2025-07-15 13:00:00+00:00,NVDA,172.3,172.34,169.19,169.6,14356375
2025-07-15 14:00:00+00:00,NVDA,169.61,172.395,169.47,171.005,8196730
2025-07-15 15:00:00+00:00,NVDA,171.01,171.545,170.685,171.255,3155892
2025-07-15 16:00:00+00:00,NVDA,171.26,171.605,170.37,170.65,2473229
2025-07-15 17:00:00+00:00,NVDA,170.65,171.0,170.26,170.925,2086793
2025-07-15 18:00:00+00:00,NVDA,170.93,171.11,170.24,170.28,1834459
2025-07-15 19:00:00+00:00,NVDA,170.27,170.98,169.94,170.55,5311591
2025-07-15 20:00:00+00:00,NVDA,170.55,170.75,169.88,170.07,13320749
2025-07-15 21:00:00+00:00,NVDA,170.07,170.31,169.93,170.17,34368
2025-07-15 22:00:00+00:00,NVDA,170.17,170.23,169.85,170.2,31035
2025-07-15 23:00:00+00:00,NVDA,170.19,170.32,170.13,170.13,23301
2025-07-16 08:00:00+00:00,NVDA,170.11,170.11,169.0,169.44,233090
2025-07-16 09:00:00+00:00,NVDA,169.44,169.72,169.2,169.69,105244
2025-07-16 10:00:00+00:00,NVDA,169.69,170.5,169.54,170.34,137877
2025-07-16 11:00:00+00:00,NVDA,170.31,170.89,170.2,170.85,178132
2025-07-16 12:00:00+00:00,NVDA,170.85,171.49,170.73,171.25,377509
2025-07-16 13:00:00+00:00,NVDA,171.26,171.74,169.92,170.2,6310193
2025-07-16 14:00:00+00:00,NVDA,170.21,170.63,169.29,169.8,4669306
2025-07-16 15:00:00+00:00,NVDA,169.8,170.655,168.9,170.29,6096580
2025-07-16 16:00:00+00:00,NVDA,170.28,171.19,170.09,171.11,2388102
2025-07-16 17:00:00+00:00,NVDA,171.1,171.415,170.625,170.795,1658895
2025-07-16 18:00:00+00:00,NVDA,170.795,171.15,170.64,171.045,1348337
2025-07-16 19:00:00+00:00,NVDA,171.04,171.445,170.68,171.34,4296348
2025-07-16 20:00:00+00:00,NVDA,171.34,171.37,171.1,171.23,10145538
2025-07-16 21:00:00+00:00,NVDA,171.23,171.35,171.14,171.32,31822
2025-07-16 22:00:00+00:00,NVDA,171.29,171.29,171.14,171.16,25822
2025-07-16 23:00:00+00:00,NVDA,171.16,171.24,171.15,171.2,11875
2025-07-17 08:00:00+00:00,NVDA,172.71,173.19,172.1,172.96,291501
2025-07-17 09:00:00+00:00,NVDA,172.97,173.1,172.6,172.75,124128
2025-07-17 10:00:00+00:00,NVDA,172.75,172.88,172.44,172.44,110154
2025-07-17 11:00:00+00:00,NVDA,172.43,172.57,172.16,172.55,156233
2025-07-17 12:00:00+00:00,NVDA,172.53,172.8,172.46,172.75,167188
2025-07-17 13:00:00+00:00,NVDA,172.75,173.44,170.83,173.175,7302902
2025-07-17 14:00:00+00:00,NVDA,173.17,173.64,172.54,172.81,4502878
2025-07-17 15:00:00+00:00,NVDA,172.81,173.545,172.77,173.37,2455706
2025-07-17 16:00:00+00:00,NVDA,173.375,174.16,173.275,173.6,3004092
2025-07-17 17:00:00+00:00,NVDA,173.61,173.98,173.08,173.315,1900018
2025-07-17 18:00:00+00:00,NVDA,173.315,173.685,173.1,173.465,1714688
2025-07-17 19:00:00+00:00,NVDA,173.465,173.63,173.01,173.11,5392680
2025-07-17 20:00:00+00:00,NVDA,173.11,173.2,173.0,173.15,10033982
2025-07-17 21:00:00+00:00,NVDA,173.17,173.27,173.1,173.12,55669
2025-07-17 22:00:00+00:00,NVDA,173.13,173.24,173.12,173.2,11457
2025-07-17 23:00:00+00:00,NVDA,173.18,173.5,173.17,173.49,22451
2025-07-18 08:00:00+00:00,NVDA,173.92,173.92,173.67,173.82,63992
2025-07-18 09:00:00+00:00,NVDA,173.8,173.99,173.75,173.94,39677
2025-07-18 10:00:00+00:00,NVDA,173.93,173.95,173.61,173.8,67112
2025-07-18 11:00:00+00:00,NVDA,173.79,173.93,173.65,173.77,54096
2025-07-18 12:00:00+00:00,NVDA,173.78,173.87,173.59,173.67,78263
2025-07-18 13:00:00+00:00,NVDA,173.66,174.53,173.24,173.38,11073260
2025-07-18 14:00:00+00:00,NVDA,173.41,173.6,171.8,171.84,5033718
2025-07-18 15:00:00+00:00,NVDA,171.83,172.575,171.27,172.49,2907341
2025-07-18 16:00:00+00:00,NVDA,172.495,172.56,171.81,172.19,1688854
2025-07-18 17:00:00+00:00,NVDA,172.195,172.745,172.005,172.39,1507941
2025-07-18 18:00:00+00:00,NVDA,172.4,172.5,171.98,171.99,1721510
2025-07-18 19:00:00+00:00,NVDA,171.99,172.425,171.825,172.38,4098647
2025-07-18 20:00:00+00:00,NVDA,172.38,172.44,172.31,172.37,8610331
2025-07-18 21:00:00+00:00,NVDA,172.4,172.55,172.34,172.46,52030
2025-07-18 22:00:00+00:00,NVDA,172.48,172.5,172.42,172.45,7363
2025-07-18 23:00:00+00:00,NVDA,172.44,172.45,172.28,172.38,15455
2025-07-21 08:00:00+00:00,NVDA,172.87,172.97,172.55,172.6,68839
2025-07-21 09:00:00+00:00,NVDA,172.59,172.9,172.58,172.75,44035
2025-07-21 10:00:00+00:00,NVDA,172.76,173.23,172.62,172.81,62914
2025-07-21 11:00:00+00:00,NVDA,172.83,172.88,172.4,172.48,62789
2025-07-21 12:00:00+00:00,NVDA,172.46,172.82,172.4,172.48,120650
2025-07-21 13:00:00+00:00,NVDA,172.47,173.38,171.68,172.44,4744113
2025-07-21 14:00:00+00:00,NVDA,172.43,173.165,172.1,172.905,3004038
2025-07-21 15:00:00+00:00,NVDA,172.9,173.03,172.23,172.355,1598173
2025-07-21 16:00:00+00:00,NVDA,172.35,172.49,171.455,172.345,2411166
2025-07-21 17:00:00+00:00,NVDA,172.35,172.76,172.2,172.645,1146769
2025-07-21 18:00:00+00:00,NVDA,172.64,172.81,172.19,172.295,1202423
2025-07-21 19:00:00+00:00,NVDA,172.3,172.355,171.205,171.46,4359773
2025-07-21 20:00:00+00:00,NVDA,171.45,171.52,170.9,171.22,10292460
2025-07-21 21:00:00+00:00,NVDA,171.24,171.27,170.23,170.7,211797
2025-07-21 22:00:00+00:00,NVDA,170.7,171.04,170.66,171.01,48793
2025-07-21 23:00:00+00:00,NVDA,171.01,171.1,170.84,171.0,21836
2025-07-22 08:00:00+00:00,NVDA,170.74,170.92,169.04,169.08,216814
2025-07-22 09:00:00+00:00,NVDA,169.08,169.61,169.08,169.55,180611
2025-07-22 10:00:00+00:00,NVDA,169.53,170.19,169.53,169.99,151526
2025-07-22 11:00:00+00:00,NVDA,169.99,170.5,169.8,170.33,198150
2025-07-22 12:00:00+00:00,NVDA,170.33,170.99,170.27,170.82,225586
2025-07-22 13:00:00+00:00,NVDA,170.83,171.4,164.59,165.63,10649726
2025-07-22 14:00:00+00:00,NVDA,165.62,167.855,165.38,167.76,7692573
2025-07-22 15:00:00+00:00,NVDA,167.76,168.635,167.64,168.155,3953804
2025-07-22 16:00:00+00:00,NVDA,168.16,168.43,167.35,167.76,2566302
2025-07-22 17:00:00+00:00,NVDA,167.755,168.415,167.735,168.125,1584799
2025-07-22 18:00:00+00:00,NVDA,168.12,168.155,167.365,168.1,1677474
2025-07-22 19:00:00+00:00,NVDA,168.095,168.135,167.0,167.01,4940608
2025-07-22 20:00:00+00:00,NVDA,167.03,167.19,166.27,166.45,9374792
2025-07-22 21:00:00+00:00,NVDA,166.45,166.61,166.05,166.51,87928
2025-07-22 22:00:00+00:00,NVDA,166.58,166.61,166.3,166.34,20787
2025-07-22 23:00:00+00:00,NVDA,166.33,167.77,166.33,167.77,65603
2025-07-23 08:00:00+00:00,NVDA,168.11,168.6,167.89,168.51,133777
2025-07-23 09:00:00+00:00,NVDA,168.52,168.6,168.27,168.46,65258
2025-07-23 10:00:00+00:00,NVDA,168.44,168.88,168.38,168.46,98886
2025-07-23 11:00:00+00:00,NVDA,168.45,168.99,168.1,168.91,165133
2025-07-23 12:00:00+00:00,NVDA,168.92,169.29,168.84,168.9,263549
2025-07-23 13:00:00+00:00,NVDA,168.88,170.4,168.23,168.34,6530274
2025-07-23 14:00:00+00:00,NVDA,168.34,169.42,167.97,169.36,3927551
2025-07-23 15:00:00+00:00,NVDA,169.36,169.88,168.965,169.56,2722697
2025-07-23 16:00:00+00:00,NVDA,169.55,169.56,168.53,169.12,1848255
2025-07-23 17:00:00+00:00,NVDA,169.13,169.805,168.835,169.745,1455246
2025-07-23 18:00:00+00:00,NVDA,169.75,171.26,169.745,170.815,3489541
2025-07-23 19:00:00+00:00,NVDA,170.82,171.06,170.17,170.82,4307354
2025-07-23 20:00:00+00:00,NVDA,170.85,172.99,170.55,172.47,10406596
2025-07-23 21:00:00+00:00,NVDA,172.43,172.74,172.1,172.57,197466
2025-07-23 22:00:00+00:00,NVDA,172.57,172.7,172.4,172.54,32023
2025-07-23 23:00:00+00:00,NVDA,172.54,172.94,172.5,172.9,64631
2025-07-24 08:00:00+00:00,NVDA,173.0,173.0,172.17,172.82,131568
2025-07-24 09:00:00+00:00,NVDA,172.83,172.83,172.53,172.74,44026
2025-07-24 10:00:00+00:00,NVDA,172.75,172.83,172.61,172.7,61937
2025-07-24 11:00:00+00:00,NVDA,172.71,172.98,172.2,172.62,116319
2025-07-24 12:00:00+00:00,NVDA,172.62,172.77,172.01,172.35,178211
2025-07-24 13:00:00+00:00,NVDA,172.35,173.445,171.71,172.34,5001291
2025-07-24 14:00:00+00:00,NVDA,172.33,172.98,171.3,172.89,3247338
2025-07-24 15:00:00+00:00,NVDA,172.885,173.195,172.4,172.75,2322097
2025-07-24 16:00:00+00:00,NVDA,172.74,173.33,172.42,173.17,1632814
2025-07-24 17:00:00+00:00,NVDA,173.18,173.67,173.045,173.255,1686369
2025-07-24 18:00:00+00:00,NVDA,173.25,173.825,173.22,173.615,1435177
2025-07-24 19:00:00+00:00,NVDA,173.61,173.82,173.32,173.78,3812840
2025-07-24 20:00:00+00:00,NVDA,173.74,173.78,173.46,173.47,9905796
2025-07-24 21:00:00+00:00,NVDA,173.48,173.62,173.4,173.54,15543
2025-07-24 22:00:00+00:00,NVDA,173.55,173.75,173.5,173.54,37979
2025-07-24 23:00:00+00:00,NVDA,173.54,173.64,173.5,173.56,11921
2025-07-25 08:00:00+00:00,NVDA,173.11,173.73,173.11,173.5,95074
2025-07-25 09:00:00+00:00,NVDA,173.52,173.52,173.05,173.4,63118
2025-07-25 10:00:00+00:00,NVDA,173.4,173.52,173.29,173.43,65725
2025-07-25 11:00:00+00:00,NVDA,173.42,173.46,173.14,173.18,46286
2025-07-25 12:00:00+00:00,NVDA,173.18,173.33,172.94,173.17,97370
2025-07-25 13:00:00+00:00,NVDA,173.15,174.54,172.965,174.29,4540077
2025-07-25 14:00:00+00:00,NVDA,174.29,174.72,173.795,174.045,3446148
2025-07-25 15:00:00+00:00,NVDA,174.05,174.18,173.64,174.02,2257718
2025-07-25 16:00:00+00:00,NVDA,174.01,174.53,173.98,174.2,1471125
2025-07-25 17:00:00+00:00,NVDA,174.19,174.2,173.305,173.43,1212990
2025-07-25 18:00:00+00:00,NVDA,173.43,173.895,173.015,173.64,1466254
2025-07-25 19:00:00+00:00,NVDA,173.64,174.055,173.25,173.49,4004991
2025-07-25 20:00:00+00:00,NVDA,173.5,173.66,173.14,173.44,7267481
2025-07-25 21:00:00+00:00,NVDA,173.46,173.57,173.33,173.5,30306
2025-07-25 22:00:00+00:00,NVDA,173.56,173.56,173.42,173.48,6507
2025-07-25 23:00:00+00:00,NVDA,173.48,173.5,173.3,173.41,12891
2025-07-28 08:00:00+00:00,NVDA,174.55,174.97,174.39,174.7,105079
2025-07-28 09:00:00+00:00,NVDA,174.73,174.79,174.59,174.64,37694
2025-07-28 10:00:00+00:00,NVDA,174.63,174.8,174.37,174.44,51488
2025-07-28 11:00:00+00:00,NVDA,174.45,174.65,174.37,174.55,57006
2025-07-28 12:00:00+00:00,NVDA,174.54,174.71,174.5,174.64,73693
2025-07-28 13:00:00+00:00,NVDA,174.62,175.46,173.97,175.43,5837887
2025-07-28 14:00:00+00:00,NVDA,175.41,175.56,174.58,175.005,2682104
2025-07-28 15:00:00+00:00,NVDA,175.005,175.19,174.255,174.955,1598457
2025-07-28 16:00:00+00:00,NVDA,174.955,175.135,174.685,174.89,858907
2025-07-28 17:00:00+00:00,NVDA,174.89,175.695,174.84,175.5,1394382
2025-07-28 18:00:00+00:00,NVDA,175.49,175.92,175.22,175.85,1422157
2025-07-28 19:00:00+00:00,NVDA,175.845,176.85,175.755,176.75,5878367
2025-07-28 20:00:00+00:00,NVDA,176.74,176.99,176.5,176.84,13990355
2025-07-28 21:00:00+00:00,NVDA,176.83,176.95,176.81,176.86,56056
2025-07-28 22:00:00+00:00,NVDA,176.85,176.92,176.76,176.92,14672
2025-07-28 23:00:00+00:00,NVDA,176.93,177.16,176.85,177.13,39686
2025-07-29 08:00:00+00:00,NVDA,178.95,179.31,178.03,179.17,191223
2025-07-29 09:00:00+00:00,NVDA,179.16,179.65,179.14,179.46,154211
2025-07-29 10:00:00+00:00,NVDA,179.5,179.58,179.11,179.32,145089
2025-07-29 11:00:00+00:00,NVDA,179.31,179.52,178.88,179.18,186270
2025-07-29 12:00:00+00:00,NVDA,179.18,179.44,178.89,179.0,228410
2025-07-29 13:00:00+00:00,NVDA,179.0,179.38,177.63,179.28,6828598
2025-07-29 14:00:00+00:00,NVDA,179.31,179.35,177.17,177.49,3867453
2025-07-29 15:00:00+00:00,NVDA,177.485,177.665,175.175,176.51,4465770
2025-07-29 16:00:00+00:00,NVDA,176.51,176.735,175.835,176.48,1339141
2025-07-29 17:00:00+00:00,NVDA,176.48,176.655,175.805,176.35,1416846
2025-07-29 18:00:00+00:00,NVDA,176.345,176.62,175.98,176.11,1103958
2025-07-29 19:00:00+00:00,NVDA,176.1,176.495,175.24,175.51,4009674
2025-07-29 20:00:00+00:00,NVDA,175.54,175.89,175.43,175.85,8842907
2025-07-29 21:00:00+00:00,NVDA,175.83,176.1,175.75,175.97,45747
2025-07-29 22:00:00+00:00,NVDA,175.98,176.1,175.78,176.0,10146
2025-07-29 23:00:00+00:00,NVDA,176.0,176.1,175.96,176.09,10092
2025-07-30 08:00:00+00:00,NVDA,176.46,176.73,176.07,176.42,87692
2025-07-30 09:00:00+00:00,NVDA,176.44,176.6,176.3,176.5,23568
2025-07-30 10:00:00+00:00,NVDA,176.51,176.57,175.28,176.12,117381
2025-07-30 11:00:00+00:00,NVDA,176.1,176.88,176.09,176.69,107611
2025-07-30 12:00:00+00:00,NVDA,176.69,176.88,176.34,176.84,151437
2025-07-30 13:00:00+00:00,NVDA,176.84,178.11,176.04,177.66,4397197
2025-07-30 14:00:00+00:00,NVDA,177.66,179.28,177.63,178.865,4043854
2025-07-30 15:00:00+00:00,NVDA,178.86,179.12,178.15,178.87,2112070
2025-07-30 16:00:00+00:00,NVDA,178.87,179.31,178.65,179.2,1820174
2025-07-30 17:00:00+00:00,NVDA,179.2,179.4,178.89,179.22,1495077
2025-07-30 18:00:00+00:00,NVDA,179.23,179.89,177.87,178.13,3839176
2025-07-30 19:00:00+00:00,NVDA,178.13,179.39,177.57,179.29,7323769
2025-07-30 20:00:00+00:00,NVDA,179.27,181.65,179.27,180.96,15471955
2025-07-30 21:00:00+00:00,NVDA,180.96,183.0,180.75,182.8,457304
2025-07-30 22:00:00+00:00,NVDA,182.78,184.1,182.7,183.19,385652
2025-07-30 23:00:00+00:00,NVDA,183.15,183.38,182.71,183.37,100963
2025-07-31 08:00:00+00:00,NVDA,182.86,183.72,182.3,182.74,355893
2025-07-31 09:00:00+00:00,NVDA,182.74,182.79,181.82,182.0,152391
2025-07-31 10:00:00+00:00,NVDA,182.0,182.89,181.8,182.53,148660
2025-07-31 11:00:00+00:00,NVDA,182.55,183.75,182.35,183.08,442438
2025-07-31 12:00:00+00:00,NVDA,183.1,183.88,182.89,183.32,355150
2025-07-31 13:00:00+00:00,NVDA,183.33,183.33,180.4,181.9,9392782
2025-07-31 14:00:00+00:00,NVDA,181.91,182.24,179.45,179.81,5592679
2025-07-31 15:00:00+00:00,NVDA,179.8,180.63,178.69,180.59,3804807
2025-07-31 16:00:00+00:00,NVDA,180.59,181.495,180.495,180.655,2014438
2025-07-31 17:00:00+00:00,NVDA,180.66,180.81,177.265,177.6,3399442
2025-07-31 18:00:00+00:00,NVDA,177.59,178.18,175.93,177.645,3766050
2025-07-31 19:00:00+00:00,NVDA,177.645,178.17,177.15,177.85,6212772
2025-07-31 20:00:00+00:00,NVDA,177.87,178.59,176.95,177.7,19438125
2025-07-31 21:00:00+00:00,NVDA,177.63,177.75,175.63,176.09,166185
2025-07-31 22:00:00+00:00,NVDA,176.08,176.88,175.91,175.96,52913
2025-07-31 23:00:00+00:00,NVDA,175.97,176.78,175.77,176.6,65825
2025-08-01 08:00:00+00:00,NVDA,174.49,175.0,172.24,173.23,589046
2025-08-01 09:00:00+00:00,NVDA,173.2,173.94,172.92,173.92,254601
2025-08-01 10:00:00+00:00,NVDA,173.87,173.92,173.08,173.51,130285
2025-08-01 11:00:00+00:00,NVDA,173.55,175.0,173.38,175.0,329197
2025-08-01 12:00:00+00:00,NVDA,174.99,175.47,173.7,173.97,383846
2025-08-01 13:00:00+00:00,NVDA,174.0,174.27,170.89,172.17,8478923
2025-08-01 14:00:00+00:00,NVDA,172.16,176.0,171.41,174.93,6805574
2025-08-01 15:00:00+00:00,NVDA,174.95,176.34,174.345,176.305,3679297
2025-08-01 16:00:00+00:00,NVDA,176.3,176.535,174.03,174.17,2682816
2025-08-01 17:00:00+00:00,NVDA,174.15,174.42,172.67,173.04,3457457
2025-08-01 18:00:00+00:00,NVDA,173.03,174.15,171.795,172.96,3837305
2025-08-01 19:00:00+00:00,NVDA,172.95,174.7,172.825,173.58,5580600
2025-08-01 20:00:00+00:00,NVDA,173.59,173.74,173.11,173.35,13099116
2025-08-01 21:00:00+00:00,NVDA,173.35,173.39,173.11,173.15,61243
2025-08-01 22:00:00+00:00,NVDA,173.13,173.13,172.59,172.64,32422
2025-08-01 23:00:00+00:00,NVDA,172.63,172.84,172.5,172.52,26483
2025-08-04 08:00:00+00:00,NVDA,174.75,175.64,174.16,175.32,183310
2025-08-04 09:00:00+00:00,NVDA,175.3,175.67,175.21,175.57,76966
2025-08-04 10:00:00+00:00,NVDA,175.6,176.15,175.52,175.79,110171
2025-08-04 11:00:00+00:00,NVDA,175.79,175.82,175.14,175.28,108952
2025-08-04 12:00:00+00:00,NVDA,175.3,175.63,175.28,175.62,87949
2025-08-04 13:00:00+00:00,NVDA,175.6,177.27,174.52,177.08,5512271
2025-08-04 14:00:00+00:00,NVDA,177.08,178.1,176.61,177.64,3907952
2025-08-04 15:00:00+00:00,NVDA,177.63,178.545,176.94,178.48,2698971
2025-08-04 16:00:00+00:00,NVDA,178.48,179.1,178.37,178.84,1758760
2025-08-04 17:00:00+00:00,NVDA,178.835,179.465,178.69,179.43,1653166
2025-08-04 18:00:00+00:00,NVDA,179.43,179.81,178.95,179.035,1721926
2025-08-04 19:00:00+00:00,NVDA,179.03,179.99,178.95,179.97,4591607
2025-08-04 20:00:00+00:00,NVDA,179.98,180.85,179.85,180.84,15385587
2025-08-04 21:00:00+00:00,NVDA,180.78,180.98,180.6,180.75,58695
2025-08-04 22:00:00+00:00,NVDA,180.78,180.78,180.56,180.75,17412
2025-08-04 23:00:00+00:00,NVDA,180.75,180.79,180.48,180.67,32503
2025-08-05 08:00:00+00:00,NVDA,180.67,180.9,180.09,180.6,157089
2025-08-05 09:00:00+00:00,NVDA,180.63,180.77,180.37,180.66,64041
2025-08-05 10:00:00+00:00,NVDA,180.7,181.1,180.66,180.84,90816
2025-08-05 11:00:00+00:00,NVDA,180.85,181.48,180.8,181.15,136135
2025-08-05 12:00:00+00:00,NVDA,181.19,181.32,180.34,180.56,270782
2025-08-05 13:00:00+00:00,NVDA,180.54,180.66,178.59,179.92,5021169
2025-08-05 14:00:00+00:00,NVDA,179.92,179.92,175.91,177.34,5739407
2025-08-05 15:00:00+00:00,NVDA,177.33,177.96,176.22,177.085,3351423
2025-08-05 16:00:00+00:00,NVDA,177.09,178.265,177.01,177.515,2284543
2025-08-05 17:00:00+00:00,NVDA,177.51,179.05,177.02,178.91,1715226
2025-08-05 18:00:00+00:00,NVDA,178.91,179.11,177.65,178.2,2293484
2025-08-05 19:00:00+00:00,NVDA,178.19,178.975,178.03,178.26,3618951
2025-08-05 20:00:00+00:00,NVDA,178.26,178.76,176.69,177.11,8749184
2025-08-05 21:00:00+00:00,NVDA,177.16,178.6,176.97,177.15,118748
2025-08-05 22:00:00+00:00,NVDA,177.25,177.36,176.76,177.15,55010
2025-08-05 23:00:00+00:00,NVDA,177.13,177.15,176.8,176.8,31591
2025-08-06 08:00:00+00:00,NVDA,178.3,178.85,177.31,177.61,151374
2025-08-06 09:00:00+00:00,NVDA,177.6,177.7,176.71,177.0,112082
2025-08-06 10:00:00+00:00,NVDA,177.0,177.02,175.68,176.21,202441
2025-08-06 11:00:00+00:00,NVDA,176.22,177.19,175.83,176.85,183869
2025-08-06 12:00:00+00:00,NVDA,176.87,177.14,176.45,176.92,263424
2025-08-06 13:00:00+00:00,NVDA,176.93,178.82,176.18,178.5,4954348
2025-08-06 14:00:00+00:00,NVDA,178.5,179.425,176.81,177.84,3922582
2025-08-06 15:00:00+00:00,NVDA,177.85,179.135,177.3,179.03,2886180
2025-08-06 16:00:00+00:00,NVDA,179.03,179.38,177.66,177.93,1723330
2025-08-06 17:00:00+00:00,NVDA,177.925,178.66,177.925,178.55,974585
2025-08-06 18:00:00+00:00,NVDA,178.55,179.47,178.54,179.085,1593908
2025-08-06 19:00:00+00:00,NVDA,179.08,179.9,179.035,179.41,3118327
2025-08-06 20:00:00+00:00,NVDA,179.41,179.43,178.94,179.43,9505077
2025-08-06 21:00:00+00:00,NVDA,179.43,179.89,176.73,179.86,575361
2025-08-06 22:00:00+00:00,NVDA,179.85,180.99,179.44,180.55,237917
2025-08-06 23:00:00+00:00,NVDA,180.54,180.65,180.25,180.4,47163
2025-08-07 08:00:00+00:00,NVDA,180.43,181.31,180.29,181.1,163247
2025-08-07 09:00:00+00:00,NVDA,181.08,181.33,181.01,181.29,80583
2025-08-07 10:00:00+00:00,NVDA,181.32,181.71,181.3,181.62,151792
2025-08-07 11:00:00+00:00,NVDA,181.62,182.13,181.5,181.84,322362
2025-08-07 12:00:00+00:00,NVDA,181.81,181.99,181.56,181.73,240530
2025-08-07 13:00:00+00:00,NVDA,181.75,183.75,181.27,183.39,7635689
2025-08-07 14:00:00+00:00,NVDA,183.39,183.88,181.39,181.7,4755085
2025-08-07 15:00:00+00:00,NVDA,181.7,182.28,181.15,181.67,2751036
2025-08-07 16:00:00+00:00,NVDA,181.66,181.76,179.79,180.43,3266796
2025-08-07 17:00:00+00:00,NVDA,180.44,180.9,179.31,179.96,2625822
2025-08-07 18:00:00+00:00,NVDA,179.95,180.235,178.8,180.08,2373262
2025-08-07 19:00:00+00:00,NVDA,180.09,180.89,179.175,180.87,4367628
2025-08-07 20:00:00+00:00,NVDA,180.875,181.75,180.73,181.31,7996166
2025-08-07 21:00:00+00:00,NVDA,181.25,181.74,181.15,181.38,52942
2025-08-07 22:00:00+00:00,NVDA,181.46,181.68,181.38,181.6,33887
2025-08-07 23:00:00+00:00,NVDA,181.62,181.66,181.42,181.63,26799
2025-08-08 08:00:00+00:00,NVDA,181.65,182.16,181.62,182.14,72179
2025-08-08 09:00:00+00:00,NVDA,182.14,182.2,181.98,182.11,54785
2025-08-08 10:00:00+00:00,NVDA,182.11,182.25,181.79,181.9,54205
2025-08-08 11:00:00+00:00,NVDA,181.88,182.17,181.85,182.15,52258
2025-08-08 12:00:00+00:00,NVDA,182.11,182.11,181.43,181.75,120169
2025-08-08 13:00:00+00:00,NVDA,181.75,182.77,180.4,182.11,3833300
2025-08-08 14:00:00+00:00,NVDA,182.1,182.65,181.54,182.385,2648294
2025-08-08 15:00:00+00:00,NVDA,182.39,183.3,182.26,183.16,2835385
2025-08-08 16:00:00+00:00,NVDA,183.15,183.285,182.155,182.26,1424373
2025-08-08 17:00:00+00:00,NVDA,182.25,182.605,181.61,182.52,1683064
2025-08-08 18:00:00+00:00,NVDA,182.53,183.05,182.36,182.885,1407944
2025-08-08 19:00:00+00:00,NVDA,182.885,182.93,182.17,182.75,3432341
2025-08-08 20:00:00+00:00,NVDA,182.77,182.79,182.55,182.73,7453183
2025-08-08 21:00:00+00:00,NVDA,182.68,182.75,182.63,182.7,38933
2025-08-08 22:00:00+00:00,NVDA,182.71,183.2,182.7,182.79,55221
2025-08-08 23:00:00+00:00,NVDA,182.78,183.04,182.75,182.81,18846
2025-08-11 08:00:00+00:00,NVDA,182.4,182.51,179.03,180.42,394180
2025-08-11 09:00:00+00:00,NVDA,180.41,181.14,180.4,180.92,108560
2025-08-11 10:00:00+00:00,NVDA,180.9,181.38,180.8,181.1,108401
2025-08-11 11:00:00+00:00,NVDA,181.1,182.23,181.1,182.23,145444
2025-08-11 12:00:00+00:00,NVDA,182.21,182.5,181.53,181.66,210591
2025-08-11 13:00:00+00:00,NVDA,181.67,183.015,180.25,182.59,6323757
2025-08-11 14:00:00+00:00,NVDA,182.58,183.68,181.49,182.89,4142922
2025-08-11 15:00:00+00:00,NVDA,182.89,183.83,182.37,183.46,3312670
2025-08-11 16:00:00+00:00,NVDA,183.475,183.835,182.86,182.875,1896482
2025-08-11 17:00:00+00:00,NVDA,182.87,183.46,182.86,183.045,1267505
2025-08-11 18:00:00+00:00,NVDA,183.05,183.18,182.45,183.01,1470999
2025-08-11 19:00:00+00:00,NVDA,183.01,183.05,181.5,182.15,5537064
2025-08-11 20:00:00+00:00,NVDA,182.11,182.5,181.9,181.98,9335806
2025-08-11 21:00:00+00:00,NVDA,181.96,182.27,181.95,182.03,20599
2025-08-11 22:00:00+00:00,NVDA,182.13,182.27,182.04,182.12,7846
2025-08-11 23:00:00+00:00,NVDA,182.13,182.24,182.08,182.09,10717
2025-08-12 08:00:00+00:00,NVDA,181.79,181.95,181.22,181.38,96292
2025-08-12 09:00:00+00:00,NVDA,181.36,181.62,181.31,181.5,54543
2025-08-12 10:00:00+00:00,NVDA,181.5,182.96,181.46,182.06,251806
2025-08-12 11:00:00+00:00,NVDA,182.08,182.12,181.65,182.07,59112
2025-08-12 12:00:00+00:00,NVDA,182.08,183.87,182.01,183.34,667806
2025-08-12 13:00:00+00:00,NVDA,183.34,183.64,179.87,180.05,7127067
2025-08-12 14:00:00+00:00,NVDA,180.06,181.6,179.47,181.55,4618366
2025-08-12 15:00:00+00:00,NVDA,181.54,182.74,181.41,182.41,2415630
2025-08-12 16:00:00+00:00,NVDA,182.41,182.49,181.75,182.42,1369918
2025-08-12 17:00:00+00:00,NVDA,182.43,182.855,182.175,182.82,1437078
2025-08-12 18:00:00+00:00,NVDA,182.83,183.33,182.765,182.95,1707764
2025-08-12 19:00:00+00:00,NVDA,182.94,183.24,182.26,183.1,4474221
2025-08-12 20:00:00+00:00,NVDA,183.12,183.22,182.7,182.89,9876095
2025-08-12 21:00:00+00:00,NVDA,182.9,182.95,182.77,182.83,33140
2025-08-12 22:00:00+00:00,NVDA,182.84,182.84,182.78,182.78,8380
2025-08-12 23:00:00+00:00,NVDA,182.78,182.94,182.76,182.93,15690
2025-08-13 08:00:00+00:00,NVDA,182.86,183.58,182.86,183.36,99707
2025-08-13 09:00:00+00:00,NVDA,183.36,183.37,182.54,182.94,108355
2025-08-13 10:00:00+00:00,NVDA,182.94,182.97,181.75,181.99,256594
2025-08-13 11:00:00+00:00,NVDA,182.0,183.2,181.98,182.98,144617
2025-08-13 12:00:00+00:00,NVDA,182.98,183.18,182.85,182.9,135984
2025-08-13 13:00:00+00:00,NVDA,182.9,183.96,182.17,182.62,5512626
2025-08-13 14:00:00+00:00,NVDA,182.63,182.7,180.885,181.545,5657656
2025-08-13 15:00:00+00:00,NVDA,181.54,181.64,179.35,180.43,4944746
2025-08-13 16:00:00+00:00,NVDA,180.45,180.75,179.4,179.805,2362845
2025-08-13 17:00:00+00:00,NVDA,179.805,181.335,179.78,181.295,2088039
2025-08-13 18:00:00+00:00,NVDA,181.295,181.91,181.06,181.855,1675492
2025-08-13 19:00:00+00:00,NVDA,181.865,181.915,180.63,181.55,4061256
2025-08-13 20:00:00+00:00,NVDA,181.55,181.89,180.81,181.33,9427830
2025-08-13 21:00:00+00:00,NVDA,181.26,181.48,181.18,181.31,27904
2025-08-13 22:00:00+00:00,NVDA,181.33,181.33,181.12,181.25,14167
2025-08-13 23:00:00+00:00,NVDA,181.27,181.36,181.12,181.28,22186
2025-08-14 08:00:00+00:00,NVDA,181.35,181.74,181.23,181.33,73553
2025-08-14 09:00:00+00:00,NVDA,181.3,181.51,181.27,181.41,29316
2025-08-14 10:00:00+00:00,NVDA,181.44,181.5,181.26,181.47,39217
2025-08-14 11:00:00+00:00,NVDA,181.46,182.07,181.3,181.97,88826
2025-08-14 12:00:00+00:00,NVDA,181.97,182.01,180.06,180.2,364046
2025-08-14 13:00:00+00:00,NVDA,180.2,182.37,179.46,181.95,5333064
2025-08-14 14:00:00+00:00,NVDA,181.95,183.02,181.725,182.26,4317030
2025-08-14 15:00:00+00:00,NVDA,182.25,182.43,181.02,181.95,2462158
2025-08-14 16:00:00+00:00,NVDA,181.95,182.05,180.96,182.01,1966459
2025-08-14 17:00:00+00:00,NVDA,182.01,182.2,181.59,182.015,1346682
2025-08-14 18:00:00+00:00,NVDA,182.01,182.055,181.425,181.96,1531850
2025-08-14 19:00:00+00:00,NVDA,181.96,182.24,181.7,181.97,3486570
2025-08-14 20:00:00+00:00,NVDA,181.96,182.02,181.52,181.74,7847174
2025-08-14 21:00:00+00:00,NVDA,181.72,181.73,181.55,181.64,20177
2025-08-14 22:00:00+00:00,NVDA,181.67,181.8,181.64,181.77,11483
2025-08-14 23:00:00+00:00,NVDA,181.78,181.88,181.72,181.87,12630
2025-08-15 08:00:00+00:00,NVDA,182.0,182.26,181.51,181.67,47153
2025-08-15 09:00:00+00:00,NVDA,181.67,181.81,181.55,181.55,29664
2025-08-15 10:00:00+00:00,NVDA,181.54,181.82,181.45,181.65,31860
2025-08-15 11:00:00+00:00,NVDA,181.67,182.08,181.6,182.0,55069
2025-08-15 12:00:00+00:00,NVDA,181.98,182.25,181.68,182.09,136517
2025-08-15 13:00:00+00:00,NVDA,182.12,182.26,178.05,179.02,12040453
2025-08-15 14:00:00+00:00,NVDA,179.02,180.58,178.66,178.96,4606333
2025-08-15 15:00:00+00:00,NVDA,178.96,179.75,178.41,179.36,2818997
2025-08-15 16:00:00+00:00,NVDA,179.355,179.66,178.835,179.56,1772097
2025-08-15 17:00:00+00:00,NVDA,179.55,180.295,179.29,180.185,1394394
2025-08-15 18:00:00+00:00,NVDA,180.18,180.31,179.665,179.86,1469802
2025-08-15 19:00:00+00:00,NVDA,179.86,180.54,179.48,180.44,4977672
2025-08-15 20:00:00+00:00,NVDA,180.44,180.49,180.2,180.21,11317821
2025-08-15 21:00:00+00:00,NVDA,180.21,180.3,180.14,180.19,23432
2025-08-15 22:00:00+00:00,NVDA,180.18,180.27,180.14,180.27,6749
2025-08-15 23:00:00+00:00,NVDA,180.27,180.32,179.71,179.71,45025
2025-08-18 08:00:00+00:00,NVDA,180.1,180.1,179.2,179.54,77128
2025-08-18 09:00:00+00:00,NVDA,179.55,179.6,179.08,179.54,89510
2025-08-18 10:00:00+00:00,NVDA,179.53,180.15,179.49,180.0,77498
2025-08-18 11:00:00+00:00,NVDA,180.03,180.09,179.65,179.92,51267
2025-08-18 12:00:00+00:00,NVDA,179.9,180.19,179.75,180.17,90320
2025-08-18 13:00:00+00:00,NVDA,180.17,182.775,180.11,182.18,5324396
2025-08-18 14:00:00+00:00,NVDA,182.18,182.94,180.94,181.4,4898842
2025-08-18 15:00:00+00:00,NVDA,181.41,181.72,181.035,181.415,1752686
2025-08-18 16:00:00+00:00,NVDA,181.41,181.91,180.95,180.995,1447563
2025-08-18 17:00:00+00:00,NVDA,180.99,181.69,180.965,181.46,1030949
2025-08-18 18:00:00+00:00,NVDA,181.455,182.4,181.35,182.255,1522174
2025-08-18 19:00:00+00:00,NVDA,182.25,182.61,181.97,181.97,2826768
2025-08-18 20:00:00+00:00,NVDA,181.98,182.14,181.9,182.06,8700725
2025-08-18 21:00:00+00:00,NVDA,182.05,182.05,181.98,181.98,10422
2025-08-18 22:00:00+00:00,NVDA,181.98,182.2,181.98,182.06,12110
2025-08-18 23:00:00+00:00,NVDA,182.07,182.1,181.89,181.94,24246
2025-08-19 08:00:00+00:00,NVDA,182.26,182.61,182.1,182.52,49637
2025-08-19 09:00:00+00:00,NVDA,182.52,182.79,182.5,182.57,71734
2025-08-19 10:00:00+00:00,NVDA,182.57,182.59,182.23,182.4,73641
2025-08-19 11:00:00+00:00,NVDA,182.42,182.53,182.24,182.5,39432
2025-08-19 12:00:00+00:00,NVDA,182.52,182.53,182.15,182.2,77110
2025-08-19 13:00:00+00:00,NVDA,182.18,182.7,179.61,180.69,5282273
2025-08-19 14:00:00+00:00,NVDA,180.67,181.095,177.3,178.05,5622649
2025-08-19 15:00:00+00:00,NVDA,178.05,178.785,177.7,178.215,2881574
2025-08-19 16:00:00+00:00,NVDA,178.215,178.405,176.2,176.44,3463242
2025-08-19 17:00:00+00:00,NVDA,176.45,177.23,175.755,177.13,2470319
2025-08-19 18:00:00+00:00,NVDA,177.13,177.2,176.035,176.38,1879004
2025-08-19 19:00:00+00:00,NVDA,176.38,176.51,175.49,175.65,5699483
2025-08-19 20:00:00+00:00,NVDA,175.65,176.13,175.59,176.07,12998191
2025-08-19 21:00:00+00:00,NVDA,176.05,176.08,175.01,175.1,110968
2025-08-19 22:00:00+00:00,NVDA,175.15,175.6,175.14,175.25,33253
2025-08-19 23:00:00+00:00,NVDA,175.26,175.34,175.0,175.04,36829
2025-08-20 08:00:00+00:00,NVDA,174.71,176.23,174.65,175.61,160414
2025-08-20 09:00:00+00:00,NVDA,175.62,176.59,175.6,176.47,130513
2025-08-20 10:00:00+00:00,NVDA,176.48,176.48,175.69,175.92,64683
2025-08-20 11:00:00+00:00,NVDA,175.89,176.18,175.0,175.24,157170
2025-08-20 12:00:00+00:00,NVDA,175.21,176.19,175.21,176.0,158519
2025-08-20 13:00:00+00:00,NVDA,176.0,176.02,170.12,170.54,9123475
2025-08-20 14:00:00+00:00,NVDA,170.54,171.8,168.81,169.545,10047139
2025-08-20 15:00:00+00:00,NVDA,169.54,173.095,169.41,171.94,5435260
2025-08-20 16:00:00+00:00,NVDA,171.93,174.11,171.8,172.905,3297390
2025-08-20 17:00:00+00:00,NVDA,172.9,174.415,172.79,173.56,2096898
2025-08-20 18:00:00+00:00,NVDA,173.58,173.83,172.57,173.405,2237041
2025-08-20 19:00:00+00:00,NVDA,173.41,175.525,173.405,175.4,4954485
2025-08-20 20:00:00+00:00,NVDA,175.4,175.88,175.26,175.8,9658103
2025-08-20 21:00:00+00:00,NVDA,175.79,175.91,175.69,175.85,25159
2025-08-20 22:00:00+00:00,NVDA,175.86,176.04,175.8,175.96,32260
2025-08-20 23:00:00+00:00,NVDA,175.95,175.98,175.61,175.81,30522
2025-08-21 08:00:00+00:00,NVDA,175.58,176.61,175.03,176.05,178154
2025-08-21 09:00:00+00:00,NVDA,176.07,176.99,175.95,176.63,116442
2025-08-21 10:00:00+00:00,NVDA,176.63,176.88,176.4,176.58,131845
2025-08-21 11:00:00+00:00,NVDA,176.58,176.73,175.72,175.75,142127
2025-08-21 12:00:00+00:00,NVDA,175.75,175.79,174.05,174.34,216100
2025-08-21 13:00:00+00:00,NVDA,174.34,176.89,173.81,174.35,4827437
2025-08-21 14:00:00+00:00,NVDA,174.35,176.49,173.98,175.81,2852759
2025-08-21 15:00:00+00:00,NVDA,175.82,176.06,174.49,174.75,2348503
2025-08-21 16:00:00+00:00,NVDA,174.76,174.98,174.04,174.16,1760746
2025-08-21 17:00:00+00:00,NVDA,174.16,175.07,173.81,175.03,1928157
2025-08-21 18:00:00+00:00,NVDA,175.035,175.19,174.275,174.745,1402515
2025-08-21 19:00:00+00:00,NVDA,174.74,175.13,174.525,174.97,3306245
2025-08-21 20:00:00+00:00,NVDA,174.97,174.98,174.66,174.91,10018164
2025-08-21 21:00:00+00:00,NVDA,174.89,174.89,174.66,174.79,12819
2025-08-21 22:00:00+00:00,NVDA,174.79,175.0,174.79,174.94,12662
2025-08-21 23:00:00+00:00,NVDA,174.95,174.96,174.71,174.79,32378
2025-08-22 08:00:00+00:00,NVDA,172.57,173.55,168.0,173.37,204038
2025-08-22 09:00:00+00:00,NVDA,173.37,173.4,172.29,172.93,159211
2025-08-22 10:00:00+00:00,NVDA,172.94,173.41,172.8,172.97,103721
2025-08-22 11:00:00+00:00,NVDA,173.0,173.37,172.83,172.97,83891
2025-08-22 12:00:00+00:00,NVDA,172.98,173.06,172.22,172.38,181566
2025-08-22 13:00:00+00:00,NVDA,172.4,175.045,171.21,173.78,5663559
2025-08-22 14:00:00+00:00,NVDA,173.775,177.86,173.775,177.42,9336099
2025-08-22 15:00:00+00:00,NVDA,177.42,178.585,177.28,177.8,3962913
2025-08-22 16:00:00+00:00,NVDA,177.795,178.03,176.885,177.22,2295516
2025-08-22 17:00:00+00:00,NVDA,177.21,178.42,177.2,178.04,2071791
2025-08-22 18:00:00+00:00,NVDA,178.04,178.5,177.75,177.88,1777531
2025-08-22 19:00:00+00:00,NVDA,177.88,178.41,177.64,178.02,4474156
2025-08-22 20:00:00+00:00,NVDA,178.02,178.1,177.7,178.03,12106854
2025-08-22 21:00:00+00:00,NVDA,178.03,178.1,178.01,178.08,18025
2025-08-22 22:00:00+00:00,NVDA,178.06,178.29,178.02,178.25,20061
2025-08-22 23:00:00+00:00,NVDA,178.26,178.44,178.22,178.35,24769
2025-08-25 08:00:00+00:00,NVDA,178.61,178.74,178.27,178.45,109170
2025-08-25 09:00:00+00:00,NVDA,178.48,178.5,178.01,178.36,72692
2025-08-25 10:00:00+00:00,NVDA,178.36,178.39,177.62,177.63,119238
2025-08-25 11:00:00+00:00,NVDA,177.67,178.31,177.23,178.29,128739
2025-08-25 12:00:00+00:00,NVDA,178.28,178.28,177.43,177.62,142314
2025-08-25 13:00:00+00:00,NVDA,177.63,178.45,176.57,178.45,5390564
2025-08-25 14:00:00+00:00,NVDA,178.44,179.91,178.25,179.89,4290595
2025-08-25 15:00:00+00:00,NVDA,179.87,181.68,179.87,181.58,4054973
2025-08-25 16:00:00+00:00,NVDA,181.57,181.91,180.935,181.03,2266891
2025-08-25 17:00:00+00:00,NVDA,181.03,181.38,180.63,181.28,1791615
2025-08-25 18:00:00+00:00,NVDA,181.29,181.555,181.08,181.405,1474301
2025-08-25 19:00:00+00:00,NVDA,181.405,181.67,179.62,179.84,5494305
2025-08-25 20:00:00+00:00,NVDA,179.84,180.17,179.3,180.03,9835909
2025-08-25 21:00:00+00:00,NVDA,180.02,180.29,179.92,180.23,34750
2025-08-25 22:00:00+00:00,NVDA,180.22,180.63,180.21,180.57,29938
2025-08-25 23:00:00+00:00,NVDA,180.57,180.57,180.21,180.28,24329
2025-08-26 08:00:00+00:00,NVDA,180.01,180.31,179.91,180.11,67792
2025-08-26 09:00:00+00:00,NVDA,180.12,180.45,180.05,180.37,48582
2025-08-26 10:00:00+00:00,NVDA,180.38,180.86,180.35,180.61,110813
2025-08-26 11:00:00+00:00,NVDA,180.62,180.8,180.25,180.7,85787
2025-08-26 12:00:00+00:00,NVDA,180.69,180.76,180.39,180.69,115972
2025-08-26 13:00:00+00:00,NVDA,180.67,181.23,178.81,179.56,5364876
2025-08-26 14:00:00+00:00,NVDA,179.56,181.75,179.55,181.53,4074014
2025-08-26 15:00:00+00:00,NVDA,181.53,181.57,180.79,181.28,2046201
2025-08-26 16:00:00+00:00,NVDA,181.29,181.945,181.245,181.53,1749971
2025-08-26 17:00:00+00:00,NVDA,181.52,181.69,180.89,181.315,1318395
2025-08-26 18:00:00+00:00,NVDA,181.32,182.27,181.3,182.185,2307258
2025-08-26 19:00:00+00:00,NVDA,182.185,182.38,181.53,181.71,5431368
2025-08-26 20:00:00+00:00,NVDA,181.7,182.16,181.68,182.14,28188020
2025-08-26 21:00:00+00:00,NVDA,182.12,182.18,182.0,182.07,34363
2025-08-26 22:00:00+00:00,NVDA,182.06,182.38,182.02,182.29,64349
2025-08-26 23:00:00+00:00,NVDA,182.29,182.35,182.18,182.35,28961
2025-08-27 08:00:00+00:00,NVDA,182.18,182.63,182.17,182.6,118521
2025-08-27 09:00:00+00:00,NVDA,182.59,182.8,182.53,182.74,75064
2025-08-27 10:00:00+00:00,NVDA,182.74,183.2,182.72,182.91,115228
2025-08-27 11:00:00+00:00,NVDA,182.93,183.06,182.74,183.01,124174
2025-08-27 12:00:00+00:00,NVDA,183.0,183.07,182.42,182.43,204936
2025-08-27 13:00:00+00:00,NVDA,182.42,182.69,179.11,180.19,8223292
2025-08-27 14:00:00+00:00,NVDA,180.185,182.44,180.01,182.035,5235518
2025-08-27 15:00:00+00:00,NVDA,182.04,182.23,181.53,181.96,2591726
2025-08-27 16:00:00+00:00,NVDA,181.965,182.2,181.11,181.88,2240511
2025-08-27 17:00:00+00:00,NVDA,181.88,182.02,181.63,182.0,1836471
2025-08-27 18:00:00+00:00,NVDA,182.005,182.49,181.87,181.91,2074703
2025-08-27 19:00:00+00:00,NVDA,181.915,181.94,180.93,181.6,5540663
2025-08-27 20:00:00+00:00,NVDA,181.6,183.4,171.86,176.74,14475531
2025-08-27 21:00:00+00:00,NVDA,176.77,178.3,175.46,176.65,1888045
2025-08-27 22:00:00+00:00,NVDA,176.66,176.69,175.58,176.05,549855
2025-08-27 23:00:00+00:00,NVDA,176.02,176.49,175.81,175.96,154265
2025-08-28 08:00:00+00:00,NVDA,177.52,179.42,177.3,178.31,538206
2025-08-28 09:00:00+00:00,NVDA,178.33,178.97,177.82,177.9,216599
2025-08-28 10:00:00+00:00,NVDA,177.9,178.75,177.89,178.32,213829
2025-08-28 11:00:00+00:00,NVDA,178.29,179.47,178.05,179.47,326301
2025-08-28 12:00:00+00:00,NVDA,179.45,181.94,178.81,181.17,1519807
2025-08-28 13:00:00+00:00,NVDA,181.18,184.46,176.41,177.36,16181492
2025-08-28 14:00:00+00:00,NVDA,177.32,180.35,176.92,179.85,9736744
2025-08-28 15:00:00+00:00,NVDA,179.87,180.6,178.54,178.63,4845655
2025-08-28 16:00:00+00:00,NVDA,178.63,179.955,178.39,179.42,2628764
2025-08-28 17:00:00+00:00,NVDA,179.415,180.35,178.69,179.985,3093065
2025-08-28 18:00:00+00:00,NVDA,179.98,181.54,179.87,181.135,3430170
2025-08-28 19:00:00+00:00,NVDA,181.13,181.31,179.97,180.2,7919540
2025-08-28 20:00:00+00:00,NVDA,180.2,180.33,179.5,179.66,13669356
2025-08-28 21:00:00+00:00,NVDA,179.67,179.79,179.5,179.62,37341
2025-08-28 22:00:00+00:00,NVDA,179.61,179.94,179.6,179.77,22830
2025-08-28 23:00:00+00:00,NVDA,179.78,179.91,179.55,179.58,47189
2025-08-29 08:00:00+00:00,NVDA,179.56,179.71,177.84,178.13,212053
2025-08-29 09:00:00+00:00,NVDA,178.14,178.57,177.49,178.12,148881
2025-08-29 10:00:00+00:00,NVDA,178.14,178.37,177.61,178.01,115158
2025-08-29 11:00:00+00:00,NVDA,178.01,178.53,177.92,178.24,133805
2025-08-29 12:00:00+00:00,NVDA,178.25,178.77,178.03,178.4,274064
2025-08-29 13:00:00+00:00,NVDA,178.37,178.65,173.76,174.75,11218048
2025-08-29 14:00:00+00:00,NVDA,174.79,175.485,173.375,173.66,8368944
2025-08-29 15:00:00+00:00,NVDA,173.65,175.13,173.515,173.765,4637889
2025-08-29 16:00:00+00:00,NVDA,173.76,174.77,173.72,174.45,2567183
2025-08-29 17:00:00+00:00,NVDA,174.445,174.445,173.145,174.07,3429091
2025-08-29 18:00:00+00:00,NVDA,174.075,174.235,173.48,174.22,2394432
2025-08-29 19:00:00+00:00,NVDA,174.215,174.51,173.35,174.28,7169047
2025-08-29 20:00:00+00:00,NVDA,174.27,174.27,173.71,173.81,20400043
2025-08-29 21:00:00+00:00,NVDA,173.8,174.0,173.75,173.88,40726
2025-08-29 22:00:00+00:00,NVDA,173.88,173.99,173.8,173.87,33855
2025-08-29 23:00:00+00:00,NVDA,173.87,173.89,173.67,173.69,27156
2025-09-02 08:00:00+00:00,NVDA,172.42,173.44,171.27,171.83,228323
2025-09-02 09:00:00+00:00,NVDA,171.84,172.25,171.6,171.82,125324
2025-09-02 10:00:00+00:00,NVDA,171.78,172.04,171.31,171.39,119167
2025-09-02 11:00:00+00:00,NVDA,171.43,171.79,169.89,170.25,432202
2025-09-02 12:00:00+00:00,NVDA,170.25,170.25,168.58,169.97,622199
2025-09-02 13:00:00+00:00,NVDA,169.99,172.37,168.65,171.69,10860998
2025-09-02 14:00:00+00:00,NVDA,171.64,172.01,168.72,169.52,7893720
2025-09-02 15:00:00+00:00,NVDA,169.515,169.76,167.34,167.835,6970340
2025-09-02 16:00:00+00:00,NVDA,167.84,169.025,167.23,169.01,4209436
2025-09-02 17:00:00+00:00,NVDA,169.01,169.62,168.315,169.21,3020635
2025-09-02 18:00:00+00:00,NVDA,169.21,170.05,168.985,169.61,2684564
2025-09-02 19:00:00+00:00,NVDA,169.61,171.12,169.56,170.74,6148887
2025-09-02 20:00:00+00:00,NVDA,170.78,171.21,170.15,170.23,12282896
2025-09-02 21:00:00+00:00,NVDA,170.22,170.48,169.96,170.39,41524
2025-09-02 22:00:00+00:00,NVDA,170.35,170.35,170.1,170.13,20492
2025-09-02 23:00:00+00:00,NVDA,170.15,170.15,169.5,169.59,38638
2025-09-03 08:00:00+00:00,NVDA,170.24,171.46,170.23,171.4,134570
2025-09-03 09:00:00+00:00,NVDA,171.4,172.11,171.19,171.86,152842
2025-09-03 10:00:00+00:00,NVDA,171.86,172.08,171.43,171.76,147507
2025-09-03 11:00:00+00:00,NVDA,171.79,171.94,171.35,171.46,101126
2025-09-03 12:00:00+00:00,NVDA,171.47,171.9,171.31,171.54,141599
2025-09-03 13:00:00+00:00,NVDA,171.57,171.68,169.52,171.14,5890730
2025-09-03 14:00:00+00:00,NVDA,171.14,172.405,170.27,171.925,3979220
2025-09-03 15:00:00+00:00,NVDA,171.92,171.98,170.34,171.135,2733442
2025-09-03 16:00:00+00:00,NVDA,171.13,171.78,170.58,170.91,1961875
2025-09-03 17:00:00+00:00,NVDA,170.92,171.425,170.035,170.18,1660402
2025-09-03 18:00:00+00:00,NVDA,170.18,170.19,168.88,169.35,2665041
2025-09-03 19:00:00+00:00,NVDA,169.35,170.63,169.15,170.63,5105299
2025-09-03 20:00:00+00:00,NVDA,170.63,171.14,170.32,170.39,10596867
2025-09-03 21:00:00+00:00,NVDA,170.38,170.54,170.3,170.45,9775
2025-09-03 22:00:00+00:00,NVDA,170.42,170.42,170.27,170.27,6687
2025-09-03 23:00:00+00:00,NVDA,170.28,170.4,170.26,170.4,14351
2025-09-04 08:00:00+00:00,NVDA,170.67,172.0,170.67,171.64,132496
2025-09-04 09:00:00+00:00,NVDA,171.67,171.77,171.46,171.72,48195
2025-09-04 10:00:00+00:00,NVDA,171.74,171.83,171.49,171.49,51887
2025-09-04 11:00:00+00:00,NVDA,171.46,171.47,170.33,171.24,145230
2025-09-04 12:00:00+00:00,NVDA,171.2,171.5,170.77,170.87,135504
2025-09-04 13:00:00+00:00,NVDA,170.83,171.85,169.5,170.03,4617399
2025-09-04 14:00:00+00:00,NVDA,170.05,171.305,169.41,170.84,3645563
2025-09-04 15:00:00+00:00,NVDA,170.845,171.07,170.09,170.55,2283492
2025-09-04 16:00:00+00:00,NVDA,170.555,171.18,170.395,170.51,1489394
2025-09-04 17:00:00+00:00,NVDA,170.51,170.86,170.355,170.63,1365619
2025-09-04 18:00:00+00:00,NVDA,170.625,170.89,170.395,170.835,1592704
2025-09-04 19:00:00+00:00,NVDA,170.835,171.735,170.675,171.64,5069553
2025-09-04 20:00:00+00:00,NVDA,171.65,172.0,171.25,171.54,9871859
2025-09-04 21:00:00+00:00,NVDA,171.55,171.98,171.15,171.18,123127
2025-09-04 22:00:00+00:00,NVDA,171.18,171.44,171.03,171.35,42354
2025-09-04 23:00:00+00:00,NVDA,171.37,171.56,171.25,171.28,34284
2025-09-05 08:00:00+00:00,NVDA,171.27,171.49,170.92,171.13,143089
2025-09-05 09:00:00+00:00,NVDA,171.14,171.14,170.59,170.78,132373
2025-09-05 10:00:00+00:00,NVDA,170.78,170.88,169.94,170.29,253506
2025-09-05 11:00:00+00:00,NVDA,170.3,170.31,169.77,169.77,193728
2025-09-05 12:00:00+00:00,NVDA,169.78,170.27,168.3,168.69,842577
2025-09-05 13:00:00+00:00,NVDA,168.69,169.76,166.41,167.655,10232364
2025-09-05 14:00:00+00:00,NVDA,167.65,167.66,164.22,164.575,11673244
2025-09-05 15:00:00+00:00,NVDA,164.56,166.925,164.07,166.4,5318177
2025-09-05 16:00:00+00:00,NVDA,166.4,167.135,166.01,166.88,2940242
2025-09-05 17:00:00+00:00,NVDA,166.88,166.96,165.88,166.13,2684857
2025-09-05 18:00:00+00:00,NVDA,166.12,166.905,165.945,166.325,2363263
2025-09-05 19:00:00+00:00,NVDA,166.335,167.19,166.13,167.04,6502789
2025-09-05 20:00:00+00:00,NVDA,167.04,167.05,166.6,166.8,10528088
2025-09-05 21:00:00+00:00,NVDA,166.81,166.87,166.61,166.61,33755
2025-09-05 22:00:00+00:00,NVDA,166.6,166.64,166.5,166.54,20791
2025-09-05 23:00:00+00:00,NVDA,166.53,166.53,166.05,166.09,22000
2025-09-08 08:00:00+00:00,NVDA,166.86,167.6,166.86,167.39,102953
2025-09-08 09:00:00+00:00,NVDA,167.42,167.89,167.3,167.83,89569
2025-09-08 10:00:00+00:00,NVDA,167.85,168.25,167.7,167.77,99824
2025-09-08 11:00:00+00:00,NVDA,167.76,168.02,167.6,167.63,81098
2025-09-08 12:00:00+00:00,NVDA,167.65,167.78,167.25,167.63,123944
2025-09-08 13:00:00+00:00,NVDA,167.64,170.96,167.01,170.26,8111106
2025-09-08 14:00:00+00:00,NVDA,170.27,170.53,169.21,169.88,5273694
2025-09-08 15:00:00+00:00,NVDA,169.88,170.23,169.255,169.97,2759958
2025-09-08 16:00:00+00:00,NVDA,169.965,170.245,169.5,169.965,2285444
2025-09-08 17:00:00+00:00,NVDA,169.965,170.16,169.54,169.8,1822855
2025-09-08 18:00:00+00:00,NVDA,169.8,170.04,169.22,169.26,1739444
2025-09-08 19:00:00+00:00,NVDA,169.265,169.81,168.11,168.37,7676040
2025-09-08 20:00:00+00:00,NVDA,168.36,168.39,167.85,168.11,12052599
2025-09-08 21:00:00+00:00,NVDA,168.1,168.35,168.1,168.28,39119
2025-09-08 22:00:00+00:00,NVDA,168.27,168.42,168.17,168.35,15366
2025-09-08 23:00:00+00:00,NVDA,168.35,168.41,168.12,168.15,20379
2025-09-09 08:00:00+00:00,NVDA,168.88,169.99,168.88,169.85,99830
2025-09-09 09:00:00+00:00,NVDA,169.85,169.96,169.52,169.52,58123
2025-09-09 10:00:00+00:00,NVDA,169.53,169.83,169.42,169.52,70028
2025-09-09 11:00:00+00:00,NVDA,169.52,169.54,168.45,169.03,110522
2025-09-09 12:00:00+00:00,NVDA,169.01,169.18,168.62,169.05,83239
2025-09-09 13:00:00+00:00,NVDA,169.06,169.63,167.945,168.39,4232028
2025-09-09 14:00:00+00:00,NVDA,168.37,168.73,166.745,167.41,3813159
2025-09-09 15:00:00+00:00,NVDA,167.4,168.36,167.23,168.09,2295508
2025-09-09 16:00:00+00:00,NVDA,168.09,168.925,168.045,168.25,1787742
2025-09-09 17:00:00+00:00,NVDA,168.26,168.45,167.84,168.08,1569123
2025-09-09 18:00:00+00:00,NVDA,168.085,169.045,167.965,169.035,1805648
2025-09-09 19:00:00+00:00,NVDA,169.035,170.975,169.02,170.76,5550363
2025-09-09 20:00:00+00:00,NVDA,170.76,174.77,170.62,173.47,10965484
2025-09-09 21:00:00+00:00,NVDA,173.42,174.39,173.25,173.98,265440
2025-09-09 22:00:00+00:00,NVDA,173.98,174.04,173.51,173.7,91689
2025-09-09 23:00:00+00:00,NVDA,173.71,174.2,173.25,174.2,102079
2025-09-10 08:00:00+00:00,NVDA,173.82,174.19,173.15,174.02,193204
2025-09-10 09:00:00+00:00,NVDA,174.06,174.4,173.87,173.92,136366
2025-09-10 10:00:00+00:00,NVDA,173.92,174.82,173.82,174.61,180997
2025-09-10 11:00:00+00:00,NVDA,174.6,175.65,174.35,175.51,451085
2025-09-10 12:00:00+00:00,NVDA,175.52,176.62,175.49,176.57,719862
2025-09-10 13:00:00+00:00,NVDA,176.57,178.95,175.47,177.19,14294804
2025-09-10 14:00:00+00:00,NVDA,177.19,179.185,176.82,178.89,7838492
2025-09-10 15:00:00+00:00,NVDA,178.895,179.29,177.705,177.855,4328757
2025-09-10 16:00:00+00:00,NVDA,177.85,178.07,177.375,177.68,2281892
2025-09-10 17:00:00+00:00,NVDA,177.67,178.315,177.42,177.67,2216088
2025-09-10 18:00:00+00:00,NVDA,177.67,177.695,176.15,176.63,2883121
2025-09-10 19:00:00+00:00,NVDA,176.635,177.545,175.965,177.33,5787243
2025-09-10 20:00:00+00:00,NVDA,177.3,177.46,176.84,176.87,12978969
2025-09-10 21:00:00+00:00,NVDA,176.87,177.06,176.55,176.77,39290
2025-09-10 22:00:00+00:00,NVDA,176.8,177.26,176.8,177.22,22240
2025-09-10 23:00:00+00:00,NVDA,177.15,177.28,177.0,177.19,15414
2025-09-11 08:00:00+00:00,NVDA,177.82,178.2,177.64,177.77,91691
2025-09-11 09:00:00+00:00,NVDA,177.77,178.0,177.31,177.63,46113
2025-09-11 10:00:00+00:00,NVDA,177.63,178.68,177.63,178.39,162749
2025-09-11 11:00:00+00:00,NVDA,178.38,178.53,178.12,178.32,77216
2025-09-11 12:00:00+00:00,NVDA,178.33,178.95,177.88,178.95,353836
2025-09-11 13:00:00+00:00,NVDA,178.94,180.27,177.61,177.845,8216049
2025-09-11 14:00:00+00:00,NVDA,177.84,178.27,176.93,177.84,4763914
2025-09-11 15:00:00+00:00,NVDA,177.84,178.525,177.15,177.98,3637838
2025-09-11 16:00:00+00:00,NVDA,177.98,178.09,177.02,177.3,1903195
2025-09-11 17:00:00+00:00,NVDA,177.31,177.51,176.48,177.125,2154506
2025-09-11 18:00:00+00:00,NVDA,177.13,177.74,176.915,177.505,2094226
2025-09-11 19:00:00+00:00,NVDA,177.5,177.52,176.905,177.06,4008092
2025-09-11 20:00:00+00:00,NVDA,177.07,177.32,176.95,177.14,11819324
2025-09-11 21:00:00+00:00,NVDA,177.11,177.3,177.03,177.17,21077
2025-09-11 22:00:00+00:00,NVDA,177.15,177.29,177.02,177.19,38548
2025-09-11 23:00:00+00:00,NVDA,177.19,177.29,177.1,177.25,15126
2025-09-12 08:00:00+00:00,NVDA,177.13,177.75,177.13,177.73,65676
2025-09-12 09:00:00+00:00,NVDA,177.74,177.93,177.52,177.55,71554
2025-09-12 10:00:00+00:00,NVDA,177.57,177.65,177.13,177.25,75263
2025-09-12 11:00:00+00:00,NVDA,177.24,177.81,177.24,177.81,57332
2025-09-12 12:00:00+00:00,NVDA,177.81,177.82,177.29,177.6,73172
2025-09-12 13:00:00+00:00,NVDA,177.61,178.43,176.44,177.54,4196519
2025-09-12 14:00:00+00:00,NVDA,177.5,178.59,177.06,178.295,3873123
2025-09-12 15:00:00+00:00,NVDA,178.3,178.55,177.325,177.635,2314899
2025-09-12 16:00:00+00:00,NVDA,177.63,178.215,177.46,177.91,1482423
2025-09-12 17:00:00+00:00,NVDA,177.92,178.01,177.51,177.805,1187369
2025-09-12 18:00:00+00:00,NVDA,177.82,177.935,177.41,177.81,1441755
2025-09-12 19:00:00+00:00,NVDA,177.8,177.99,177.4,177.79,4002127
2025-09-12 20:00:00+00:00,NVDA,177.79,177.99,177.67,177.77,10974922
2025-09-12 21:00:00+00:00,NVDA,177.77,177.8,177.75,177.75,30926
2025-09-12 22:00:00+00:00,NVDA,177.76,177.8,177.63,177.67,11427
2025-09-12 23:00:00+00:00,NVDA,177.67,177.68,177.51,177.55,17442
2025-09-15 08:00:00+00:00,NVDA,177.48,177.95,173.09,173.6,659320
2025-09-15 09:00:00+00:00,NVDA,173.61,173.69,172.53,173.4,365911
2025-09-15 10:00:00+00:00,NVDA,173.41,174.38,172.95,174.09,285655
2025-09-15 11:00:00+00:00,NVDA,174.15,175.31,174.04,175.09,353975
2025-09-15 12:00:00+00:00,NVDA,175.07,175.91,174.51,175.88,268075
2025-09-15 13:00:00+00:00,NVDA,175.89,176.57,174.52,175.86,5612512
2025-09-15 14:00:00+00:00,NVDA,175.85,176.14,174.58,175.305,4520545
2025-09-15 15:00:00+00:00,NVDA,175.305,178.09,175.08,177.835,4370098
2025-09-15 16:00:00+00:00,NVDA,177.84,178.27,177.06,177.695,2754095
2025-09-15 17:00:00+00:00,NVDA,177.695,177.71,177.145,177.61,1701625
2025-09-15 18:00:00+00:00,NVDA,177.605,177.88,176.97,177.115,2032361
2025-09-15 19:00:00+00:00,NVDA,177.12,177.8,176.92,177.79,4847008
2025-09-15 20:00:00+00:00,NVDA,177.79,177.79,177.35,177.35,6552688
2025-09-15 21:00:00+00:00,NVDA,177.37,177.45,177.28,177.36,9391
2025-09-15 22:00:00+00:00,NVDA,177.37,177.37,177.16,177.25,16409
2025-09-15 23:00:00+00:00,NVDA,177.23,177.4,177.2,177.3,5831
2025-09-16 08:00:00+00:00,NVDA,177.03,177.82,177.03,177.27,97321
2025-09-16 09:00:00+00:00,NVDA,177.3,177.47,177.14,177.25,42320
2025-09-16 10:00:00+00:00,NVDA,177.24,177.38,177.07,177.21,53444
2025-09-16 11:00:00+00:00,NVDA,177.24,177.45,177.21,177.43,38484
2025-09-16 12:00:00+00:00,NVDA,177.43,177.45,177.18,177.26,82965
2025-09-16 13:00:00+00:00,NVDA,177.25,177.5,175.71,176.14,4764259
2025-09-16 14:00:00+00:00,NVDA,176.13,176.85,176.1,176.52,3116627
2025-09-16 15:00:00+00:00,NVDA,176.53,176.545,175.25,175.315,2999613
2025-09-16 16:00:00+00:00,NVDA,175.32,175.37,174.81,174.96,2773903
2025-09-16 17:00:00+00:00,NVDA,174.96,175.4,174.77,174.97,1718223
2025-09-16 18:00:00+00:00,NVDA,174.965,175.12,174.66,174.96,1729257
2025-09-16 19:00:00+00:00,NVDA,174.97,175.22,174.38,174.86,5203923
2025-09-16 20:00:00+00:00,NVDA,174.87,175.1,174.85,175.1,11308052
2025-09-16 21:00:00+00:00,NVDA,175.09,175.19,175.02,175.16,19521
2025-09-16 22:00:00+00:00,NVDA,175.2,175.3,175.16,175.3,22176
2025-09-16 23:00:00+00:00,NVDA,175.29,175.34,175.11,175.15,11963
2025-09-17 08:00:00+00:00,NVDA,175.38,175.72,171.77,173.11,418423
2025-09-17 09:00:00+00:00,NVDA,173.15,173.78,172.8,173.29,198645
2025-09-17 10:00:00+00:00,NVDA,173.27,173.44,171.75,172.25,288613
2025-09-17 11:00:00+00:00,NVDA,172.27,172.94,172.16,172.75,184106
2025-09-17 12:00:00+00:00,NVDA,172.74,173.7,172.51,173.27,244147
2025-09-17 13:00:00+00:00,NVDA,173.25,173.32,170.1,170.85,7329337
2025-09-17 14:00:00+00:00,NVDA,170.845,170.99,169.68,170.095,5314495
2025-09-17 15:00:00+00:00,NVDA,170.1,170.78,169.39,169.565,3685585
2025-09-17 16:00:00+00:00,NVDA,169.57,169.965,169.27,169.9,2371480
2025-09-17 17:00:00+00:00,NVDA,169.895,171.155,169.83,171.09,2329256
2025-09-17 18:00:00+00:00,NVDA,171.11,171.59,168.415,169.7,8488705
2025-09-17 19:00:00+00:00,NVDA,169.69,171.4,169.62,170.21,7434658
2025-09-17 20:00:00+00:00,NVDA,170.21,170.86,170.2,170.67,11483704
2025-09-17 21:00:00+00:00,NVDA,170.65,170.84,170.56,170.64,28553
2025-09-17 22:00:00+00:00,NVDA,170.63,171.25,170.63,171.19,33417
2025-09-17 23:00:00+00:00,NVDA,171.19,171.34,171.15,171.33,18481
2025-09-18 08:00:00+00:00,NVDA,172.1,173.38,171.99,173.25,237337
2025-09-18 09:00:00+00:00,NVDA,173.3,174.66,173.23,174.21,265320
2025-09-18 10:00:00+00:00,NVDA,174.22,174.57,174.0,174.32,263508
2025-09-18 11:00:00+00:00,NVDA,174.3,176.15,174.06,175.5,838682
2025-09-18 12:00:00+00:00,NVDA,175.49,175.7,174.53,174.71,315806
2025-09-18 13:00:00+00:00,NVDA,174.71,175.37,172.96,173.535,8724751
2025-09-18 14:00:00+00:00,NVDA,173.535,176.24,173.51,175.27,6625162
2025-09-18 15:00:00+00:00,NVDA,175.28,176.57,175.255,176.0,4246922
2025-09-18 16:00:00+00:00,NVDA,176.0,176.705,175.805,176.585,2862116
2025-09-18 17:00:00+00:00,NVDA,176.585,176.92,176.1,176.28,2591139
2025-09-18 18:00:00+00:00,NVDA,176.28,177.09,176.0,176.85,3051166
2025-09-18 19:00:00+00:00,NVDA,176.86,177.1,176.09,176.22,6181567
2025-09-18 20:00:00+00:00,NVDA,176.25,176.42,175.8,176.24,13871518
2025-09-18 21:00:00+00:00,NVDA,176.27,176.31,176.0,176.2,15571
2025-09-18 22:00:00+00:00,NVDA,176.19,176.44,176.15,176.35,17575
2025-09-18 23:00:00+00:00,NVDA,176.34,176.39,176.26,176.39,23183
2025-09-19 08:00:00+00:00,NVDA,175.96,175.96,175.5,175.58,81846
2025-09-19 09:00:00+00:00,NVDA,175.58,175.79,175.36,175.56,55839
2025-09-19 10:00:00+00:00,NVDA,175.56,176.05,175.5,175.82,42547
2025-09-19 11:00:00+00:00,NVDA,175.83,175.89,175.56,175.72,55095
2025-09-19 12:00:00+00:00,NVDA,175.7,176.16,175.55,175.64,146164
2025-09-19 13:00:00+00:00,NVDA,175.59,177.02,175.18,176.6,20683395
2025-09-19 14:00:00+00:00,NVDA,176.61,178.08,176.53,177.155,5462512
2025-09-19 15:00:00+00:00,NVDA,177.16,177.275,175.8,176.385,3745269
2025-09-19 16:00:00+00:00,NVDA,176.38,176.47,175.72,175.79,2364474
2025-09-19 17:00:00+00:00,NVDA,175.79,176.22,175.57,175.78,2258822
2025-09-19 18:00:00+00:00,NVDA,175.78,176.21,175.555,176.11,2424601
2025-09-19 19:00:00+00:00,NVDA,176.105,176.85,175.83,176.51,7612901
2025-09-19 20:00:00+00:00,NVDA,176.51,176.67,176.35,176.42,57017624
2025-09-19 21:00:00+00:00,NVDA,176.41,176.42,176.08,176.21,19161
2025-09-19 22:00:00+00:00,NVDA,176.21,176.34,176.09,176.13,10075
2025-09-19 23:00:00+00:00,NVDA,176.12,176.19,176.01,176.07,9511
2025-09-22 08:00:00+00:00,NVDA,175.73,175.73,175.15,175.24,98302
2025-09-22 09:00:00+00:00,NVDA,175.25,175.33,174.64,174.81,130052
2025-09-22 10:00:00+00:00,NVDA,174.81,175.37,174.65,175.24,57426
2025-09-22 11:00:00+00:00,NVDA,175.24,175.69,175.22,175.53,70043
2025-09-22 12:00:00+00:00,NVDA,175.53,176.01,175.26,175.81,94164
2025-09-22 13:00:00+00:00,NVDA,175.79,176.12,174.71,175.46,5177132
2025-09-22 14:00:00+00:00,NVDA,175.48,176.08,174.985,175.75,3525436
2025-09-22 15:00:00+00:00,NVDA,175.74,175.985,175.28,175.5,2043524
2025-09-22 16:00:00+00:00,NVDA,175.5,184.55,175.5,183.84,24622955
2025-09-22 17:00:00+00:00,NVDA,183.84,184.06,182.34,183.085,6963726
2025-09-22 18:00:00+00:00,NVDA,183.08,183.36,182.51,183.325,4129561
2025-09-22 19:00:00+00:00,NVDA,183.325,183.95,182.65,183.6,9100793
2025-09-22 20:00:00+00:00,NVDA,183.6,183.88,182.95,183.45,15229676
2025-09-22 21:00:00+00:00,NVDA,183.42,183.46,183.05,183.08,60652
2025-09-22 22:00:00+00:00,NVDA,183.09,183.09,182.15,182.57,162300
2025-09-22 23:00:00+00:00,NVDA,182.57,182.68,182.3,182.6,54635
2025-09-23 08:00:00+00:00,NVDA,182.7,183.0,182.14,182.17,196681
2025-09-23 09:00:00+00:00,NVDA,182.18,182.52,181.78,182.42,169278
2025-09-23 10:00:00+00:00,NVDA,182.42,182.57,182.09,182.19,142295
2025-09-23 11:00:00+00:00,NVDA,182.25,182.25,181.37,182.02,295976
2025-09-23 12:00:00+00:00,NVDA,182.04,182.38,181.57,181.98,435694
2025-09-23 13:00:00+00:00,NVDA,181.98,182.41,179.35,179.55,8752014
2025-09-23 14:00:00+00:00,NVDA,179.57,180.815,179.145,179.85,6385063
2025-09-23 15:00:00+00:00,NVDA,179.85,180.545,179.67,179.965,2878873
2025-09-23 16:00:00+00:00,NVDA,179.965,180.135,178.85,179.19,3614644
2025-09-23 17:00:00+00:00,NVDA,179.195,179.35,177.31,178.25,4588494
2025-09-23 18:00:00+00:00,NVDA,178.27,178.39,177.45,178.145,2896400
2025-09-23 19:00:00+00:00,NVDA,178.145,178.915,178.04,178.44,5536590
2025-09-23 20:00:00+00:00,NVDA,178.45,178.72,177.8,178.3,13914852
2025-09-23 21:00:00+00:00,NVDA,178.31,179.25,178.13,178.19,217997
2025-09-23 22:00:00+00:00,NVDA,178.19,178.4,178.14,178.14,25845
2025-09-23 23:00:00+00:00,NVDA,178.14,178.25,177.81,177.9,24029
2025-09-24 08:00:00+00:00,NVDA,179.37,180.24,179.29,179.77,128006
2025-09-24 09:00:00+00:00,NVDA,179.78,179.82,179.35,179.71,80540
2025-09-24 10:00:00+00:00,NVDA,179.71,179.92,179.47,179.6,47954
2025-09-24 11:00:00+00:00,NVDA,179.58,179.85,179.1,179.27,95737
2025-09-24 12:00:00+00:00,NVDA,179.26,179.47,178.58,179.21,212080
2025-09-24 13:00:00+00:00,NVDA,179.2,179.8,177.6,178.33,5083652
2025-09-24 14:00:00+00:00,NVDA,178.33,179.11,177.98,178.065,3359887
2025-09-24 15:00:00+00:00,NVDA,178.06,178.51,176.18,176.25,3671568
2025-09-24 16:00:00+00:00,NVDA,176.26,176.51,175.4,176.37,3882839
2025-09-24 17:00:00+00:00,NVDA,176.38,177.34,176.345,176.91,2200922
2025-09-24 18:00:00+00:00,NVDA,176.91,177.34,176.485,177.15,1787645
2025-09-24 19:00:00+00:00,NVDA,177.16,177.34,176.71,176.88,3251851
2025-09-24 20:00:00+00:00,NVDA,176.88,176.97,176.45,176.65,11597088
2025-09-24 21:00:00+00:00,NVDA,176.65,176.74,176.53,176.72,15661
2025-09-24 22:00:00+00:00,NVDA,176.72,176.75,176.63,176.7,6036
2025-09-24 23:00:00+00:00,NVDA,176.69,176.7,176.49,176.51,12362
2025-09-25 08:00:00+00:00,NVDA,176.89,177.6,176.84,176.87,129310
2025-09-25 09:00:00+00:00,NVDA,176.86,176.99,176.07,176.26,95972
2025-09-25 10:00:00+00:00,NVDA,176.28,176.28,175.62,176.0,76979
2025-09-25 11:00:00+00:00,NVDA,176.03,176.2,174.88,174.98,177855
2025-09-25 12:00:00+00:00,NVDA,175.0,175.58,174.53,174.69,400686
2025-09-25 13:00:00+00:00,NVDA,174.68,175.6,173.125,174.94,7831867
2025-09-25 14:00:00+00:00,NVDA,174.95,178.31,174.94,177.84,6102355
2025-09-25 15:00:00+00:00,NVDA,177.84,179.97,177.24,179.93,4901278
2025-09-25 16:00:00+00:00,NVDA,179.93,180.26,178.475,178.62,4582917
2025-09-25 17:00:00+00:00,NVDA,178.62,178.72,176.285,176.38,4105040
2025-09-25 18:00:00+00:00,NVDA,176.39,177.75,175.55,177.31,3639651
2025-09-25 19:00:00+00:00,NVDA,177.3,177.94,176.77,177.68,4818258
2025-09-25 20:00:00+00:00,NVDA,177.68,177.78,177.34,177.34,9118025
2025-09-25 21:00:00+00:00,NVDA,177.36,177.43,177.18,177.27,16691
2025-09-25 22:00:00+00:00,NVDA,177.29,177.47,177.22,177.22,11542
2025-09-25 23:00:00+00:00,NVDA,177.22,177.25,177.02,177.02,24996
2025-09-26 08:00:00+00:00,NVDA,176.92,177.03,176.01,176.07,116508
2025-09-26 09:00:00+00:00,NVDA,176.07,176.47,175.81,176.33,82738
2025-09-26 10:00:00+00:00,NVDA,176.35,176.44,175.6,176.02,112319
2025-09-26 11:00:00+00:00,NVDA,176.05,178.13,175.95,177.85,201515
2025-09-26 12:00:00+00:00,NVDA,177.84,178.85,177.6,178.27,305378
2025-09-26 13:00:00+00:00,NVDA,178.3,178.64,176.5,177.02,4910673
2025-09-26 14:00:00+00:00,NVDA,177.01,177.48,174.93,175.85,6241252
2025-09-26 15:00:00+00:00,NVDA,175.84,176.8,175.785,175.915,3651703
2025-09-26 16:00:00+00:00,NVDA,175.92,177.45,175.78,177.33,2928968
2025-09-26 17:00:00+00:00,NVDA,177.33,177.57,176.95,177.35,2221817
2025-09-26 18:00:00+00:00,NVDA,177.355,177.915,177.23,177.375,2292576
2025-09-26 19:00:00+00:00,NVDA,177.38,178.28,177.185,178.19,4782037
2025-09-26 20:00:00+00:00,NVDA,178.19,178.29,177.87,177.88,8977205
2025-09-26 21:00:00+00:00,NVDA,177.88,177.9,177.63,177.67,23169
2025-09-26 22:00:00+00:00,NVDA,177.65,177.7,177.53,177.65,21423
2025-09-26 23:00:00+00:00,NVDA,177.62,177.75,177.56,177.61,22250
2025-09-29 08:00:00+00:00,NVDA,178.98,179.97,178.73,179.89,133915
2025-09-29 09:00:00+00:00,NVDA,179.9,179.97,179.16,179.28,138475
2025-09-29 10:00:00+00:00,NVDA,179.27,179.58,179.0,179.27,88911
2025-09-29 11:00:00+00:00,NVDA,179.27,180.21,179.2,179.98,277690
2025-09-29 12:00:00+00:00,NVDA,179.97,180.16,179.77,180.14,153119
2025-09-29 13:00:00+00:00,NVDA,180.14,184.0,179.66,183.1,10563536
2025-09-29 14:00:00+00:00,NVDA,183.11,183.88,182.55,183.615,6950997
2025-09-29 15:00:00+00:00,NVDA,183.61,183.76,181.8,182.125,5004673
2025-09-29 16:00:00+00:00,NVDA,182.12,182.31,181.45,181.725,3088926
2025-09-29 17:00:00+00:00,NVDA,181.725,182.215,181.28,182.165,2150864
2025-09-29 18:00:00+00:00,NVDA,182.165,182.26,181.485,181.72,2081506
2025-09-29 19:00:00+00:00,NVDA,181.715,181.94,180.68,181.83,5813898
2025-09-29 20:00:00+00:00,NVDA,181.83,182.0,181.47,181.48,16064261
2025-09-29 21:00:00+00:00,NVDA,181.48,181.54,181.31,181.31,12951
2025-09-29 22:00:00+00:00,NVDA,181.33,181.42,181.26,181.38,9601
2025-09-29 23:00:00+00:00,NVDA,181.39,181.39,181.0,181.07,30389
2025-09-30 08:00:00+00:00,NVDA,181.34,181.58,180.56,181.3,115045
2025-09-30 09:00:00+00:00,NVDA,181.34,181.82,181.09,181.57,65704
2025-09-30 10:00:00+00:00,NVDA,181.62,182.65,181.53,182.28,92297
2025-09-30 11:00:00+00:00,NVDA,182.27,182.48,182.04,182.07,94222
2025-09-30 12:00:00+00:00,NVDA,182.07,182.85,181.8,182.77,240331
2025-09-30 13:00:00+00:00,NVDA,182.77,183.58,181.48,183.55,6130996
2025-09-30 14:00:00+00:00,NVDA,183.55,187.23,183.34,186.86,17052596
2025-09-30 15:00:00+00:00,NVDA,186.86,187.35,185.61,186.665,6310171
2025-09-30 16:00:00+00:00,NVDA,186.665,187.12,185.9,186.165,4326436
2025-09-30 17:00:00+00:00,NVDA,186.16,186.27,185.23,185.945,3703498
2025-09-30 18:00:00+00:00,NVDA,185.94,186.46,185.725,185.985,2761229
2025-09-30 19:00:00+00:00,NVDA,185.985,186.765,185.01,186.58,8694969
2025-09-30 20:00:00+00:00,NVDA,186.57,186.8,186.06,186.06,15889445
2025-09-30 21:00:00+00:00,NVDA,186.07,186.41,186.02,186.29,30703
2025-09-30 22:00:00+00:00,NVDA,186.26,186.43,186.09,186.19,27247
2025-09-30 23:00:00+00:00,NVDA,186.16,186.2,185.74,185.74,54411
2025-10-01 08:00:00+00:00,NVDA,185.01,185.58,184.09,185.13,249200
2025-10-01 09:00:00+00:00,NVDA,185.11,185.75,184.98,185.42,161383
2025-10-01 10:00:00+00:00,NVDA,185.44,185.55,185.12,185.17,82990
2025-10-01 11:00:00+00:00,NVDA,185.16,185.77,185.12,185.55,173680
2025-10-01 12:00:00+00:00,NVDA,185.55,185.55,184.8,184.9,329449
2025-10-01 13:00:00+00:00,NVDA,184.9,186.1,183.9,184.18,6932844
2025-10-01 14:00:00+00:00,NVDA,184.2,187.865,184.02,187.21,8144985
2025-10-01 15:00:00+00:00,NVDA,187.2,187.86,186.42,187.265,3985031
2025-10-01 16:00:00+00:00,NVDA,187.27,187.52,186.49,187.09,2056096
2025-10-01 17:00:00+00:00,NVDA,187.08,188.14,187.02,187.525,3049322
2025-10-01 18:00:00+00:00,NVDA,187.53,187.895,187.305,187.405,1686518
2025-10-01 19:00:00+00:00,NVDA,187.405,187.605,186.37,187.17,5498231
2025-10-01 20:00:00+00:00,NVDA,187.16,187.42,186.89,186.9,14915308
2025-10-01 21:00:00+00:00,NVDA,186.88,186.96,186.77,186.83,28345
2025-10-01 22:00:00+00:00,NVDA,186.83,187.09,186.81,187.04,27826
2025-10-01 23:00:00+00:00,NVDA,187.03,187.15,186.92,186.94,18132
2025-10-02 08:00:00+00:00,NVDA,187.84,189.29,187.84,189.26,180723
2025-10-02 09:00:00+00:00,NVDA,189.24,189.64,189.02,189.28,205404
2025-10-02 10:00:00+00:00,NVDA,189.25,189.92,189.25,189.55,157506
2025-10-02 11:00:00+00:00,NVDA,189.55,189.89,189.12,189.82,208543
2025-10-02 12:00:00+00:00,NVDA,189.82,190.23,189.6,189.89,326476
2025-10-02 13:00:00+00:00,NVDA,189.89,191.05,188.265,189.29,8201293
2025-10-02 14:00:00+00:00,NVDA,189.29,190.44,188.98,189.26,4602750
2025-10-02 15:00:00+00:00,NVDA,189.26,189.99,188.91,189.63,2901456
2025-10-02 16:00:00+00:00,NVDA,189.625,189.625,188.78,189.43,1795020
2025-10-02 17:00:00+00:00,NVDA,189.42,189.43,188.75,188.76,1429706
2025-10-02 18:00:00+00:00,NVDA,188.76,189.21,188.61,188.9,1719985
2025-10-02 19:00:00+00:00,NVDA,188.91,189.305,188.75,188.92,3762085
2025-10-02 20:00:00+00:00,NVDA,188.89,188.98,188.5,188.6,8249760
2025-10-02 21:00:00+00:00,NVDA,188.66,188.66,188.39,188.46,58566
2025-10-02 22:00:00+00:00,NVDA,188.48,188.59,188.22,188.5,22271
2025-10-02 23:00:00+00:00,NVDA,188.5,189.0,188.47,188.97,20225
2025-10-03 08:00:00+00:00,NVDA,188.36,189.77,187.5,189.67,123168
2025-10-03 09:00:00+00:00,NVDA,189.69,189.95,189.57,189.95,48517
2025-10-03 10:00:00+00:00,NVDA,189.95,189.99,189.61,189.66,66999
2025-10-03 11:00:00+00:00,NVDA,189.64,189.76,189.4,189.53,76736
2025-10-03 12:00:00+00:00,NVDA,189.53,189.8,189.21,189.43,127842
2025-10-03 13:00:00+00:00,NVDA,189.41,190.36,188.77,188.91,4357520
2025-10-03 14:00:00+00:00,NVDA,188.92,189.575,188.33,189.34,3532215
2025-10-03 15:00:00+00:00,NVDA,189.33,189.8,188.725,189.0,2628090
2025-10-03 16:00:00+00:00,NVDA,188.99,188.99,187.595,187.98,2602404
2025-10-03 17:00:00+00:00,NVDA,187.98,187.98,185.38,186.4,4154366
2025-10-03 18:00:00+00:00,NVDA,186.41,187.74,185.68,187.66,2707159
2025-10-03 19:00:00+00:00,NVDA,187.655,187.98,187.105,187.62,4281527
2025-10-03 20:00:00+00:00,NVDA,187.63,187.63,187.37,187.48,11432469
2025-10-03 21:00:00+00:00,NVDA,187.48,187.68,187.45,187.68,22517
2025-10-03 22:00:00+00:00,NVDA,187.67,187.8,187.62,187.65,12849
2025-10-03 23:00:00+00:00,NVDA,187.66,187.78,187.61,187.68,26384
2025-10-06 08:00:00+00:00,NVDA,188.01,188.89,188.01,188.79,91433
2025-10-06 09:00:00+00:00,NVDA,188.8,188.99,188.78,188.99,60387
2025-10-06 10:00:00+00:00,NVDA,188.98,189.99,185.69,186.24,335215
2025-10-06 11:00:00+00:00,NVDA,186.2,186.4,182.88,185.04,1451471
2025-10-06 12:00:00+00:00,NVDA,185.03,186.88,184.4,184.54,971724
2025-10-06 13:00:00+00:00,NVDA,184.54,187.22,183.33,186.29,9102072
2025-10-06 14:00:00+00:00,NVDA,186.29,186.54,184.205,184.8,6183706
2025-10-06 15:00:00+00:00,NVDA,184.79,187.09,184.64,186.83,3148318
2025-10-06 16:00:00+00:00,NVDA,186.83,187.23,186.275,186.34,2133830
2025-10-06 17:00:00+00:00,NVDA,186.34,186.46,185.47,185.78,1859991
2025-10-06 18:00:00+00:00,NVDA,185.78,186.09,185.39,185.86,1822450
2025-10-06 19:00:00+00:00,NVDA,185.86,186.04,185.43,185.53,3823289
2025-10-06 20:00:00+00:00,NVDA,185.53,185.88,185.41,185.84,9743460
2025-10-06 21:00:00+00:00,NVDA,185.87,185.92,185.63,185.82,45734
2025-10-06 22:00:00+00:00,NVDA,185.87,185.99,185.54,185.61,28251
2025-10-06 23:00:00+00:00,NVDA,185.55,185.89,185.54,185.63,11949
2025-10-07 08:00:00+00:00,NVDA,185.99,186.49,185.93,186.05,78794
2025-10-07 09:00:00+00:00,NVDA,186.02,186.93,185.9,186.42,108304
2025-10-07 10:00:00+00:00,NVDA,186.45,186.55,185.91,186.08,81750
2025-10-07 11:00:00+00:00,NVDA,186.11,186.36,185.9,186.28,51472
2025-10-07 12:00:00+00:00,NVDA,186.27,186.72,186.15,186.66,98103
2025-10-07 13:00:00+00:00,NVDA,186.68,188.96,186.18,188.83,5219012
2025-10-07 14:00:00+00:00,NVDA,188.85,189.06,187.57,187.83,3589030
2025-10-07 15:00:00+00:00,NVDA,187.83,187.86,184.405,185.45,7219406
2025-10-07 16:00:00+00:00,NVDA,185.48,186.41,185.08,185.75,2695821
2025-10-07 17:00:00+00:00,NVDA,185.75,186.19,185.32,185.35,1354540
2025-10-07 18:00:00+00:00,NVDA,185.36,186.035,185.15,185.63,1106580
2025-10-07 19:00:00+00:00,NVDA,185.62,185.8,184.91,184.96,3102048
2025-10-07 20:00:00+00:00,NVDA,184.96,185.29,184.68,185.18,7703759
2025-10-07 21:00:00+00:00,NVDA,185.2,185.47,185.2,185.32,26680
2025-10-07 22:00:00+00:00,NVDA,185.32,185.54,185.25,185.38,15741
2025-10-07 23:00:00+00:00,NVDA,185.41,186.16,184.88,184.96,118018
2025-10-08 08:00:00+00:00,NVDA,185.69,186.59,185.69,186.12,114144
2025-10-08 09:00:00+00:00,NVDA,186.13,186.3,185.76,186.04,68481
2025-10-08 10:00:00+00:00,NVDA,186.04,186.47,185.86,186.35,77319
2025-10-08 11:00:00+00:00,NVDA,186.34,186.37,185.86,186.26,113850
2025-10-08 12:00:00+00:00,NVDA,186.27,186.72,185.75,186.31,218106
2025-10-08 13:00:00+00:00,NVDA,186.3,189.08,186.17,188.64,7260256
2025-10-08 14:00:00+00:00,NVDA,188.66,189.415,188.24,188.64,4495878
2025-10-08 15:00:00+00:00,NVDA,188.64,188.87,187.62,187.92,2591232
2025-10-08 16:00:00+00:00,NVDA,187.92,188.485,187.69,188.25,1626250
2025-10-08 17:00:00+00:00,NVDA,188.26,188.89,187.77,188.61,1840511
2025-10-08 18:00:00+00:00,NVDA,188.6,188.81,187.99,188.32,1564406
2025-10-08 19:00:00+00:00,NVDA,188.33,189.19,188.245,189.06,4488570
2025-10-08 20:00:00+00:00,NVDA,189.06,189.23,188.8,188.84,9633688
2025-10-08 21:00:00+00:00,NVDA,188.88,189.0,188.77,188.97,18210
2025-10-08 22:00:00+00:00,NVDA,188.95,189.17,188.88,189.08,16747
2025-10-08 23:00:00+00:00,NVDA,189.06,189.24,189.04,189.23,27909
2025-10-09 08:00:00+00:00,NVDA,191.3,191.52,190.32,190.45,225425
2025-10-09 09:00:00+00:00,NVDA,190.39,190.93,190.2,190.74,82425
2025-10-09 10:00:00+00:00,NVDA,190.73,192.05,190.67,191.36,263618
2025-10-09 11:00:00+00:00,NVDA,191.33,192.49,191.0,192.3,287247
2025-10-09 12:00:00+00:00,NVDA,192.3,192.99,192.16,192.84,460151
2025-10-09 13:00:00+00:00,NVDA,192.84,195.3,191.07,194.38,10703668
2025-10-09 14:00:00+00:00,NVDA,194.38,194.58,192.18,194.07,5815244
2025-10-09 15:00:00+00:00,NVDA,194.08,194.715,193.37,194.18,3244372
2025-10-09 16:00:00+00:00,NVDA,194.17,194.58,192.73,192.75,2468221
2025-10-09 17:00:00+00:00,NVDA,192.75,193.28,192.275,193.005,1964493
2025-10-09 18:00:00+00:00,NVDA,193.01,193.17,192.135,192.56,2131638
2025-10-09 19:00:00+00:00,NVDA,192.56,193.53,192.22,192.57,4044245
2025-10-09 20:00:00+00:00,NVDA,192.57,192.57,192.04,192.27,8734738
2025-10-09 21:00:00+00:00,NVDA,192.3,192.38,192.08,192.28,38215
2025-10-09 22:00:00+00:00,NVDA,192.27,192.78,192.25,192.69,20585
2025-10-09 23:00:00+00:00,NVDA,192.72,192.91,192.7,192.86,15033
2025-10-10 08:00:00+00:00,NVDA,192.38,193.71,192.38,193.58,138645
2025-10-10 09:00:00+00:00,NVDA,193.57,194.0,192.88,192.88,204149
2025-10-10 10:00:00+00:00,NVDA,192.87,193.61,192.85,193.35,62085
2025-10-10 11:00:00+00:00,NVDA,193.33,193.92,193.29,193.87,69785
2025-10-10 12:00:00+00:00,NVDA,193.87,193.99,193.4,193.47,122176
2025-10-10 13:00:00+00:00,NVDA,193.47,194.29,192.21,194.1,6142906
2025-10-10 14:00:00+00:00,NVDA,194.1,195.62,193.54,194.16,6681867
2025-10-10 15:00:00+00:00,NVDA,194.16,194.195,186.38,189.52,19763182
2025-10-10 16:00:00+00:00,NVDA,189.51,189.86,187.38,187.52,6449041
2025-10-10 17:00:00+00:00,NVDA,187.51,188.45,186.64,187.69,4631561
2025-10-10 18:00:00+00:00,NVDA,187.71,188.28,186.63,186.98,3133061
2025-10-10 19:00:00+00:00,NVDA,186.97,187.55,182.8,183.12,13443616
2025-10-10 20:00:00+00:00,NVDA,183.12,183.99,180.91,181.2,23714602
2025-10-10 21:00:00+00:00,NVDA,181.2,181.43,179.0,180.0,959561
2025-10-10 22:00:00+00:00,NVDA,179.96,183.67,179.96,182.89,452637
2025-10-10 23:00:00+00:00,NVDA,182.88,183.8,182.6,183.2,100952
2025-10-13 08:00:00+00:00,NVDA,188.0,190.12,188.0,189.86,348925
2025-10-13 09:00:00+00:00,NVDA,189.86,190.05,189.33,189.43,153549
2025-10-13 10:00:00+00:00,NVDA,189.44,189.78,188.94,189.02,155950
2025-10-13 11:00:00+00:00,NVDA,188.98,189.01,187.39,188.21,425730
2025-10-13 12:00:00+00:00,NVDA,188.21,189.25,187.85,188.72,435694
2025-10-13 13:00:00+00:00,NVDA,188.72,189.64,186.82,189.6,7603465
2025-10-13 14:00:00+00:00,NVDA,189.6,190.11,185.97,186.26,5445616
2025-10-13 15:00:00+00:00,NVDA,186.26,188.775,186.18,188.32,2772434
2025-10-13 16:00:00+00:00,NVDA,188.32,189.22,188.005,189.185,1842319
2025-10-13 17:00:00+00:00,NVDA,189.19,189.43,188.175,188.55,1572483
2025-10-13 18:00:00+00:00,NVDA,188.55,188.56,187.25,187.63,1621620
2025-10-13 19:00:00+00:00,NVDA,187.64,188.9,187.38,188.32,4817171
2025-10-13 20:00:00+00:00,NVDA,188.31,188.7,188.19,188.34,11636355
2025-10-13 21:00:00+00:00,NVDA,188.34,188.36,188.3,188.32,13246
2025-10-13 22:00:00+00:00,NVDA,188.31,188.62,188.26,188.6,12105
2025-10-13 23:00:00+00:00,NVDA,188.6,188.66,188.43,188.54,16167
2025-10-14 08:00:00+00:00,NVDA,184.85,185.83,184.1,185.58,159719
2025-10-14 09:00:00+00:00,NVDA,185.52,185.65,184.65,184.81,104274
2025-10-14 10:00:00+00:00,NVDA,184.79,184.84,183.45,184.45,203915
2025-10-14 11:00:00+00:00,NVDA,184.49,185.47,183.4,185.36,179748
2025-10-14 12:00:00+00:00,NVDA,185.35,185.65,184.45,185.31,314383
2025-10-14 13:00:00+00:00,NVDA,185.33,185.66,179.7,181.15,9820221
2025-10-14 14:00:00+00:00,NVDA,181.14,182.72,180.75,181.33,6057313
2025-10-14 15:00:00+00:00,NVDA,181.34,183.165,181.19,182.63,4122735
2025-10-14 16:00:00+00:00,NVDA,182.63,184.2,182.08,183.16,3357024
2025-10-14 17:00:00+00:00,NVDA,183.15,183.63,181.79,181.825,2795624
2025-10-14 18:00:00+00:00,NVDA,181.83,182.365,181.53,182.03,2513559
2025-10-14 19:00:00+00:00,NVDA,182.03,182.26,179.835,180.07,9645238
2025-10-14 20:00:00+00:00,NVDA,180.03,181.2,180.03,181.04,12322325
2025-10-14 21:00:00+00:00,NVDA,181.05,181.42,181.05,181.24,57077
2025-10-14 22:00:00+00:00,NVDA,181.21,181.6,181.14,181.32,40237
2025-10-14 23:00:00+00:00,NVDA,181.39,181.42,181.18,181.19,24032
2025-10-15 08:00:00+00:00,NVDA,183.06,183.99,182.99,183.75,154195
2025-10-15 09:00:00+00:00,NVDA,183.73,184.9,183.7,184.72,183237
2025-10-15 10:00:00+00:00,NVDA,184.79,184.83,184.22,184.3,117065
2025-10-15 11:00:00+00:00,NVDA,184.28,184.29,183.6,184.06,219708
2025-10-15 12:00:00+00:00,NVDA,184.06,185.07,184.05,185.02,483915
2025-10-15 13:00:00+00:00,NVDA,185.02,185.56,181.02,182.14,7373028
2025-10-15 14:00:00+00:00,NVDA,182.15,183.01,181.5,182.77,5084441
2025-10-15 15:00:00+00:00,NVDA,182.76,183.21,179.87,180.52,4667642
2025-10-15 16:00:00+00:00,NVDA,180.53,181.02,179.9,179.98,3050990
2025-10-15 17:00:00+00:00,NVDA,179.99,180.01,177.29,179.55,5303208
2025-10-15 18:00:00+00:00,NVDA,179.555,180.675,179.0,180.56,2142951
2025-10-15 19:00:00+00:00,NVDA,180.55,180.57,178.605,179.875,6563057
2025-10-15 20:00:00+00:00,NVDA,179.83,180.44,179.73,180.25,17034702
2025-10-15 21:00:00+00:00,NVDA,180.28,180.85,180.27,180.63,87098
2025-10-15 22:00:00+00:00,NVDA,180.62,180.9,180.56,180.85,113567
2025-10-15 23:00:00+00:00,NVDA,180.86,180.89,180.63,180.84,50614
2025-10-16 08:00:00+00:00,NVDA,181.81,182.24,181.51,181.7,125295
2025-10-16 09:00:00+00:00,NVDA,181.73,182.07,181.62,182.05,90001
2025-10-16 10:00:00+00:00,NVDA,182.05,182.37,181.98,182.06,121124
2025-10-16 11:00:00+00:00,NVDA,182.04,182.22,181.85,182.17,85050
2025-10-16 12:00:00+00:00,NVDA,182.17,182.68,181.7,182.48,290153
2025-10-16 13:00:00+00:00,NVDA,182.48,182.59,181.25,181.68,5612931
2025-10-16 14:00:00+00:00,NVDA,181.69,183.27,181.47,182.48,4141436
2025-10-16 15:00:00+00:00,NVDA,182.485,182.925,181.55,181.9,3093216
2025-10-16 16:00:00+00:00,NVDA,181.89,182.18,179.77,181.49,4072949
2025-10-16 17:00:00+00:00,NVDA,181.48,182.52,180.65,182.12,3132567
2025-10-16 18:00:00+00:00,NVDA,182.11,182.18,179.82,181.46,3090617
2025-10-16 19:00:00+00:00,NVDA,181.465,181.99,180.26,181.81,4918744
2025-10-16 20:00:00+00:00,NVDA,181.82,181.99,181.26,181.38,13602370
2025-10-16 21:00:00+00:00,NVDA,181.45,181.45,181.1,181.23,21902
2025-10-16 22:00:00+00:00,NVDA,181.26,181.75,180.92,180.92,35227
2025-10-16 23:00:00+00:00,NVDA,180.93,181.01,180.51,180.75,31712
2025-10-17 08:00:00+00:00,NVDA,177.59,179.59,176.23,177.14,309613
2025-10-17 09:00:00+00:00,NVDA,177.1,177.92,177.0,177.21,164194
2025-10-17 10:00:00+00:00,NVDA,177.28,178.38,177.28,178.32,161754
2025-10-17 11:00:00+00:00,NVDA,178.35,179.98,178.06,179.92,320429
2025-10-17 12:00:00+00:00,NVDA,179.92,180.85,179.75,179.89,300125
2025-10-17 13:00:00+00:00,NVDA,179.92,182.42,179.56,181.79,8978788
2025-10-17 14:00:00+00:00,NVDA,181.795,183.53,181.075,181.25,5350525
2025-10-17 15:00:00+00:00,NVDA,181.25,182.32,180.025,182.07,3591456
2025-10-17 16:00:00+00:00,NVDA,182.07,182.96,182.05,182.44,2570518
2025-10-17 17:00:00+00:00,NVDA,182.44,183.01,181.94,182.855,2589543
2025-10-17 18:00:00+00:00,NVDA,182.85,183.865,182.78,183.47,2240060
2025-10-17 19:00:00+00:00,NVDA,183.48,184.1,182.84,183.24,3762314
2025-10-17 20:00:00+00:00,NVDA,183.24,183.32,183.05,183.24,9305015
2025-10-17 21:00:00+00:00,NVDA,183.26,183.26,183.05,183.15,16199
2025-10-17 22:00:00+00:00,NVDA,183.15,183.17,183.03,183.09,12694
2025-10-17 23:00:00+00:00,NVDA,183.08,183.39,183.03,183.39,13632
2025-10-20 08:00:00+00:00,NVDA,184.29,184.79,183.59,183.64,125529
2025-10-20 09:00:00+00:00,NVDA,183.61,184.05,182.97,183.7,112583
2025-10-20 10:00:00+00:00,NVDA,183.73,184.26,183.16,183.3,100821
2025-10-20 11:00:00+00:00,NVDA,183.26,183.8,182.56,182.75,184647
2025-10-20 12:00:00+00:00,NVDA,182.75,183.26,182.6,182.79,343091
2025-10-20 13:00:00+00:00,NVDA,182.81,183.38,181.73,182.94,4451448
2025-10-20 14:00:00+00:00,NVDA,182.94,185.2,182.3,183.91,4331869
2025-10-20 15:00:00+00:00,NVDA,183.91,184.02,183.03,183.63,1994429
2025-10-20 16:00:00+00:00,NVDA,183.64,184.13,183.28,184.075,1467326
2025-10-20 17:00:00+00:00,NVDA,184.07,184.25,183.5,183.57,1101189
2025-10-20 18:00:00+00:00,NVDA,183.56,183.79,183.39,183.45,939651
2025-10-20 19:00:00+00:00,NVDA,183.44,183.51,182.49,182.57,3375410
2025-10-20 20:00:00+00:00,NVDA,182.57,182.96,182.5,182.87,10107149
2025-10-20 21:00:00+00:00,NVDA,182.85,182.96,182.82,182.92,11007
2025-10-20 22:00:00+00:00,NVDA,182.95,182.95,182.84,182.87,14879
2025-10-20 23:00:00+00:00,NVDA,182.86,182.88,182.66,182.78,17534
2025-10-21 08:00:00+00:00,NVDA,182.53,182.95,182.13,182.29,66414
2025-10-21 09:00:00+00:00,NVDA,182.3,182.53,182.0,182.25,70640
2025-10-21 10:00:00+00:00,NVDA,182.26,182.53,182.22,182.5,36214
2025-10-21 11:00:00+00:00,NVDA,182.5,183.02,182.49,182.95,77655
2025-10-21 12:00:00+00:00,NVDA,182.94,183.29,182.82,183.04,86284
2025-10-21 13:00:00+00:00,NVDA,183.07,183.15,180.66,180.95,4207698
2025-10-21 14:00:00+00:00,NVDA,180.95,181.405,179.8,181.315,4580052
2025-10-21 15:00:00+00:00,NVDA,181.32,182.3,181.14,182.18,2238731
2025-10-21 16:00:00+00:00,NVDA,182.18,182.65,181.36,181.415,1440283
2025-10-21 17:00:00+00:00,NVDA,181.42,181.68,181.07,181.645,1237020
2025-10-21 18:00:00+00:00,NVDA,181.645,181.655,180.94,181.28,1121842
2025-10-21 19:00:00+00:00,NVDA,181.28,181.615,181.025,181.18,2254238
2025-10-21 20:00:00+00:00,NVDA,181.16,181.26,180.7,181.0,9080861
2025-10-21 21:00:00+00:00,NVDA,181.04,181.24,180.93,181.19,26128
2025-10-21 22:00:00+00:00,NVDA,181.19,181.21,180.92,181.06,5521
2025-10-21 23:00:00+00:00,NVDA,181.04,181.09,180.7,180.74,31960
2025-10-22 08:00:00+00:00,NVDA,181.32,181.46,180.99,181.35,41477
2025-10-22 09:00:00+00:00,NVDA,181.31,181.91,180.95,181.81,51117
2025-10-22 10:00:00+00:00,NVDA,181.84,181.9,181.53,181.59,45454
2025-10-22 11:00:00+00:00,NVDA,181.62,181.67,180.96,181.05,75387
2025-10-22 12:00:00+00:00,NVDA,181.06,181.41,181.0,181.12,65965
2025-10-22 13:00:00+00:00,NVDA,181.13,183.435,180.29,182.66,3770474
2025-10-22 14:00:00+00:00,NVDA,182.67,183.12,179.32,180.69,4964740
2025-10-22 15:00:00+00:00,NVDA,180.68,180.725,177.9,179.48,3936386
2025-10-22 16:00:00+00:00,NVDA,179.49,179.95,177.78,178.79,3197361
2025-10-22 17:00:00+00:00,NVDA,178.78,178.99,176.76,177.56,2679773
2025-10-22 18:00:00+00:00,NVDA,177.56,178.9,176.93,178.88,2246929
2025-10-22 19:00:00+00:00,NVDA,178.875,180.39,178.63,180.28,4208821
2025-10-22 20:00:00+00:00,NVDA,180.28,180.6,179.75,179.79,9800424
2025-10-22 21:00:00+00:00,NVDA,179.82,179.88,179.53,179.6,44154
2025-10-22 22:00:00+00:00,NVDA,179.78,180.11,179.6,179.92,38974
2025-10-22 23:00:00+00:00,NVDA,179.92,180.2,179.62,179.68,21616
2025-10-23 08:00:00+00:00,NVDA,180.44,180.99,180.27,180.81,52108
2025-10-23 09:00:00+00:00,NVDA,180.79,180.79,180.09,180.56,43766
2025-10-23 10:00:00+00:00,NVDA,180.55,180.65,180.14,180.3,43680
2025-10-23 11:00:00+00:00,NVDA,180.3,180.32,179.6,179.66,76862
2025-10-23 12:00:00+00:00,NVDA,179.65,179.91,179.22,179.9,114164
2025-10-23 13:00:00+00:00,NVDA,179.9,181.605,179.0,181.35,4702246
2025-10-23 14:00:00+00:00,NVDA,181.35,182.325,180.62,182.3,3725779
2025-10-23 15:00:00+00:00,NVDA,182.3,182.49,181.36,182.12,2168418
2025-10-23 16:00:00+00:00,NVDA,182.115,182.275,181.68,182.01,1254542
2025-10-23 17:00:00+00:00,NVDA,182.01,182.67,181.57,182.53,1850743
2025-10-23 18:00:00+00:00,NVDA,182.53,183.02,182.255,182.935,1664895
2025-10-23 19:00:00+00:00,NVDA,182.935,183.03,181.91,182.2,2871354
2025-10-23 20:00:00+00:00,NVDA,182.2,182.62,182.07,182.46,8334481
2025-10-23 21:00:00+00:00,NVDA,182.46,182.47,182.0,182.2,43927
2025-10-23 22:00:00+00:00,NVDA,182.2,182.29,182.19,182.24,13015
2025-10-23 23:00:00+00:00,NVDA,182.25,182.3,182.17,182.3,10077
2025-10-24 08:00:00+00:00,NVDA,182.76,183.3,182.73,183.18,73519
2025-10-24 09:00:00+00:00,NVDA,183.2,183.3,183.04,183.2,42982
2025-10-24 10:00:00+00:00,NVDA,183.23,183.44,182.99,183.0,57365
2025-10-24 11:00:00+00:00,NVDA,182.99,183.37,182.99,183.21,65979
2025-10-24 12:00:00+00:00,NVDA,183.21,184.49,183.08,183.95,300462
2025-10-24 13:00:00+00:00,NVDA,183.99,186.03,183.51,185.54,5293417
2025-10-24 14:00:00+00:00,NVDA,185.55,185.69,184.28,184.85,3672886
2025-10-24 15:00:00+00:00,NVDA,184.86,185.595,184.53,185.33,1910291
2025-10-24 16:00:00+00:00,NVDA,185.32,185.415,184.925,185.175,1220859
2025-10-24 17:00:00+00:00,NVDA,185.16,185.645,184.9,185.485,1205160
2025-10-24 18:00:00+00:00,NVDA,185.48,185.8,185.015,185.79,1560942
2025-10-24 19:00:00+00:00,NVDA,185.8,187.465,185.8,186.27,6765770
2025-10-24 20:00:00+00:00,NVDA,186.26,187.21,186.19,186.79,9596082
2025-10-24 21:00:00+00:00,NVDA,186.8,186.8,186.46,186.59,14240
2025-10-24 22:00:00+00:00,NVDA,186.57,186.59,186.31,186.36,17429
2025-10-24 23:00:00+00:00,NVDA,186.33,186.52,186.33,186.46,18003
2025-10-27 08:00:00+00:00,NVDA,189.77,190.24,188.39,190.2,230311
2025-10-27 09:00:00+00:00,NVDA,190.21,190.94,190.13,190.88,137927
2025-10-27 10:00:00+00:00,NVDA,190.86,191.16,190.52,190.8,167665
2025-10-27 11:00:00+00:00,NVDA,190.78,190.96,190.59,190.63,193433
2025-10-27 12:00:00+00:00,NVDA,190.63,190.75,190.28,190.48,137472
2025-10-27 13:00:00+00:00,NVDA,190.47,191.26,189.75,191.05,5899389
2025-10-27 14:00:00+00:00,NVDA,191.055,191.11,188.44,190.3,4968442
2025-10-27 15:00:00+00:00,NVDA,190.32,191.47,190.24,190.87,2831500
2025-10-27 16:00:00+00:00,NVDA,190.88,191.49,190.78,191.48,1729938
2025-10-27 17:00:00+00:00,NVDA,191.48,191.77,191.0,191.095,1938817
2025-10-27 18:00:00+00:00,NVDA,191.09,191.24,190.27,190.765,1531517
2025-10-27 19:00:00+00:00,NVDA,190.76,191.75,190.285,191.43,5115605
2025-10-27 20:00:00+00:00,NVDA,191.43,191.77,191.41,191.64,14748133
2025-10-27 21:00:00+00:00,NVDA,191.65,191.68,191.52,191.58,20376
2025-10-27 22:00:00+00:00,NVDA,191.57,191.58,191.31,191.4,33147
2025-10-27 23:00:00+00:00,NVDA,191.42,191.68,191.4,191.56,16639
2025-10-28 08:00:00+00:00,NVDA,191.29,191.29,190.6,191.17,78030
2025-10-28 09:00:00+00:00,NVDA,191.16,191.61,191.06,191.44,66769
2025-10-28 10:00:00+00:00,NVDA,191.44,191.58,191.31,191.33,37134
2025-10-28 11:00:00+00:00,NVDA,191.33,192.68,191.3,192.63,196043
2025-10-28 12:00:00+00:00,NVDA,192.62,193.36,192.38,193.13,314417
2025-10-28 13:00:00+00:00,NVDA,193.13,195.46,192.64,193.83,7340500
2025-10-28 14:00:00+00:00,NVDA,193.85,193.96,192.2,193.18,3644558
2025-10-28 15:00:00+00:00,NVDA,193.18,193.33,191.92,193.33,2879019
2025-10-28 16:00:00+00:00,NVDA,193.34,195.55,193.34,193.87,4781304
2025-10-28 17:00:00+00:00,NVDA,193.875,198.47,193.27,198.05,12312569
2025-10-28 18:00:00+00:00,NVDA,198.04,200.0,197.48,199.99,9671338
2025-10-28 19:00:00+00:00,NVDA,199.99,203.15,199.57,201.03,15777850
2025-10-28 20:00:00+00:00,NVDA,201.04,204.75,200.69,204.6,12528123
2025-10-28 21:00:00+00:00,NVDA,204.59,204.85,203.4,204.14,624332
2025-10-28 22:00:00+00:00,NVDA,204.15,204.15,203.12,203.27,155472
2025-10-28 23:00:00+00:00,NVDA,203.28,204.44,203.17,204.4,151227
2025-10-29 08:00:00+00:00,NVDA,206.12,208.05,205.5,207.36,798743
2025-10-29 09:00:00+00:00,NVDA,207.36,207.95,207.04,207.31,423934
2025-10-29 10:00:00+00:00,NVDA,207.31,208.9,207.19,207.72,658034
2025-10-29 11:00:00+00:00,NVDA,207.72,209.37,207.41,208.04,793090
2025-10-29 12:00:00+00:00,NVDA,208.03,208.3,207.56,208.1,947666
2025-10-29 13:00:00+00:00,NVDA,208.09,212.01,207.1,211.96,15433304
2025-10-29 14:00:00+00:00,NVDA,211.99,212.15,208.58,208.9,9047725
2025-10-29 15:00:00+00:00,NVDA,208.895,209.175,206.37,207.49,6767700
2025-10-29 16:00:00+00:00,NVDA,207.49,207.5,205.04,206.92,4812523
2025-10-29 17:00:00+00:00,NVDA,206.93,208.025,206.235,207.355,2746253
2025-10-29 18:00:00+00:00,NVDA,207.33,207.64,204.78,206.59,5874165
2025-10-29 19:00:00+00:00,NVDA,206.59,208.05,205.42,207.03,7919612
2025-10-29 20:00:00+00:00,NVDA,207.03,208.5,206.34,207.66,12840367
2025-10-29 21:00:00+00:00,NVDA,207.63,207.71,204.58,204.92,233084
2025-10-29 22:00:00+00:00,NVDA,204.98,207.5,204.96,207.48,126544
2025-10-29 23:00:00+00:00,NVDA,207.45,207.89,207.14,207.69,98330
2025-10-30 08:00:00+00:00,NVDA,207.47,208.17,206.7,207.35,153679
2025-10-30 09:00:00+00:00,NVDA,207.38,207.71,205.01,205.53,161302
2025-10-30 10:00:00+00:00,NVDA,205.54,206.22,205.1,205.94,109163
2025-10-30 11:00:00+00:00,NVDA,205.91,207.38,205.91,206.7,133698
2025-10-30 12:00:00+00:00,NVDA,206.7,206.75,202.76,203.18,529768
2025-10-30 13:00:00+00:00,NVDA,203.2,206.17,201.46,203.96,9066586
2025-10-30 14:00:00+00:00,NVDA,203.96,204.7,201.42,202.915,6061277
2025-10-30 15:00:00+00:00,NVDA,202.915,203.85,202.06,202.555,3457843
2025-10-30 16:00:00+00:00,NVDA,202.56,203.83,202.42,203.57,2461617
2025-10-30 17:00:00+00:00,NVDA,203.57,204.435,202.45,204.17,2415864
2025-10-30 18:00:00+00:00,NVDA,204.18,204.27,203.37,203.505,2060100
2025-10-30 19:00:00+00:00,NVDA,203.505,203.61,201.88,202.77,5803214
2025-10-30 20:00:00+00:00,NVDA,202.77,204.27,201.71,204.04,13335300
2025-10-30 21:00:00+00:00,NVDA,204.04,204.49,203.54,204.08,110503
2025-10-30 22:00:00+00:00,NVDA,204.01,204.84,203.9,204.38,59180
2025-10-30 23:00:00+00:00,NVDA,204.4,204.69,204.01,204.55,33369
2025-10-31 08:00:00+00:00,NVDA,205.86,207.03,205.8,206.59,175231
2025-10-31 09:00:00+00:00,NVDA,206.61,207.1,206.41,207.1,123670
2025-10-31 10:00:00+00:00,NVDA,207.15,207.44,206.74,206.75,158843
2025-10-31 11:00:00+00:00,NVDA,206.75,207.23,206.2,207.11,137008
2025-10-31 12:00:00+00:00,NVDA,207.1,207.49,206.75,206.79,147349
2025-10-31 13:00:00+00:00,NVDA,206.75,207.97,205.11,205.23,4813920
2025-10-31 14:00:00+00:00,NVDA,205.22,206.61,204.62,206.48,3463286
2025-10-31 15:00:00+00:00,NVDA,206.47,206.59,203.77,203.78,2713344
2025-10-31 16:00:00+00:00,NVDA,203.77,204.37,202.57,202.76,2938401
2025-10-31 17:00:00+00:00,NVDA,202.75,203.94,202.075,203.26,2490210
2025-10-31 18:00:00+00:00,NVDA,203.26,204.37,203.25,203.76,2131489
2025-10-31 19:00:00+00:00,NVDA,203.765,204.76,202.38,202.41,7334258
2025-10-31 20:00:00+00:00,NVDA,202.41,202.84,202.3,202.5,15848272
2025-10-31 21:00:00+00:00,NVDA,202.49,202.88,202.45,202.85,61391
2025-10-31 22:00:00+00:00,NVDA,202.86,202.86,202.67,202.79,4641
2025-10-31 23:00:00+00:00,NVDA,202.77,202.81,202.56,202.62,42528
2025-11-03 09:00:00+00:00,NVDA,203.98,205.8,203.51,205.48,207507
2025-11-03 10:00:00+00:00,NVDA,205.48,205.5,204.93,205.17,94027
2025-11-03 11:00:00+00:00,NVDA,205.18,206.33,205.18,205.73,201705
2025-11-03 12:00:00+00:00,NVDA,205.69,206.89,205.61,206.4,171295
2025-11-03 13:00:00+00:00,NVDA,206.37,206.99,205.89,206.88,198397
2025-11-03 14:00:00+00:00,NVDA,206.9,209.45,206.9,207.62,6200609
2025-11-03 15:00:00+00:00,NVDA,207.64,208.44,206.8,208.07,4023218
2025-11-03 16:00:00+00:00,NVDA,208.09,209.51,207.71,209.17,3297358
2025-11-03 17:00:00+00:00,NVDA,209.17,210.55,208.77,210.455,4212269
2025-11-03 18:00:00+00:00,NVDA,210.46,211.335,209.33,209.42,4136070
2025-11-03 19:00:00+00:00,NVDA,209.41,209.56,206.93,208.24,4973961
2025-11-03 20:00:00+00:00,NVDA,208.25,208.43,206.34,207.02,5222113
2025-11-03 21:00:00+00:00,NVDA,207.03,207.57,206.88,207.3,10544644
2025-11-03 22:00:00+00:00,NVDA,207.29,207.46,207.18,207.18,17251
2025-11-03 23:00:00+00:00,NVDA,207.16,207.31,206.95,207.2,20048
2025-11-04 09:00:00+00:00,NVDA,204.08,204.42,202.21,202.25,207028
2025-11-04 10:00:00+00:00,NVDA,202.24,203.1,201.43,202.66,276168
2025-11-04 11:00:00+00:00,NVDA,202.64,203.33,202.43,203.16,137027
2025-11-04 12:00:00+00:00,NVDA,203.19,203.54,202.28,202.83,285180
2025-11-04 13:00:00+00:00,NVDA,202.83,203.3,201.83,202.44,447209
2025-11-04 14:00:00+00:00,NVDA,202.44,203.96,200.9,203.82,6771254
2025-11-04 15:00:00+00:00,NVDA,203.8,203.85,201.16,201.62,4667339
2025-11-04 16:00:00+00:00,NVDA,201.62,202.295,200.92,201.49,3507031
2025-11-04 17:00:00+00:00,NVDA,201.5,201.55,199.8,200.63,4236104
2025-11-04 18:00:00+00:00,NVDA,200.62,200.85,199.21,200.37,3049581
2025-11-04 19:00:00+00:00,NVDA,200.365,200.76,198.58,199.08,3330610
2025-11-04 20:00:00+00:00,NVDA,199.08,200.26,197.93,198.71,8154588
2025-11-04 21:00:00+00:00,NVDA,198.7,200.0,196.5,197.94,15339733
2025-11-04 22:00:00+00:00,NVDA,197.93,198.69,196.88,197.0,129518
2025-11-04 23:00:00+00:00,NVDA,196.97,197.48,195.37,195.93,237503
2025-11-05 09:00:00+00:00,NVDA,197.11,198.4,196.71,197.37,178685
2025-11-05 10:00:00+00:00,NVDA,197.34,197.56,195.94,195.94,113608
2025-11-05 11:00:00+00:00,NVDA,195.91,196.63,195.54,196.44,119951
2025-11-05 12:00:00+00:00,NVDA,196.43,197.98,196.0,197.7,131399
2025-11-05 13:00:00+00:00,NVDA,197.63,199.96,197.4,199.65,282466
2025-11-05 14:00:00+00:00,NVDA,199.62,200.34,196.98,200.01,5924007
2025-11-05 15:00:00+00:00,NVDA,199.99,202.79,199.35,202.55,4828125
2025-11-05 16:00:00+00:00,NVDA,202.56,202.91,201.31,202.02,2816282
2025-11-05 17:00:00+00:00,NVDA,202.02,202.08,200.97,201.18,1847976
2025-11-05 18:00:00+00:00,NVDA,201.19,202.275,200.685,201.695,1594724
2025-11-05 19:00:00+00:00,NVDA,201.69,201.695,200.875,201.335,1411826
2025-11-05 20:00:00+00:00,NVDA,201.33,201.47,194.97,195.15,11527540
2025-11-05 21:00:00+00:00,NVDA,195.15,196.36,193.98,195.9,15228395
2025-11-05 22:00:00+00:00,NVDA,195.91,197.25,195.9,197.19,88045
2025-11-05 23:00:00+00:00,NVDA,197.19,197.34,196.52,197.33,86512
2025-11-06 09:00:00+00:00,NVDA,196.98,197.95,196.88,197.48,144862
2025-11-06 10:00:00+00:00,NVDA,197.53,198.3,197.37,197.87,110396
2025-11-06 11:00:00+00:00,NVDA,197.81,198.35,197.81,198.05,86880
2025-11-06 12:00:00+00:00,NVDA,198.01,198.53,197.85,197.92,104240
2025-11-06 13:00:00+00:00,NVDA,197.92,198.02,196.7,196.71,284407
2025-11-06 14:00:00+00:00,NVDA,196.72,197.6,193.165,193.63,6451967
2025-11-06 15:00:00+00:00,NVDA,193.61,193.75,189.46,190.36,7473651
2025-11-06 16:00:00+00:00,NVDA,190.37,191.43,187.94,189.01,5742944
2025-11-06 17:00:00+00:00,NVDA,189.01,189.75,186.38,189.18,5149639
2025-11-06 18:00:00+00:00,NVDA,189.17,189.965,187.85,188.75,3101688
2025-11-06 19:00:00+00:00,NVDA,188.76,190.69,188.5,190.39,3865213
2025-11-06 20:00:00+00:00,NVDA,190.38,190.5,187.09,188.17,7578931
2025-11-06 21:00:00+00:00,NVDA,188.08,189.3,187.97,189.27,14937159
2025-11-06 22:00:00+00:00,NVDA,189.27,189.32,188.5,188.54,57601
2025-11-06 23:00:00+00:00,NVDA,188.53,189.05,188.5,188.96,51807
2025-11-07 09:00:00+00:00,NVDA,189.6,189.6,188.15,188.45,130542
2025-11-07 10:00:00+00:00,NVDA,188.35,188.56,186.91,187.17,111092
2025-11-07 11:00:00+00:00,NVDA,187.12,187.13,185.46,186.78,211409
2025-11-07 12:00:00+00:00,NVDA,186.8,186.98,185.06,185.66,245418
2025-11-07 13:00:00+00:00,NVDA,185.66,186.1,184.58,184.92,452896
2025-11-07 14:00:00+00:00,NVDA,184.94,185.7,182.09,183.08,9620074
2025-11-07 15:00:00+00:00,NVDA,183.08,183.69,180.49,180.51,7348740
2025-11-07 16:00:00+00:00,NVDA,180.52,180.98,178.92,180.24,7497976
2025-11-07 17:00:00+00:00,NVDA,180.25,182.95,179.98,182.88,4383651
2025-11-07 18:00:00+00:00,NVDA,182.88,185.15,182.59,184.48,4718181
2025-11-07 19:00:00+00:00,NVDA,184.48,187.145,184.15,187.09,5558759
2025-11-07 20:00:00+00:00,NVDA,187.09,188.32,185.635,188.26,8470469
2025-11-07 21:00:00+00:00,NVDA,188.25,189.94,188.15,189.9,14615845
2025-11-07 22:00:00+00:00,NVDA,189.85,189.9,189.46,189.79,111403
2025-11-07 23:00:00+00:00,NVDA,189.79,190.0,189.71,189.99,28703
2025-11-10 09:00:00+00:00,NVDA,193.56,194.85,193.56,194.74,174454
2025-11-10 10:00:00+00:00,NVDA,194.75,194.9,194.04,194.45,105310
2025-11-10 11:00:00+00:00,NVDA,194.44,194.57,193.84,194.14,82846
2025-11-10 12:00:00+00:00,NVDA,194.15,194.35,193.76,194.01,148104
2025-11-10 13:00:00+00:00,NVDA,194.01,194.82,193.7,194.41,238133
2025-11-10 14:00:00+00:00,NVDA,194.42,195.61,193.92,195.025,8699904
2025-11-10 15:00:00+00:00,NVDA,195.02,197.67,194.495,194.61,7368131
2025-11-10 16:00:00+00:00,NVDA,194.62,195.29,193.79,195.05,4567810
2025-11-10 17:00:00+00:00,NVDA,195.055,196.91,194.95,196.575,2733964
2025-11-10 18:00:00+00:00,NVDA,196.575,197.88,196.575,196.985,2775175
2025-11-10 19:00:00+00:00,NVDA,196.98,198.325,196.59,198.195,3156323
2025-11-10 20:00:00+00:00,NVDA,198.195,199.935,197.96,199.04,7686264
2025-11-10 21:00:00+00:00,NVDA,199.04,199.53,198.9,199.34,19656905
2025-11-10 22:00:00+00:00,NVDA,199.31,199.55,199.04,199.28,99681
2025-11-10 23:00:00+00:00,NVDA,199.23,199.52,199.06,199.51,26841
2025-11-11 09:00:00+00:00,NVDA,198.52,199.85,196.13,196.25,242121
2025-11-11 10:00:00+00:00,NVDA,196.25,196.55,195.37,195.64,214984
2025-11-11 11:00:00+00:00,NVDA,195.66,196.35,195.55,196.22,143912
2025-11-11 12:00:00+00:00,NVDA,196.22,196.45,194.63,195.23,336529
2025-11-11 13:00:00+00:00,NVDA,195.25,195.8,195.0,195.43,229253
2025-11-11 14:00:00+00:00,NVDA,195.42,195.9,192.565,193.54,7248973
2025-11-11 15:00:00+00:00,NVDA,193.54,193.87,191.56,192.28,6312097
2025-11-11 16:00:00+00:00,NVDA,192.29,193.28,191.31,191.45,4637811
2025-11-11 17:00:00+00:00,NVDA,191.45,193.79,191.43,193.38,4239481
2025-11-11 18:00:00+00:00,NVDA,193.375,194.625,193.08,194.47,4054244
2025-11-11 19:00:00+00:00,NVDA,194.46,194.46,193.57,193.87,3179977
2025-11-11 20:00:00+00:00,NVDA,193.875,194.33,192.83,193.25,6420062
2025-11-11 21:00:00+00:00,NVDA,193.25,194.25,192.9,193.11,12436966
2025-11-11 22:00:00+00:00,NVDA,193.19,194.1,193.01,194.02,75728
2025-11-11 23:00:00+00:00,NVDA,194.0,194.1,193.65,193.91,36860
2025-11-12 09:00:00+00:00,NVDA,195.57,196.36,195.36,196.19,104355
2025-11-12 10:00:00+00:00,NVDA,196.15,196.38,195.51,195.95,87024
2025-11-12 11:00:00+00:00,NVDA,195.96,196.15,194.82,195.01,88372
2025-11-12 12:00:00+00:00,NVDA,195.02,197.0,194.89,196.15,222784
2025-11-12 13:00:00+00:00,NVDA,196.17,196.35,195.55,195.72,95525
2025-11-12 14:00:00+00:00,NVDA,195.71,195.95,191.66,192.71,5282132
2025-11-12 15:00:00+00:00,NVDA,192.71,193.98,191.65,192.43,5733680
2025-11-12 16:00:00+00:00,NVDA,192.44,193.56,191.46,192.05,4224662
2025-11-12 17:00:00+00:00,NVDA,192.045,193.11,191.705,192.53,2676534
2025-11-12 18:00:00+00:00,NVDA,192.54,193.265,192.24,192.35,2640667
2025-11-12 19:00:00+00:00,NVDA,192.35,192.64,191.77,192.02,2315104
2025-11-12 20:00:00+00:00,NVDA,192.01,193.88,191.13,193.85,5819409
2025-11-12 21:00:00+00:00,NVDA,193.85,194.0,193.25,193.3,9498340
2025-11-12 22:00:00+00:00,NVDA,193.38,193.55,193.21,193.27,40924
2025-11-12 23:00:00+00:00,NVDA,193.25,193.25,191.9,192.39,63870
2025-11-13 09:00:00+00:00,NVDA,193.47,193.56,191.78,192.31,90097
2025-11-13 10:00:00+00:00,NVDA,192.33,193.18,192.32,192.75,48338
2025-11-13 11:00:00+00:00,NVDA,192.75,193.15,192.27,192.58,57789
2025-11-13 12:00:00+00:00,NVDA,192.59,192.8,192.15,192.44,59194
2025-11-13 13:00:00+00:00,NVDA,192.37,192.58,191.02,191.02,94321
2025-11-13 14:00:00+00:00,NVDA,191.01,191.45,186.95,188.21,7021515
2025-11-13 15:00:00+00:00,NVDA,188.23,189.91,185.8,186.6,7954007
2025-11-13 16:00:00+00:00,NVDA,186.59,187.02,185.35,185.68,6808943
2025-11-13 17:00:00+00:00,NVDA,185.68,187.23,185.55,185.66,4646783
2025-11-13 18:00:00+00:00,NVDA,185.66,186.13,183.85,184.76,5421285
2025-11-13 19:00:00+00:00,NVDA,184.76,186.485,183.98,185.63,5846043
2025-11-13 20:00:00+00:00,NVDA,185.63,187.195,185.175,186.97,8186769
2025-11-13 21:00:00+00:00,NVDA,186.97,187.5,185.8,185.97,14672328
2025-11-13 22:00:00+00:00,NVDA,185.96,186.42,185.75,186.37,76137
2025-11-13 23:00:00+00:00,NVDA,186.4,187.15,186.4,186.65,38826
2025-11-14 09:00:00+00:00,NVDA,184.59,185.18,183.79,184.23,92327
2025-11-14 10:00:00+00:00,NVDA,184.16,184.95,184.06,184.51,65596
2025-11-14 11:00:00+00:00,NVDA,184.46,184.5,182.05,182.84,363825
2025-11-14 12:00:00+00:00,NVDA,182.88,182.9,180.39,180.9,636008
2025-11-14 13:00:00+00:00,NVDA,180.88,181.75,180.6,181.3,441044
2025-11-14 14:00:00+00:00,NVDA,181.35,187.81,180.58,186.97,11014033
2025-11-14 15:00:00+00:00,NVDA,186.96,189.52,185.48,188.58,5329805
2025-11-14 16:00:00+00:00,NVDA,188.58,190.685,187.56,190.02,4029905
2025-11-14 17:00:00+00:00,NVDA,190.0,190.4,188.84,189.42,2677954
2025-11-14 18:00:00+00:00,NVDA,189.42,189.81,188.4,189.48,2443977
2025-11-14 19:00:00+00:00,NVDA,189.48,191.01,188.57,190.72,3045044
2025-11-14 20:00:00+00:00,NVDA,190.73,190.945,189.37,190.28,5495838
2025-11-14 21:00:00+00:00,NVDA,190.28,190.42,189.8,190.01,10599680
2025-11-14 22:00:00+00:00,NVDA,189.97,190.3,189.91,190.3,21433
2025-11-14 23:00:00+00:00,NVDA,190.31,190.85,190.13,190.85,25469
2025-11-17 09:00:00+00:00,NVDA,192.24,192.35,191.09,191.19,138543
2025-11-17 10:00:00+00:00,NVDA,191.15,191.22,188.59,189.45,154501
2025-11-17 11:00:00+00:00,NVDA,189.42,189.87,188.7,189.4,142812
2025-11-17 12:00:00+00:00,NVDA,189.36,189.59,187.69,188.1,261769
2025-11-17 13:00:00+00:00,NVDA,188.07,188.15,186.55,187.69,398434
2025-11-17 14:00:00+00:00,NVDA,187.66,189.0,184.92,188.13,6596577
2025-11-17 15:00:00+00:00,NVDA,188.09,188.47,186.15,187.22,4344112
2025-11-17 16:00:00+00:00,NVDA,187.22,188.295,185.735,188.21,4915899
2025-11-17 17:00:00+00:00,NVDA,188.21,188.24,186.52,186.55,2556149
2025-11-17 18:00:00+00:00,NVDA,186.56,187.56,185.59,185.82,3006042
2025-11-17 19:00:00+00:00,NVDA,185.82,185.97,184.43,184.71,3639431
2025-11-17 20:00:00+00:00,NVDA,184.7,186.79,184.32,186.6,7834553
2025-11-17 21:00:00+00:00,NVDA,186.59,187.18,186.25,186.56,13086633
2025-11-17 22:00:00+00:00,NVDA,186.54,186.82,186.01,186.12,48746
2025-11-17 23:00:00+00:00,NVDA,186.13,186.72,186.01,186.15,29896
2025-11-18 09:00:00+00:00,NVDA,185.13,185.83,184.52,185.21,64716
2025-11-18 10:00:00+00:00,NVDA,185.2,185.33,184.47,185.1,47235
2025-11-18 11:00:00+00:00,NVDA,185.08,185.23,183.89,185.05,84513
2025-11-18 12:00:00+00:00,NVDA,185.01,185.29,184.01,184.39,170913
2025-11-18 13:00:00+00:00,NVDA,184.47,185.05,183.9,183.97,170950
2025-11-18 14:00:00+00:00,NVDA,183.95,184.35,180.13,180.43,9920882
2025-11-18 15:00:00+00:00,NVDA,180.4,182.67,179.65,181.095,12324495
2025-11-18 16:00:00+00:00,NVDA,181.1,183.63,180.18,183.125,8042853
2025-11-18 17:00:00+00:00,NVDA,183.12,184.61,181.4,184.29,4573410
2025-11-18 18:00:00+00:00,NVDA,184.29,184.5,183.13,183.47,3897700
2025-11-18 19:00:00+00:00,NVDA,183.47,184.65,183.015,184.0,3687207
2025-11-18 20:00:00+00:00,NVDA,184.01,184.22,181.19,181.37,8780441
2025-11-18 21:00:00+00:00,NVDA,181.37,181.65,180.53,181.15,15663997
2025-11-18 22:00:00+00:00,NVDA,181.12,181.14,180.67,180.85,38222
2025-11-18 23:00:00+00:00,NVDA,180.87,181.49,180.87,181.15,57934
2025-11-19 09:00:00+00:00,NVDA,182.05,182.42,181.21,182.42,112477
2025-11-19 10:00:00+00:00,NVDA,182.45,182.9,181.99,182.83,91574
2025-11-19 11:00:00+00:00,NVDA,182.84,183.77,182.62,183.28,188264
2025-11-19 12:00:00+00:00,NVDA,183.24,184.81,183.2,184.19,261689
2025-11-19 13:00:00+00:00,NVDA,184.2,184.81,183.91,184.67,436332
2025-11-19 14:00:00+00:00,NVDA,184.66,187.69,183.28,187.59,8675912
2025-11-19 15:00:00+00:00,NVDA,187.6,187.86,185.5,185.855,5878029
2025-11-19 16:00:00+00:00,NVDA,185.86,186.47,184.59,185.145,5020940
2025-11-19 17:00:00+00:00,NVDA,185.14,185.205,182.84,184.81,4874382
2025-11-19 18:00:00+00:00,NVDA,184.81,185.87,184.12,185.42,4225990
2025-11-19 19:00:00+00:00,NVDA,185.42,186.1,184.36,185.435,3871827
2025-11-19 20:00:00+00:00,NVDA,185.43,187.34,185.37,186.8,8338002
2025-11-19 21:00:00+00:00,NVDA,186.79,195.83,186.03,194.59,17399307
2025-11-19 22:00:00+00:00,NVDA,194.65,198.6,193.16,194.4,4007765
2025-11-19 23:00:00+00:00,NVDA,194.41,196.97,194.31,196.22,773944
2025-11-20 09:00:00+00:00,NVDA,196.06,197.91,195.7,195.87,362445
2025-11-20 10:00:00+00:00,NVDA,195.83,196.26,194.5,195.99,337430
2025-11-20 11:00:00+00:00,NVDA,196.0,196.19,194.81,195.82,201581
2025-11-20 12:00:00+00:00,NVDA,195.79,196.02,195.12,195.92,287487
2025-11-20 13:00:00+00:00,NVDA,195.92,197.17,195.25,196.02,985208
2025-11-20 14:00:00+00:00,NVDA,196.03,196.7,192.29,195.29,14937687
2025-11-20 15:00:00+00:00,NVDA,195.29,195.59,192.01,192.35,8327464
2025-11-20 16:00:00+00:00,NVDA,192.36,192.38,184.4,185.25,12472460
2025-11-20 17:00:00+00:00,NVDA,185.24,186.85,181.79,183.71,9373747
2025-11-20 18:00:00+00:00,NVDA,183.72,185.89,181.5,182.2,6639301
2025-11-20 19:00:00+00:00,NVDA,182.2,183.75,180.94,183.62,5511107
2025-11-20 20:00:00+00:00,NVDA,183.61,183.69,179.86,180.91,9326089
2025-11-20 21:00:00+00:00,NVDA,180.94,181.45,179.17,179.87,14976175
2025-11-20 22:00:00+00:00,NVDA,179.88,180.1,178.41,178.99,545686
2025-11-20 23:00:00+00:00,NVDA,179.0,180.95,178.63,180.64,396002
2025-11-21 09:00:00+00:00,NVDA,181.02,181.62,175.87,176.0,630509
2025-11-21 10:00:00+00:00,NVDA,175.99,177.86,174.42,177.58,765324
2025-11-21 11:00:00+00:00,NVDA,177.66,178.79,176.87,177.45,403514
2025-11-21 12:00:00+00:00,NVDA,177.45,181.0,176.1,180.27,997738
2025-11-21 13:00:00+00:00,NVDA,180.23,182.82,179.82,182.01,877226
2025-11-21 14:00:00+00:00,NVDA,182.0,182.57,176.72,178.6,16292420
2025-11-21 15:00:00+00:00,NVDA,178.6,179.87,172.93,175.26,16128837
2025-11-21 16:00:00+00:00,NVDA,175.26,181.3,174.67,181.12,10172001
2025-11-21 17:00:00+00:00,NVDA,181.12,181.95,179.71,180.77,6110574
2025-11-21 18:00:00+00:00,NVDA,180.77,184.3,178.61,182.88,8555735
2025-11-21 19:00:00+00:00,NVDA,182.89,184.55,180.73,181.2,7382109
2025-11-21 20:00:00+00:00,NVDA,181.19,181.99,178.06,178.94,9200852
2025-11-21 21:00:00+00:00,NVDA,178.95,180.35,178.48,180.15,14458678
2025-11-21 22:00:00+00:00,NVDA,180.15,180.19,179.57,180.1,91080
2025-11-21 23:00:00+00:00,NVDA,180.14,180.49,179.99,180.23,40767
2025-11-24 09:00:00+00:00,NVDA,181.36,181.5,179.23,179.95,193948
2025-11-24 10:00:00+00:00,NVDA,179.96,180.09,178.77,179.54,105160
2025-11-24 11:00:00+00:00,NVDA,179.6,179.73,179.06,179.7,103529
2025-11-24 12:00:00+00:00,NVDA,179.7,180.27,179.5,179.98,235844
2025-11-24 13:00:00+00:00,NVDA,179.99,180.29,179.5,179.55,321614
2025-11-24 14:00:00+00:00,NVDA,179.57,180.87,176.49,178.03,8904747
2025-11-24 15:00:00+00:00,NVDA,178.04,179.99,177.68,178.65,7011095
2025-11-24 16:00:00+00:00,NVDA,178.65,183.12,178.605,182.16,6106940
2025-11-24 17:00:00+00:00,NVDA,182.16,183.36,181.98,182.46,3882403
2025-11-24 18:00:00+00:00,NVDA,182.47,182.84,181.275,182.1,3105396
2025-11-24 19:00:00+00:00,NVDA,182.09,182.56,181.085,181.53,3073336
2025-11-24 20:00:00+00:00,NVDA,181.53,183.49,181.215,182.55,10065481
2025-11-24 21:00:00+00:00,NVDA,182.55,183.1,181.88,181.93,29985798
2025-11-24 22:00:00+00:00,NVDA,181.93,182.31,178.75,179.57,643404
2025-11-24 23:00:00+00:00,NVDA,179.69,180.2,177.72,179.85,892411
2025-11-25 09:00:00+00:00,NVDA,178.47,178.81,175.71,176.64,531558
2025-11-25 10:00:00+00:00,NVDA,176.69,176.84,174.17,175.18,434668
2025-11-25 11:00:00+00:00,NVDA,175.24,176.28,174.43,175.47,442435
2025-11-25 12:00:00+00:00,NVDA,175.5,176.82,175.19,175.46,911982
2025-11-25 13:00:00+00:00,NVDA,175.45,175.75,173.67,174.0,1405178
2025-11-25 14:00:00+00:00,NVDA,174.01,175.18,170.41,172.32,16149366
2025-11-25 15:00:00+00:00,NVDA,172.33,173.08,169.55,172.56,13414696
2025-11-25 16:00:00+00:00,NVDA,172.56,175.29,171.95,174.71,6537709
2025-11-25 17:00:00+00:00,NVDA,174.7,176.48,174.38,175.23,4253139
2025-11-25 18:00:00+00:00,NVDA,175.24,176.84,175.2,176.05,3341455
2025-11-25 19:00:00+00:00,NVDA,176.04,176.225,173.625,175.17,4275955
2025-11-25 20:00:00+00:00,NVDA,175.18,178.15,175.17,177.79,7485364
2025-11-25 21:00:00+00:00,NVDA,177.8,177.88,176.28,176.73,13098449
2025-11-25 22:00:00+00:00,NVDA,176.73,177.7,176.5,177.3,175213
2025-11-25 23:00:00+00:00,NVDA,177.28,177.35,176.68,176.9,66204
2025-11-26 09:00:00+00:00,NVDA,177.09,177.3,174.5,175.4,221073
2025-11-26 10:00:00+00:00,NVDA,175.39,177.14,175.35,176.99,120443
2025-11-26 11:00:00+00:00,NVDA,176.96,177.4,176.54,176.85,112382
2025-11-26 12:00:00+00:00,NVDA,176.86,177.3,175.45,177.05,364120
2025-11-26 13:00:00+00:00,NVDA,177.09,181.73,176.97,181.38,1053491
2025-11-26 14:00:00+00:00,NVDA,181.39,182.91,178.42,178.715,9325216
2025-11-26 15:00:00+00:00,NVDA,178.71,180.76,178.25,180.67,5561271
2025-11-26 16:00:00+00:00,NVDA,180.68,181.73,179.97,180.86,3435486
2025-11-26 17:00:00+00:00,NVDA,180.87,181.5,180.125,181.01,2733094
2025-11-26 18:00:00+00:00,NVDA,181.01,181.23,179.8,180.48,2757773
2025-11-26 19:00:00+00:00,NVDA,180.48,180.79,179.93,180.22,2129740
2025-11-26 20:00:00+00:00,NVDA,180.23,180.745,179.875,180.18,4631828
2025-11-26 21:00:00+00:00,NVDA,180.16,180.29,179.6,179.7,12135207
2025-11-26 22:00:00+00:00,NVDA,179.75,179.86,179.5,179.84,43391
2025-11-26 23:00:00+00:00,NVDA,179.85,179.98,179.67,179.69,33451
2025-11-28 09:00:00+00:00,NVDA,180.31,180.6,179.8,180.25,88067
2025-11-28 10:00:00+00:00,NVDA,180.26,180.66,180.16,180.66,24401
2025-11-28 11:00:00+00:00,NVDA,180.64,180.78,180.34,180.62,30107
2025-11-28 12:00:00+00:00,NVDA,180.62,181.0,180.57,180.92,85877
2025-11-28 13:00:00+00:00,NVDA,180.92,181.0,179.64,179.92,197667
2025-11-28 14:00:00+00:00,NVDA,179.9,180.0,176.97,177.99,6023072
2025-11-28 15:00:00+00:00,NVDA,177.99,178.24,176.93,177.96,4737452
2025-11-28 16:00:00+00:00,NVDA,177.97,178.01,176.535,176.95,3150522
2025-11-28 17:00:00+00:00,NVDA,176.94,177.34,176.5,176.99,4393715
2025-11-28 18:00:00+00:00,NVDA,177.0,177.0,176.42,176.52,10696176
2025-11-28 19:00:00+00:00,NVDA,176.51,176.84,176.5,176.82,59925
2025-11-28 20:00:00+00:00,NVDA,176.81,176.85,176.58,176.62,44797
2025-11-28 21:00:00+00:00,NVDA,176.63,176.79,176.58,176.64,48027
2025-12-01 09:00:00+00:00,NVDA,175.62,176.21,174.81,175.06,117618
2025-12-01 10:00:00+00:00,NVDA,175.07,175.93,175.0,175.69,98886
2025-12-01 11:00:00+00:00,NVDA,175.69,175.71,174.93,175.19,72551
2025-12-01 12:00:00+00:00,NVDA,175.18,175.48,173.23,173.39,628788
2025-12-01 13:00:00+00:00,NVDA,173.39,175.25,173.39,174.97,519257
2025-12-01 14:00:00+00:00,NVDA,174.97,178.69,173.68,178.15,8345226
2025-12-01 15:00:00+00:00,NVDA,178.15,180.01,177.575,179.415,6107613
2025-12-01 16:00:00+00:00,NVDA,179.42,179.845,178.4,179.635,3532179
2025-12-01 17:00:00+00:00,NVDA,179.64,180.29,179.335,179.39,3191612
2025-12-01 18:00:00+00:00,NVDA,179.4,179.98,179.175,179.93,2226771
2025-12-01 19:00:00+00:00,NVDA,179.93,179.95,178.63,178.91,2544377
2025-12-01 20:00:00+00:00,NVDA,178.905,180.0,178.8,179.94,4885812
2025-12-01 21:00:00+00:00,NVDA,179.93,180.66,179.81,179.9,11917185
2025-12-01 22:00:00+00:00,NVDA,179.88,179.98,179.72,179.95,60507
2025-12-01 23:00:00+00:00,NVDA,179.95,179.98,179.63,179.76,32744
2025-12-02 09:00:00+00:00,NVDA,179.94,180.41,179.94,180.21,52333
2025-12-02 10:00:00+00:00,NVDA,180.23,181.01,180.08,180.83,67648
2025-12-02 11:00:00+00:00,NVDA,180.85,181.59,180.65,181.25,133250
2025-12-02 12:00:00+00:00,NVDA,181.25,181.55,181.07,181.34,133827
2025-12-02 13:00:00+00:00,NVDA,181.32,182.36,181.05,182.33,246873
2025-12-02 14:00:00+00:00,NVDA,182.34,185.66,181.6,184.75,7944110
2025-12-02 15:00:00+00:00,NVDA,184.76,185.56,182.96,183.69,5244657
2025-12-02 16:00:00+00:00,NVDA,183.7,183.88,180.0,181.375,6084028
2025-12-02 17:00:00+00:00,NVDA,181.37,182.38,181.17,181.17,2142323
2025-12-02 18:00:00+00:00,NVDA,181.16,182.06,181.03,181.21,1685042
2025-12-02 19:00:00+00:00,NVDA,181.205,181.77,180.75,181.59,1940356
2025-12-02 20:00:00+00:00,NVDA,181.6,181.77,181.0,181.31,3348115
2025-12-02 21:00:00+00:00,NVDA,181.3,181.49,180.88,181.49,14078616
2025-12-02 22:00:00+00:00,NVDA,181.46,181.67,181.2,181.46,61191
2025-12-02 23:00:00+00:00,NVDA,181.47,181.49,181.35,181.41,21180
2025-12-03 09:00:00+00:00,NVDA,182.03,182.32,181.69,182.21,94876
2025-12-03 10:00:00+00:00,NVDA,182.22,182.36,182.03,182.16,42007
2025-12-03 11:00:00+00:00,NVDA,182.16,182.67,182.1,182.52,46968
2025-12-03 12:00:00+00:00,NVDA,182.49,183.8,182.4,183.64,263453
2025-12-03 13:00:00+00:00,NVDA,183.65,184.48,183.29,183.3,321534
2025-12-03 14:00:00+00:00,NVDA,183.28,183.42,179.12,179.99,6911859
2025-12-03 15:00:00+00:00,NVDA,180.01,182.41,179.84,180.92,6121353
2025-12-03 16:00:00+00:00,NVDA,180.93,181.4,179.82,179.99,2719718
2025-12-03 17:00:00+00:00,NVDA,179.99,180.74,179.9,180.66,1941953
2025-12-03 18:00:00+00:00,NVDA,180.66,181.22,180.43,180.58,1750629
2025-12-03 19:00:00+00:00,NVDA,180.57,181.27,180.53,180.65,1849266
2025-12-03 20:00:00+00:00,NVDA,180.645,180.86,179.28,179.64,6440678
2025-12-03 21:00:00+00:00,NVDA,179.65,179.9,179.45,179.83,11314973
2025-12-03 22:00:00+00:00,NVDA,179.83,180.21,179.8,179.95,132095
2025-12-03 23:00:00+00:00,NVDA,179.95,180.06,179.9,180.06,32287
2025-12-04 09:00:00+00:00,NVDA,180.19,180.8,180.0,180.79,98120
2025-12-04 10:00:00+00:00,NVDA,180.77,180.85,180.22,180.35,50764
2025-12-04 11:00:00+00:00,NVDA,180.35,180.51,180.12,180.4,42537
2025-12-04 12:00:00+00:00,NVDA,180.39,180.52,180.13,180.33,80526
2025-12-04 13:00:00+00:00,NVDA,180.34,180.47,180.03,180.43,150538
2025-12-04 14:00:00+00:00,NVDA,180.45,183.1,179.96,180.7,6225285
2025-12-04 15:00:00+00:00,NVDA,180.71,183.02,180.06,181.735,5024493
2025-12-04 16:00:00+00:00,NVDA,181.73,184.27,181.15,184.24,3658751
2025-12-04 17:00:00+00:00,NVDA,184.23,184.51,183.275,183.48,2489007
2025-12-04 18:00:00+00:00,NVDA,183.48,183.79,183.06,183.46,1596485
2025-12-04 19:00:00+00:00,NVDA,183.46,183.485,182.0,182.85,2345771
2025-12-04 20:00:00+00:00,NVDA,182.84,183.48,182.285,183.38,3649629
2025-12-04 21:00:00+00:00,NVDA,183.39,183.98,183.3,183.51,18531573
2025-12-04 22:00:00+00:00,NVDA,183.51,183.56,183.1,183.15,64293
2025-12-04 23:00:00+00:00,NVDA,183.2,183.4,183.12,183.18,34073
2025-12-05 09:00:00+00:00,NVDA,184.3,184.89,184.3,184.63,87199
2025-12-05 10:00:00+00:00,NVDA,184.64,184.75,184.3,184.3,31851
2025-12-05 11:00:00+00:00,NVDA,184.31,184.59,184.2,184.5,28125
2025-12-05 12:00:00+00:00,NVDA,184.51,184.6,183.91,184.26,90497
2025-12-05 13:00:00+00:00,NVDA,184.26,184.39,183.14,183.37,150929
2025-12-05 14:00:00+00:00,NVDA,183.36,184.66,180.92,181.96,5963493
2025-12-05 15:00:00+00:00,NVDA,181.95,183.345,181.58,181.98,4359347
2025-12-05 16:00:00+00:00,NVDA,181.98,182.51,181.5,182.09,2873640
2025-12-05 17:00:00+00:00,NVDA,182.09,182.335,181.51,182.25,1815523
2025-12-05 18:00:00+00:00,NVDA,182.24,182.485,181.67,181.855,1771656
2025-12-05 19:00:00+00:00,NVDA,181.86,181.92,181.15,181.85,1714030
2025-12-05 20:00:00+00:00,NVDA,181.86,182.5,181.3,182.35,4457192
2025-12-05 21:00:00+00:00,NVDA,182.34,182.55,182.32,182.44,14661125
2025-12-05 22:00:00+00:00,NVDA,182.44,182.48,182.33,182.37,87960
2025-12-05 23:00:00+00:00,NVDA,182.36,182.42,182.25,182.25,20125
2025-12-08 09:00:00+00:00,NVDA,182.46,182.5,181.85,182.32,64963
2025-12-08 10:00:00+00:00,NVDA,182.34,183.0,182.1,182.98,53580
2025-12-08 11:00:00+00:00,NVDA,182.98,183.07,182.66,182.81,43003
2025-12-08 12:00:00+00:00,NVDA,182.83,182.95,182.65,182.85,58797
2025-12-08 13:00:00+00:00,NVDA,182.84,183.13,182.29,182.43,165256
2025-12-08 14:00:00+00:00,NVDA,182.45,185.7,182.23,183.325,6594414
2025-12-08 15:00:00+00:00,NVDA,183.325,184.53,182.4,183.65,4044054
2025-12-08 16:00:00+00:00,NVDA,183.64,183.81,183.13,183.58,1849481
2025-12-08 17:00:00+00:00,NVDA,183.57,186.48,182.905,185.84,3658959
2025-12-08 18:00:00+00:00,NVDA,185.84,187.99,184.23,184.43,6381473
2025-12-08 19:00:00+00:00,NVDA,184.44,185.08,183.74,184.37,2291687
2025-12-08 20:00:00+00:00,NVDA,184.38,185.6,184.24,185.58,4543856
2025-12-08 21:00:00+00:00,NVDA,185.585,189.99,185.51,189.2,13050106
2025-12-08 22:00:00+00:00,NVDA,189.17,190.99,189.15,190.16,1080315
2025-12-08 23:00:00+00:00,NVDA,190.14,190.27,189.13,189.5,222290
2025-12-09 09:00:00+00:00,NVDA,189.57,189.71,188.2,188.47,126778
2025-12-09 10:00:00+00:00,NVDA,188.48,189.25,186.26,186.41,411900
2025-12-09 11:00:00+00:00,NVDA,186.41,186.88,184.79,186.64,489641
2025-12-09 12:00:00+00:00,NVDA,186.65,187.65,186.62,187.29,336121
2025-12-09 13:00:00+00:00,NVDA,187.3,187.37,185.84,186.58,467088
2025-12-09 14:00:00+00:00,NVDA,186.56,186.67,183.32,184.08,6568653
2025-12-09 15:00:00+00:00,NVDA,184.09,185.3,183.96,185.19,3894521
2025-12-09 16:00:00+00:00,NVDA,185.19,185.71,184.29,184.62,2686512
2025-12-09 17:00:00+00:00,NVDA,184.61,185.175,184.51,185.09,1816014
2025-12-09 18:00:00+00:00,NVDA,185.095,185.12,184.48,184.76,1464561
2025-12-09 19:00:00+00:00,NVDA,184.77,184.79,184.115,184.23,1589403
2025-12-09 20:00:00+00:00,NVDA,184.22,185.01,184.02,184.97,3403618
2025-12-09 21:00:00+00:00,NVDA,184.97,185.12,184.28,184.53,10646351
2025-12-09 22:00:00+00:00,NVDA,184.53,184.87,184.51,184.59,47251
2025-12-09 23:00:00+00:00,NVDA,184.58,184.7,184.5,184.51,21079
2025-12-10 09:00:00+00:00,NVDA,184.83,184.94,184.48,184.8,24173
2025-12-10 10:00:00+00:00,NVDA,184.81,185.72,184.3,184.57,101593
2025-12-10 11:00:00+00:00,NVDA,184.56,186.0,184.35,185.45,189026
2025-12-10 12:00:00+00:00,NVDA,185.46,185.7,184.97,185.45,132839
2025-12-10 13:00:00+00:00,NVDA,185.44,185.7,185.27,185.3,118483
2025-12-10 14:00:00+00:00,NVDA,185.3,185.47,183.66,184.32,4014906
2025-12-10 15:00:00+00:00,NVDA,184.31,184.485,182.61,182.77,3786587
2025-12-10 16:00:00+00:00,NVDA,182.78,182.96,182.035,182.6,2943716
2025-12-10 17:00:00+00:00,NVDA,182.59,183.43,182.38,183.23,1574121
2025-12-10 18:00:00+00:00,NVDA,183.22,183.26,182.365,182.81,1854621
2025-12-10 19:00:00+00:00,NVDA,182.815,184.605,182.5,184.55,5310681
2025-12-10 20:00:00+00:00,NVDA,184.55,184.695,183.465,183.79,5749428
2025-12-10 21:00:00+00:00,NVDA,183.76,183.78,181.44,182.08,16120732
2025-12-10 22:00:00+00:00,NVDA,182.09,182.53,181.3,181.41,286683
2025-12-10 23:00:00+00:00,NVDA,181.41,181.7,181.25,181.47,114781
2025-12-11 09:00:00+00:00,NVDA,180.45,181.1,180.25,180.35,89611
2025-12-11 10:00:00+00:00,NVDA,180.4,180.85,180.16,180.79,68585
2025-12-11 11:00:00+00:00,NVDA,180.77,180.89,180.4,180.75,74583
2025-12-11 12:00:00+00:00,NVDA,180.75,181.51,180.61,181.39,186476
2025-12-11 13:00:00+00:00,NVDA,181.36,181.54,180.7,180.93,221911
2025-12-11 14:00:00+00:00,NVDA,180.93,181.25,176.81,176.86,7424502
2025-12-11 15:00:00+00:00,NVDA,176.87,178.68,176.625,177.49,5496181
2025-12-11 16:00:00+00:00,NVDA,177.48,178.0,176.93,177.63,2944399
2025-12-11 17:00:00+00:00,NVDA,177.62,179.13,177.22,178.765,2588624
2025-12-11 18:00:00+00:00,NVDA,178.76,180.15,178.69,179.85,2548637
2025-12-11 19:00:00+00:00,NVDA,179.85,181.31,179.7,180.46,2621512
2025-12-11 20:00:00+00:00,NVDA,180.46,181.01,179.97,180.97,4195653
2025-12-11 21:00:00+00:00,NVDA,180.965,181.85,180.28,180.99,11984690
2025-12-11 22:00:00+00:00,NVDA,180.99,181.15,179.2,180.57,298864
2025-12-11 23:00:00+00:00,NVDA,180.55,180.99,180.16,180.24,82236
2025-12-12 09:00:00+00:00,NVDA,180.17,180.37,179.0,179.45,84653
2025-12-12 10:00:00+00:00,NVDA,179.43,179.89,179.15,179.85,45584
2025-12-12 11:00:00+00:00,NVDA,179.83,180.83,179.6,180.54,84555
2025-12-12 12:00:00+00:00,NVDA,180.51,183.2,180.23,182.3,400265
2025-12-12 13:00:00+00:00,NVDA,182.3,183.23,181.4,181.96,444002
2025-12-12 14:00:00+00:00,NVDA,181.95,182.82,180.38,181.14,5694061
2025-12-12 15:00:00+00:00,NVDA,181.13,181.15,177.08,177.25,5815984
2025-12-12 16:00:00+00:00,NVDA,177.24,178.29,175.21,175.82,7382249
2025-12-12 17:00:00+00:00,NVDA,175.835,177.58,175.6,176.86,3567085
2025-12-12 18:00:00+00:00,NVDA,176.87,178.175,176.41,176.91,3405378
2025-12-12 19:00:00+00:00,NVDA,176.92,177.01,176.035,176.29,2563958
2025-12-12 20:00:00+00:00,NVDA,176.3,176.675,174.62,175.0,7335183
2025-12-12 21:00:00+00:00,NVDA,175.0,175.18,174.78,175.1,17013253
2025-12-12 22:00:00+00:00,NVDA,175.11,175.16,174.93,174.99,69676
2025-12-12 23:00:00+00:00,NVDA,175.0,175.0,174.8,174.97,30584
2025-12-15 09:00:00+00:00,NVDA,176.33,177.24,176.11,177.1,82456
2025-12-15 10:00:00+00:00,NVDA,177.1,177.14,176.51,176.87,48209
2025-12-15 11:00:00+00:00,NVDA,176.87,177.29,176.75,176.84,65500
2025-12-15 12:00:00+00:00,NVDA,176.83,177.28,176.53,177.26,114442
2025-12-15 13:00:00+00:00,NVDA,177.26,177.45,176.89,177.23,141618
2025-12-15 14:00:00+00:00,NVDA,177.23,178.38,175.68,177.24,6836414
2025-12-15 15:00:00+00:00,NVDA,177.23,178.33,175.04,177.02,4702734
2025-12-15 16:00:00+00:00,NVDA,177.02,178.41,176.85,177.83,3043450
2025-12-15 17:00:00+00:00,NVDA,177.84,178.06,177.02,177.32,2174954
2025-12-15 18:00:00+00:00,NVDA,177.31,177.575,176.685,177.45,2134070
2025-12-15 19:00:00+00:00,NVDA,177.45,177.66,176.275,176.93,2453851
2025-12-15 20:00:00+00:00,NVDA,176.92,176.92,175.915,176.29,6222773
2025-12-15 21:00:00+00:00,NVDA,176.29,176.65,175.92,176.55,15958511
2025-12-15 22:00:00+00:00,NVDA,176.56,176.69,176.4,176.44,20015
2025-12-15 23:00:00+00:00,NVDA,176.45,176.73,176.01,176.06,32504
2025-12-16 09:00:00+00:00,NVDA,174.72,175.55,174.65,175.0,62255
2025-12-16 10:00:00+00:00,NVDA,175.0,175.98,174.84,175.63,36414
2025-12-16 11:00:00+00:00,NVDA,175.64,176.28,175.44,176.16,34338
2025-12-16 12:00:00+00:00,NVDA,176.14,177.07,176.02,176.79,132208
2025-12-16 13:00:00+00:00,NVDA,176.79,177.78,176.46,176.7,280057
2025-12-16 14:00:00+00:00,NVDA,176.62,177.35,174.9,177.31,4655566
2025-12-16 15:00:00+00:00,NVDA,177.32,177.49,175.51,176.86,3752364
2025-12-16 16:00:00+00:00,NVDA,176.85,177.305,175.695,176.98,2875127
2025-12-16 17:00:00+00:00,NVDA,177.0,177.09,176.225,176.32,1957354
2025-12-16 18:00:00+00:00,NVDA,176.32,177.67,176.1,177.48,1910935
2025-12-16 19:00:00+00:00,NVDA,177.47,177.475,176.02,176.78,2005477
2025-12-16 20:00:00+00:00,NVDA,176.77,178.195,176.71,177.51,4412733
2025-12-16 21:00:00+00:00,NVDA,177.51,177.72,177.01,177.22,18084235
2025-12-16 22:00:00+00:00,NVDA,177.2,177.4,177.1,177.27,27246
2025-12-16 23:00:00+00:00,NVDA,177.27,177.41,177.0,177.09,38685
2025-12-17 09:00:00+00:00,NVDA,177.65,177.9,177.26,177.78,58156
2025-12-17 10:00:00+00:00,NVDA,177.77,178.35,177.64,178.25,69164
2025-12-17 11:00:00+00:00,NVDA,178.3,178.34,177.77,177.93,53799
2025-12-17 12:00:00+00:00,NVDA,177.88,178.35,177.78,178.25,96294
2025-12-17 13:00:00+00:00,NVDA,178.23,178.25,176.42,177.38,390183
2025-12-17 14:00:00+00:00,NVDA,177.38,177.63,173.385,174.59,8110224
2025-12-17 15:00:00+00:00,NVDA,174.6,174.63,171.12,171.53,8074008
2025-12-17 16:00:00+00:00,NVDA,171.52,172.19,170.31,171.08,6265493
2025-12-17 17:00:00+00:00,NVDA,171.09,172.43,170.385,172.09,4276872
2025-12-17 18:00:00+00:00,NVDA,172.09,172.82,171.33,171.69,3510773
2025-12-17 19:00:00+00:00,NVDA,171.68,171.81,170.66,171.58,2626798
2025-12-17 20:00:00+00:00,NVDA,171.59,171.82,170.75,170.93,6710875
2025-12-17 21:00:00+00:00,NVDA,170.92,172.39,170.6,170.89,23713010
2025-12-17 22:00:00+00:00,NVDA,170.94,171.67,170.75,171.62,93388
2025-12-17 23:00:00+00:00,NVDA,171.61,171.66,171.0,171.01,57308
2025-12-18 09:00:00+00:00,NVDA,172.36,173.03,172.31,172.95,68664
2025-12-18 10:00:00+00:00,NVDA,172.93,173.3,172.68,173.19,82820
2025-12-18 11:00:00+00:00,NVDA,173.16,173.56,172.97,173.15,86151
2025-12-18 12:00:00+00:00,NVDA,173.14,173.21,172.74,172.79,124250
2025-12-18 13:00:00+00:00,NVDA,172.79,174.45,172.61,173.69,523619
2025-12-18 14:00:00+00:00,NVDA,173.7,174.9,171.82,173.84,6515437
2025-12-18 15:00:00+00:00,NVDA,173.845,176.15,172.73,175.41,6758575
2025-12-18 16:00:00+00:00,NVDA,175.41,176.04,174.81,175.68,3276432
2025-12-18 17:00:00+00:00,NVDA,175.68,175.73,173.73,175.28,3159147
2025-12-18 18:00:00+00:00,NVDA,175.28,175.38,174.715,174.91,1670195
2025-12-18 19:00:00+00:00,NVDA,174.91,175.04,173.76,173.9,2161968
2025-12-18 20:00:00+00:00,NVDA,173.9,174.96,173.67,174.01,4848367
2025-12-18 21:00:00+00:00,NVDA,174.0,174.39,173.66,174.09,19546486
2025-12-18 22:00:00+00:00,NVDA,174.09,174.95,174.07,174.81,116681
2025-12-18 23:00:00+00:00,NVDA,174.8,175.13,174.52,175.07,58641
2025-12-19 09:00:00+00:00,NVDA,176.41,176.58,176.2,176.43,39679
2025-12-19 10:00:00+00:00,NVDA,176.43,176.79,176.15,176.39,62613
2025-12-19 11:00:00+00:00,NVDA,176.39,177.3,176.15,176.51,92920
2025-12-19 12:00:00+00:00,NVDA,176.47,176.96,175.51,175.7,132091
2025-12-19 13:00:00+00:00,NVDA,175.7,176.16,175.56,175.9,85132
2025-12-19 14:00:00+00:00,NVDA,175.91,180.39,175.6,180.26,25095540
2025-12-19 15:00:00+00:00,NVDA,180.265,180.705,178.24,178.84,5288485
2025-12-19 16:00:00+00:00,NVDA,178.85,180.245,178.56,179.73,3487669
2025-12-19 17:00:00+00:00,NVDA,179.74,181.065,179.735,180.56,3747548
2025-12-19 18:00:00+00:00,NVDA,180.55,180.73,179.43,179.69,2292837
2025-12-19 19:00:00+00:00,NVDA,179.69,180.98,179.69,180.3,2751162
2025-12-19 20:00:00+00:00,NVDA,180.29,181.0,179.945,180.99,8962821
2025-12-19 21:00:00+00:00,NVDA,181.0,181.27,180.72,180.99,64817074
2025-12-19 22:00:00+00:00,NVDA,180.99,181.0,180.74,180.96,81231
2025-12-19 23:00:00+00:00,NVDA,180.96,181.28,180.81,181.26,61354
2025-12-22 09:00:00+00:00,NVDA,182.49,183.14,182.3,183.02,115997
2025-12-22 10:00:00+00:00,NVDA,183.02,183.29,182.92,183.25,65509
2025-12-22 11:00:00+00:00,NVDA,183.26,183.68,183.1,183.14,99179
2025-12-22 12:00:00+00:00,NVDA,183.11,184.6,182.78,184.48,441489
2025-12-22 13:00:00+00:00,NVDA,184.48,184.5,183.99,184.32,292144
2025-12-22 14:00:00+00:00,NVDA,184.33,184.39,182.36,183.84,6646181
2025-12-22 15:00:00+00:00,NVDA,183.85,184.16,182.67,183.71,3348402
2025-12-22 16:00:00+00:00,NVDA,183.705,183.8,183.01,183.19,1872135
2025-12-22 17:00:00+00:00,NVDA,183.195,183.42,182.79,183.18,1419019
2025-12-22 18:00:00+00:00,NVDA,183.17,183.455,183.005,183.175,1106482
2025-12-22 19:00:00+00:00,NVDA,183.18,183.575,182.99,183.405,1263857
2025-12-22 20:00:00+00:00,NVDA,183.41,183.81,183.2,183.6,3558690
2025-12-22 21:00:00+00:00,NVDA,183.6,183.75,183.4,183.45,13633880
2025-12-22 22:00:00+00:00,NVDA,183.44,183.5,183.39,183.42,39685
2025-12-22 23:00:00+00:00,NVDA,183.42,183.48,183.27,183.3,25159
2025-12-23 09:00:00+00:00,NVDA,183.39,183.82,183.05,183.6,46593
2025-12-23 10:00:00+00:00,NVDA,183.64,183.64,182.88,183.21,74659
2025-12-23 11:00:00+00:00,NVDA,183.2,183.25,182.96,183.15,16475
2025-12-23 12:00:00+00:00,NVDA,183.15,183.31,182.8,183.0,58601
2025-12-23 13:00:00+00:00,NVDA,182.99,183.01,181.82,182.14,133143
2025-12-23 14:00:00+00:00,NVDA,182.15,184.91,181.93,184.27,4644397
2025-12-23 15:00:00+00:00,NVDA,184.26,186.635,183.5,186.49,5363058
2025-12-23 16:00:00+00:00,NVDA,186.49,188.33,186.25,188.31,4495987
2025-12-23 17:00:00+00:00,NVDA,188.305,188.62,187.78,188.06,2750324
2025-12-23 18:00:00+00:00,NVDA,188.06,188.645,187.9,188.61,2234177
2025-12-23 19:00:00+00:00,NVDA,188.61,188.8,188.37,188.6,2666744
2025-12-23 20:00:00+00:00,NVDA,188.605,189.33,188.55,189.22,5889005
2025-12-23 21:00:00+00:00,NVDA,189.22,189.38,188.5,188.75,16291923
2025-12-23 22:00:00+00:00,NVDA,188.74,188.88,188.5,188.61,77154
2025-12-23 23:00:00+00:00,NVDA,188.6,188.6,188.29,188.49,113683
2025-12-24 09:00:00+00:00,NVDA,189.0,189.0,188.53,188.64,36547
2025-12-24 10:00:00+00:00,NVDA,188.61,188.61,188.25,188.31,33306
2025-12-24 11:00:00+00:00,NVDA,188.31,188.43,188.15,188.41,37148
2025-12-24 12:00:00+00:00,NVDA,188.42,188.8,188.34,188.62,87258
2025-12-24 13:00:00+00:00,NVDA,188.61,188.77,188.44,188.69,106847
2025-12-24 14:00:00+00:00,NVDA,188.71,188.75,187.43,187.79,3925075
2025-12-24 15:00:00+00:00,NVDA,187.785,188.285,186.59,187.36,2942767
2025-12-24 16:00:00+00:00,NVDA,187.37,188.475,187.26,188.28,1956009
2025-12-24 17:00:00+00:00,NVDA,188.29,188.67,187.96,188.62,2402399
2025-12-24 18:00:00+00:00,NVDA,188.61,188.65,188.19,188.35,3769162
2025-12-24 19:00:00+00:00,NVDA,188.35,188.44,188.34,188.39,16105
2025-12-24 20:00:00+00:00,NVDA,188.38,188.39,188.32,188.32,13697
2025-12-24 21:00:00+00:00,NVDA,188.31,188.43,188.03,188.05,29952
2025-12-26 09:00:00+00:00,NVDA,190.19,190.19,189.5,189.84,50727
2025-12-26 10:00:00+00:00,NVDA,189.83,189.96,189.78,189.88,28010
2025-12-26 11:00:00+00:00,NVDA,189.88,189.95,189.61,189.69,35544
2025-12-26 12:00:00+00:00,NVDA,189.68,189.78,189.5,189.64,93855
2025-12-26 13:00:00+00:00,NVDA,189.65,190.48,189.63,190.25,203582
2025-12-26 14:00:00+00:00,NVDA,190.27,192.29,189.58,191.21,7068498
2025-12-26 15:00:00+00:00,NVDA,191.22,192.185,190.16,191.93,4769328
2025-12-26 16:00:00+00:00,NVDA,191.92,192.1,190.815,190.95,2134900
2025-12-26 17:00:00+00:00,NVDA,190.95,191.2,190.46,191.11,1690617
2025-12-26 18:00:00+00:00,NVDA,191.105,192.54,191.02,192.525,2724670
2025-12-26 19:00:00+00:00,NVDA,192.52,192.685,191.83,191.95,2302831
2025-12-26 20:00:00+00:00,NVDA,191.95,191.97,190.42,190.54,5138817
2025-12-26 21:00:00+00:00,NVDA,190.54,190.56,189.97,190.26,8805640
2025-12-26 22:00:00+00:00,NVDA,190.25,190.53,190.1,190.25,58673
2025-12-26 23:00:00+00:00,NVDA,190.24,190.26,190.11,190.14,14240
2025-12-29 09:00:00+00:00,NVDA,188.4,189.75,187.45,187.94,147045
2025-12-29 10:00:00+00:00,NVDA,187.9,188.44,187.69,188.1,48102
2025-12-29 11:00:00+00:00,NVDA,188.1,188.47,187.7,188.47,65510
2025-12-29 12:00:00+00:00,NVDA,188.49,188.6,188.05,188.08,100062
2025-12-29 13:00:00+00:00,NVDA,188.06,188.4,187.62,187.97,177254
2025-12-29 14:00:00+00:00,NVDA,187.97,188.755,185.91,186.64,5967708
2025-12-29 15:00:00+00:00,NVDA,186.64,187.735,186.04,186.93,3086071
2025-12-29 16:00:00+00:00,NVDA,186.93,187.58,186.49,187.32,1827051
2025-12-29 17:00:00+00:00,NVDA,187.32,187.57,186.795,187.525,1342825
2025-12-29 18:00:00+00:00,NVDA,187.52,187.835,187.14,187.24,1143378
2025-12-29 19:00:00+00:00,NVDA,187.24,188.1,187.055,187.965,1269984
2025-12-29 20:00:00+00:00,NVDA,187.965,188.395,187.57,188.22,2387381
2025-12-29 21:00:00+00:00,NVDA,188.21,188.25,187.93,188.01,7605615
2025-12-29 22:00:00+00:00,NVDA,188.02,188.05,187.83,187.94,21024
2025-12-29 23:00:00+00:00,NVDA,187.96,187.98,187.69,187.7,18694
2025-12-30 09:00:00+00:00,NVDA,187.84,188.16,187.84,187.96,23211
2025-12-30 10:00:00+00:00,NVDA,187.98,188.13,187.9,188.09,14318
2025-12-30 11:00:00+00:00,NVDA,188.05,188.39,188.0,188.3,21102
2025-12-30 12:00:00+00:00,NVDA,188.31,188.7,188.28,188.54,71983
2025-12-30 13:00:00+00:00,NVDA,188.53,188.6,188.25,188.4,56623
2025-12-30 14:00:00+00:00,NVDA,188.41,188.98,187.08,187.545,3228655
2025-12-30 15:00:00+00:00,NVDA,187.54,187.945,186.94,187.87,2771288
2025-12-30 16:00:00+00:00,NVDA,187.86,188.51,187.715,188.005,2033342
2025-12-30 17:00:00+00:00,NVDA,188.0,188.13,187.7,188.065,1489730
2025-12-30 18:00:00+00:00,NVDA,188.065,188.315,187.8,188.265,1182271
2025-12-30 19:00:00+00:00,NVDA,188.26,188.35,187.68,187.91,1792970
2025-12-30 20:00:00+00:00,NVDA,187.9,187.935,187.41,187.55,3329715
2025-12-30 21:00:00+00:00,NVDA,187.55,187.81,187.21,187.24,7306782
2025-12-30 22:00:00+00:00,NVDA,187.24,187.48,187.1,187.28,32577
2025-12-30 23:00:00+00:00,NVDA,187.28,187.35,187.16,187.23,20185
2025-12-31 09:00:00+00:00,NVDA,187.19,187.19,186.65,186.68,33591
2025-12-31 10:00:00+00:00,NVDA,186.69,187.3,186.59,187.3,24986
2025-12-31 11:00:00+00:00,NVDA,187.3,187.9,187.27,187.72,51302
2025-12-31 12:00:00+00:00,NVDA,187.69,188.33,187.63,188.25,108247
2025-12-31 13:00:00+00:00,NVDA,188.24,189.79,188.05,189.64,285870
2025-12-31 14:00:00+00:00,NVDA,189.65,190.56,188.09,188.62,3714607
2025-12-31 15:00:00+00:00,NVDA,188.61,189.14,188.16,188.29,1998188
2025-12-31 16:00:00+00:00,NVDA,188.29,189.06,188.22,189.02,1425445
2025-12-31 17:00:00+00:00,NVDA,189.02,189.27,188.505,188.715,965128
2025-12-31 18:00:00+00:00,NVDA,188.71,189.055,188.635,188.69,888698
2025-12-31 19:00:00+00:00,NVDA,188.68,188.86,187.365,187.795,1472915
2025-12-31 20:00:00+00:00,NVDA,187.79,187.82,186.49,186.49,4088465
2025-12-31 21:00:00+00:00,NVDA,186.5,186.67,186.26,186.55,13393255
2025-12-31 22:00:00+00:00,NVDA,186.57,186.69,186.52,186.6,22472
2025-12-31 23:00:00+00:00,NVDA,186.59,186.61,186.52,186.54,17320
2026-01-02 09:00:00+00:00,NVDA,189.24,190.27,188.61,190.17,79589
2026-01-02 10:00:00+00:00,NVDA,190.18,190.18,189.75,189.9,76902
2026-01-02 11:00:00+00:00,NVDA,189.87,190.05,189.8,189.86,19727
2026-01-02 12:00:00+00:00,NVDA,189.86,189.86,189.13,189.13,193722
2026-01-02 13:00:00+00:00,NVDA,189.13,189.31,189.03,189.1,84225
2026-01-02 14:00:00+00:00,NVDA,189.1,192.9,188.73,191.74,7132897
2026-01-02 15:00:00+00:00,NVDA,191.74,192.235,188.825,188.96,5197472
2026-01-02 16:00:00+00:00,NVDA,188.98,190.06,188.3,189.34,3018520
2026-01-02 17:00:00+00:00,NVDA,189.34,189.94,189.08,189.46,1558429
2026-01-02 18:00:00+00:00,NVDA,189.45,189.77,188.265,188.59,1616473
2026-01-02 19:00:00+00:00,NVDA,188.59,189.62,188.52,188.68,1975566
2026-01-02 20:00:00+00:00,NVDA,188.67,189.24,188.48,188.81,3752378
2026-01-02 21:00:00+00:00,NVDA,188.8,189.02,188.45,188.66,11014881
2026-01-02 22:00:00+00:00,NVDA,188.65,188.83,188.62,188.8,23305
2026-01-02 23:00:00+00:00,NVDA,188.78,188.95,188.77,188.92,31828
2026-01-05 09:00:00+00:00,NVDA,189.91,190.41,189.59,190.06,69345
2026-01-05 10:00:00+00:00,NVDA,190.09,191.16,190.07,191.08,103355
2026-01-05 11:00:00+00:00,NVDA,191.08,191.22,190.89,191.03,51817
2026-01-05 12:00:00+00:00,NVDA,191.0,191.84,190.91,191.61,281912
2026-01-05 13:00:00+00:00,NVDA,191.62,191.99,191.25,191.77,208312
2026-01-05 14:00:00+00:00,NVDA,191.78,193.63,189.395,190.12,7617667
2026-01-05 15:00:00+00:00,NVDA,190.12,190.45,189.26,190.25,4140891
2026-01-05 16:00:00+00:00,NVDA,190.25,190.885,189.28,189.3,2992715
2026-01-05 17:00:00+00:00,NVDA,189.31,189.32,187.05,187.9,4178009
2026-01-05 18:00:00+00:00,NVDA,187.9,188.24,186.99,187.445,2724029
2026-01-05 19:00:00+00:00,NVDA,187.45,187.47,186.16,186.74,3272230
2026-01-05 20:00:00+00:00,NVDA,186.74,188.16,186.52,188.12,4152620
2026-01-05 21:00:00+00:00,NVDA,188.12,188.5,187.33,187.57,13523401
2026-01-05 22:00:00+00:00,NVDA,187.55,189.3,187.23,187.64,455008
2026-01-05 23:00:00+00:00,NVDA,187.64,188.12,187.45,187.89,80957
2026-01-06 09:00:00+00:00,NVDA,189.04,189.36,188.17,189.19,110454
2026-01-06 10:00:00+00:00,NVDA,189.17,189.49,188.99,189.28,54454
2026-01-06 11:00:00+00:00,NVDA,189.31,189.48,189.01,189.17,47528
2026-01-06 12:00:00+00:00,NVDA,189.18,189.46,189.02,189.42,157829
2026-01-06 13:00:00+00:00,NVDA,189.41,189.8,189.34,189.71,225547
2026-01-06 14:00:00+00:00,NVDA,189.71,192.17,188.98,191.905,7186737
2026-01-06 15:00:00+00:00,NVDA,191.9,192.09,188.895,189.14,5342674
2026-01-06 16:00:00+00:00,NVDA,189.11,190.02,187.65,189.5,4978388
2026-01-06 17:00:00+00:00,NVDA,189.5,189.72,188.53,188.705,2045483
2026-01-06 18:00:00+00:00,NVDA,188.705,188.77,187.3,188.24,2164678
2026-01-06 19:00:00+00:00,NVDA,188.24,188.28,187.52,187.69,1686956
2026-01-06 20:00:00+00:00,NVDA,187.7,187.93,186.83,187.27,4543608
2026-01-06 21:00:00+00:00,NVDA,187.27,187.85,187.03,187.73,12903896
2026-01-06 22:00:00+00:00,NVDA,187.72,187.99,187.62,187.97,38067
2026-01-06 23:00:00+00:00,NVDA,187.99,188.24,187.92,188.17,48832
2026-01-07 09:00:00+00:00,NVDA,187.72,187.88,187.16,187.75,41725
2026-01-07 10:00:00+00:00,NVDA,187.71,187.74,186.86,187.34,39264
2026-01-07 11:00:00+00:00,NVDA,187.33,188.0,187.3,187.83,23495
2026-01-07 12:00:00+00:00,NVDA,187.97,188.51,187.89,188.22,65084
2026-01-07 13:00:00+00:00,NVDA,188.18,188.37,187.71,188.02,58654
2026-01-07 14:00:00+00:00,NVDA,188.02,190.2,186.57,190.1,5303267
2026-01-07 15:00:00+00:00,NVDA,190.1,191.36,188.47,189.61,6634760
2026-01-07 16:00:00+00:00,NVDA,189.62,190.345,189.19,190.17,2048375
2026-01-07 17:00:00+00:00,NVDA,190.165,190.6,189.67,189.94,1459167
2026-01-07 18:00:00+00:00,NVDA,189.93,190.16,189.38,189.78,1466388
2026-01-07 19:00:00+00:00,NVDA,189.78,190.0,189.18,189.25,1552063
2026-01-07 20:00:00+00:00,NVDA,189.25,189.415,188.75,189.25,3147672
2026-01-07 21:00:00+00:00,NVDA,189.25,189.39,189.0,189.13,11805780
2026-01-07 22:00:00+00:00,NVDA,189.14,189.22,189.06,189.13,8768
2026-01-07 23:00:00+00:00,NVDA,189.15,189.17,189.0,189.08,8076
2026-01-08 09:00:00+00:00,NVDA,189.68,190.25,189.5,189.8,28140
2026-01-08 10:00:00+00:00,NVDA,189.8,190.1,189.43,189.77,41809
2026-01-08 11:00:00+00:00,NVDA,189.75,190.28,189.44,189.93,51531
2026-01-08 12:00:00+00:00,NVDA,190.0,190.05,189.51,189.65,59655
2026-01-08 13:00:00+00:00,NVDA,189.63,190.0,189.55,189.78,89106
2026-01-08 14:00:00+00:00,NVDA,189.77,189.8,185.01,185.06,6766216
2026-01-08 15:00:00+00:00,NVDA,185.05,186.945,184.665,185.47,7277976
2026-01-08 16:00:00+00:00,NVDA,185.47,185.77,184.44,184.82,4315040
2026-01-08 17:00:00+00:00,NVDA,184.81,184.88,183.82,184.48,3285173
2026-01-08 18:00:00+00:00,NVDA,184.48,184.885,184.08,184.185,2105441
2026-01-08 19:00:00+00:00,NVDA,184.18,185.01,183.71,184.64,2385685
2026-01-08 20:00:00+00:00,NVDA,184.65,185.335,184.53,185.04,3888661
2026-01-08 21:00:00+00:00,NVDA,185.04,185.35,184.99,185.11,12863338
2026-01-08 22:00:00+00:00,NVDA,185.11,185.25,185.11,185.23,11667
2026-01-08 23:00:00+00:00,NVDA,185.24,185.28,185.03,185.03,21425
2026-01-09 09:00:00+00:00,NVDA,184.88,185.82,184.88,185.67,44201
2026-01-09 10:00:00+00:00,NVDA,185.7,185.9,185.66,185.71,27466
2026-01-09 11:00:00+00:00,NVDA,185.71,187.0,185.45,185.85,92781
2026-01-09 12:00:00+00:00,NVDA,185.84,185.89,185.5,185.8,35511
2026-01-09 13:00:00+00:00,NVDA,185.79,186.16,185.43,186.02,169164
2026-01-09 14:00:00+00:00,NVDA,186.03,186.24,183.68,184.78,4554890
2026-01-09 15:00:00+00:00,NVDA,184.77,185.6,183.74,184.88,3986320
2026-01-09 16:00:00+00:00,NVDA,184.88,185.7,184.85,185.34,2120738
2026-01-09 17:00:00+00:00,NVDA,185.35,185.5,184.65,185.05,1503870
2026-01-09 18:00:00+00:00,NVDA,185.05,185.42,184.77,185.36,1371900
2026-01-09 19:00:00+00:00,NVDA,185.36,186.34,185.25,185.54,2241516
2026-01-09 20:00:00+00:00,NVDA,185.55,186.06,184.8,184.85,3479057
2026-01-09 21:00:00+00:00,NVDA,184.86,185.05,184.81,185.01,11122463
2026-01-09 22:00:00+00:00,NVDA,185.02,185.03,184.96,184.98,20928
2026-01-09 23:00:00+00:00,NVDA,184.99,185.01,184.91,184.92,6474
2026-01-12 09:00:00+00:00,NVDA,182.74,183.01,182.46,182.62,56466
2026-01-12 10:00:00+00:00,NVDA,182.65,182.78,182.4,182.46,36401
2026-01-12 11:00:00+00:00,NVDA,182.49,182.92,182.4,182.84,31523
2026-01-12 12:00:00+00:00,NVDA,182.9,183.16,182.77,183.06,50024
2026-01-12 13:00:00+00:00,NVDA,183.07,183.6,182.93,183.4,84007
2026-01-12 14:00:00+00:00,NVDA,183.41,186.2,182.95,184.91,4955110
2026-01-12 15:00:00+00:00,NVDA,184.9,185.205,183.73,184.505,3383203
2026-01-12 16:00:00+00:00,NVDA,184.505,185.61,184.32,185.38,2218098
2026-01-12 17:00:00+00:00,NVDA,185.38,186.895,185.28,186.2,2647028
2026-01-12 18:00:00+00:00,NVDA,186.21,187.01,186.125,186.77,2026830
2026-01-12 19:00:00+00:00,NVDA,186.77,187.115,186.56,186.6,1757115
2026-01-12 20:00:00+00:00,NVDA,186.59,186.61,184.88,184.89,3383291
2026-01-12 21:00:00+00:00,NVDA,184.89,185.11,184.79,184.84,14125128
2026-01-12 22:00:00+00:00,NVDA,184.85,185.1,184.83,184.98,16269
2026-01-12 23:00:00+00:00,NVDA,184.95,185.01,184.71,184.75,27056
2026-01-13 09:00:00+00:00,NVDA,184.95,185.67,184.91,185.51,47524
2026-01-13 10:00:00+00:00,NVDA,185.51,185.57,185.16,185.36,14398
2026-01-13 11:00:00+00:00,NVDA,185.36,185.73,185.16,185.24,30355
2026-01-13 12:00:00+00:00,NVDA,185.21,185.24,184.65,184.84,50216
2026-01-13 13:00:00+00:00,NVDA,184.79,186.08,184.73,185.74,173589
2026-01-13 14:00:00+00:00,NVDA,185.71,185.75,183.63,184.11,4985406
2026-01-13 15:00:00+00:00,NVDA,184.11,184.81,183.42,184.8,3715370
2026-01-13 16:00:00+00:00,NVDA,184.79,188.1,184.32,187.69,5084591
2026-01-13 17:00:00+00:00,NVDA,187.69,187.8,184.71,184.92,3103084
2026-01-13 18:00:00+00:00,NVDA,184.915,185.345,184.44,184.62,1983381
2026-01-13 19:00:00+00:00,NVDA,184.62,184.95,184.215,184.43,1650832
2026-01-13 20:00:00+00:00,NVDA,184.43,185.85,184.23,185.81,3456276
2026-01-13 21:00:00+00:00,NVDA,185.8,185.99,185.41,185.5,13066975
2026-01-13 22:00:00+00:00,NVDA,185.5,185.84,185.48,185.84,42415
2026-01-13 23:00:00+00:00,NVDA,185.85,185.9,185.66,185.78,11017
2026-01-14 09:00:00+00:00,NVDA,185.33,185.43,184.83,185.0,28520
2026-01-14 10:00:00+00:00,NVDA,185.01,185.02,184.03,184.25,44677
2026-01-14 11:00:00+00:00,NVDA,184.29,184.58,184.15,184.44,33102
2026-01-14 12:00:00+00:00,NVDA,184.51,184.71,184.01,184.69,54591
2026-01-14 13:00:00+00:00,NVDA,184.66,184.95,184.4,184.58,106862
2026-01-14 14:00:00+00:00,NVDA,184.57,184.75,181.45,181.68,6194767
2026-01-14 15:00:00+00:00,NVDA,181.69,182.63,180.91,181.53,5261142
2026-01-14 16:00:00+00:00,NVDA,181.53,182.15,181.24,181.73,2706154
2026-01-14 17:00:00+00:00,NVDA,181.73,182.18,181.38,182.07,2347631
2026-01-14 18:00:00+00:00,NVDA,182.08,182.32,181.555,182.02,1981695
2026-01-14 19:00:00+00:00,NVDA,182.02,182.05,181.09,181.37,2245378
2026-01-14 20:00:00+00:00,NVDA,181.36,183.33,180.82,183.2,6237185
2026-01-14 21:00:00+00:00,NVDA,183.2,183.45,182.7,182.84,13833352
2026-01-14 22:00:00+00:00,NVDA,182.87,182.94,182.72,182.81,18415
2026-01-14 23:00:00+00:00,NVDA,182.79,182.86,182.69,182.81,6430
2026-01-15 09:00:00+00:00,NVDA,186.5,186.5,183.49,185.35,165900
2026-01-15 10:00:00+00:00,NVDA,185.4,186.0,185.4,185.81,110007
2026-01-15 11:00:00+00:00,NVDA,185.82,186.64,185.82,186.26,199347
2026-01-15 12:00:00+00:00,NVDA,186.25,186.25,184.67,185.46,259466
2026-01-15 13:00:00+00:00,NVDA,185.45,186.49,185.08,186.0,289769
2026-01-15 14:00:00+00:00,NVDA,186.0,189.18,185.54,188.33,10708725
2026-01-15 15:00:00+00:00,NVDA,188.31,188.87,186.84,187.69,7113178
2026-01-15 16:00:00+00:00,NVDA,187.69,189.04,187.33,188.89,3839708
2026-01-15 17:00:00+00:00,NVDA,188.88,189.29,188.15,188.37,3797820
2026-01-15 18:00:00+00:00,NVDA,188.36,189.7,188.19,189.515,3363052
2026-01-15 19:00:00+00:00,NVDA,189.515,189.515,187.97,188.68,3428319
2026-01-15 20:00:00+00:00,NVDA,188.69,188.765,186.33,187.15,6288837
2026-01-15 21:00:00+00:00,NVDA,187.15,187.28,186.88,187.25,14393391
2026-01-15 22:00:00+00:00,NVDA,187.25,187.5,187.22,187.39,30568
2026-01-15 23:00:00+00:00,NVDA,187.37,187.55,187.25,187.5,20376
2026-01-16 09:00:00+00:00,NVDA,188.47,188.99,188.37,188.46,59726
2026-01-16 10:00:00+00:00,NVDA,188.48,189.27,188.35,188.96,39493
2026-01-16 11:00:00+00:00,NVDA,188.97,189.0,188.45,188.49,34476
2026-01-16 12:00:00+00:00,NVDA,188.45,188.77,188.32,188.42,56323
2026-01-16 13:00:00+00:00,NVDA,188.5,188.58,187.97,188.41,79405
2026-01-16 14:00:00+00:00,NVDA,188.41,190.435,188.0,189.22,13231838
2026-01-16 15:00:00+00:00,NVDA,189.22,189.3,187.1,188.05,4349483
2026-01-16 16:00:00+00:00,NVDA,188.05,188.25,187.5,188.07,2299116
2026-01-16 17:00:00+00:00,NVDA,188.06,188.37,187.435,187.69,1623084
2026-01-16 18:00:00+00:00,NVDA,187.69,188.27,187.66,188.07,1217846
2026-01-16 19:00:00+00:00,NVDA,188.08,188.41,187.62,187.93,1620488
2026-01-16 20:00:00+00:00,NVDA,187.93,188.03,186.08,186.23,5985037
2026-01-16 21:00:00+00:00,NVDA,186.23,186.44,186.11,186.33,23096329
2026-01-16 22:00:00+00:00,NVDA,186.33,186.44,186.22,186.4,19882
2026-01-16 23:00:00+00:00,NVDA,186.37,186.5,186.3,186.41,21759
2026-01-20 09:00:00+00:00,NVDA,181.49,183.42,180.01,180.83,276763
2026-01-20 10:00:00+00:00,NVDA,180.81,181.65,180.68,181.32,89952
2026-01-20 11:00:00+00:00,NVDA,181.34,181.92,181.34,181.9,74938
2026-01-20 12:00:00+00:00,NVDA,181.91,182.89,181.7,182.31,139463
2026-01-20 13:00:00+00:00,NVDA,182.4,182.49,181.56,181.58,138548
2026-01-20 14:00:00+00:00,NVDA,181.58,182.375,179.58,179.95,11290314
2026-01-20 15:00:00+00:00,NVDA,179.94,181.845,179.63,180.6,6670590
2026-01-20 16:00:00+00:00,NVDA,180.6,181.26,179.56,180.08,4840905
2026-01-20 17:00:00+00:00,NVDA,180.07,180.22,179.28,179.8,4099401
2026-01-20 18:00:00+00:00,NVDA,179.8,180.09,178.9,179.75,2861937
2026-01-20 19:00:00+00:00,NVDA,179.75,179.98,179.15,179.56,2241819
2026-01-20 20:00:00+00:00,NVDA,179.57,179.6,177.63,178.21,7503406
2026-01-20 21:00:00+00:00,NVDA,178.22,179.0,177.85,178.74,21425114
2026-01-20 22:00:00+00:00,NVDA,178.75,178.94,178.7,178.87,31390
2026-01-20 23:00:00+00:00,NVDA,178.89,179.24,178.61,178.72,51886
2026-01-21 09:00:00+00:00,NVDA,179.85,179.94,178.85,178.85,57804
2026-01-21 10:00:00+00:00,NVDA,178.9,179.71,178.86,179.21,41806
2026-01-21 11:00:00+00:00,NVDA,179.19,180.25,178.45,178.5,80804
2026-01-21 12:00:00+00:00,NVDA,178.57,178.82,177.93,178.78,181121
2026-01-21 13:00:00+00:00,NVDA,178.77,179.06,178.28,178.53,118468
2026-01-21 14:00:00+00:00,NVDA,178.53,180.87,178.42,180.41,6811230
2026-01-21 15:00:00+00:00,NVDA,180.4,183.18,179.995,182.725,4844841
2026-01-21 16:00:00+00:00,NVDA,182.72,183.74,180.025,180.13,5399725
2026-01-21 17:00:00+00:00,NVDA,180.14,180.585,179.2,180.29,3059600
2026-01-21 18:00:00+00:00,NVDA,180.29,181.22,179.7,181.145,2030409
2026-01-21 19:00:00+00:00,NVDA,181.145,185.37,180.93,185.26,6145831
2026-01-21 20:00:00+00:00,NVDA,185.27,185.37,183.16,183.34,7522715
2026-01-21 21:00:00+00:00,NVDA,183.34,183.54,182.9,183.4,15758954
2026-01-21 22:00:00+00:00,NVDA,183.45,183.99,183.39,183.98,84879
2026-01-21 23:00:00+00:00,NVDA,183.97,184.07,183.51,183.77,48747
2026-01-22 09:00:00+00:00,NVDA,185.0,185.5,184.98,185.2,61932
2026-01-22 10:00:00+00:00,NVDA,185.2,185.2,184.68,185.05,27076
2026-01-22 11:00:00+00:00,NVDA,185.03,185.16,184.53,184.62,27801
2026-01-22 12:00:00+00:00,NVDA,184.67,185.04,184.67,184.99,39481
2026-01-22 13:00:00+00:00,NVDA,184.98,184.98,184.36,184.83,116163
2026-01-22 14:00:00+00:00,NVDA,184.82,186.16,184.0,184.34,6484615
2026-01-22 15:00:00+00:00,NVDA,184.33,185.405,183.94,185.09,3995400
2026-01-22 16:00:00+00:00,NVDA,185.08,186.17,184.96,185.53,2852140
2026-01-22 17:00:00+00:00,NVDA,185.52,185.62,184.42,184.565,2449826
2026-01-22 18:00:00+00:00,NVDA,184.56,185.23,184.37,184.47,1860416
2026-01-22 19:00:00+00:00,NVDA,184.46,184.86,184.285,184.45,1583334
2026-01-22 20:00:00+00:00,NVDA,184.445,184.87,183.93,184.83,3869052
2026-01-22 21:00:00+00:00,NVDA,184.83,184.87,184.15,184.25,8459046
2026-01-22 22:00:00+00:00,NVDA,184.31,184.37,184.04,184.17,23749
2026-01-22 23:00:00+00:00,NVDA,184.04,184.24,183.92,184.1,32329
2026-01-23 09:00:00+00:00,NVDA,184.25,184.5,183.5,183.84,58604
2026-01-23 10:00:00+00:00,NVDA,183.8,184.05,183.65,184.05,30194
2026-01-23 11:00:00+00:00,NVDA,184.05,189.0,184.05,187.26,595560
2026-01-23 12:00:00+00:00,NVDA,187.23,187.85,186.88,187.3,136087
2026-01-23 13:00:00+00:00,NVDA,187.3,187.47,186.38,186.94,183947
2026-01-23 14:00:00+00:00,NVDA,186.97,189.6,186.83,187.79,7707338
2026-01-23 15:00:00+00:00,NVDA,187.79,188.35,187.25,187.77,3388451
2026-01-23 16:00:00+00:00,NVDA,187.77,188.08,187.14,187.76,2649939
2026-01-23 17:00:00+00:00,NVDA,187.77,188.23,187.145,187.37,1929770
2026-01-23 18:00:00+00:00,NVDA,187.36,188.22,187.22,188.07,1666619
2026-01-23 19:00:00+00:00,NVDA,188.07,188.41,187.355,187.57,1699215
2026-01-23 20:00:00+00:00,NVDA,187.57,187.915,187.11,187.67,3905817
2026-01-23 21:00:00+00:00,NVDA,187.65,187.78,187.2,187.47,9670333
2026-01-23 22:00:00+00:00,NVDA,187.47,187.51,187.22,187.23,46634
2026-01-23 23:00:00+00:00,NVDA,187.23,187.29,187.22,187.24,4411
2026-01-26 09:00:00+00:00,NVDA,187.1,187.11,185.7,186.16,61380
2026-01-26 10:00:00+00:00,NVDA,186.2,186.5,186.05,186.28,28279
2026-01-26 11:00:00+00:00,NVDA,186.29,186.35,186.01,186.23,21043
2026-01-26 12:00:00+00:00,NVDA,186.22,186.56,186.07,186.42,42026
2026-01-26 13:00:00+00:00,NVDA,186.43,186.8,186.0,186.71,85662
2026-01-26 14:00:00+00:00,NVDA,186.71,189.11,186.71,187.51,5976451
2026-01-26 15:00:00+00:00,NVDA,187.51,187.76,186.85,187.27,3125431
2026-01-26 16:00:00+00:00,NVDA,187.27,187.285,186.01,187.01,3371558
2026-01-26 17:00:00+00:00,NVDA,187.015,187.24,186.21,186.475,1428881
2026-01-26 18:00:00+00:00,NVDA,186.475,187.07,185.99,187.05,1442236
2026-01-26 19:00:00+00:00,NVDA,187.04,187.08,186.22,186.26,1156504
2026-01-26 20:00:00+00:00,NVDA,186.26,186.8,186.0,186.37,3015392
2026-01-26 21:00:00+00:00,NVDA,186.36,186.47,186.18,186.27,15765564
2026-01-26 22:00:00+00:00,NVDA,186.25,186.4,186.19,186.38,17741
2026-01-26 23:00:00+00:00,NVDA,186.39,186.48,186.26,186.43,12455
2026-01-27 09:00:00+00:00,NVDA,187.24,187.57,187.14,187.53,41896
2026-01-27 10:00:00+00:00,NVDA,187.56,187.8,187.54,187.6,18940
2026-01-27 11:00:00+00:00,NVDA,187.58,187.66,187.33,187.45,28718
2026-01-27 12:00:00+00:00,NVDA,187.44,187.95,187.07,187.07,70756
2026-01-27 13:00:00+00:00,NVDA,187.07,187.33,187.03,187.29,75841
2026-01-27 14:00:00+00:00,NVDA,187.3,187.79,185.71,187.63,4569432
2026-01-27 15:00:00+00:00,NVDA,187.64,189.795,187.49,189.35,6367098
2026-01-27 16:00:00+00:00,NVDA,189.36,190.0,189.195,189.65,3464439
2026-01-27 17:00:00+00:00,NVDA,189.66,190.0,189.06,189.2,2433163
2026-01-27 18:00:00+00:00,NVDA,189.21,189.78,188.91,189.35,1637701
2026-01-27 19:00:00+00:00,NVDA,189.34,189.47,188.95,189.275,1406106
2026-01-27 20:00:00+00:00,NVDA,189.27,189.71,188.48,188.55,3629911
2026-01-27 21:00:00+00:00,NVDA,188.56,188.94,188.12,188.89,10052617
2026-01-27 22:00:00+00:00,NVDA,188.79,189.04,188.76,188.91,26375
2026-01-27 23:00:00+00:00,NVDA,188.86,188.98,188.81,188.85,9391
2026-01-28 09:00:00+00:00,NVDA,191.79,192.67,191.11,191.14,206710
2026-01-28 10:00:00+00:00,NVDA,191.16,192.0,190.97,191.93,78418
2026-01-28 11:00:00+00:00,NVDA,191.92,192.01,191.42,191.55,79122
2026-01-28 12:00:00+00:00,NVDA,191.55,192.51,191.01,192.26,254572
2026-01-28 13:00:00+00:00,NVDA,192.25,192.29,191.55,191.81,210623
2026-01-28 14:00:00+00:00,NVDA,191.82,192.32,190.12,191.87,6384449
2026-01-28 15:00:00+00:00,NVDA,191.84,192.35,190.73,190.92,3567079
2026-01-28 16:00:00+00:00,NVDA,190.91,192.03,189.84,190.28,2817743
2026-01-28 17:00:00+00:00,NVDA,190.27,191.7,190.18,191.595,1641480
2026-01-28 18:00:00+00:00,NVDA,191.6,191.99,191.255,191.93,1343047
2026-01-28 19:00:00+00:00,NVDA,191.93,192.32,190.91,191.59,3873780
2026-01-28 20:00:00+00:00,NVDA,191.58,192.12,190.86,191.53,4659226
2026-01-28 21:00:00+00:00,NVDA,191.52,193.11,191.3,192.24,7471342
2026-01-28 22:00:00+00:00,NVDA,192.28,192.5,191.88,192.07,71600
2026-01-28 23:00:00+00:00,NVDA,192.19,192.19,190.61,190.63,72448
2026-01-29 09:00:00+00:00,NVDA,191.29,191.29,190.37,190.4,42484
2026-01-29 10:00:00+00:00,NVDA,190.42,191.0,190.2,190.71,38439
2026-01-29 11:00:00+00:00,NVDA,190.75,191.34,190.7,191.21,42951
2026-01-29 12:00:00+00:00,NVDA,191.26,191.48,191.01,191.04,87965
2026-01-29 13:00:00+00:00,NVDA,191.04,191.76,191.01,191.52,109392
2026-01-29 14:00:00+00:00,NVDA,191.53,193.48,190.15,190.8,6311666
2026-01-29 15:00:00+00:00,NVDA,190.81,190.85,186.06,186.42,8006343
2026-01-29 16:00:00+00:00,NVDA,186.43,188.48,186.065,188.105,5107798
2026-01-29 17:00:00+00:00,NVDA,188.105,190.0,188.02,189.33,3181127
2026-01-29 18:00:00+00:00,NVDA,189.34,190.69,189.33,190.52,2751432
2026-01-29 19:00:00+00:00,NVDA,190.51,190.775,190.02,190.58,2367461
2026-01-29 20:00:00+00:00,NVDA,190.57,192.75,190.37,192.41,7499113
2026-01-29 21:00:00+00:00,NVDA,192.41,192.86,191.75,192.02,12300041
2026-01-29 22:00:00+00:00,NVDA,192.02,192.05,191.1,191.21,37449
2026-01-29 23:00:00+00:00,NVDA,191.16,191.63,190.6,191.29,31608
2026-01-30 09:00:00+00:00,NVDA,189.97,192.51,188.31,188.81,89523
2026-01-30 10:00:00+00:00,NVDA,188.86,189.9,188.78,189.61,62297
2026-01-30 11:00:00+00:00,NVDA,189.6,190.51,189.6,190.3,51248
2026-01-30 12:00:00+00:00,NVDA,190.38,191.11,190.2,190.57,104390
2026-01-30 13:00:00+00:00,NVDA,190.55,190.89,190.08,190.57,141925
2026-01-30 14:00:00+00:00,NVDA,190.57,192.98,190.44,191.62,5259790
2026-01-30 15:00:00+00:00,NVDA,191.62,194.49,191.23,193.69,8102468
2026-01-30 16:00:00+00:00,NVDA,193.72,193.91,191.9,192.34,3792749
2026-01-30 17:00:00+00:00,NVDA,192.34,193.02,191.59,191.83,3030841
2026-01-30 18:00:00+00:00,NVDA,191.82,191.85,190.49,191.52,3705270
2026-01-30 19:00:00+00:00,NVDA,191.52,191.92,190.69,190.82,2683988
2026-01-30 20:00:00+00:00,NVDA,190.82,191.74,189.48,191.38,7984003
2026-01-30 21:00:00+00:00,NVDA,191.32,191.54,190.21,190.42,21929579
2026-01-30 22:00:00+00:00,NVDA,190.42,190.45,190.1,190.1,16505
2026-01-30 23:00:00+00:00,NVDA,190.09,190.4,189.8,189.95,27327
2026-02-02 09:00:00+00:00,NVDA,187.73,188.2,187.06,187.7,123133
2026-02-02 10:00:00+00:00,NVDA,187.72,188.07,187.13,187.38,79510
2026-02-02 11:00:00+00:00,NVDA,187.35,188.0,187.21,187.87,42079
2026-02-02 12:00:00+00:00,NVDA,187.87,189.45,187.82,189.05,121808
2026-02-02 13:00:00+00:00,NVDA,189.02,189.3,187.95,188.38,177247
2026-02-02 14:00:00+00:00,NVDA,188.37,188.66,186.5,186.64,6119190
2026-02-02 15:00:00+00:00,NVDA,186.65,189.375,186.42,188.64,4647086
2026-02-02 16:00:00+00:00,NVDA,188.645,189.51,187.88,189.44,2823906
2026-02-02 17:00:00+00:00,NVDA,189.44,190.12,189.1,189.875,2693829
2026-02-02 18:00:00+00:00,NVDA,189.875,190.295,189.47,189.995,2062403
2026-02-02 19:00:00+00:00,NVDA,189.995,190.095,187.41,187.44,2694904
2026-02-02 20:00:00+00:00,NVDA,187.44,187.64,184.88,185.69,8004804
2026-02-02 21:00:00+00:00,NVDA,185.61,186.6,183.16,185.01,15201897
2026-02-02 22:00:00+00:00,NVDA,185.0,187.24,184.95,186.7,279811
2026-02-02 23:00:00+00:00,NVDA,186.61,186.94,186.11,186.22,151076
2026-02-03 09:00:00+00:00,NVDA,186.93,187.1,186.03,186.53,69533
2026-02-03 10:00:00+00:00,NVDA,186.53,186.78,186.22,186.31,30364
2026-02-03 11:00:00+00:00,NVDA,186.28,186.52,186.0,186.38,38459
2026-02-03 12:00:00+00:00,NVDA,186.49,187.16,186.37,186.93,72245
2026-02-03 13:00:00+00:00,NVDA,186.92,187.21,186.69,186.86,106749
2026-02-03 14:00:00+00:00,NVDA,186.89,186.98,181.5,181.85,8059671
2026-02-03 15:00:00+00:00,NVDA,181.83,182.0,179.56,180.76,7882672
2026-02-03 16:00:00+00:00,NVDA,180.76,180.83,179.08,180.08,4018355
2026-02-03 17:00:00+00:00,NVDA,180.07,180.4,178.655,178.87,3588313
2026-02-03 18:00:00+00:00,NVDA,178.87,179.72,178.42,178.42,3183160
2026-02-03 19:00:00+00:00,NVDA,178.42,179.52,176.235,177.88,5290111
2026-02-03 20:00:00+00:00,NVDA,177.87,180.49,177.53,180.33,6238348
2026-02-03 21:00:00+00:00,NVDA,180.32,180.9,178.65,179.84,13395638
2026-02-03 22:00:00+00:00,NVDA,179.83,179.83,178.68,178.94,129829
2026-02-03 23:00:00+00:00,NVDA,178.95,179.56,178.84,179.26,63055
2026-02-04 09:00:00+00:00,NVDA,179.77,179.78,178.67,179.55,55124
2026-02-04 10:00:00+00:00,NVDA,179.54,180.9,179.49,180.75,62904
2026-02-04 11:00:00+00:00,NVDA,180.71,181.7,180.35,181.53,100475
2026-02-04 12:00:00+00:00,NVDA,181.43,181.43,180.52,180.66,50702
2026-02-04 13:00:00+00:00,NVDA,180.6,180.65,179.39,179.51,141159
2026-02-04 14:00:00+00:00,NVDA,179.48,180.05,177.2,177.77,4957713
2026-02-04 15:00:00+00:00,NVDA,177.76,178.13,175.66,175.88,7870128
2026-02-04 16:00:00+00:00,NVDA,175.88,176.03,173.265,174.65,6101258
2026-02-04 17:00:00+00:00,NVDA,174.65,175.18,171.91,173.29,5903316
2026-02-04 18:00:00+00:00,NVDA,173.29,174.31,172.42,174.1,4767618
2026-02-04 19:00:00+00:00,NVDA,174.09,175.98,173.67,175.95,5149944
2026-02-04 20:00:00+00:00,NVDA,175.95,176.14,174.19,174.2,7625180
2026-02-04 21:00:00+00:00,NVDA,174.2,177.93,174.19,177.47,21151090
2026-02-04 22:00:00+00:00,NVDA,177.47,178.7,177.3,177.32,437016
2026-02-04 23:00:00+00:00,NVDA,177.31,177.82,177.17,177.17,49147
2026-02-05 09:00:00+00:00,NVDA,177.19,178.14,176.8,177.57,89132
2026-02-05 10:00:00+00:00,NVDA,177.6,178.39,177.55,177.68,36770
2026-02-05 11:00:00+00:00,NVDA,177.67,177.83,176.28,176.94,76703
2026-02-05 12:00:00+00:00,NVDA,177.0,177.1,172.46,173.91,456834
2026-02-05 13:00:00+00:00,NVDA,173.91,175.09,173.7,174.1,193530
2026-02-05 14:00:00+00:00,NVDA,174.08,176.81,173.0,173.89,7177366
2026-02-05 15:00:00+00:00,NVDA,173.9,174.24,171.31,173.19,7269681
2026-02-05 16:00:00+00:00,NVDA,173.19,175.595,171.82,175.21,4726064
2026-02-05 17:00:00+00:00,NVDA,175.2,175.77,174.37,174.96,2779051
2026-02-05 18:00:00+00:00,NVDA,174.95,175.36,173.07,173.21,2407689
2026-02-05 19:00:00+00:00,NVDA,173.21,174.43,172.74,173.19,2406611
2026-02-05 20:00:00+00:00,NVDA,173.19,174.22,171.03,171.89,6265411
2026-02-05 21:00:00+00:00,NVDA,171.89,173.6,170.15,171.42,14847756
2026-02-05 22:00:00+00:00,NVDA,171.4,172.17,170.75,171.03,119057
2026-02-05 23:00:00+00:00,NVDA,171.28,171.85,170.01,170.26,80488
2026-02-06 09:00:00+00:00,NVDA,172.88,176.17,172.62,176.11,260976
2026-02-06 10:00:00+00:00,NVDA,176.11,177.42,175.49,177.38,173490
2026-02-06 11:00:00+00:00,NVDA,177.42,177.92,177.03,177.47,180191
2026-02-06 12:00:00+00:00,NVDA,177.47,177.54,176.08,176.32,224838
2026-02-06 13:00:00+00:00,NVDA,176.36,177.86,175.74,177.09,300544
2026-02-06 14:00:00+00:00,NVDA,177.11,181.72,174.6,180.55,10209600
2026-02-06 15:00:00+00:00,NVDA,180.57,182.99,179.45,182.85,9436381
2026-02-06 16:00:00+00:00,NVDA,182.85,184.34,182.54,183.25,5951657
2026-02-06 17:00:00+00:00,NVDA,183.25,185.175,182.935,184.48,3804509
2026-02-06 18:00:00+00:00,NVDA,184.49,185.02,184.21,184.57,2213399
2026-02-06 19:00:00+00:00,NVDA,184.56,185.1,184.14,184.985,2521092
2026-02-06 20:00:00+00:00,NVDA,184.99,187.0,184.68,185.41,8802390
2026-02-06 21:00:00+00:00,NVDA,185.41,186.05,184.87,185.41,17665618
2026-02-06 22:00:00+00:00,NVDA,185.42,185.44,184.82,185.15,60883
2026-02-06 23:00:00+00:00,NVDA,185.15,185.34,185.0,185.28,38556
2026-02-09 09:00:00+00:00,NVDA,184.93,185.19,183.77,183.94,88327
2026-02-09 10:00:00+00:00,NVDA,183.95,184.04,182.83,183.73,133273
2026-02-09 11:00:00+00:00,NVDA,183.75,184.08,183.31,183.9,64608
2026-02-09 12:00:00+00:00,NVDA,183.93,184.2,183.5,183.87,88640
2026-02-09 13:00:00+00:00,NVDA,183.89,185.21,183.82,184.0,254144
2026-02-09 14:00:00+00:00,NVDA,184.03,193.66,183.76,191.15,12726751
2026-02-09 15:00:00+00:00,NVDA,191.15,192.44,190.59,191.97,7025006
2026-02-09 16:00:00+00:00,NVDA,191.98,192.15,191.405,191.48,3749994
2026-02-09 17:00:00+00:00,NVDA,191.47,192.52,191.305,191.43,3549599
2026-02-09 18:00:00+00:00,NVDA,191.43,191.64,190.675,190.76,2439084
2026-02-09 19:00:00+00:00,NVDA,190.76,191.42,190.64,190.93,2298333
2026-02-09 20:00:00+00:00,NVDA,190.92,191.14,189.535,189.79,6539124
2026-02-09 21:00:00+00:00,NVDA,189.78,190.2,189.78,190.0,15961274
2026-02-09 22:00:00+00:00,NVDA,190.0,190.1,189.9,190.0,19186
2026-02-09 23:00:00+00:00,NVDA,190.0,190.08,189.88,189.91,25960
2026-02-10 09:00:00+00:00,NVDA,190.56,191.42,190.55,191.05,45215
2026-02-10 10:00:00+00:00,NVDA,191.05,191.22,190.82,191.06,28755
2026-02-10 11:00:00+00:00,NVDA,191.03,191.36,190.73,191.23,36361
2026-02-10 12:00:00+00:00,NVDA,191.22,192.19,191.22,191.36,135028
2026-02-10 13:00:00+00:00,NVDA,191.43,191.48,190.79,191.34,117006
2026-02-10 14:00:00+00:00,NVDA,191.36,192.48,188.36,189.3,6328026
2026-02-10 15:00:00+00:00,NVDA,189.3,190.25,188.12,190.05,4371811
2026-02-10 16:00:00+00:00,NVDA,190.06,190.33,188.91,189.28,2363246
2026-02-10 17:00:00+00:00,NVDA,189.28,190.435,189.22,190.225,1886351
2026-02-10 18:00:00+00:00,NVDA,190.225,190.27,189.07,189.48,1623759
2026-02-10 19:00:00+00:00,NVDA,189.48,189.59,188.77,189.04,1548286
2026-02-10 20:00:00+00:00,NVDA,189.03,189.55,188.375,188.61,3864293
2026-02-10 21:00:00+00:00,NVDA,188.6,188.8,188.33,188.64,12320411
2026-02-10 22:00:00+00:00,NVDA,188.64,188.7,188.45,188.52,18144
2026-02-10 23:00:00+00:00,NVDA,188.59,188.99,188.59,188.99,33833
2026-02-11 09:00:00+00:00,NVDA,188.58,189.23,188.0,188.3,29127
2026-02-11 10:00:00+00:00,NVDA,188.3,188.47,188.0,188.47,23973
2026-02-11 11:00:00+00:00,NVDA,188.5,189.94,188.46,189.19,56111
2026-02-11 12:00:00+00:00,NVDA,189.22,190.0,189.01,189.69,57396
2026-02-11 13:00:00+00:00,NVDA,189.66,192.4,189.62,191.77,440315
2026-02-11 14:00:00+00:00,NVDA,191.76,193.26,190.99,191.23,6620591
2026-02-11 15:00:00+00:00,NVDA,191.24,191.96,188.78,191.59,5393814
2026-02-11 16:00:00+00:00,NVDA,191.6,192.185,190.69,190.945,3188822
2026-02-11 17:00:00+00:00,NVDA,190.94,192.28,190.37,191.81,2485404
2026-02-11 18:00:00+00:00,NVDA,191.83,191.99,190.97,191.77,1860731
2026-02-11 19:00:00+00:00,NVDA,191.77,192.205,191.29,191.525,2057044
2026-02-11 20:00:00+00:00,NVDA,191.525,191.57,189.96,190.05,4062133
2026-02-11 21:00:00+00:00,NVDA,190.045,190.52,189.48,190.41,8023914
2026-02-11 22:00:00+00:00,NVDA,190.47,190.48,190.15,190.38,29008
2026-02-11 23:00:00+00:00,NVDA,190.38,190.53,190.33,190.4,41130
2026-02-12 09:00:00+00:00,NVDA,190.81,191.66,190.81,191.49,46915
2026-02-12 10:00:00+00:00,NVDA,191.5,191.59,191.2,191.5,24048
2026-02-12 11:00:00+00:00,NVDA,191.53,192.1,191.52,191.76,53635
2026-02-12 12:00:00+00:00,NVDA,191.79,192.45,191.63,192.12,70645
2026-02-12 13:00:00+00:00,NVDA,192.13,192.67,191.82,192.55,123817
2026-02-12 14:00:00+00:00,NVDA,192.56,193.6,191.23,191.45,6127952
2026-02-12 15:00:00+00:00,NVDA,191.44,191.97,189.16,189.23,5641672
2026-02-12 16:00:00+00:00,NVDA,189.23,189.8,187.24,189.31,6389761
2026-02-12 17:00:00+00:00,NVDA,189.29,190.52,188.93,189.67,3556065
2026-02-12 18:00:00+00:00,NVDA,189.655,189.96,188.55,189.85,3515968
2026-02-12 19:00:00+00:00,NVDA,189.855,190.0,188.15,188.27,2822673
2026-02-12 20:00:00+00:00,NVDA,188.255,188.52,186.52,186.87,6840740
2026-02-12 21:00:00+00:00,NVDA,186.91,188.15,186.6,187.88,18797827
2026-02-12 22:00:00+00:00,NVDA,187.93,188.0,187.58,187.99,21686
2026-02-12 23:00:00+00:00,NVDA,187.88,188.44,187.51,187.95,75212
2026-02-13 09:00:00+00:00,NVDA,187.04,188.29,186.5,187.61,47867
2026-02-13 10:00:00+00:00,NVDA,187.7,188.3,186.88,186.97,33627
2026-02-13 11:00:00+00:00,NVDA,187.03,187.09,186.11,186.8,62289
2026-02-13 12:00:00+00:00,NVDA,186.94,187.38,186.52,186.77,50726
2026-02-13 13:00:00+00:00,NVDA,186.7,188.05,185.9,187.55,331184
2026-02-13 14:00:00+00:00,NVDA,187.5,188.15,182.26,182.41,8372693
2026-02-13 15:00:00+00:00,NVDA,182.41,185.17,182.18,183.3,6851337
2026-02-13 16:00:00+00:00,NVDA,183.31,184.16,182.8,183.84,3028546
2026-02-13 17:00:00+00:00,NVDA,183.84,184.97,183.66,183.99,1877823
2026-02-13 18:00:00+00:00,NVDA,183.99,184.85,183.465,184.22,1662843
2026-02-13 19:00:00+00:00,NVDA,184.21,184.29,182.83,182.87,2061827
2026-02-13 20:00:00+00:00,NVDA,182.86,183.41,181.59,182.77,6306201
2026-02-13 21:00:00+00:00,NVDA,182.76,183.2,182.73,183.09,10661870
2026-02-13 22:00:00+00:00,NVDA,183.05,183.12,182.85,183.0,27057
2026-02-13 23:00:00+00:00,NVDA,183.0,183.04,182.88,182.89,17195
2026-02-17 09:00:00+00:00,NVDA,181.86,182.11,181.26,181.99,65383
2026-02-17 10:00:00+00:00,NVDA,181.99,182.13,180.8,180.88,42177
2026-02-17 11:00:00+00:00,NVDA,180.98,181.65,180.45,181.28,69034
2026-02-17 12:00:00+00:00,NVDA,181.2,181.92,181.03,181.04,76701
2026-02-17 13:00:00+00:00,NVDA,181.04,181.7,180.01,181.04,170121
2026-02-17 14:00:00+00:00,NVDA,181.13,183.42,179.29,179.29,6381458
2026-02-17 15:00:00+00:00,NVDA,179.29,181.95,179.18,181.8,5017993
2026-02-17 16:00:00+00:00,NVDA,181.79,184.59,181.77,184.06,4429549
2026-02-17 17:00:00+00:00,NVDA,184.05,184.89,183.575,184.88,2543774
2026-02-17 18:00:00+00:00,NVDA,184.87,185.94,184.18,185.49,2403189
2026-02-17 19:00:00+00:00,NVDA,185.49,187.14,185.45,185.97,2530577
2026-02-17 20:00:00+00:00,NVDA,185.96,186.2,184.36,185.0,4348290
2026-02-17 21:00:00+00:00,NVDA,185.01,188.5,184.62,186.8,12468381
2026-02-17 22:00:00+00:00,NVDA,186.84,186.94,186.41,186.69,50485
2026-02-17 23:00:00+00:00,NVDA,186.68,186.74,185.52,185.65,51660
2026-02-18 09:00:00+00:00,NVDA,187.82,188.62,187.5,188.26,130286
2026-02-18 10:00:00+00:00,NVDA,188.25,188.78,187.84,187.98,40849
2026-02-18 11:00:00+00:00,NVDA,187.99,188.63,187.8,188.43,63738
2026-02-18 12:00:00+00:00,NVDA,188.4,189.25,188.22,188.65,121242
2026-02-18 13:00:00+00:00,NVDA,188.61,189.27,188.13,188.33,135352
2026-02-18 14:00:00+00:00,NVDA,188.3,189.19,187.355,188.75,6341594
2026-02-18 15:00:00+00:00,NVDA,188.75,190.225,188.7,189.865,5537511
2026-02-18 16:00:00+00:00,NVDA,189.86,190.365,188.74,188.79,2490200
2026-02-18 17:00:00+00:00,NVDA,188.79,189.465,188.665,189.135,1837709
2026-02-18 18:00:00+00:00,NVDA,189.13,189.695,188.2,188.8,1916540
2026-02-18 19:00:00+00:00,NVDA,188.8,189.12,186.965,187.07,3154030
2026-02-18 20:00:00+00:00,NVDA,187.07,188.51,186.77,187.85,6617787
2026-02-18 21:00:00+00:00,NVDA,187.85,188.14,187.65,187.75,15407707
2026-02-18 22:00:00+00:00,NVDA,187.75,188.41,187.68,188.3,37666
2026-02-18 23:00:00+00:00,NVDA,188.28,188.55,188.02,188.2,31463
2026-02-19 09:00:00+00:00,NVDA,188.46,188.46,187.12,187.59,44780
2026-02-19 10:00:00+00:00,NVDA,187.59,187.7,186.96,187.33,50152
2026-02-19 11:00:00+00:00,NVDA,187.33,187.45,187.02,187.26,29330
2026-02-19 12:00:00+00:00,NVDA,187.34,187.7,186.9,187.38,59810
2026-02-19 13:00:00+00:00,NVDA,187.42,187.52,186.95,187.03,66765
2026-02-19 14:00:00+00:00,NVDA,187.04,187.38,185.66,186.75,3570759
2026-02-19 15:00:00+00:00,NVDA,186.75,188.43,186.37,187.92,2859434
2026-02-19 16:00:00+00:00,NVDA,187.94,187.99,186.44,186.69,2098164
2026-02-19 17:00:00+00:00,NVDA,186.69,187.0,185.8,185.95,1892902
2026-02-19 18:00:00+00:00,NVDA,185.95,186.76,185.85,186.71,1309014
2026-02-19 19:00:00+00:00,NVDA,186.71,187.055,186.33,186.55,1437530
2026-02-19 20:00:00+00:00,NVDA,186.55,187.94,186.55,187.88,3516319
2026-02-19 21:00:00+00:00,NVDA,187.88,188.2,187.3,187.38,8558099
2026-02-19 22:00:00+00:00,NVDA,187.38,187.49,187.13,187.17,47572
2026-02-19 23:00:00+00:00,NVDA,187.2,187.55,187.2,187.38,9950
2026-02-20 09:00:00+00:00,NVDA,187.9,188.95,187.89,188.62,51605
2026-02-20 10:00:00+00:00,NVDA,188.62,188.9,188.2,188.2,33413
2026-02-20 11:00:00+00:00,NVDA,188.16,188.17,187.39,187.42,59003
2026-02-20 12:00:00+00:00,NVDA,187.45,187.57,186.71,187.36,86969
2026-02-20 13:00:00+00:00,NVDA,187.31,187.45,186.31,186.72,146580
2026-02-20 14:00:00+00:00,NVDA,186.74,188.69,185.94,187.62,6679799
2026-02-20 15:00:00+00:00,NVDA,187.64,190.18,186.58,190.05,8394279
2026-02-20 16:00:00+00:00,NVDA,190.04,190.33,188.57,189.79,4480899
2026-02-20 17:00:00+00:00,NVDA,189.79,189.87,187.63,188.71,4209567
2026-02-20 18:00:00+00:00,NVDA,188.7,189.92,188.16,189.82,4230466
2026-02-20 19:00:00+00:00,NVDA,189.82,190.085,188.95,189.27,2777541
2026-02-20 20:00:00+00:00,NVDA,189.27,190.0,189.2,189.81,4602553
2026-02-20 21:00:00+00:00,NVDA,189.82,189.98,189.3,189.52,11876971
2026-02-20 22:00:00+00:00,NVDA,189.55,190.01,189.53,189.96,101938
2026-02-20 23:00:00+00:00,NVDA,189.97,189.98,189.85,189.88,9386
2026-02-23 09:00:00+00:00,NVDA,189.03,190.6,188.93,190.35,89274
2026-02-23 10:00:00+00:00,NVDA,190.37,190.47,189.25,190.01,105220
2026-02-23 11:00:00+00:00,NVDA,190.11,190.17,189.1,189.16,84862
2026-02-23 12:00:00+00:00,NVDA,189.22,189.78,189.14,189.57,64687
2026-02-23 13:00:00+00:00,NVDA,189.46,190.98,189.45,190.73,166893
2026-02-23 14:00:00+00:00,NVDA,190.73,193.95,190.38,193.11,8534852
2026-02-23 15:00:00+00:00,NVDA,193.12,193.46,190.185,190.22,5786431
2026-02-23 16:00:00+00:00,NVDA,190.23,191.32,189.58,190.695,4059408
2026-02-23 17:00:00+00:00,NVDA,190.69,191.28,189.72,191.03,3121626
2026-02-23 18:00:00+00:00,NVDA,191.03,191.74,190.78,190.9,2561549
2026-02-23 19:00:00+00:00,NVDA,190.91,191.25,190.19,190.49,2639257
2026-02-23 20:00:00+00:00,NVDA,190.48,191.65,190.23,191.65,5551198
2026-02-23 21:00:00+00:00,NVDA,191.66,191.88,191.4,191.74,9099519
2026-02-23 22:00:00+00:00,NVDA,191.75,191.9,191.58,191.68,34647
2026-02-23 23:00:00+00:00,NVDA,191.67,191.88,191.56,191.66,40037
2026-02-24 09:00:00+00:00,NVDA,192.42,192.98,191.98,192.43,50558
2026-02-24 10:00:00+00:00,NVDA,192.44,192.66,192.19,192.37,20077
2026-02-24 11:00:00+00:00,NVDA,192.33,192.85,192.22,192.28,45171
2026-02-24 12:00:00+00:00,NVDA,192.25,192.25,189.03,190.1,434191
2026-02-24 13:00:00+00:00,NVDA,190.08,190.93,189.76,190.65,207994
2026-02-24 14:00:00+00:00,NVDA,190.66,192.05,187.4,189.75,7854717
2026-02-24 15:00:00+00:00,NVDA,189.75,192.7,189.58,192.195,4721930
2026-02-24 16:00:00+00:00,NVDA,192.2,193.35,191.88,192.92,3464080
2026-02-24 17:00:00+00:00,NVDA,192.93,193.75,192.8,193.095,2554000
2026-02-24 18:00:00+00:00,NVDA,193.09,193.43,192.53,192.62,1958159
2026-02-24 19:00:00+00:00,NVDA,192.62,193.05,192.17,192.72,2154965
2026-02-24 20:00:00+00:00,NVDA,192.73,193.77,192.54,192.85,5127402
2026-02-24 21:00:00+00:00,NVDA,192.84,192.88,192.38,192.59,14117603
2026-02-24 22:00:00+00:00,NVDA,192.6,192.65,192.46,192.65,36806
2026-02-24 23:00:00+00:00,NVDA,192.6,192.83,192.49,192.82,18484
2026-02-25 09:00:00+00:00,NVDA,193.55,193.86,193.38,193.74,54735
2026-02-25 10:00:00+00:00,NVDA,193.74,194.0,193.67,194.0,40179
2026-02-25 11:00:00+00:00,NVDA,194.0,194.68,193.96,194.52,100702
2026-02-25 12:00:00+00:00,NVDA,194.52,194.54,194.06,194.27,109464
2026-02-25 13:00:00+00:00,NVDA,194.26,194.65,194.23,194.43,144618
2026-02-25 14:00:00+00:00,NVDA,194.45,195.96,193.79,195.83,7954346
2026-02-25 15:00:00+00:00,NVDA,195.83,196.55,195.15,196.21,6338019
2026-02-25 16:00:00+00:00,NVDA,196.21,197.32,195.81,197.06,5056200
2026-02-25 17:00:00+00:00,NVDA,197.065,197.62,196.87,197.07,2922324
2026-02-25 18:00:00+00:00,NVDA,197.08,197.16,196.49,196.625,2365200
2026-02-25 19:00:00+00:00,NVDA,196.62,197.45,196.61,197.18,3021653
2026-02-25 20:00:00+00:00,NVDA,197.175,197.24,195.52,195.81,8101258
2026-02-25 21:00:00+00:00,NVDA,195.83,203.47,195.08,201.07,22898234
2026-02-25 22:00:00+00:00,NVDA,201.1,201.7,195.64,197.41,2633202
2026-02-25 23:00:00+00:00,NVDA,197.48,197.92,192.71,196.04,1144201
2026-02-26 09:00:00+00:00,NVDA,197.45,198.99,197.34,198.84,252698
2026-02-26 10:00:00+00:00,NVDA,198.88,198.91,196.5,197.18,241135
2026-02-26 11:00:00+00:00,NVDA,197.2,198.25,196.38,197.68,211495
2026-02-26 12:00:00+00:00,NVDA,197.65,198.74,197.29,197.69,320892
2026-02-26 13:00:00+00:00,NVDA,197.63,198.25,196.83,197.23,556052
2026-02-26 14:00:00+00:00,NVDA,197.27,197.52,188.29,189.39,16106015
2026-02-26 15:00:00+00:00,NVDA,189.38,189.71,184.58,186.325,15302341
2026-02-26 16:00:00+00:00,NVDA,186.33,187.965,185.85,185.89,6593496
2026-02-26 17:00:00+00:00,NVDA,185.89,188.12,185.89,186.76,3881243
2026-02-26 18:00:00+00:00,NVDA,186.75,186.77,184.825,185.22,5136302
2026-02-26 19:00:00+00:00,NVDA,185.22,186.7,184.95,185.4,4090508
2026-02-26 20:00:00+00:00,NVDA,185.39,185.55,184.32,184.87,8691068
2026-02-26 21:00:00+00:00,NVDA,184.89,185.4,184.5,185.2,15396246
2026-02-26 22:00:00+00:00,NVDA,185.26,185.71,184.86,185.17,137551
2026-02-26 23:00:00+00:00,NVDA,185.17,185.28,184.32,185.12,170969
2026-02-27 09:00:00+00:00,NVDA,186.35,186.65,185.71,185.96,75130
2026-02-27 10:00:00+00:00,NVDA,185.93,186.06,185.41,185.66,73388
2026-02-27 11:00:00+00:00,NVDA,185.66,185.7,184.43,184.78,109430
2026-02-27 12:00:00+00:00,NVDA,184.78,184.88,183.5,183.73,182414
2026-02-27 13:00:00+00:00,NVDA,183.73,184.17,181.47,182.45,835081
2026-02-27 14:00:00+00:00,NVDA,182.47,182.49,179.57,179.79,11067005
2026-02-27 15:00:00+00:00,NVDA,179.79,182.58,179.74,181.52,6914634
2026-02-27 16:00:00+00:00,NVDA,181.52,181.94,180.135,180.355,4163300
2026-02-27 17:00:00+00:00,NVDA,180.35,180.69,179.05,179.755,4276393
2026-02-27 18:00:00+00:00,NVDA,179.755,179.82,178.175,178.385,4028985
2026-02-27 19:00:00+00:00,NVDA,178.38,179.69,178.1,179.36,3262188
2026-02-27 20:00:00+00:00,NVDA,179.36,179.4,176.38,177.15,14238843
2026-02-27 21:00:00+00:00,NVDA,177.14,177.69,177.0,177.47,37701448
2026-02-27 22:00:00+00:00,NVDA,177.48,178.2,177.48,177.97,98670
2026-02-27 23:00:00+00:00,NVDA,177.99,178.04,177.73,178.04,40505
2026-03-02 09:00:00+00:00,NVDA,174.96,175.74,174.1,174.2,295268
2026-03-02 10:00:00+00:00,NVDA,174.18,175.0,174.15,174.36,157635
2026-03-02 11:00:00+00:00,NVDA,174.36,176.09,174.36,175.8,239543
2026-03-02 12:00:00+00:00,NVDA,175.79,175.93,173.7,173.95,506546
2026-03-02 13:00:00+00:00,NVDA,173.98,175.4,173.92,174.36,345610
2026-03-02 14:00:00+00:00,NVDA,174.39,180.15,173.9,179.7,10320461
2026-03-02 15:00:00+00:00,NVDA,179.7,181.37,179.04,180.67,6817899
2026-03-02 16:00:00+00:00,NVDA,180.68,183.18,180.11,182.63,4842872
2026-03-02 17:00:00+00:00,NVDA,182.62,183.46,182.18,182.71,3100997
2026-03-02 18:00:00+00:00,NVDA,182.71,182.93,182.045,182.07,1993413
2026-03-02 19:00:00+00:00,NVDA,182.07,183.05,181.96,182.805,2289884
2026-03-02 20:00:00+00:00,NVDA,182.81,182.845,181.65,182.35,6875203
2026-03-02 21:00:00+00:00,NVDA,182.36,182.94,181.0,182.02,17971771
2026-03-02 22:00:00+00:00,NVDA,182.01,182.4,181.96,182.1,23220
2026-03-02 23:00:00+00:00,NVDA,182.1,182.2,181.71,181.85,33555
2026-03-03 09:00:00+00:00,NVDA,177.05,179.1,176.17,176.48,239530
2026-03-03 10:00:00+00:00,NVDA,176.5,177.1,176.05,177.1,194227
2026-03-03 11:00:00+00:00,NVDA,177.09,177.4,176.32,176.9,141036
2026-03-03 12:00:00+00:00,NVDA,176.98,178.61,176.87,178.48,235264
2026-03-03 13:00:00+00:00,NVDA,178.41,178.41,177.02,177.38,214192
2026-03-03 14:00:00+00:00,NVDA,177.4,180.53,176.92,178.82,6402430
2026-03-03 15:00:00+00:00,NVDA,178.84,180.03,176.92,177.52,7320456
2026-03-03 16:00:00+00:00,NVDA,177.52,180.645,177.39,180.04,5563624
2026-03-03 17:00:00+00:00,NVDA,180.05,180.24,178.98,179.59,2863700
2026-03-03 18:00:00+00:00,NVDA,179.59,180.89,179.45,180.52,2572826
2026-03-03 19:00:00+00:00,NVDA,180.52,180.87,179.15,180.06,2769011
2026-03-03 20:00:00+00:00,NVDA,180.06,180.56,179.505,180.02,4544954
2026-03-03 21:00:00+00:00,NVDA,180.02,180.12,179.55,179.55,11425320
2026-03-03 22:00:00+00:00,NVDA,179.54,179.78,179.5,179.62,26553
2026-03-03 23:00:00+00:00,NVDA,179.62,179.86,179.22,179.42,36353
2026-03-04 09:00:00+00:00,NVDA,179.64,181.45,179.14,181.14,117134
2026-03-04 10:00:00+00:00,NVDA,181.13,183.42,181.07,182.7,225867
2026-03-04 11:00:00+00:00,NVDA,182.7,183.3,181.22,181.49,184620
2026-03-04 12:00:00+00:00,NVDA,181.46,181.98,180.8,181.65,138772
2026-03-04 13:00:00+00:00,NVDA,181.5,182.5,181.31,182.3,168838
2026-03-04 14:00:00+00:00,NVDA,182.26,182.96,180.06,180.96,6338428
2026-03-04 15:00:00+00:00,NVDA,180.99,183.64,180.945,182.81,4635118
2026-03-04 16:00:00+00:00,NVDA,182.81,183.34,181.8,182.69,2914909
2026-03-04 17:00:00+00:00,NVDA,182.7,183.36,182.2,182.99,2378057
2026-03-04 18:00:00+00:00,NVDA,182.99,184.61,182.38,184.52,3025989
2026-03-04 19:00:00+00:00,NVDA,184.54,184.7,183.555,183.82,2436357
2026-03-04 20:00:00+00:00,NVDA,183.82,183.86,182.605,182.9,5437545
2026-03-04 21:00:00+00:00,NVDA,182.9,183.24,182.51,182.74,11210515
2026-03-04 22:00:00+00:00,NVDA,182.75,183.32,182.4,183.27,84456
2026-03-04 23:00:00+00:00,NVDA,183.11,183.32,182.8,183.13,37033
2026-03-05 09:00:00+00:00,NVDA,182.2,183.41,182.16,182.9,112482
2026-03-05 10:00:00+00:00,NVDA,182.8,183.0,182.4,182.68,48023
2026-03-05 11:00:00+00:00,NVDA,182.7,183.0,182.15,182.23,46657
2026-03-05 12:00:00+00:00,NVDA,182.35,182.7,182.11,182.34,84114
2026-03-05 13:00:00+00:00,NVDA,182.33,182.43,181.57,181.75,162596
2026-03-05 14:00:00+00:00,NVDA,181.75,182.79,180.81,182.47,5168396
2026-03-05 15:00:00+00:00,NVDA,182.47,183.91,180.86,183.9,5606495
2026-03-05 16:00:00+00:00,NVDA,183.9,184.05,182.73,183.02,3783524
2026-03-05 17:00:00+00:00,NVDA,183.02,183.83,177.88,178.675,6758252
2026-03-05 18:00:00+00:00,NVDA,178.67,180.19,178.64,179.99,4002001
2026-03-05 19:00:00+00:00,NVDA,179.97,181.01,179.875,180.58,3229015
2026-03-05 20:00:00+00:00,NVDA,180.585,183.42,180.415,183.33,7282788
2026-03-05 21:00:00+00:00,NVDA,183.32,183.36,182.4,182.48,11803270
2026-03-05 22:00:00+00:00,NVDA,182.46,182.5,182.11,182.35,47880
2026-03-05 23:00:00+00:00,NVDA,182.34,182.5,182.22,182.45,32242
2026-03-06 09:00:00+00:00,NVDA,182.77,182.77,181.44,181.59,83965
2026-03-06 10:00:00+00:00,NVDA,181.75,182.06,181.56,181.8,46654
2026-03-06 11:00:00+00:00,NVDA,181.83,181.84,180.52,180.8,93396
2026-03-06 12:00:00+00:00,NVDA,180.82,181.32,180.61,180.65,95350
2026-03-06 13:00:00+00:00,NVDA,180.7,181.47,179.6,179.6,227375
2026-03-06 14:00:00+00:00,NVDA,179.6,182.34,178.8,181.88,5344023
2026-03-06 15:00:00+00:00,NVDA,181.89,182.75,180.9,181.94,4449963
2026-03-06 16:00:00+00:00,NVDA,181.95,182.455,181.03,182.32,2646174
2026-03-06 17:00:00+00:00,NVDA,182.32,182.49,180.52,180.825,2492155
2026-03-06 18:00:00+00:00,NVDA,180.82,181.82,180.62,180.865,1995777
2026-03-06 19:00:00+00:00,NVDA,180.87,181.0,179.9,180.05,2070574
2026-03-06 20:00:00+00:00,NVDA,180.05,180.32,176.83,177.69,9827986
2026-03-06 21:00:00+00:00,NVDA,177.69,177.97,177.4,177.87,14946973
2026-03-06 22:00:00+00:00,NVDA,177.86,178.29,177.77,178.02,64687
2026-03-06 23:00:00+00:00,NVDA,178.02,178.28,178.02,178.11,53996
2026-03-09 08:00:00+00:00,NVDA,175.7,175.98,175.0,175.76,73194
2026-03-09 09:00:00+00:00,NVDA,175.77,177.66,175.44,176.85,109669
2026-03-09 10:00:00+00:00,NVDA,176.92,176.96,175.95,175.99,90196
2026-03-09 11:00:00+00:00,NVDA,176.01,176.59,175.73,176.11,192999
2026-03-09 12:00:00+00:00,NVDA,176.14,176.7,175.82,176.22,108636
2026-03-09 13:00:00+00:00,NVDA,176.26,178.17,175.57,176.93,5930518
2026-03-09 14:00:00+00:00,NVDA,176.92,179.34,176.25,178.75,5204918
2026-03-09 15:00:00+00:00,NVDA,178.755,180.13,178.66,179.74,3056271
2026-03-09 16:00:00+00:00,NVDA,179.74,180.91,179.56,180.15,2750743
2026-03-09 17:00:00+00:00,NVDA,180.15,180.16,179.02,179.66,2253886
2026-03-09 18:00:00+00:00,NVDA,179.66,180.47,179.31,179.33,2226332
2026-03-09 19:00:00+00:00,NVDA,179.34,182.91,179.29,182.64,10130602
2026-03-09 20:00:00+00:00,NVDA,182.67,182.85,181.7,181.98,15594483
2026-03-09 21:00:00+00:00,NVDA,181.98,182.0,181.66,181.83,44055
2026-03-09 22:00:00+00:00,NVDA,181.83,181.97,181.13,181.44,101538
2026-03-09 23:00:00+00:00,NVDA,181.45,181.77,181.3,181.32,51895
2026-03-10 08:00:00+00:00,NVDA,182.34,184.18,182.33,183.21,120466
2026-03-10 09:00:00+00:00,NVDA,183.2,183.69,183.0,183.09,51066
2026-03-10 10:00:00+00:00,NVDA,183.09,183.11,182.58,182.8,58655
2026-03-10 11:00:00+00:00,NVDA,182.77,183.24,182.13,182.16,66453
2026-03-10 12:00:00+00:00,NVDA,182.2,182.34,181.52,182.11,92810
2026-03-10 13:00:00+00:00,NVDA,182.11,183.87,181.89,182.77,4633208
2026-03-10 14:00:00+00:00,NVDA,182.76,185.705,182.21,185.47,5446908
2026-03-10 15:00:00+00:00,NVDA,185.47,186.44,185.25,185.925,4575954
2026-03-10 16:00:00+00:00,NVDA,185.93,185.93,185.05,185.64,2575418
2026-03-10 17:00:00+00:00,NVDA,185.62,186.225,185.11,185.72,2574289
2026-03-10 18:00:00+00:00,NVDA,185.72,185.81,184.1,184.39,3724723
2026-03-10 19:00:00+00:00,NVDA,184.39,185.03,183.25,184.76,7449464
2026-03-10 20:00:00+00:00,NVDA,184.77,185.58,184.63,184.91,13692579
2026-03-10 21:00:00+00:00,NVDA,184.92,185.05,184.73,184.78,26374
2026-03-10 22:00:00+00:00,NVDA,184.74,184.8,184.48,184.51,35640
2026-03-10 23:00:00+00:00,NVDA,184.61,184.83,184.51,184.79,19504
2026-03-11 08:00:00+00:00,NVDA,185.22,185.75,184.95,185.09,55122
2026-03-11 09:00:00+00:00,NVDA,185.12,185.13,184.14,184.24,49300
2026-03-11 10:00:00+00:00,NVDA,184.2,185.34,184.1,185.26,44103
2026-03-11 11:00:00+00:00,NVDA,185.24,185.66,184.87,185.08,57143
2026-03-11 12:00:00+00:00,NVDA,185.04,185.68,184.59,184.75,109076
2026-03-11 13:00:00+00:00,NVDA,184.83,186.99,184.76,186.89,4911816
2026-03-11 14:00:00+00:00,NVDA,186.885,187.62,185.88,186.44,4126816
2026-03-11 15:00:00+00:00,NVDA,186.44,186.76,184.84,185.61,2932331
2026-03-11 16:00:00+00:00,NVDA,185.605,186.06,185.26,185.72,1570398
2026-03-11 17:00:00+00:00,NVDA,185.71,185.87,184.46,185.14,1790579
2026-03-11 18:00:00+00:00,NVDA,185.14,185.74,184.72,185.605,1478710
2026-03-11 19:00:00+00:00,NVDA,185.605,186.035,185.235,185.995,3788981
2026-03-11 20:00:00+00:00,NVDA,186.0,186.09,185.46,185.5,15043182
2026-03-11 21:00:00+00:00,NVDA,185.51,185.75,185.51,185.66,15317
2026-03-11 22:00:00+00:00,NVDA,185.65,185.65,184.71,185.0,55776
2026-03-11 23:00:00+00:00,NVDA,185.0,185.0,184.04,184.36,72990
2026-03-12 08:00:00+00:00,NVDA,184.88,185.39,184.7,185.1,46418
2026-03-12 09:00:00+00:00,NVDA,185.08,185.37,184.63,185.25,38506
2026-03-12 10:00:00+00:00,NVDA,185.25,185.28,184.94,185.11,30124
2026-03-12 11:00:00+00:00,NVDA,185.01,185.47,184.88,185.1,53017
2026-03-12 12:00:00+00:00,NVDA,185.12,185.12,184.5,184.7,89277
2026-03-12 13:00:00+00:00,NVDA,184.7,184.86,182.05,182.375,5050518
2026-03-12 14:00:00+00:00,NVDA,182.39,183.23,181.755,182.39,4079201
2026-03-12 15:00:00+00:00,NVDA,182.385,184.375,181.81,184.33,3554032
2026-03-12 16:00:00+00:00,NVDA,184.33,184.935,183.7,183.995,3451133
2026-03-12 17:00:00+00:00,NVDA,183.995,184.575,183.17,183.54,2239134
2026-03-12 18:00:00+00:00,NVDA,183.55,184.005,182.935,183.08,2104523
2026-03-12 19:00:00+00:00,NVDA,183.075,183.66,182.73,183.07,4569712
2026-03-12 20:00:00+00:00,NVDA,183.08,183.43,182.79,183.21,13337890
2026-03-12 21:00:00+00:00,NVDA,183.24,183.39,182.95,183.0,22242
2026-03-12 22:00:00+00:00,NVDA,183.06,183.39,182.93,183.18,14738
2026-03-12 23:00:00+00:00,NVDA,183.25,183.48,182.9,182.91,21589
2026-03-13 08:00:00+00:00,NVDA,182.74,183.33,182.06,183.13,47822
2026-03-13 09:00:00+00:00,NVDA,183.13,183.56,183.06,183.36,29661
2026-03-13 10:00:00+00:00,NVDA,183.34,184.08,183.34,183.9,34502
2026-03-13 11:00:00+00:00,NVDA,183.9,184.88,183.83,184.61,109623
2026-03-13 12:00:00+00:00,NVDA,184.61,185.77,184.41,185.1,204236
2026-03-13 13:00:00+00:00,NVDA,185.1,186.09,184.42,184.87,5020899
2026-03-13 14:00:00+00:00,NVDA,184.9,185.09,182.01,182.12,4757617
2026-03-13 15:00:00+00:00,NVDA,182.11,182.845,180.76,181.06,4481186
2026-03-13 16:00:00+00:00,NVDA,181.05,181.76,180.73,181.075,3217037
2026-03-13 17:00:00+00:00,NVDA,181.075,181.66,180.46,180.51,1916440
2026-03-13 18:00:00+00:00,NVDA,180.52,181.135,180.01,181.02,2232322
2026-03-13 19:00:00+00:00,NVDA,181.02,181.03,179.94,180.26,5479628
2026-03-13 20:00:00+00:00,NVDA,180.27,180.3,180.01,180.07,9840101
2026-03-13 21:00:00+00:00,NVDA,180.08,180.3,180.08,180.25,35091
2026-03-13 22:00:00+00:00,NVDA,180.26,180.58,180.21,180.35,48057
2026-03-13 23:00:00+00:00,NVDA,180.36,180.39,180.1,180.2,29424
2026-03-16 08:00:00+00:00,NVDA,181.92,182.31,181.71,182.04,73595
2026-03-16 09:00:00+00:00,NVDA,182.05,182.31,181.53,181.61,40840
2026-03-16 10:00:00+00:00,NVDA,181.61,182.6,181.6,182.5,122378
2026-03-16 11:00:00+00:00,NVDA,182.47,182.7,182.15,182.7,99942
2026-03-16 12:00:00+00:00,NVDA,182.7,183.9,182.69,183.51,234894
2026-03-16 13:00:00+00:00,NVDA,183.51,185.05,182.66,184.51,5952956
2026-03-16 14:00:00+00:00,NVDA,184.51,184.54,183.31,184.1,3773900
2026-03-16 15:00:00+00:00,NVDA,184.105,184.935,183.7,184.12,3142403
2026-03-16 16:00:00+00:00,NVDA,184.115,184.545,183.635,184.44,2347388
2026-03-16 17:00:00+00:00,NVDA,184.44,185.06,184.27,184.485,2863865
2026-03-16 18:00:00+00:00,NVDA,184.49,185.53,183.775,183.84,3727559
2026-03-16 19:00:00+00:00,NVDA,183.835,188.87,181.42,183.14,17029514
2026-03-16 20:00:00+00:00,NVDA,183.14,183.8,182.28,182.58,12313302
2026-03-16 21:00:00+00:00,NVDA,182.57,182.87,182.28,182.69,94074
2026-03-16 22:00:00+00:00,NVDA,182.7,182.71,182.46,182.65,41620
2026-03-16 23:00:00+00:00,NVDA,182.63,182.78,182.55,182.76,31930
2026-03-17 08:00:00+00:00,NVDA,183.21,183.72,182.93,183.15,71197
2026-03-17 09:00:00+00:00,NVDA,183.2,183.98,183.1,183.87,63387
2026-03-17 10:00:00+00:00,NVDA,183.86,183.95,183.53,183.68,45993
2026-03-17 11:00:00+00:00,NVDA,183.69,183.75,183.11,183.19,113665
2026-03-17 12:00:00+00:00,NVDA,183.2,184.49,183.2,184.45,159318
2026-03-17 13:00:00+00:00,NVDA,184.47,185.4,182.96,183.1,5846257
2026-03-17 14:00:00+00:00,NVDA,183.1,183.59,181.895,183.02,4839787
2026-03-17 15:00:00+00:00,NVDA,183.025,183.21,181.69,182.17,2915493
2026-03-17 16:00:00+00:00,NVDA,182.17,183.1,181.74,182.05,3257613
2026-03-17 17:00:00+00:00,NVDA,182.06,183.22,182.06,182.98,2091713
2026-03-17 18:00:00+00:00,NVDA,182.99,183.46,182.31,182.345,2164470
2026-03-17 19:00:00+00:00,NVDA,182.34,182.92,181.81,181.96,4682336
2026-03-17 20:00:00+00:00,NVDA,181.96,182.1,181.65,182.04,15247198
2026-03-17 21:00:00+00:00,NVDA,182.04,182.09,181.94,181.99,40155
2026-03-17 22:00:00+00:00,NVDA,181.99,182.4,181.91,182.38,58798
2026-03-17 23:00:00+00:00,NVDA,182.35,182.37,182.15,182.34,15725
2026-03-18 08:00:00+00:00,NVDA,183.25,183.73,183.25,183.56,59783
2026-03-18 09:00:00+00:00,NVDA,183.56,183.85,183.4,183.6,43660
2026-03-18 10:00:00+00:00,NVDA,183.6,183.98,183.01,183.21,72022
2026-03-18 11:00:00+00:00,NVDA,183.22,183.66,183.02,183.2,97703
2026-03-18 12:00:00+00:00,NVDA,183.2,183.29,181.57,181.91,259811
2026-03-18 13:00:00+00:00,NVDA,181.9,182.82,180.72,182.465,4670673
2026-03-18 14:00:00+00:00,NVDA,182.47,183.38,181.84,182.76,3595001
2026-03-18 15:00:00+00:00,NVDA,182.76,183.24,182.27,182.46,2781067
2026-03-18 16:00:00+00:00,NVDA,182.47,182.85,182.1,182.43,2042397
2026-03-18 17:00:00+00:00,NVDA,182.425,182.73,181.82,182.63,1793027
2026-03-18 18:00:00+00:00,NVDA,182.645,183.15,181.1,181.22,2922243
2026-03-18 19:00:00+00:00,NVDA,181.22,181.68,180.33,180.35,5105759
2026-03-18 20:00:00+00:00,NVDA,180.36,180.63,179.92,180.2,10898227
2026-03-18 21:00:00+00:00,NVDA,180.2,180.54,180.18,180.33,58460
2026-03-18 22:00:00+00:00,NVDA,180.31,180.31,179.77,180.16,85871
2026-03-18 23:00:00+00:00,NVDA,180.16,180.44,180.16,180.23,40214
2026-03-19 08:00:00+00:00,NVDA,179.88,180.11,179.16,179.28,98675
2026-03-19 09:00:00+00:00,NVDA,179.33,180.22,179.01,180.11,77490
2026-03-19 10:00:00+00:00,NVDA,180.11,180.2,179.75,180.05,54750
2026-03-19 11:00:00+00:00,NVDA,180.09,180.18,178.48,178.64,201442
2026-03-19 12:00:00+00:00,NVDA,178.64,179.0,178.06,178.55,230806
2026-03-19 13:00:00+00:00,NVDA,178.55,178.6,175.79,177.67,7853500
2026-03-19 14:00:00+00:00,NVDA,177.66,178.47,177.23,178.195,4412769
2026-03-19 15:00:00+00:00,NVDA,178.19,179.05,177.665,178.31,3502882
2026-03-19 16:00:00+00:00,NVDA,178.3,178.94,178.06,178.155,2686286
2026-03-19 17:00:00+00:00,NVDA,178.15,178.75,177.56,178.235,2262762
2026-03-19 18:00:00+00:00,NVDA,178.23,179.24,178.085,178.65,2270776
2026-03-19 19:00:00+00:00,NVDA,178.65,179.98,177.91,178.5,7381024
2026-03-19 20:00:00+00:00,NVDA,178.505,179.2,178.38,179.06,10739089
2026-03-19 21:00:00+00:00,NVDA,179.05,179.1,178.91,179.08,37625
2026-03-19 22:00:00+00:00,NVDA,179.05,179.6,178.88,179.39,40510
2026-03-19 23:00:00+00:00,NVDA,179.39,179.48,179.0,179.16,28930
2026-03-20 08:00:00+00:00,NVDA,178.66,179.36,178.45,178.48,41873
2026-03-20 09:00:00+00:00,NVDA,178.48,178.79,177.6,177.99,44136
2026-03-20 10:00:00+00:00,NVDA,178.11,178.11,177.0,177.63,49161
2026-03-20 11:00:00+00:00,NVDA,177.69,177.89,177.5,177.68,38886
2026-03-20 12:00:00+00:00,NVDA,177.72,178.4,177.58,178.33,107816
2026-03-20 13:00:00+00:00,NVDA,178.33,179.07,175.84,175.84,16579289
2026-03-20 14:00:00+00:00,NVDA,175.84,176.33,175.0,175.85,4573710
2026-03-20 15:00:00+00:00,NVDA,175.85,176.25,175.475,175.86,2398231
2026-03-20 16:00:00+00:00,NVDA,175.86,176.45,175.4,175.61,1796458
2026-03-20 17:00:00+00:00,NVDA,175.61,175.93,174.52,174.94,2536791
2026-03-20 18:00:00+00:00,NVDA,174.93,175.01,173.28,173.46,2998393
2026-03-20 19:00:00+00:00,NVDA,173.46,173.75,171.73,173.01,7518839
2026-03-20 20:00:00+00:00,NVDA,173.0,174.2,172.7,174.04,32060841
2026-03-20 21:00:00+00:00,NVDA,174.08,175.36,173.8,175.08,188241
2026-03-20 22:00:00+00:00,NVDA,175.08,175.48,174.75,175.14,95669
2026-03-20 23:00:00+00:00,NVDA,175.17,175.29,174.85,174.89,53196
2026-03-23 08:00:00+00:00,NVDA,170.29,172.23,170.29,171.49,212117
2026-03-23 09:00:00+00:00,NVDA,171.5,171.83,170.5,170.97,109746
2026-03-23 10:00:00+00:00,NVDA,170.97,171.6,170.6,171.33,85273
2026-03-23 11:00:00+00:00,NVDA,171.37,178.47,171.05,175.13,1289753
2026-03-23 12:00:00+00:00,NVDA,175.1,177.4,174.9,177.32,490850
2026-03-23 13:00:00+00:00,NVDA,177.35,177.91,175.88,177.83,7737530
2026-03-23 14:00:00+00:00,NVDA,177.83,178.225,176.685,177.67,6165645
2026-03-23 15:00:00+00:00,NVDA,177.67,178.365,175.04,175.13,4624689
2026-03-23 16:00:00+00:00,NVDA,175.12,175.89,174.76,175.53,3828553
2026-03-23 17:00:00+00:00,NVDA,175.54,176.22,174.97,176.19,2687162
2026-03-23 18:00:00+00:00,NVDA,176.19,176.96,175.84,176.58,2590048
2026-03-23 19:00:00+00:00,NVDA,176.58,176.705,175.5,175.51,5156520
2026-03-23 20:00:00+00:00,NVDA,175.51,175.95,175.27,175.56,11611082
2026-03-23 21:00:00+00:00,NVDA,175.55,175.86,175.55,175.75,21016
2026-03-23 22:00:00+00:00,NVDA,175.75,176.18,175.65,176.18,50308
2026-03-23 23:00:00+00:00,NVDA,176.18,176.19,175.92,176.06,15574
2026-03-24 08:00:00+00:00,NVDA,176.46,176.56,175.6,175.65,36549
2026-03-24 09:00:00+00:00,NVDA,175.65,176.0,175.08,175.88,40779
2026-03-24 10:00:00+00:00,NVDA,175.88,176.04,175.63,175.97,28930
2026-03-24 11:00:00+00:00,NVDA,175.96,176.31,175.25,175.88,34284
2026-03-24 12:00:00+00:00,NVDA,175.88,175.88,174.73,174.9,87709
2026-03-24 13:00:00+00:00,NVDA,174.9,175.9,174.1,174.95,4085518
2026-03-24 14:00:00+00:00,NVDA,174.94,175.37,173.98,174.77,4988677
2026-03-24 15:00:00+00:00,NVDA,174.785,176.16,174.78,175.33,3527572
2026-03-24 16:00:00+00:00,NVDA,175.34,175.71,174.67,175.14,2309562
2026-03-24 17:00:00+00:00,NVDA,175.145,175.38,174.385,175.37,2016971
2026-03-24 18:00:00+00:00,NVDA,175.37,176.22,175.06,175.5,2436190
2026-03-24 19:00:00+00:00,NVDA,175.49,175.75,174.865,175.32,3931495
2026-03-24 20:00:00+00:00,NVDA,175.32,177.56,175.2,177.18,10967176
2026-03-24 21:00:00+00:00,NVDA,177.19,177.19,176.68,176.94,40414
2026-03-24 22:00:00+00:00,NVDA,176.92,176.99,176.61,176.98,45022
2026-03-24 23:00:00+00:00,NVDA,176.94,176.98,176.74,176.94,21114
2026-03-25 08:00:00+00:00,NVDA,177.01,178.05,177.01,177.25,94512
2026-03-25 09:00:00+00:00,NVDA,177.25,177.9,177.18,177.56,59069
2026-03-25 10:00:00+00:00,NVDA,177.67,177.73,177.33,177.56,45592
2026-03-25 11:00:00+00:00,NVDA,177.53,177.99,177.3,177.98,89993
2026-03-25 12:00:00+00:00,NVDA,178.0,178.36,177.31,177.49,182520
2026-03-25 13:00:00+00:00,NVDA,177.49,179.84,176.86,178.15,6453038
2026-03-25 14:00:00+00:00,NVDA,178.17,181.215,177.89,180.5,6644041
2026-03-25 15:00:00+00:00,NVDA,180.51,180.53,179.14,179.375,4729687
2026-03-25 16:00:00+00:00,NVDA,179.375,179.43,178.735,178.93,2799680
2026-03-25 17:00:00+00:00,NVDA,178.925,179.57,178.515,178.99,2270556
2026-03-25 18:00:00+00:00,NVDA,178.98,179.315,178.08,178.315,2231639
2026-03-25 19:00:00+00:00,NVDA,178.31,179.13,177.835,178.68,3988646
2026-03-25 20:00:00+00:00,NVDA,178.67,178.69,178.25,178.46,11078629
2026-03-25 21:00:00+00:00,NVDA,178.46,178.46,178.33,178.39,15445
2026-03-25 22:00:00+00:00,NVDA,178.36,178.37,178.11,178.13,15066
2026-03-25 23:00:00+00:00,NVDA,178.21,178.31,178.02,178.04,18581
2026-03-26 08:00:00+00:00,NVDA,177.6,177.62,176.63,176.99,73094
2026-03-26 09:00:00+00:00,NVDA,176.95,177.1,176.3,176.7,103729
2026-03-26 10:00:00+00:00,NVDA,176.69,177.1,176.52,176.85,32108
2026-03-26 11:00:00+00:00,NVDA,176.9,177.03,176.2,176.21,72871
2026-03-26 12:00:00+00:00,NVDA,176.23,176.57,176.02,176.45,96557
2026-03-26 13:00:00+00:00,NVDA,176.43,176.71,175.175,175.68,5656495
2026-03-26 14:00:00+00:00,NVDA,175.69,175.865,173.04,173.62,6346330
2026-03-26 15:00:00+00:00,NVDA,173.62,174.83,173.6,174.66,3887879
2026-03-26 16:00:00+00:00,NVDA,174.65,174.73,173.47,173.82,2698835
2026-03-26 17:00:00+00:00,NVDA,173.82,174.0,171.84,171.93,3214429
2026-03-26 18:00:00+00:00,NVDA,171.92,172.5,171.92,172.29,2960461
2026-03-26 19:00:00+00:00,NVDA,172.295,172.39,171.14,171.23,6143354
2026-03-26 20:00:00+00:00,NVDA,171.23,172.68,171.09,172.11,21641873
2026-03-26 21:00:00+00:00,NVDA,172.11,172.53,172.08,172.21,33732
2026-03-26 22:00:00+00:00,NVDA,172.19,172.27,172.1,172.19,31438
2026-03-26 23:00:00+00:00,NVDA,172.22,172.3,172.1,172.3,17865
2026-03-27 08:00:00+00:00,NVDA,172.5,173.06,171.8,171.97,111823
2026-03-27 09:00:00+00:00,NVDA,172.02,172.08,171.29,171.61,69228
2026-03-27 10:00:00+00:00,NVDA,171.57,171.93,170.79,171.03,119518
2026-03-27 11:00:00+00:00,NVDA,171.12,171.54,170.6,171.21,208178
2026-03-27 12:00:00+00:00,NVDA,171.2,171.86,170.58,170.66,270549
2026-03-27 13:00:00+00:00,NVDA,170.69,170.97,168.16,168.42,8701240
2026-03-27 14:00:00+00:00,NVDA,168.39,169.39,167.56,168.67,6431452
2026-03-27 15:00:00+00:00,NVDA,168.68,169.93,168.26,169.56,3453789
2026-03-27 16:00:00+00:00,NVDA,169.56,169.64,168.37,168.86,2250598
2026-03-27 17:00:00+00:00,NVDA,168.87,169.27,167.61,167.875,2658421
2026-03-27 18:00:00+00:00,NVDA,167.87,168.27,167.31,167.46,2360341
2026-03-27 19:00:00+00:00,NVDA,167.46,167.92,167.0,167.46,5795249
2026-03-27 20:00:00+00:00,NVDA,167.47,167.59,167.21,167.48,16074762
2026-03-27 21:00:00+00:00,NVDA,167.48,167.5,167.27,167.27,45791
2026-03-27 22:00:00+00:00,NVDA,167.31,167.31,167.0,167.02,41090
2026-03-27 23:00:00+00:00,NVDA,167.06,167.06,166.47,166.58,64889
2026-03-30 08:00:00+00:00,NVDA,167.77,169.4,167.73,169.29,115103
2026-03-30 09:00:00+00:00,NVDA,169.26,169.6,168.85,169.08,105837
2026-03-30 10:00:00+00:00,NVDA,169.0,169.14,168.0,168.25,116427
2026-03-30 11:00:00+00:00,NVDA,168.27,169.5,167.91,168.65,312834
2026-03-30 12:00:00+00:00,NVDA,168.68,169.32,168.42,169.28,160760
2026-03-30 13:00:00+00:00,NVDA,169.29,169.45,166.21,166.27,6804492
2026-03-30 14:00:00+00:00,NVDA,166.275,168.075,166.26,167.95,5106707
2026-03-30 15:00:00+00:00,NVDA,167.96,168.24,166.54,167.355,3739771
2026-03-30 16:00:00+00:00,NVDA,167.35,167.41,166.24,166.59,2626619
2026-03-30 17:00:00+00:00,NVDA,166.61,166.82,165.59,166.18,2980629
2026-03-30 18:00:00+00:00,NVDA,166.18,166.265,165.19,165.285,2403477
2026-03-30 19:00:00+00:00,NVDA,165.28,165.54,164.28,165.06,7438955
2026-03-30 20:00:00+00:00,NVDA,165.06,165.34,164.78,165.15,16405409
2026-03-30 21:00:00+00:00,NVDA,165.15,165.17,164.74,164.83,38976
2026-03-30 22:00:00+00:00,NVDA,164.87,165.15,164.52,164.55,46567
2026-03-30 23:00:00+00:00,NVDA,164.52,164.52,163.5,163.52,76602
2026-03-31 08:00:00+00:00,NVDA,166.32,167.25,166.14,166.72,57913
2026-03-31 09:00:00+00:00,NVDA,166.6,166.97,166.37,166.56,43792
2026-03-31 10:00:00+00:00,NVDA,166.53,166.73,165.84,166.06,50675
2026-03-31 11:00:00+00:00,NVDA,166.03,167.57,165.82,167.33,185669
2026-03-31 12:00:00+00:00,NVDA,167.3,168.1,167.0,167.54,187761
2026-03-31 13:00:00+00:00,NVDA,167.51,170.16,166.8,170.11,6073055
2026-03-31 14:00:00+00:00,NVDA,170.12,171.38,169.21,170.045,5819508
2026-03-31 15:00:00+00:00,NVDA,170.04,170.735,169.805,169.845,3743565
2026-03-31 16:00:00+00:00,NVDA,169.84,173.88,169.755,172.92,6728249
2026-03-31 17:00:00+00:00,NVDA,172.915,173.88,172.28,172.43,5195737
2026-03-31 18:00:00+00:00,NVDA,172.43,174.01,172.425,173.72,3688627
2026-03-31 19:00:00+00:00,NVDA,173.71,174.61,173.58,174.36,7740308
2026-03-31 20:00:00+00:00,NVDA,174.35,174.83,174.13,174.29,29579977
2026-03-31 21:00:00+00:00,NVDA,174.27,174.4,173.76,173.9,62181
2026-03-31 22:00:00+00:00,NVDA,173.87,174.58,173.78,174.26,104482
2026-03-31 23:00:00+00:00,NVDA,174.26,174.96,174.15,174.96,84924
2026-04-01 08:00:00+00:00,NVDA,175.77,176.27,174.79,175.66,145638
2026-04-01 09:00:00+00:00,NVDA,175.63,175.71,174.8,175.4,56564
2026-04-01 10:00:00+00:00,NVDA,175.44,176.09,175.31,175.72,58402
2026-04-01 11:00:00+00:00,NVDA,175.67,177.3,175.66,176.87,190836
2026-04-01 12:00:00+00:00,NVDA,176.85,177.2,175.66,175.68,287411
2026-04-01 13:00:00+00:00,NVDA,175.69,176.74,174.75,175.88,6909738
2026-04-01 14:00:00+00:00,NVDA,175.9,176.71,175.505,176.685,4343567
2026-04-01 15:00:00+00:00,NVDA,176.69,177.26,176.4,177.11,2797723
2026-04-01 16:00:00+00:00,NVDA,177.11,177.37,176.61,176.65,2077366
2026-04-01 17:00:00+00:00,NVDA,176.655,177.09,175.855,175.95,1799144
2026-04-01 18:00:00+00:00,NVDA,175.955,176.03,174.805,175.47,2717301
2026-04-01 19:00:00+00:00,NVDA,175.46,176.31,175.4,175.8,4009689
2026-04-01 20:00:00+00:00,NVDA,175.81,175.88,175.57,175.72,16781113
2026-04-01 21:00:00+00:00,NVDA,175.8,175.99,175.76,175.91,28525
2026-04-01 22:00:00+00:00,NVDA,175.83,176.64,175.74,176.25,53020
2026-04-01 23:00:00+00:00,NVDA,176.18,176.44,176.05,176.05,17756
2026-04-02 08:00:00+00:00,NVDA,172.14,172.35,171.59,171.68,90633
2026-04-02 09:00:00+00:00,NVDA,171.68,171.92,171.55,171.76,30977
2026-04-02 10:00:00+00:00,NVDA,171.71,171.75,171.11,171.7,96025
2026-04-02 11:00:00+00:00,NVDA,171.74,171.96,170.33,170.33,129160
2026-04-02 12:00:00+00:00,NVDA,170.37,171.35,170.21,170.97,230537
2026-04-02 13:00:00+00:00,NVDA,170.98,174.17,170.5,174.07,7297783
2026-04-02 14:00:00+00:00,NVDA,174.075,176.7,173.62,176.34,5550229
2026-04-02 15:00:00+00:00,NVDA,176.34,177.15,175.77,176.5,2877643
2026-04-02 16:00:00+00:00,NVDA,176.5,176.84,175.72,176.4,1894439
2026-04-02 17:00:00+00:00,NVDA,176.4,176.91,176.12,176.38,1488021
2026-04-02 18:00:00+00:00,NVDA,176.385,177.14,176.385,176.84,1812106
2026-04-02 19:00:00+00:00,NVDA,176.85,177.48,176.84,177.4,3755904
2026-04-02 20:00:00+00:00,NVDA,177.39,177.49,176.98,177.04,9615894
2026-04-02 21:00:00+00:00,NVDA,177.0,177.03,176.79,176.9,43965
2026-04-02 22:00:00+00:00,NVDA,176.92,176.99,176.69,176.69,11894
2026-04-02 23:00:00+00:00,NVDA,176.73,176.85,176.65,176.67,21443
2026-04-06 08:00:00+00:00,NVDA,177.77,179.16,177.63,178.79,119733
2026-04-06 09:00:00+00:00,NVDA,178.75,178.99,178.26,178.32,31724
2026-04-06 10:00:00+00:00,NVDA,178.3,178.4,177.2,177.78,56624
2026-04-06 11:00:00+00:00,NVDA,177.71,178.14,177.52,178.08,52382
2026-04-06 12:00:00+00:00,NVDA,178.08,178.12,177.6,177.67,29165
2026-04-06 13:00:00+00:00,NVDA,177.66,177.79,175.77,177.05,3867383
2026-04-06 14:00:00+00:00,NVDA,177.04,177.34,175.99,176.58,3430331
2026-04-06 15:00:00+00:00,NVDA,176.59,177.6,176.42,177.435,1751979
2026-04-06 16:00:00+00:00,NVDA,177.45,177.475,176.86,177.005,1223795
2026-04-06 17:00:00+00:00,NVDA,177.0,177.13,176.045,176.6,1438927
2026-04-06 18:00:00+00:00,NVDA,176.6,177.315,176.45,177.165,1339286
2026-04-06 19:00:00+00:00,NVDA,177.17,177.68,177.035,177.64,2425885
2026-04-06 20:00:00+00:00,NVDA,177.63,177.64,177.4,177.49,8918721
2026-04-06 21:00:00+00:00,NVDA,177.49,177.6,177.03,177.25,86155
2026-04-06 22:00:00+00:00,NVDA,177.24,177.37,176.77,176.83,29853
2026-04-06 23:00:00+00:00,NVDA,176.84,176.98,176.73,176.73,8598
2026-04-07 08:00:00+00:00,NVDA,176.5,177.43,176.43,176.98,64943
2026-04-07 09:00:00+00:00,NVDA,176.99,177.08,176.7,176.75,42945
2026-04-07 10:00:00+00:00,NVDA,176.79,176.86,175.2,175.59,119171
2026-04-07 11:00:00+00:00,NVDA,175.59,175.92,175.36,175.53,44967
2026-04-07 12:00:00+00:00,NVDA,175.47,175.66,174.8,175.05,215185
2026-04-07 13:00:00+00:00,NVDA,175.12,176.99,175.02,175.33,3936596
2026-04-07 14:00:00+00:00,NVDA,175.33,175.62,174.24,174.255,4089494
2026-04-07 15:00:00+00:00,NVDA,174.25,175.47,173.66,175.22,2778542
2026-04-07 16:00:00+00:00,NVDA,175.23,175.95,174.97,175.53,2147086
2026-04-07 17:00:00+00:00,NVDA,175.53,176.18,175.315,175.78,1418911
2026-04-07 18:00:00+00:00,NVDA,175.775,176.07,174.98,175.24,1486979
2026-04-07 19:00:00+00:00,NVDA,175.245,178.2,175.12,178.09,5767886
2026-04-07 20:00:00+00:00,NVDA,178.1,178.48,177.86,178.31,8584790
2026-04-07 21:00:00+00:00,NVDA,178.29,178.7,178.16,178.66,72009
2026-04-07 22:00:00+00:00,NVDA,178.7,182.42,177.54,182.41,466701
2026-04-07 23:00:00+00:00,NVDA,182.41,183.66,182.0,183.27,553334
2026-04-08 08:00:00+00:00,NVDA,183.5,184.89,183.25,184.77,237615
2026-04-08 09:00:00+00:00,NVDA,184.77,185.1,184.46,184.61,144361
2026-04-08 10:00:00+00:00,NVDA,184.57,185.22,184.34,184.37,136872
2026-04-08 11:00:00+00:00,NVDA,184.37,184.88,183.8,184.35,215501
2026-04-08 12:00:00+00:00,NVDA,184.3,184.81,184.05,184.6,241073
2026-04-08 13:00:00+00:00,NVDA,184.66,185.26,182.59,182.62,7747343
2026-04-08 14:00:00+00:00,NVDA,182.61,182.79,180.3,180.885,4225398
2026-04-08 15:00:00+00:00,NVDA,180.885,181.91,180.88,181.65,2003303
2026-04-08 16:00:00+00:00,NVDA,181.65,182.03,181.29,181.59,1334330
2026-04-08 17:00:00+00:00,NVDA,181.59,181.865,181.3,181.75,1207864
2026-04-08 18:00:00+00:00,NVDA,181.73,182.18,181.1,181.17,1617548
2026-04-08 19:00:00+00:00,NVDA,181.16,182.3,181.105,182.09,3282221
2026-04-08 20:00:00+00:00,NVDA,182.08,182.15,181.63,181.75,14862941
2026-04-08 21:00:00+00:00,NVDA,181.74,181.74,181.5,181.53,16242
2026-04-08 22:00:00+00:00,NVDA,181.55,181.63,181.01,181.1,43878
2026-04-08 23:00:00+00:00,NVDA,181.11,181.23,180.86,180.89,25278
2026-04-09 08:00:00+00:00,NVDA,182.0,182.0,180.0,180.47,54639
2026-04-09 09:00:00+00:00,NVDA,180.46,180.9,180.37,180.9,24787
2026-04-09 10:00:00+00:00,NVDA,180.92,180.98,180.5,180.5,36700
2026-04-09 11:00:00+00:00,NVDA,180.54,181.32,180.54,181.27,63825
2026-04-09 12:00:00+00:00,NVDA,181.28,181.4,180.91,181.2,75603
2026-04-09 13:00:00+00:00,NVDA,181.23,182.3,180.63,181.475,3714559
2026-04-09 14:00:00+00:00,NVDA,181.47,182.76,181.29,182.535,3137420
2026-04-09 15:00:00+00:00,NVDA,182.535,183.57,182.37,183.41,2705674
2026-04-09 16:00:00+00:00,NVDA,183.43,183.95,183.1,183.48,1849540
2026-04-09 17:00:00+00:00,NVDA,183.485,183.89,183.17,183.55,1151802
2026-04-09 18:00:00+00:00,NVDA,183.545,183.68,182.92,183.475,1488701
2026-04-09 19:00:00+00:00,NVDA,183.47,184.08,183.45,183.85,3775141
2026-04-09 20:00:00+00:00,NVDA,183.85,183.95,183.47,183.68,11455362
2026-04-09 21:00:00+00:00,NVDA,183.7,183.74,183.45,183.52,23703
2026-04-09 22:00:00+00:00,NVDA,183.55,183.64,183.2,183.21,27252
2026-04-09 23:00:00+00:00,NVDA,183.26,183.35,182.9,183.02,40102
2026-04-10 08:00:00+00:00,NVDA,183.19,183.3,182.55,182.6,52196
2026-04-10 09:00:00+00:00,NVDA,182.71,183.29,182.36,182.82,72621
2026-04-10 10:00:00+00:00,NVDA,182.79,183.25,182.69,183.12,18822
2026-04-10 11:00:00+00:00,NVDA,183.1,183.72,183.1,183.4,65421
2026-04-10 12:00:00+00:00,NVDA,183.37,184.21,183.32,183.94,194637
2026-04-10 13:00:00+00:00,NVDA,183.9,187.92,183.9,187.07,6320151
2026-04-10 14:00:00+00:00,NVDA,187.06,188.945,186.315,188.89,5385375
2026-04-10 15:00:00+00:00,NVDA,188.895,190.0,188.16,188.435,5029154
2026-04-10 16:00:00+00:00,NVDA,188.44,188.775,187.93,188.515,2340530
2026-04-10 17:00:00+00:00,NVDA,188.515,188.76,187.96,188.67,1312604
2026-04-10 18:00:00+00:00,NVDA,188.67,189.0,188.3,188.775,1699627
2026-04-10 19:00:00+00:00,NVDA,188.77,189.69,188.11,188.66,4517314
2026-04-10 20:00:00+00:00,NVDA,188.68,188.84,188.41,188.75,12664201
2026-04-10 21:00:00+00:00,NVDA,188.72,188.74,188.32,188.43,26248
2026-04-10 22:00:00+00:00,NVDA,188.41,188.41,188.18,188.18,13640
2026-04-10 23:00:00+00:00,NVDA,188.18,188.44,188.12,188.38,24664
2026-04-13 08:00:00+00:00,NVDA,186.19,186.35,185.7,186.3,68521
2026-04-13 09:00:00+00:00,NVDA,186.31,186.68,186.22,186.24,30003
2026-04-13 10:00:00+00:00,NVDA,186.24,186.66,185.82,186.59,62439
2026-04-13 11:00:00+00:00,NVDA,186.59,186.83,185.59,185.68,112807
2026-04-13 12:00:00+00:00,NVDA,185.61,186.21,185.46,185.97,103283
2026-04-13 13:00:00+00:00,NVDA,185.99,188.04,185.65,188.02,4794500
2026-04-13 14:00:00+00:00,NVDA,188.02,189.63,187.62,189.37,3121954
2026-04-13 15:00:00+00:00,NVDA,189.37,189.65,188.005,188.26,2372188
2026-04-13 16:00:00+00:00,NVDA,188.26,188.62,187.85,188.34,1961623
2026-04-13 17:00:00+00:00,NVDA,188.345,188.64,187.985,188.1,1295771
2026-04-13 18:00:00+00:00,NVDA,188.1,188.725,187.97,188.54,1213145
2026-04-13 19:00:00+00:00,NVDA,188.55,189.455,188.39,189.21,3807673
2026-04-13 20:00:00+00:00,NVDA,189.21,189.5,188.8,189.0,14263170
2026-04-13 21:00:00+00:00,NVDA,189.0,189.19,188.77,189.04,28443
2026-04-13 22:00:00+00:00,NVDA,189.03,189.27,188.99,189.27,28778
2026-04-13 23:00:00+00:00,NVDA,189.26,189.37,189.01,189.02,17125
2026-04-14 08:00:00+00:00,NVDA,189.59,190.0,189.59,189.97,44491
2026-04-14 09:00:00+00:00,NVDA,189.97,189.99,189.71,189.78,32817
2026-04-14 10:00:00+00:00,NVDA,189.78,189.9,189.4,189.5,20829
2026-04-14 11:00:00+00:00,NVDA,189.5,190.72,189.5,190.58,139126
2026-04-14 12:00:00+00:00,NVDA,190.56,190.88,190.16,190.41,237629
2026-04-14 13:00:00+00:00,NVDA,190.4,193.31,190.0,192.24,7188281
2026-04-14 14:00:00+00:00,NVDA,192.23,193.475,191.46,193.32,2925642
2026-04-14 15:00:00+00:00,NVDA,193.31,194.385,192.665,194.025,2780170
2026-04-14 16:00:00+00:00,NVDA,194.02,194.935,194.0,194.565,2255480
2026-04-14 17:00:00+00:00,NVDA,194.565,194.99,194.34,194.785,1663901
2026-04-14 18:00:00+00:00,NVDA,194.785,194.94,194.39,194.94,1314874
2026-04-14 19:00:00+00:00,NVDA,194.935,196.5,194.9,196.49,6083739
2026-04-14 20:00:00+00:00,NVDA,196.49,196.9,196.32,196.36,12922543
2026-04-14 21:00:00+00:00,NVDA,196.37,196.47,195.64,195.83,110435
2026-04-14 22:00:00+00:00,NVDA,195.81,196.18,195.62,195.84,39713
2026-04-14 23:00:00+00:00,NVDA,195.85,196.25,195.84,196.25,35887
2026-04-15 08:00:00+00:00,NVDA,195.87,196.24,195.56,196.03,56415
2026-04-15 09:00:00+00:00,NVDA,196.04,196.05,194.89,195.09,56869
2026-04-15 10:00:00+00:00,NVDA,195.0,195.87,194.74,195.73,88450
2026-04-15 11:00:00+00:00,NVDA,195.76,196.62,195.72,196.08,118293
2026-04-15 12:00:00+00:00,NVDA,196.08,196.08,195.39,195.58,95392
2026-04-15 13:00:00+00:00,NVDA,195.57,198.68,195.39,198.53,6343097
2026-04-15 14:00:00+00:00,NVDA,198.55,199.87,198.23,199.36,4420249
2026-04-15 15:00:00+00:00,NVDA,199.37,200.4,199.33,199.69,4368328
2026-04-15 16:00:00+00:00,NVDA,199.68,199.76,196.14,197.06,3254579
2026-04-15 17:00:00+00:00,NVDA,197.06,197.71,196.18,196.23,2019062
2026-04-15 18:00:00+00:00,NVDA,196.23,197.515,195.75,197.315,1987411
2026-04-15 19:00:00+00:00,NVDA,197.315,199.17,197.16,198.87,5397728
2026-04-15 20:00:00+00:00,NVDA,198.85,199.25,197.86,198.34,14356376
2026-04-15 21:00:00+00:00,NVDA,198.3,198.39,198.2,198.2,14244
2026-04-15 22:00:00+00:00,NVDA,198.15,198.47,198.14,198.41,44542
2026-04-15 23:00:00+00:00,NVDA,198.46,198.69,198.34,198.46,26458
2026-04-16 08:00:00+00:00,NVDA,199.51,199.86,199.17,199.64,87422
2026-04-16 09:00:00+00:00,NVDA,199.63,199.84,199.56,199.6,27815
2026-04-16 10:00:00+00:00,NVDA,199.55,199.65,196.86,197.74,191775
2026-04-16 11:00:00+00:00,NVDA,197.75,198.3,197.5,197.89,136569
2026-04-16 12:00:00+00:00,NVDA,197.87,198.24,197.43,197.68,93153
2026-04-16 13:00:00+00:00,NVDA,197.63,198.1,195.815,196.74,4926526
2026-04-16 14:00:00+00:00,NVDA,196.73,198.745,196.41,198.68,3342391
2026-04-16 15:00:00+00:00,NVDA,198.67,199.84,198.41,198.96,3197181
2026-04-16 16:00:00+00:00,NVDA,198.96,199.215,197.75,198.35,1651124
2026-04-16 17:00:00+00:00,NVDA,198.37,198.72,197.805,198.21,1429215
2026-04-16 18:00:00+00:00,NVDA,198.2,198.4,197.3,198.12,2000930
2026-04-16 19:00:00+00:00,NVDA,198.11,198.78,198.03,198.23,4049522
2026-04-16 20:00:00+00:00,NVDA,198.24,198.4,197.79,197.93,11422453
2026-04-16 21:00:00+00:00,NVDA,197.93,197.95,197.66,197.66,19272
2026-04-16 22:00:00+00:00,NVDA,197.67,198.08,197.67,197.89,13260
2026-04-16 23:00:00+00:00,NVDA,197.93,197.99,197.72,197.9,14404
2026-04-17 08:00:00+00:00,NVDA,198.31,198.65,198.09,198.65,33865
2026-04-17 09:00:00+00:00,NVDA,198.62,198.74,198.36,198.73,16588
2026-04-17 10:00:00+00:00,NVDA,198.73,198.92,198.52,198.59,25492
2026-04-17 11:00:00+00:00,NVDA,198.57,199.01,198.55,198.83,64057
2026-04-17 12:00:00+00:00,NVDA,198.81,200.69,198.8,200.64,285896
2026-04-17 13:00:00+00:00,NVDA,200.64,201.64,199.27,201.15,11980357
2026-04-17 14:00:00+00:00,NVDA,201.18,201.68,199.8,200.31,4106582
2026-04-17 15:00:00+00:00,NVDA,200.31,201.4,200.13,200.4,2378387
2026-04-17 16:00:00+00:00,NVDA,200.41,201.09,200.23,200.74,1606319
2026-04-17 17:00:00+00:00,NVDA,200.74,200.85,199.47,200.315,1770847
2026-04-17 18:00:00+00:00,NVDA,200.315,200.99,200.31,200.86,1416385
2026-04-17 19:00:00+00:00,NVDA,200.87,201.7,200.74,201.65,3877988
2026-04-17 20:00:00+00:00,NVDA,201.63,201.88,201.25,201.43,14757358
2026-04-17 21:00:00+00:00,NVDA,201.38,201.4,201.19,201.22,17201
2026-04-17 22:00:00+00:00,NVDA,201.25,201.25,201.0,201.09,17597
2026-04-17 23:00:00+00:00,NVDA,201.1,201.1,200.92,200.98,10462
2026-04-20 08:00:00+00:00,NVDA,199.42,199.42,198.66,199.04,72948
2026-04-20 09:00:00+00:00,NVDA,199.04,199.4,198.95,198.99,30585
2026-04-20 10:00:00+00:00,NVDA,199.0,199.6,199.0,199.43,40942
2026-04-20 11:00:00+00:00,NVDA,199.47,199.98,199.4,199.64,85616
2026-04-20 12:00:00+00:00,NVDA,199.65,200.49,199.53,200.3,96432
2026-04-20 13:00:00+00:00,NVDA,200.28,200.53,198.42,200.25,5228137
2026-04-20 14:00:00+00:00,NVDA,200.25,200.33,198.38,198.55,3338525
2026-04-20 15:00:00+00:00,NVDA,198.55,199.34,197.84,198.65,2803318
2026-04-20 16:00:00+00:00,NVDA,198.65,199.575,198.575,199.29,1376393
2026-04-20 17:00:00+00:00,NVDA,199.29,200.13,199.145,199.95,1325334
2026-04-20 18:00:00+00:00,NVDA,199.95,200.95,199.95,200.78,1897258
2026-04-20 19:00:00+00:00,NVDA,200.79,202.17,200.74,202.12,3900442
2026-04-20 20:00:00+00:00,NVDA,202.12,202.37,201.83,201.92,8647871
2026-04-20 21:00:00+00:00,NVDA,201.92,201.99,201.51,201.63,60626
2026-04-20 22:00:00+00:00,NVDA,201.64,201.99,201.63,201.92,19022
2026-04-20 23:00:00+00:00,NVDA,201.91,201.91,201.62,201.74,8401
2026-04-21 08:00:00+00:00,NVDA,201.93,202.03,201.63,201.91,32984
2026-04-21 09:00:00+00:00,NVDA,201.9,201.93,201.76,201.9,15451
2026-04-21 10:00:00+00:00,NVDA,201.91,202.42,201.91,202.21,45933
2026-04-21 11:00:00+00:00,NVDA,202.21,202.92,202.21,202.83,114228
2026-04-21 12:00:00+00:00,NVDA,202.83,202.97,202.32,202.32,82500
2026-04-21 13:00:00+00:00,NVDA,202.33,202.75,200.84,201.43,4178916
2026-04-21 14:00:00+00:00,NVDA,201.43,202.49,201.05,201.13,2485771
2026-04-21 15:00:00+00:00,NVDA,201.14,201.68,200.58,200.72,1914454
2026-04-21 16:00:00+00:00,NVDA,200.73,200.89,199.72,199.95,1660537
2026-04-21 17:00:00+00:00,NVDA,199.94,200.38,199.0,199.595,1827979
2026-04-21 18:00:00+00:00,NVDA,199.6,200.87,199.48,200.64,1352950
2026-04-21 19:00:00+00:00,NVDA,200.64,201.15,199.17,199.91,4110925
2026-04-21 20:00:00+00:00,NVDA,199.88,201.01,199.58,200.4,9526080
2026-04-21 21:00:00+00:00,NVDA,200.45,200.6,200.14,200.35,15734
2026-04-21 22:00:00+00:00,NVDA,200.35,200.6,200.3,200.39,8578
2026-04-21 23:00:00+00:00,NVDA,200.41,200.76,200.4,200.71,15607
2026-04-22 08:00:00+00:00,NVDA,201.18,201.31,200.85,201.09,23444
2026-04-22 09:00:00+00:00,NVDA,201.1,201.3,200.9,200.99,24768
2026-04-22 10:00:00+00:00,NVDA,200.98,201.11,200.78,201.02,37845
2026-04-22 11:00:00+00:00,NVDA,201.0,201.28,200.87,200.87,31948
2026-04-22 12:00:00+00:00,NVDA,200.9,201.44,200.46,200.58,129643
2026-04-22 13:00:00+00:00,NVDA,200.53,201.1,199.5,199.88,3475370
2026-04-22 14:00:00+00:00,NVDA,199.88,201.51,199.325,201.215,3042962
2026-04-22 15:00:00+00:00,NVDA,201.215,201.87,200.94,201.22,2024145
2026-04-22 16:00:00+00:00,NVDA,201.225,201.41,200.93,201.13,927102
2026-04-22 17:00:00+00:00,NVDA,201.13,202.42,201.13,202.28,1696805
2026-04-22 18:00:00+00:00,NVDA,202.285,202.485,201.52,201.59,1530132
2026-04-22 19:00:00+00:00,NVDA,201.59,202.5,201.23,202.42,4184978
2026-04-22 20:00:00+00:00,NVDA,202.43,202.54,202.03,202.19,12164600
2026-04-22 21:00:00+00:00,NVDA,202.18,202.54,202.18,202.41,76639
2026-04-22 22:00:00+00:00,NVDA,202.37,202.5,202.14,202.17,43103
2026-04-22 23:00:00+00:00,NVDA,202.18,202.31,202.1,202.22,21527
2026-04-23 08:00:00+00:00,NVDA,201.77,201.77,200.74,200.88,36746
2026-04-23 09:00:00+00:00,NVDA,200.81,201.0,200.51,200.75,20295
2026-04-23 10:00:00+00:00,NVDA,200.71,201.35,200.6,201.2,29074
2026-04-23 11:00:00+00:00,NVDA,201.24,202.2,201.21,202.09,71321
2026-04-23 12:00:00+00:00,NVDA,202.02,202.7,201.9,202.12,165578
2026-04-23 13:00:00+00:00,NVDA,202.1,203.82,201.11,203.075,3883329
2026-04-23 14:00:00+00:00,NVDA,203.08,203.2,201.62,202.56,2533686
2026-04-23 15:00:00+00:00,NVDA,202.56,203.11,201.19,201.485,1854476
2026-04-23 16:00:00+00:00,NVDA,201.49,201.91,200.96,201.52,1229895
2026-04-23 17:00:00+00:00,NVDA,201.5,201.62,197.23,198.86,3431766
2026-04-23 18:00:00+00:00,NVDA,198.88,199.65,198.25,198.37,1564767
2026-04-23 19:00:00+00:00,NVDA,198.37,199.71,198.19,199.71,2793981
2026-04-23 20:00:00+00:00,NVDA,199.71,199.99,198.73,198.83,11413163
2026-04-23 21:00:00+00:00,NVDA,198.82,199.0,198.62,198.82,33242
2026-04-23 22:00:00+00:00,NVDA,198.81,199.47,198.8,199.16,37913
2026-04-23 23:00:00+00:00,NVDA,199.21,199.55,199.03,199.5,18725
2026-04-24 08:00:00+00:00,NVDA,200.0,200.3,199.6,199.79,63907
2026-04-24 09:00:00+00:00,NVDA,199.79,199.83,199.32,199.38,43030
2026-04-24 10:00:00+00:00,NVDA,199.37,199.85,199.07,199.62,63505
2026-04-24 11:00:00+00:00,NVDA,199.64,201.77,199.58,200.9,211285
2026-04-24 12:00:00+00:00,NVDA,200.91,201.2,200.19,200.63,209123
2026-04-24 13:00:00+00:00,NVDA,200.64,203.22,199.72,202.01,5827663
2026-04-24 14:00:00+00:00,NVDA,202.0,208.87,201.93,208.7,7090439
2026-04-24 15:00:00+00:00,NVDA,208.72,209.93,207.88,209.13,6632957
2026-04-24 16:00:00+00:00,NVDA,209.12,210.94,208.33,209.68,4969000
2026-04-24 17:00:00+00:00,NVDA,209.68,210.03,209.02,209.315,2327999
2026-04-24 18:00:00+00:00,NVDA,209.32,209.4,207.685,208.23,2521921
2026-04-24 19:00:00+00:00,NVDA,208.23,209.27,207.55,208.19,6168652
2026-04-24 20:00:00+00:00,NVDA,208.18,208.6,207.91,208.03,15437149
2026-04-24 21:00:00+00:00,NVDA,208.06,208.1,207.75,207.83,32398
2026-04-24 22:00:00+00:00,NVDA,207.83,207.99,207.8,207.93,23014
2026-04-24 23:00:00+00:00,NVDA,207.94,208.38,207.94,208.1,22881
2026-04-27 08:00:00+00:00,NVDA,208.54,209.27,208.23,208.69,81094
2026-04-27 09:00:00+00:00,NVDA,208.7,209.92,208.6,209.86,72422
2026-04-27 10:00:00+00:00,NVDA,209.83,210.64,209.8,210.23,185313
2026-04-27 11:00:00+00:00,NVDA,210.22,212.12,210.05,211.63,393563
2026-04-27 12:00:00+00:00,NVDA,211.61,211.62,209.94,210.19,269081
2026-04-27 13:00:00+00:00,NVDA,210.21,211.95,208.4,210.36,6983366
2026-04-27 14:00:00+00:00,NVDA,210.34,210.72,207.38,209.39,3229622
2026-04-27 15:00:00+00:00,NVDA,209.4,210.85,209.03,210.66,2097006
2026-04-27 16:00:00+00:00,NVDA,210.65,213.63,210.59,212.75,3490851
2026-04-27 17:00:00+00:00,NVDA,212.75,215.37,212.75,215.14,3541743
2026-04-27 18:00:00+00:00,NVDA,215.14,216.37,214.83,215.1,3489452
2026-04-27 19:00:00+00:00,NVDA,215.1,216.82,215.04,216.64,4814771
2026-04-27 20:00:00+00:00,NVDA,216.63,217.66,216.45,217.13,11387063
2026-04-27 21:00:00+00:00,NVDA,217.13,217.58,217.13,217.34,78585
2026-04-27 22:00:00+00:00,NVDA,217.33,218.0,217.27,217.97,88517
2026-04-27 23:00:00+00:00,NVDA,217.96,218.8,217.96,218.7,97774
2026-04-28 08:00:00+00:00,NVDA,215.67,216.14,214.5,215.59,142294
2026-04-28 09:00:00+00:00,NVDA,215.63,215.71,212.51,212.91,348202
2026-04-28 10:00:00+00:00,NVDA,212.93,213.73,212.35,213.54,204871
2026-04-28 11:00:00+00:00,NVDA,213.6,214.2,209.7,210.0,877576
2026-04-28 12:00:00+00:00,NVDA,210.04,210.3,208.68,210.23,949949
2026-04-28 13:00:00+00:00,NVDA,210.27,212.65,208.21,212.21,8500330
2026-04-28 14:00:00+00:00,NVDA,212.2,213.665,208.35,209.75,5653523
2026-04-28 15:00:00+00:00,NVDA,209.77,210.22,208.59,209.76,2985109
2026-04-28 16:00:00+00:00,NVDA,209.76,210.89,209.31,210.7,2035549
2026-04-28 17:00:00+00:00,NVDA,210.69,211.79,210.16,211.755,1684643
2026-04-28 18:00:00+00:00,NVDA,211.77,214.08,211.63,214.07,2253231
2026-04-28 19:00:00+00:00,NVDA,214.09,214.725,213.0,213.15,4722068
2026-04-28 20:00:00+00:00,NVDA,213.16,213.84,212.39,212.54,12509329
2026-04-28 21:00:00+00:00,NVDA,212.53,212.71,212.3,212.39,38165
2026-04-28 22:00:00+00:00,NVDA,212.35,212.61,212.17,212.35,20883
2026-04-28 23:00:00+00:00,NVDA,212.36,212.67,212.17,212.62,30468
2026-04-29 08:00:00+00:00,NVDA,213.51,213.58,212.51,213.08,81718
2026-04-29 09:00:00+00:00,NVDA,213.0,213.48,212.7,213.3,38682
2026-04-29 10:00:00+00:00,NVDA,213.24,214.44,213.04,213.76,87137
2026-04-29 11:00:00+00:00,NVDA,213.77,214.39,213.47,213.7,118496
2026-04-29 12:00:00+00:00,NVDA,213.76,213.76,212.95,213.1,89995
2026-04-29 13:00:00+00:00,NVDA,213.14,213.74,210.3,210.78,3517447
2026-04-29 14:00:00+00:00,NVDA,210.78,211.94,209.74,211.3,2863192
2026-04-29 15:00:00+00:00,NVDA,211.31,211.39,210.19,210.63,1761046
2026-04-29 16:00:00+00:00,NVDA,210.63,211.22,208.57,208.91,1854532
2026-04-29 17:00:00+00:00,NVDA,208.91,209.765,208.66,209.13,1019885
2026-04-29 18:00:00+00:00,NVDA,209.15,209.22,207.58,208.98,1805039
2026-04-29 19:00:00+00:00,NVDA,208.96,209.49,208.54,209.35,3613022
2026-04-29 20:00:00+00:00,NVDA,209.36,210.17,206.93,208.38,10881684
2026-04-29 21:00:00+00:00,NVDA,208.28,209.42,207.99,208.98,141444
2026-04-29 22:00:00+00:00,NVDA,208.88,211.61,208.22,210.76,334032
2026-04-29 23:00:00+00:00,NVDA,210.78,211.4,210.49,211.15,80193
2026-04-30 08:00:00+00:00,NVDA,209.95,210.8,209.6,210.44,65579
2026-04-30 09:00:00+00:00,NVDA,210.47,210.95,209.84,210.35,59626
2026-04-30 10:00:00+00:00,NVDA,210.3,210.98,210.26,210.35,47832
2026-04-30 11:00:00+00:00,NVDA,210.57,211.09,210.33,210.64,72347
2026-04-30 12:00:00+00:00,NVDA,210.57,211.08,210.38,210.8,111299
2026-04-30 13:00:00+00:00,NVDA,210.85,211.0,202.7,203.905,6275796
2026-04-30 14:00:00+00:00,NVDA,203.91,203.96,198.7,201.78,10827810
2026-04-30 15:00:00+00:00,NVDA,201.77,202.46,200.16,200.66,3887808
2026-04-30 16:00:00+00:00,NVDA,200.67,200.83,199.32,199.83,3408455
2026-04-30 17:00:00+00:00,NVDA,199.83,201.28,199.81,201.26,2804615
2026-04-30 18:00:00+00:00,NVDA,201.26,202.005,200.26,201.825,2939032
2026-04-30 19:00:00+00:00,NVDA,201.83,201.95,199.5,199.52,7566328
2026-04-30 20:00:00+00:00,NVDA,199.52,200.5,199.01,200.16,26970828
2026-04-30 21:00:00+00:00,NVDA,200.13,200.6,199.75,200.19,68199
2026-04-30 22:00:00+00:00,NVDA,200.21,200.64,200.02,200.2,75558
2026-04-30 23:00:00+00:00,NVDA,200.18,200.38,200.0,200.01,18944
2026-05-01 08:00:00+00:00,NVDA,200.58,200.71,199.79,199.97,32881
2026-05-01 09:00:00+00:00,NVDA,199.98,200.41,199.78,200.1,27845
2026-05-01 10:00:00+00:00,NVDA,200.09,200.5,200.05,200.22,24357
2026-05-01 11:00:00+00:00,NVDA,200.3,201.33,200.13,201.12,65106
2026-05-01 12:00:00+00:00,NVDA,201.1,201.55,200.6,200.66,128358
2026-05-01 13:00:00+00:00,NVDA,200.66,203.0,199.14,200.46,4931006
2026-05-01 14:00:00+00:00,NVDA,200.48,200.62,197.12,199.51,4865309
2026-05-01 15:00:00+00:00,NVDA,199.53,199.85,198.7,199.12,2165565
2026-05-01 16:00:00+00:00,NVDA,199.13,199.4,198.49,199.16,1687238
2026-05-01 17:00:00+00:00,NVDA,199.16,200.28,199.13,199.65,1834566
2026-05-01 18:00:00+00:00,NVDA,199.65,199.75,198.23,198.355,2006570
2026-05-01 19:00:00+00:00,NVDA,198.355,199.92,198.18,198.39,4490586
2026-05-01 20:00:00+00:00,NVDA,198.36,198.66,198.2,198.26,11724761
2026-05-01 21:00:00+00:00,NVDA,198.34,198.4,198.18,198.27,18898
2026-05-01 22:00:00+00:00,NVDA,198.27,198.29,198.13,198.13,15501
2026-05-01 23:00:00+00:00,NVDA,198.13,198.3,198.01,198.1,22529
2026-05-04 08:00:00+00:00,NVDA,199.81,199.86,199.3,199.55,56660
2026-05-04 09:00:00+00:00,NVDA,199.53,199.79,199.18,199.25,55839
2026-05-04 10:00:00+00:00,NVDA,199.25,199.32,196.5,197.88,188131
2026-05-04 11:00:00+00:00,NVDA,197.9,198.63,197.88,198.29,109590
2026-05-04 12:00:00+00:00,NVDA,198.3,199.3,198.3,198.98,114590
2026-05-04 13:00:00+00:00,NVDA,198.91,201.73,197.64,198.68,4315833
2026-05-04 14:00:00+00:00,NVDA,198.65,199.04,197.19,197.23,2740040
2026-05-04 15:00:00+00:00,NVDA,197.21,198.02,194.75,195.68,3272806
2026-05-04 16:00:00+00:00,NVDA,195.69,196.89,194.87,196.72,1469566
2026-05-04 17:00:00+00:00,NVDA,196.71,198.425,196.71,198.31,1318259
2026-05-04 18:00:00+00:00,NVDA,198.32,199.19,197.36,198.22,1385461
2026-05-04 19:00:00+00:00,NVDA,198.23,199.175,197.76,198.56,2986827
2026-05-04 20:00:00+00:00,NVDA,198.56,198.75,197.73,197.82,7486359
2026-05-04 21:00:00+00:00,NVDA,197.82,198.14,197.8,198.08,30501
2026-05-04 22:00:00+00:00,NVDA,198.11,198.25,197.59,197.76,26669
2026-05-04 23:00:00+00:00,NVDA,197.79,197.87,197.63,197.67,12693
2026-05-05 08:00:00+00:00,NVDA,198.81,199.0,198.61,198.69,36468
2026-05-05 09:00:00+00:00,NVDA,198.69,198.91,198.33,198.76,28085
2026-05-05 10:00:00+00:00,NVDA,198.74,199.26,198.74,198.83,28645
2026-05-05 11:00:00+00:00,NVDA,198.83,198.83,198.26,198.68,48669
2026-05-05 12:00:00+00:00,NVDA,198.67,199.34,198.46,199.17,73863
2026-05-05 13:00:00+00:00,NVDA,199.18,200.23,198.11,198.48,4148820
2026-05-05 14:00:00+00:00,NVDA,198.48,199.03,196.76,197.12,3277410
2026-05-05 15:00:00+00:00,NVDA,197.12,197.91,196.67,197.42,1487935
2026-05-05 16:00:00+00:00,NVDA,197.42,198.5,197.27,197.61,1201920
2026-05-05 17:00:00+00:00,NVDA,197.62,197.97,197.14,197.21,1041245
2026-05-05 18:00:00+00:00,NVDA,197.205,197.8,196.37,196.73,1464248
2026-05-05 19:00:00+00:00,NVDA,196.725,196.89,196.03,196.485,2737319
2026-05-05 20:00:00+00:00,NVDA,196.47,196.99,195.79,196.77,10350687
2026-05-05 21:00:00+00:00,NVDA,196.77,197.58,196.0,196.17,154655
2026-05-05 22:00:00+00:00,NVDA,196.16,197.16,195.5,196.76,185692
2026-05-05 23:00:00+00:00,NVDA,196.81,197.5,196.38,197.45,98273
2026-05-06 08:00:00+00:00,NVDA,196.5,198.91,196.39,198.71,138375
2026-05-06 09:00:00+00:00,NVDA,198.74,200.02,198.14,199.67,218589
2026-05-06 10:00:00+00:00,NVDA,199.7,201.6,199.44,200.76,199562
2026-05-06 11:00:00+00:00,NVDA,200.75,202.7,200.27,201.3,387798
2026-05-06 12:00:00+00:00,NVDA,201.18,201.41,200.01,200.14,271731
2026-05-06 13:00:00+00:00,NVDA,200.11,204.6,198.62,204.445,7734664
2026-05-06 14:00:00+00:00,NVDA,204.46,205.83,202.92,204.76,5875684
2026-05-06 15:00:00+00:00,NVDA,204.74,207.18,203.51,204.83,4010430
2026-05-06 16:00:00+00:00,NVDA,204.82,205.8,203.95,204.82,1836450
2026-05-06 17:00:00+00:00,NVDA,204.81,205.97,204.46,205.45,1469355
2026-05-06 18:00:00+00:00,NVDA,205.47,208.05,205.4,206.7,2574801
2026-05-06 19:00:00+00:00,NVDA,206.69,208.27,206.52,207.65,6191308
2026-05-06 20:00:00+00:00,NVDA,207.66,208.7,207.0,207.14,20326843
2026-05-06 21:00:00+00:00,NVDA,207.1,207.58,205.48,205.84,257936
2026-05-06 22:00:00+00:00,NVDA,205.9,206.88,205.83,206.34,44150
2026-05-06 23:00:00+00:00,NVDA,206.36,207.3,206.27,207.26,33679
2026-05-07 08:00:00+00:00,NVDA,209.0,209.93,208.54,209.17,169087
2026-05-07 09:00:00+00:00,NVDA,209.12,209.27,208.41,208.75,65362
2026-05-07 10:00:00+00:00,NVDA,208.73,209.15,208.18,208.6,73487
2026-05-07 11:00:00+00:00,NVDA,208.63,209.24,207.5,208.15,190419
2026-05-07 12:00:00+00:00,NVDA,208.08,208.4,206.93,208.4,246399
2026-05-07 13:00:00+00:00,NVDA,208.37,210.49,206.5,208.89,6070060
2026-05-07 14:00:00+00:00,NVDA,208.89,214.19,208.8,212.73,5813448
2026-05-07 15:00:00+00:00,NVDA,212.72,213.67,210.73,212.69,2944924
2026-05-07 16:00:00+00:00,NVDA,212.69,214.145,210.61,212.36,2912164
2026-05-07 17:00:00+00:00,NVDA,212.37,212.94,210.96,212.37,2332754
2026-05-07 18:00:00+00:00,NVDA,212.4,213.26,211.82,212.35,1728899
2026-05-07 19:00:00+00:00,NVDA,212.36,212.91,211.23,211.52,4146276
2026-05-07 20:00:00+00:00,NVDA,211.54,212.29,211.38,211.88,13100538
2026-05-07 21:00:00+00:00,NVDA,211.9,211.99,209.21,209.9,177781
2026-05-07 22:00:00+00:00,NVDA,209.92,211.57,209.92,210.35,84143
2026-05-07 23:00:00+00:00,NVDA,210.28,211.42,210.27,211.42,38740
2026-05-08 08:00:00+00:00,NVDA,213.79,214.19,213.0,213.82,74085
2026-05-08 09:00:00+00:00,NVDA,213.79,214.18,213.41,213.61,55751
2026-05-08 10:00:00+00:00,NVDA,213.65,213.85,213.12,213.18,53880
2026-05-08 11:00:00+00:00,NVDA,213.2,213.64,213.15,213.41,80323
2026-05-08 12:00:00+00:00,NVDA,213.38,214.05,213.01,213.43,177608
2026-05-08 13:00:00+00:00,NVDA,213.4,217.75,212.89,217.63,6468208
2026-05-08 14:00:00+00:00,NVDA,217.64,217.8,214.32,215.92,3716162
2026-05-08 15:00:00+00:00,NVDA,215.89,217.2,215.38,215.52,2646446
2026-05-08 16:00:00+00:00,NVDA,215.5,216.18,215.01,215.25,1571336
2026-05-08 17:00:00+00:00,NVDA,215.25,216.07,214.85,214.96,1362482
2026-05-08 18:00:00+00:00,NVDA,214.96,215.8,214.93,215.07,1311908
2026-05-08 19:00:00+00:00,NVDA,215.08,215.82,214.68,215.19,4987972
2026-05-08 20:00:00+00:00,NVDA,215.17,215.3,214.9,214.99,13933559
2026-05-08 21:00:00+00:00,NVDA,214.98,215.16,214.96,214.97,25412
2026-05-08 22:00:00+00:00,NVDA,214.98,215.15,214.94,215.02,15289
2026-05-08 23:00:00+00:00,NVDA,215.02,215.05,214.91,215.03,15006
2026-05-11 08:00:00+00:00,NVDA,214.9,214.97,213.11,213.78,82072
2026-05-11 09:00:00+00:00,NVDA,213.78,214.16,213.31,213.49,42559
2026-05-11 10:00:00+00:00,NVDA,213.55,213.85,213.02,213.47,71880
2026-05-11 11:00:00+00:00,NVDA,213.5,214.45,213.5,214.06,91867
2026-05-11 12:00:00+00:00,NVDA,214.03,214.24,213.39,213.42,113721
2026-05-11 13:00:00+00:00,NVDA,213.45,220.9,213.22,217.01,8781082
2026-05-11 14:00:00+00:00,NVDA,217.01,222.19,216.94,221.6,5862928
2026-05-11 15:00:00+00:00,NVDA,221.61,222.29,220.61,221.97,3156200
2026-05-11 16:00:00+00:00,NVDA,221.97,222.31,220.4,220.65,2228414
2026-05-11 17:00:00+00:00,NVDA,220.63,221.27,219.88,220.43,1375797
2026-05-11 18:00:00+00:00,NVDA,220.45,221.565,219.97,220.07,1620570
2026-05-11 19:00:00+00:00,NVDA,220.08,220.57,218.91,219.49,3933210
2026-05-11 20:00:00+00:00,NVDA,219.48,219.74,218.81,219.2,14314216
2026-05-11 21:00:00+00:00,NVDA,219.2,219.4,218.97,219.31,14977
2026-05-11 22:00:00+00:00,NVDA,219.32,219.89,219.32,219.6,34207
2026-05-11 23:00:00+00:00,NVDA,219.61,220.1,219.6,219.7,45893
2026-05-12 08:00:00+00:00,NVDA,217.77,217.86,216.31,217.36,113818
2026-05-12 09:00:00+00:00,NVDA,217.34,218.25,217.05,218.04,86801
2026-05-12 10:00:00+00:00,NVDA,218.05,218.4,217.42,217.59,57146
2026-05-12 11:00:00+00:00,NVDA,217.72,217.95,217.25,217.7,100623
2026-05-12 12:00:00+00:00,NVDA,217.7,219.25,217.01,219.0,190137
2026-05-12 13:00:00+00:00,NVDA,218.92,223.74,217.01,220.3,7233938
2026-05-12 14:00:00+00:00,NVDA,220.36,221.78,217.24,217.39,4526194
2026-05-12 15:00:00+00:00,NVDA,217.39,217.98,214.93,216.88,4481952
2026-05-12 16:00:00+00:00,NVDA,216.9,218.25,215.695,215.91,2463159
2026-05-12 17:00:00+00:00,NVDA,215.92,218.84,215.53,218.6,1999411
2026-05-12 18:00:00+00:00,NVDA,218.59,220.34,217.79,219.54,2126518
2026-05-12 19:00:00+00:00,NVDA,219.54,221.73,219.54,220.91,4485536
2026-05-12 20:00:00+00:00,NVDA,220.91,220.91,219.93,220.11,13175164
2026-05-12 21:00:00+00:00,NVDA,220.11,220.18,219.9,219.99,49680
2026-05-12 22:00:00+00:00,NVDA,219.95,220.29,219.7,219.93,19271
2026-05-12 23:00:00+00:00,NVDA,220.04,220.15,219.24,219.5,27275
2026-05-13 08:00:00+00:00,NVDA,224.7,226.28,224.57,225.78,201813
2026-05-13 09:00:00+00:00,NVDA,225.77,226.67,225.47,226.23,157075
2026-05-13 10:00:00+00:00,NVDA,226.22,226.66,225.89,226.05,158420
2026-05-13 11:00:00+00:00,NVDA,226.01,226.07,224.76,225.67,173591
2026-05-13 12:00:00+00:00,NVDA,225.65,226.2,223.77,223.9,318399
2026-05-13 13:00:00+00:00,NVDA,224.0,227.16,221.58,224.03,6930820
2026-05-13 14:00:00+00:00,NVDA,224.08,226.46,223.06,226.4,3591092
2026-05-13 15:00:00+00:00,NVDA,226.415,227.57,225.71,226.565,3398748
2026-05-13 16:00:00+00:00,NVDA,226.56,227.84,226.4,226.8,1963345
2026-05-13 17:00:00+00:00,NVDA,226.81,227.33,225.41,225.47,1578836
2026-05-13 18:00:00+00:00,NVDA,225.44,227.43,225.44,226.46,1590489
2026-05-13 19:00:00+00:00,NVDA,226.47,227.15,225.09,225.83,3801532
2026-05-13 20:00:00+00:00,NVDA,225.87,226.74,225.57,226.53,12445503
2026-05-13 21:00:00+00:00,NVDA,226.5,226.85,226.22,226.85,21402
2026-05-13 22:00:00+00:00,NVDA,226.83,227.49,226.52,227.35,53820
2026-05-13 23:00:00+00:00,NVDA,227.35,227.8,227.12,227.77,45485
2026-05-14 08:00:00+00:00,NVDA,231.34,232.3,230.5,230.8,271054
2026-05-14 09:00:00+00:00,NVDA,230.87,231.18,229.37,230.26,185342
2026-05-14 10:00:00+00:00,NVDA,230.27,231.32,229.6,229.79,251308
2026-05-14 11:00:00+00:00,NVDA,229.77,230.58,229.14,230.01,258172
2026-05-14 12:00:00+00:00,NVDA,230.0,231.3,229.79,229.85,264831
2026-05-14 13:00:00+00:00,NVDA,229.78,233.26,229.31,230.73,8666234
2026-05-14 14:00:00+00:00,NVDA,230.68,236.04,230.62,234.57,7081696
2026-05-14 15:00:00+00:00,NVDA,234.565,236.46,234.05,234.88,3896941
2026-05-14 16:00:00+00:00,NVDA,234.89,236.0,234.47,235.49,2475870
2026-05-14 17:00:00+00:00,NVDA,235.52,235.91,232.69,234.77,2723452
2026-05-14 18:00:00+00:00,NVDA,234.76,236.42,233.82,236.07,2195271
2026-05-14 19:00:00+00:00,NVDA,236.07,236.54,235.14,235.76,4394383
2026-05-14 20:00:00+00:00,NVDA,235.76,236.15,234.7,235.41,10350190
2026-05-14 21:00:00+00:00,NVDA,235.42,236.05,235.11,235.97,52838
2026-05-14 22:00:00+00:00,NVDA,235.94,236.49,235.84,236.45,113308
2026-05-14 23:00:00+00:00,NVDA,236.45,237.95,236.45,237.86,123121
2026-05-15 08:00:00+00:00,NVDA,233.18,236.98,229.82,230.08,209724
2026-05-15 09:00:00+00:00,NVDA,230.19,230.3,228.01,228.38,232517
2026-05-15 10:00:00+00:00,NVDA,228.39,231.57,228.1,231.08,305186
2026-05-15 11:00:00+00:00,NVDA,231.03,232.02,230.37,230.37,217669
2026-05-15 12:00:00+00:00,NVDA,230.37,230.46,228.28,229.35,504686
2026-05-15 13:00:00+00:00,NVDA,229.29,230.18,224.24,225.2,13174483
2026-05-15 14:00:00+00:00,NVDA,225.21,228.68,224.93,226.09,4375057
2026-05-15 15:00:00+00:00,NVDA,226.12,229.18,225.695,228.13,3147938
2026-05-15 16:00:00+00:00,NVDA,228.12,228.61,227.07,227.9,1553638
2026-05-15 17:00:00+00:00,NVDA,227.89,230.91,227.73,230.81,1857114
2026-05-15 18:00:00+00:00,NVDA,230.84,231.5,228.16,228.98,2293464
2026-05-15 19:00:00+00:00,NVDA,228.98,229.09,224.89,225.3,7026065
2026-05-15 20:00:00+00:00,NVDA,225.32,225.36,224.32,225.13,18339817
2026-05-15 21:00:00+00:00,NVDA,225.14,225.14,224.69,224.76,52662
2026-05-15 22:00:00+00:00,NVDA,224.75,224.96,224.51,224.66,14504
2026-05-15 23:00:00+00:00,NVDA,224.67,224.73,224.3,224.41,34494
2026-05-18 08:00:00+00:00,NVDA,224.41,228.58,224.19,228.4,182270
2026-05-18 09:00:00+00:00,NVDA,228.45,228.51,227.12,227.55,113624
2026-05-18 10:00:00+00:00,NVDA,227.53,227.56,225.84,226.0,102309
2026-05-18 11:00:00+00:00,NVDA,226.04,228.51,225.51,228.1,156334
2026-05-18 12:00:00+00:00,NVDA,228.09,230.63,227.85,229.92,271814
2026-05-18 13:00:00+00:00,NVDA,229.89,230.05,223.57,225.49,7176426
2026-05-18 14:00:00+00:00,NVDA,225.47,226.26,220.42,222.16,5030328
2026-05-18 15:00:00+00:00,NVDA,222.19,223.43,221.54,222.51,2388762
2026-05-18 16:00:00+00:00,NVDA,222.55,223.17,219.64,222.12,2486226
2026-05-18 17:00:00+00:00,NVDA,222.13,222.54,220.73,221.5,1298587
2026-05-18 18:00:00+00:00,NVDA,221.5,221.51,218.37,219.61,2538470
2026-05-18 19:00:00+00:00,NVDA,219.62,222.36,219.57,222.36,3972956
2026-05-18 20:00:00+00:00,NVDA,222.36,222.7,221.94,222.36,9764052
2026-05-18 21:00:00+00:00,NVDA,222.36,223.1,222.25,223.05,43716
2026-05-18 22:00:00+00:00,NVDA,223.08,223.75,223.06,223.37,64491
2026-05-18 23:00:00+00:00,NVDA,223.38,223.61,222.72,222.72,25275
2026-05-19 08:00:00+00:00,NVDA,222.68,222.72,220.69,221.0,74064
2026-05-19 09:00:00+00:00,NVDA,221.0,221.05,219.57,220.58,58025
2026-05-19 10:00:00+00:00,NVDA,220.55,221.05,219.75,220.64,56185
2026-05-19 11:00:00+00:00,NVDA,220.74,220.95,220.13,220.14,99921
2026-05-19 12:00:00+00:00,NVDA,220.13,221.14,219.75,220.7,159758
2026-05-19 13:00:00+00:00,NVDA,220.75,223.32,218.63,220.86,5531362
2026-05-19 14:00:00+00:00,NVDA,220.86,221.04,217.92,220.94,4507193
2026-05-19 15:00:00+00:00,NVDA,220.94,221.99,220.02,220.66,2692613
2026-05-19 16:00:00+00:00,NVDA,220.69,223.39,220.3,223.09,1971359
2026-05-19 17:00:00+00:00,NVDA,223.11,224.475,222.07,223.1,1894773
2026-05-19 18:00:00+00:00,NVDA,223.1,223.67,222.18,222.5,1456009
2026-05-19 19:00:00+00:00,NVDA,222.48,222.78,219.0,220.63,6240350
2026-05-19 20:00:00+00:00,NVDA,220.66,221.57,220.5,220.9,15199716
2026-05-19 21:00:00+00:00,NVDA,221.07,221.99,221.07,221.8,41797
2026-05-19 22:00:00+00:00,NVDA,221.8,222.12,221.2,221.55,46063
2026-05-19 23:00:00+00:00,NVDA,221.53,222.15,221.41,221.53,35322
2026-05-20 08:00:00+00:00,NVDA,222.77,224.09,222.77,223.51,129444
2026-05-20 09:00:00+00:00,NVDA,223.5,224.64,223.5,224.31,79054
2026-05-20 10:00:00+00:00,NVDA,224.34,225.08,224.2,224.58,126062
2026-05-20 11:00:00+00:00,NVDA,224.58,224.8,223.51,223.76,145216
2026-05-20 12:00:00+00:00,NVDA,223.75,224.46,223.7,223.88,169898
2026-05-20 13:00:00+00:00,NVDA,223.86,224.48,220.495,221.98,4973126
2026-05-20 14:00:00+00:00,NVDA,221.99,225.3,221.73,224.74,4080608
2026-05-20 15:00:00+00:00,NVDA,224.74,226.13,224.23,224.945,2636641
2026-05-20 16:00:00+00:00,NVDA,224.95,225.29,223.8,224.6,1799583
2026-05-20 17:00:00+00:00,NVDA,224.61,225.16,224.2,224.5,1337585
2026-05-20 18:00:00+00:00,NVDA,224.51,224.9,222.04,222.75,2107866
2026-05-20 19:00:00+00:00,NVDA,222.75,223.65,222.33,223.42,4665878
2026-05-20 20:00:00+00:00,NVDA,223.42,226.94,216.25,222.45,20781702
2026-05-20 21:00:00+00:00,NVDA,222.58,224.22,219.35,220.75,1688318
2026-05-20 22:00:00+00:00,NVDA,220.75,221.47,219.25,221.32,511665
2026-05-20 23:00:00+00:00,NVDA,221.3,221.75,220.28,220.66,148983
2026-05-21 08:00:00+00:00,NVDA,222.35,224.73,221.89,223.0,282562
2026-05-21 09:00:00+00:00,NVDA,223.0,224.69,222.85,224.21,161420
2026-05-21 10:00:00+00:00,NVDA,224.21,225.09,222.51,223.34,380076
2026-05-21 11:00:00+00:00,NVDA,223.33,224.61,222.6,223.19,316079
2026-05-21 12:00:00+00:00,NVDA,223.17,223.69,221.2,221.47,394421
2026-05-21 13:00:00+00:00,NVDA,221.5,227.38,220.35,222.26,11458944
2026-05-21 14:00:00+00:00,NVDA,222.28,224.75,217.94,219.35,7904714
2026-05-21 15:00:00+00:00,NVDA,219.36,220.33,218.06,219.41,3178766
2026-05-21 16:00:00+00:00,NVDA,219.405,220.18,218.88,220.15,2058789
2026-05-21 17:00:00+00:00,NVDA,220.16,222.37,219.96,220.92,2715210
2026-05-21 18:00:00+00:00,NVDA,220.9,221.48,218.63,219.065,2306573
2026-05-21 19:00:00+00:00,NVDA,219.07,220.63,218.89,219.5,4788170
2026-05-21 20:00:00+00:00,NVDA,219.51,219.85,219.16,219.5,13474765
2026-05-21 21:00:00+00:00,NVDA,219.51,219.65,219.39,219.49,13823
2026-05-21 22:00:00+00:00,NVDA,219.52,219.91,219.25,219.74,26485
2026-05-21 23:00:00+00:00,NVDA,219.75,220.17,219.7,220.14,25771
2026-05-22 08:00:00+00:00,NVDA,220.83,221.71,220.56,220.72,90049
2026-05-22 09:00:00+00:00,NVDA,220.7,220.7,219.71,220.4,79830
2026-05-22 10:00:00+00:00,NVDA,220.4,220.41,219.22,219.78,59320
2026-05-22 11:00:00+00:00,NVDA,219.75,220.45,219.75,220.24,84143
2026-05-22 12:00:00+00:00,NVDA,220.25,221.0,220.22,220.64,100984
2026-05-22 13:00:00+00:00,NVDA,220.69,221.49,217.2,217.94,6214502
2026-05-22 14:00:00+00:00,NVDA,217.95,217.95,215.17,217.2,4805908
2026-05-22 15:00:00+00:00,NVDA,217.2,218.31,216.85,217.3,2404857
2026-05-22 16:00:00+00:00,NVDA,217.31,217.56,216.42,217.1,1689780
2026-05-22 17:00:00+00:00,NVDA,217.11,218.49,215.73,216.19,2493420
2026-05-22 18:00:00+00:00,NVDA,216.21,216.4,215.42,215.98,2318006
2026-05-22 19:00:00+00:00,NVDA,215.97,216.33,214.85,215.25,4655973
2026-05-22 20:00:00+00:00,NVDA,215.25,215.33,214.93,215.01,10206845
2026-05-22 21:00:00+00:00,NVDA,215.01,215.07,214.91,215.06,33952
2026-05-22 22:00:00+00:00,NVDA,215.03,215.07,214.53,214.65,33075
2026-05-22 23:00:00+00:00,NVDA,214.65,214.78,214.26,214.28,31114
2026-05-26 08:00:00+00:00,NVDA,217.14,217.33,216.79,217.18,71784
2026-05-26 09:00:00+00:00,NVDA,217.19,217.79,216.96,217.75,63897
2026-05-26 10:00:00+00:00,NVDA,217.73,218.47,217.48,217.51,118855
2026-05-26 11:00:00+00:00,NVDA,217.5,218.25,217.43,218.0,177947
2026-05-26 12:00:00+00:00,NVDA,218.01,218.37,217.82,217.94,174231
2026-05-26 13:00:00+00:00,NVDA,217.94,218.25,214.8,215.48,6995927
2026-05-26 14:00:00+00:00,NVDA,215.49,218.18,214.28,215.53,5609983
2026-05-26 15:00:00+00:00,NVDA,215.55,215.89,212.52,213.19,4359273
2026-05-26 16:00:00+00:00,NVDA,213.17,213.93,212.0,213.64,2661897
2026-05-26 17:00:00+00:00,NVDA,213.645,214.11,212.91,213.09,1637621
2026-05-26 18:00:00+00:00,NVDA,213.11,214.44,212.91,213.25,1972243
2026-05-26 19:00:00+00:00,NVDA,213.26,214.86,212.84,214.84,4646191
2026-05-26 20:00:00+00:00,NVDA,214.84,215.03,214.38,214.4,14945867
2026-05-26 21:00:00+00:00,NVDA,214.41,214.68,214.35,214.37,28049
2026-05-26 22:00:00+00:00,NVDA,214.37,214.45,213.8,213.98,36112
2026-05-26 23:00:00+00:00,NVDA,214.03,214.12,213.8,213.95,34286
2026-05-27 08:00:00+00:00,NVDA,213.77,215.1,213.7,214.69,60174
2026-05-27 09:00:00+00:00,NVDA,214.74,215.65,214.3,215.57,49925
2026-05-27 10:00:00+00:00,NVDA,215.57,216.23,215.5,215.63,69972
2026-05-27 11:00:00+00:00,NVDA,215.65,216.5,215.05,215.08,183223
2026-05-27 12:00:00+00:00,NVDA,215.02,216.18,214.83,215.25,200168
2026-05-27 13:00:00+00:00,NVDA,215.27,215.45,210.27,211.32,7818637
2026-05-27 14:00:00+00:00,NVDA,211.32,211.63,208.95,208.98,5364438
2026-05-27 15:00:00+00:00,NVDA,208.98,210.21,208.785,209.83,2424676
2026-05-27 16:00:00+00:00,NVDA,209.83,212.11,209.55,211.61,2476405
2026-05-27 17:00:00+00:00,NVDA,211.63,212.67,210.73,212.29,2059409
2026-05-27 18:00:00+00:00,NVDA,212.28,213.315,212.12,212.81,1641744
2026-05-27 19:00:00+00:00,NVDA,212.81,213.3,212.12,212.63,3838910
2026-05-27 20:00:00+00:00,NVDA,212.64,212.67,212.25,212.4,12944486
2026-05-27 21:00:00+00:00,NVDA,212.4,212.52,212.1,212.25,173346
2026-05-27 22:00:00+00:00,NVDA,212.25,212.47,211.91,212.08,29385
2026-05-27 23:00:00+00:00,NVDA,212.07,212.2,211.57,211.72,32928
2026-05-28 08:00:00+00:00,NVDA,211.57,211.66,211.0,211.39,39318
2026-05-28 09:00:00+00:00,NVDA,211.4,211.65,211.0,211.53,16912
2026-05-28 10:00:00+00:00,NVDA,211.51,211.53,210.5,210.6,37809
2026-05-28 11:00:00+00:00,NVDA,210.72,210.75,209.74,210.31,73186
2026-05-28 12:00:00+00:00,NVDA,210.33,211.91,210.16,211.72,95727
2026-05-28 13:00:00+00:00,NVDA,211.75,214.24,210.81,212.81,4673157
2026-05-28 14:00:00+00:00,NVDA,212.82,214.28,211.51,212.29,3331151
2026-05-28 15:00:00+00:00,NVDA,212.3,213.32,212.09,212.26,2152583
2026-05-28 16:00:00+00:00,NVDA,212.26,213.89,212.11,213.63,1571902
2026-05-28 17:00:00+00:00,NVDA,213.63,215.52,212.93,215.12,2231884
2026-05-28 18:00:00+00:00,NVDA,215.13,215.365,214.18,214.38,1785405
2026-05-28 19:00:00+00:00,NVDA,214.38,214.57,213.77,214.26,2325817
2026-05-28 20:00:00+00:00,NVDA,214.25,214.69,213.85,213.93,14780024
2026-05-28 21:00:00+00:00,NVDA,213.98,214.55,213.72,214.16,42037
2026-05-28 22:00:00+00:00,NVDA,214.12,214.44,214.03,214.13,26319
2026-05-28 23:00:00+00:00,NVDA,214.13,214.48,214.13,214.18,29276
2026-05-29 08:00:00+00:00,NVDA,215.19,215.39,214.61,214.8,48893
2026-05-29 09:00:00+00:00,NVDA,214.8,215.1,214.69,214.74,49199
2026-05-29 10:00:00+00:00,NVDA,214.76,214.96,214.51,214.85,35282
2026-05-29 11:00:00+00:00,NVDA,214.86,215.5,214.83,215.23,91842
2026-05-29 12:00:00+00:00,NVDA,215.21,215.21,214.64,214.89,112531
2026-05-29 13:00:00+00:00,NVDA,214.87,217.15,212.82,217.1,5754829
2026-05-29 14:00:00+00:00,NVDA,217.09,217.35,214.36,215.15,4962189
2026-05-29 15:00:00+00:00,NVDA,215.13,217.02,214.77,215.02,2615814
2026-05-29 16:00:00+00:00,NVDA,215.02,217.52,215.02,216.61,2479146
2026-05-29 17:00:00+00:00,NVDA,216.61,217.05,215.41,215.5,1358517
2026-05-29 18:00:00+00:00,NVDA,215.52,217.48,215.29,216.69,2204422
2026-05-29 19:00:00+00:00,NVDA,216.68,217.82,211.13,211.15,15098568
2026-05-29 20:00:00+00:00,NVDA,211.15,212.99,211.14,212.48,83334018
2026-05-29 21:00:00+00:00,NVDA,212.47,212.82,212.41,212.5,161559
2026-05-29 22:00:00+00:00,NVDA,212.5,212.99,212.5,212.98,108292
2026-05-29 23:00:00+00:00,NVDA,212.98,212.98,212.31,212.49,146141
2026-06-01 08:00:00+00:00,NVDA,215.77,216.2,214.3,215.27,292500
2026-06-01 09:00:00+00:00,NVDA,215.25,215.7,214.44,214.57,161758
2026-06-01 10:00:00+00:00,NVDA,214.58,216.3,214.45,216.0,204922
2026-06-01 11:00:00+00:00,NVDA,216.01,216.68,215.41,215.75,324532
2026-06-01 12:00:00+00:00,NVDA,215.76,216.41,215.67,216.03,263380
2026-06-01 13:00:00+00:00,NVDA,216.03,220.83,215.06,219.16,10222988
2026-06-01 14:00:00+00:00,NVDA,219.13,222.17,218.54,219.63,7198221
2026-06-01 15:00:00+00:00,NVDA,219.625,220.66,219.0,219.65,3640950
2026-06-01 16:00:00+00:00,NVDA,219.65,222.4,219.6,222.1,3283058
2026-06-01 17:00:00+00:00,NVDA,222.095,224.02,221.36,223.52,2795773
2026-06-01 18:00:00+00:00,NVDA,223.52,224.8,223.09,223.985,3046265
2026-06-01 19:00:00+00:00,NVDA,223.985,224.87,222.41,224.43,4761251
2026-06-01 20:00:00+00:00,NVDA,224.43,224.86,224.13,224.45,17939674
2026-06-01 21:00:00+00:00,NVDA,224.41,224.99,224.05,224.91,120522
2026-06-01 22:00:00+00:00,NVDA,224.83,224.83,223.52,224.07,111905
2026-06-01 23:00:00+00:00,NVDA,224.09,224.19,223.58,223.95,50638
2026-06-02 08:00:00+00:00,NVDA,228.85,235.0,224.77,226.91,397348
2026-06-02 09:00:00+00:00,NVDA,226.9,228.87,226.51,228.5,313501
2026-06-02 10:00:00+00:00,NVDA,228.46,229.24,227.29,227.29,237168
2026-06-02 11:00:00+00:00,NVDA,227.25,228.55,226.67,227.31,320489
2026-06-02 12:00:00+00:00,NVDA,227.3,227.5,226.48,226.9,275720
2026-06-02 13:00:00+00:00,NVDA,226.92,232.28,225.05,231.42,9925397
2026-06-02 14:00:00+00:00,NVDA,231.45,231.97,225.35,226.125,5885987
2026-06-02 15:00:00+00:00,NVDA,226.11,227.14,224.73,225.465,3512308
2026-06-02 16:00:00+00:00,NVDA,225.47,225.94,224.15,225.27,2210564
2026-06-02 17:00:00+00:00,NVDA,225.25,225.62,222.58,223.17,2345122
2026-06-02 18:00:00+00:00,NVDA,223.18,223.63,221.9,222.64,1638612
2026-06-02 19:00:00+00:00,NVDA,222.64,223.46,221.36,222.81,3784760
2026-06-02 20:00:00+00:00,NVDA,222.81,223.6,222.53,222.83,17570244
2026-06-02 21:00:00+00:00,NVDA,222.82,222.89,222.27,222.42,45254
2026-06-02 22:00:00+00:00,NVDA,222.49,222.55,221.65,221.66,36642
2026-06-02 23:00:00+00:00,NVDA,221.7,221.88,220.81,221.7,72679
2026-06-03 08:00:00+00:00,NVDA,222.54,222.77,221.61,221.7,97169
2026-06-03 09:00:00+00:00,NVDA,221.66,221.8,220.84,221.12,79670
2026-06-03 10:00:00+00:00,NVDA,221.1,221.95,220.71,221.42,92339
2026-06-03 11:00:00+00:00,NVDA,221.46,224.18,221.42,224.03,173757
2026-06-03 12:00:00+00:00,NVDA,224.0,224.39,222.26,222.62,159690
2026-06-03 13:00:00+00:00,NVDA,222.62,223.24,216.05,217.22,6622709
2026-06-03 14:00:00+00:00,NVDA,217.22,217.61,214.58,215.75,5171599
2026-06-03 15:00:00+00:00,NVDA,215.75,217.55,215.73,216.94,2889785
2026-06-03 16:00:00+00:00,NVDA,216.95,217.21,214.81,216.06,2074048
2026-06-03 17:00:00+00:00,NVDA,216.06,216.095,215.15,215.66,1107273
2026-06-03 18:00:00+00:00,NVDA,215.66,216.17,215.24,216.1,1317731
2026-06-03 19:00:00+00:00,NVDA,216.09,216.24,214.52,214.9,6184859
2026-06-03 20:00:00+00:00,NVDA,214.75,215.2,214.51,215.0,14020453
2026-06-03 21:00:00+00:00,NVDA,214.99,215.49,213.24,214.38,354060
2026-06-03 22:00:00+00:00,NVDA,214.4,214.8,213.14,213.61,75982
2026-06-03 23:00:00+00:00,NVDA,213.62,214.42,213.13,214.25,84800
2026-06-04 08:00:00+00:00,NVDA,215.13,215.37,213.24,213.53,136459
2026-06-04 09:00:00+00:00,NVDA,213.53,213.53,211.81,213.0,113432
2026-06-04 10:00:00+00:00,NVDA,212.98,213.2,212.35,212.94,66306
2026-06-04 11:00:00+00:00,NVDA,212.9,212.92,211.4,212.2,156720
2026-06-04 12:00:00+00:00,NVDA,212.2,213.5,211.66,213.34,229040
2026-06-04 13:00:00+00:00,NVDA,213.22,215.72,212.12,212.33,5955926
2026-06-04 14:00:00+00:00,NVDA,212.3,215.43,210.97,215.41,4624563
2026-06-04 15:00:00+00:00,NVDA,215.41,217.86,215.19,217.62,3418786
2026-06-04 16:00:00+00:00,NVDA,217.62,218.93,217.25,218.25,2452083
2026-06-04 17:00:00+00:00,NVDA,218.25,219.76,217.97,219.76,1969359
2026-06-04 18:00:00+00:00,NVDA,219.765,220.93,219.73,220.48,2377717
2026-06-04 19:00:00+00:00,NVDA,220.49,221.59,218.55,218.72,4913803
2026-06-04 20:00:00+00:00,NVDA,218.71,218.75,217.25,217.25,13070651
2026-06-04 21:00:00+00:00,NVDA,217.25,217.76,216.88,217.44,60601
2026-06-04 22:00:00+00:00,NVDA,217.44,217.44,216.5,216.99,56989
2026-06-04 23:00:00+00:00,NVDA,216.97,217.0,216.3,216.31,45072
2026-06-05 08:00:00+00:00,NVDA,214.87,216.21,214.87,215.5,70836
2026-06-05 09:00:00+00:00,NVDA,215.57,216.5,215.33,215.99,41087
2026-06-05 10:00:00+00:00,NVDA,215.97,216.35,215.85,216.02,28360
2026-06-05 11:00:00+00:00,NVDA,215.93,216.24,215.45,215.5,54712
2026-06-05 12:00:00+00:00,NVDA,215.45,215.9,214.57,214.64,153307
2026-06-05 13:00:00+00:00,NVDA,214.64,215.1,211.96,211.97,5223788
2026-06-05 14:00:00+00:00,NVDA,211.99,212.97,210.45,210.8,4602466
2026-06-05 15:00:00+00:00,NVDA,210.795,210.92,207.54,209.33,4923189
2026-06-05 16:00:00+00:00,NVDA,209.33,209.33,206.64,208.14,4136889
2026-06-05 17:00:00+00:00,NVDA,208.14,208.96,206.81,207.97,2543743
2026-06-05 18:00:00+00:00,NVDA,207.98,208.06,204.71,205.9,4154596
2026-06-05 19:00:00+00:00,NVDA,205.92,206.76,204.34,205.11,8944463
2026-06-05 20:00:00+00:00,NVDA,205.11,205.49,204.1,204.96,27545029
2026-06-05 21:00:00+00:00,NVDA,204.99,205.65,204.85,205.65,157608
2026-06-05 22:00:00+00:00,NVDA,205.64,205.91,204.81,205.14,79314
2026-06-05 23:00:00+00:00,NVDA,205.2,205.2,204.01,204.1,68440
2026-06-08 08:00:00+00:00,NVDA,207.06,208.55,207.06,207.5,119956
2026-06-08 09:00:00+00:00,NVDA,207.47,208.59,207.14,208.54,77580
2026-06-08 10:00:00+00:00,NVDA,208.52,209.4,208.02,208.67,117455
2026-06-08 11:00:00+00:00,NVDA,208.7,210.3,208.38,209.65,232900
2026-06-08 12:00:00+00:00,NVDA,209.65,210.65,209.59,210.35,255273
2026-06-08 13:00:00+00:00,NVDA,210.35,210.8,206.18,206.26,6426264
2026-06-08 14:00:00+00:00,NVDA,206.27,208.78,206.0,208.52,3162892
2026-06-08 15:00:00+00:00,NVDA,208.53,209.34,207.17,208.32,2198378
2026-06-08 16:00:00+00:00,NVDA,208.315,209.74,208.17,208.575,1635933
2026-06-08 17:00:00+00:00,NVDA,208.575,209.24,207.65,208.8,1516469
2026-06-08 18:00:00+00:00,NVDA,208.805,209.62,208.73,208.835,1370635
2026-06-08 19:00:00+00:00,NVDA,208.82,208.94,207.37,208.64,3243584
2026-06-08 20:00:00+00:00,NVDA,208.63,208.81,207.97,208.0,18578746
2026-06-08 21:00:00+00:00,NVDA,208.0,208.3,208.0,208.2,6657
2026-06-08 22:00:00+00:00,NVDA,208.2,208.23,207.12,207.73,32606
2026-06-08 23:00:00+00:00,NVDA,207.75,208.14,207.57,207.77,18698
2026-06-09 08:00:00+00:00,NVDA,209.8,210.65,209.71,210.28,51890
2026-06-09 09:00:00+00:00,NVDA,210.3,210.42,210.0,210.21,48222
2026-06-09 10:00:00+00:00,NVDA,210.25,210.45,209.58,209.9,49624
2026-06-09 11:00:00+00:00,NVDA,209.81,210.09,209.1,209.22,77082
2026-06-09 12:00:00+00:00,NVDA,209.26,209.55,208.8,209.54,51704
2026-06-09 13:00:00+00:00,NVDA,209.51,211.4,208.85,209.13,4003296
2026-06-09 14:00:00+00:00,NVDA,209.12,209.18,204.85,206.34,4454947
2026-06-09 15:00:00+00:00,NVDA,206.35,206.77,202.855,203.02,3970454
2026-06-09 16:00:00+00:00,NVDA,203.02,203.72,199.34,201.97,6108993
2026-06-09 17:00:00+00:00,NVDA,201.99,205.42,201.66,205.05,3177074
2026-06-09 18:00:00+00:00,NVDA,205.07,207.36,204.92,207.08,2095013
2026-06-09 19:00:00+00:00,NVDA,207.09,208.29,204.54,208.19,5991993
2026-06-09 20:00:00+00:00,NVDA,208.19,208.98,207.34,207.49,14837787
2026-06-09 21:00:00+00:00,NVDA,207.54,207.73,206.71,206.9,38360
2026-06-09 22:00:00+00:00,NVDA,206.94,207.25,206.02,206.19,67773
2026-06-09 23:00:00+00:00,NVDA,206.19,206.8,205.75,206.57,33343
2026-06-10 08:00:00+00:00,NVDA,205.9,206.0,204.14,204.26,67552
2026-06-10 09:00:00+00:00,NVDA,204.28,204.64,203.14,204.0,72559
2026-06-10 10:00:00+00:00,NVDA,203.91,204.61,203.38,204.56,55396
2026-06-10 11:00:00+00:00,NVDA,204.6,204.64,202.74,203.34,121332
2026-06-10 12:00:00+00:00,NVDA,203.37,206.74,203.32,204.75,229940
2026-06-10 13:00:00+00:00,NVDA,204.78,207.23,203.9,204.94,5011299
2026-06-10 14:00:00+00:00,NVDA,204.94,206.82,203.79,203.91,4022340
2026-06-10 15:00:00+00:00,NVDA,203.93,204.525,201.62,203.465,3707037
2026-06-10 16:00:00+00:00,NVDA,203.475,203.95,202.38,202.85,1990255
2026-06-10 17:00:00+00:00,NVDA,202.85,203.62,201.87,203.16,2050167
2026-06-10 18:00:00+00:00,NVDA,203.17,203.43,200.91,201.16,2063639
2026-06-10 19:00:00+00:00,NVDA,201.16,201.88,199.92,200.34,5210782
2026-06-10 20:00:00+00:00,NVDA,200.34,200.78,199.33,199.98,15838105
2026-06-10 21:00:00+00:00,NVDA,200.0,200.25,199.91,200.0,34564
2026-06-10 22:00:00+00:00,NVDA,200.02,200.19,199.46,199.52,60343
2026-06-10 23:00:00+00:00,NVDA,199.51,200.01,198.88,199.18,67207
2026-06-11 08:00:00+00:00,NVDA,202.68,203.58,202.2,203.25,83119
2026-06-11 09:00:00+00:00,NVDA,203.25,203.41,202.47,202.92,36684
2026-06-11 10:00:00+00:00,NVDA,203.02,203.21,202.31,202.45,35835
2026-06-11 11:00:00+00:00,NVDA,202.4,202.64,201.6,202.53,76385
2026-06-11 12:00:00+00:00,NVDA,202.59,203.16,201.2,201.98,177801
2026-06-11 13:00:00+00:00,NVDA,201.93,203.56,201.07,202.775,3957173
2026-06-11 14:00:00+00:00,NVDA,202.78,203.65,199.87,200.22,2798307
2026-06-11 15:00:00+00:00,NVDA,200.22,201.93,199.535,201.33,1881199
2026-06-11 16:00:00+00:00,NVDA,201.325,202.035,200.29,200.32,1229217
2026-06-11 17:00:00+00:00,NVDA,200.31,204.47,199.7,202.98,3604169
2026-06-11 18:00:00+00:00,NVDA,202.98,203.275,201.64,202.86,1863085
2026-06-11 19:00:00+00:00,NVDA,202.86,205.67,202.02,204.66,6616628
2026-06-11 20:00:00+00:00,NVDA,204.65,205.28,204.54,205.19,19342928
2026-06-11 21:00:00+00:00,NVDA,205.15,205.2,205.0,205.13,15136
2026-06-11 22:00:00+00:00,NVDA,205.12,206.43,205.05,206.04,61272
2026-06-11 23:00:00+00:00,NVDA,206.06,206.13,205.5,205.99,39670
2026-06-12 08:00:00+00:00,NVDA,204.78,206.26,204.78,205.38,63033
2026-06-12 09:00:00+00:00,NVDA,205.38,206.4,205.38,206.07,46900
2026-06-12 10:00:00+00:00,NVDA,206.07,206.65,205.52,205.57,42104
2026-06-12 11:00:00+00:00,NVDA,205.59,206.3,205.59,206.03,50111
2026-06-12 12:00:00+00:00,NVDA,206.04,206.31,204.53,204.57,139008
2026-06-12 13:00:00+00:00,NVDA,204.55,206.24,203.44,203.98,4257522
2026-06-12 14:00:00+00:00,NVDA,203.97,206.68,203.93,205.7,3673244
2026-06-12 15:00:00+00:00,NVDA,205.715,207.06,203.91,204.15,2847573
2026-06-12 16:00:00+00:00,NVDA,204.17,205.78,203.95,205.16,1710368
2026-06-12 17:00:00+00:00,NVDA,205.185,205.57,204.66,205.08,1134081
2026-06-12 18:00:00+00:00,NVDA,205.1,205.55,204.195,204.665,1485214
2026-06-12 19:00:00+00:00,NVDA,204.67,205.28,203.91,205.12,3647204
2026-06-12 20:00:00+00:00,NVDA,205.12,205.35,204.85,205.32,10910854
2026-06-12 21:00:00+00:00,NVDA,205.32,205.4,205.24,205.33,25482
2026-06-12 22:00:00+00:00,NVDA,205.33,205.33,205.0,205.25,13558
2026-06-12 23:00:00+00:00,NVDA,205.26,205.55,205.21,205.4,32126
2026-06-15 08:00:00+00:00,NVDA,209.98,210.57,209.88,210.01,111853
2026-06-15 09:00:00+00:00,NVDA,210.01,210.21,209.2,209.65,53747
2026-06-15 10:00:00+00:00,NVDA,209.6,209.7,209.01,209.04,43273
2026-06-15 11:00:00+00:00,NVDA,209.03,209.4,207.99,208.74,210650
2026-06-15 12:00:00+00:00,NVDA,208.74,209.0,207.7,207.98,169900
2026-06-15 13:00:00+00:00,NVDA,208.0,210.99,207.82,208.79,5591536
2026-06-15 14:00:00+00:00,NVDA,208.8,210.44,208.34,210.35,2990844
2026-06-15 15:00:00+00:00,NVDA,210.36,212.71,210.35,212.27,3015731
2026-06-15 16:00:00+00:00,NVDA,212.28,212.61,211.85,212.33,1678800
2026-06-15 17:00:00+00:00,NVDA,212.33,212.67,211.8,211.835,1344020
2026-06-15 18:00:00+00:00,NVDA,211.82,212.565,211.43,212.29,1555680
2026-06-15 19:00:00+00:00,NVDA,212.29,212.6,211.3,212.44,3950602
2026-06-15 20:00:00+00:00,NVDA,212.45,212.5,211.91,212.07,21535686
2026-06-15 21:00:00+00:00,NVDA,212.09,212.37,212.01,212.04,30852
2026-06-15 22:00:00+00:00,NVDA,212.04,212.1,211.43,211.55,19227
2026-06-15 23:00:00+00:00,NVDA,211.5,211.96,211.33,211.94,24520
2026-06-16 08:00:00+00:00,NVDA,211.57,211.88,211.2,211.6,45281
2026-06-16 09:00:00+00:00,NVDA,211.6,211.61,211.12,211.29,23487
2026-06-16 10:00:00+00:00,NVDA,211.25,211.64,211.0,211.64,28770
2026-06-16 11:00:00+00:00,NVDA,211.6,212.43,211.46,212.02,44704
2026-06-16 12:00:00+00:00,NVDA,212.01,212.24,210.8,210.93,102692
2026-06-16 13:00:00+00:00,NVDA,210.9,211.5,208.65,208.71,3691123
2026-06-16 14:00:00+00:00,NVDA,208.71,210.35,208.54,209.34,2808775
2026-06-16 15:00:00+00:00,NVDA,209.33,210.32,208.53,209.17,2277015
2026-06-16 16:00:00+00:00,NVDA,209.18,209.73,208.29,209.13,1540470
2026-06-16 17:00:00+00:00,NVDA,209.13,209.695,208.72,209.43,1136072
2026-06-16 18:00:00+00:00,NVDA,209.42,209.82,208.77,208.995,1075755
2026-06-16 19:00:00+00:00,NVDA,208.99,209.4,207.29,207.42,5506033
2026-06-16 20:00:00+00:00,NVDA,207.41,207.8,206.97,207.64,23636187
2026-06-16 21:00:00+00:00,NVDA,207.64,207.95,207.63,207.73,13585
2026-06-16 22:00:00+00:00,NVDA,207.72,208.05,207.61,207.98,14330
2026-06-16 23:00:00+00:00,NVDA,207.95,207.95,207.37,207.5,12302
2026-06-17 08:00:00+00:00,NVDA,208.64,208.94,207.94,208.33,50497
2026-06-17 09:00:00+00:00,NVDA,208.34,208.53,208.04,208.14,9390
2026-06-17 10:00:00+00:00,NVDA,208.14,208.34,207.93,208.05,17432
2026-06-17 11:00:00+00:00,NVDA,208.0,208.04,207.64,207.8,39496
2026-06-17 12:00:00+00:00,NVDA,207.8,208.7,207.75,208.42,40018
2026-06-17 13:00:00+00:00,NVDA,208.43,209.2,207.13,207.21,3210414
2026-06-17 14:00:00+00:00,NVDA,207.18,208.22,206.37,206.46,2494775
2026-06-17 15:00:00+00:00,NVDA,206.465,207.03,205.92,206.405,2290138
2026-06-17 16:00:00+00:00,NVDA,206.41,207.65,206.41,207.14,1090538
2026-06-17 17:00:00+00:00,NVDA,207.15,207.91,206.6,207.79,1102166
2026-06-17 18:00:00+00:00,NVDA,207.79,207.85,205.31,205.97,3309585
2026-06-17 19:00:00+00:00,NVDA,205.97,206.48,203.45,204.68,5282528
2026-06-17 20:00:00+00:00,NVDA,204.69,205.25,204.35,205.12,18943714
2026-06-17 21:00:00+00:00,NVDA,205.12,205.44,204.96,205.44,43294
2026-06-17 22:00:00+00:00,NVDA,205.44,205.74,205.15,205.45,30268
2026-06-17 23:00:00+00:00,NVDA,205.53,206.37,205.48,206.27,24791
2026-06-18 08:00:00+00:00,NVDA,206.31,207.34,206.31,206.62,88068
2026-06-18 09:00:00+00:00,NVDA,206.62,207.2,206.4,207.15,51574
2026-06-18 10:00:00+00:00,NVDA,207.13,207.34,206.68,206.7,39138
2026-06-18 11:00:00+00:00,NVDA,206.75,207.3,206.46,207.0,43883
2026-06-18 12:00:00+00:00,NVDA,206.94,207.85,206.8,207.71,65911
2026-06-18 13:00:00+00:00,NVDA,207.68,208.4,206.5,207.84,19541617
2026-06-18 14:00:00+00:00,NVDA,207.85,209.87,207.5,209.32,3193065
2026-06-18 15:00:00+00:00,NVDA,209.315,209.66,207.65,208.965,2431448
2026-06-18 16:00:00+00:00,NVDA,208.955,211.2,208.955,210.08,2753275
2026-06-18 17:00:00+00:00,NVDA,210.07,210.51,209.82,209.92,1406833
2026-06-18 18:00:00+00:00,NVDA,209.93,210.54,209.585,209.7,1685307
2026-06-18 19:00:00+00:00,NVDA,209.7,211.38,209.52,210.2,5174733
2026-06-18 20:00:00+00:00,NVDA,210.2,210.71,209.9,210.21,65087232
2026-06-18 21:00:00+00:00,NVDA,210.2,210.81,210.15,210.68,37667
2026-06-18 22:00:00+00:00,NVDA,210.55,210.6,209.9,210.15,20295
2026-06-18 23:00:00+00:00,NVDA,210.11,210.31,210.03,210.28,6013
2026-06-22 08:00:00+00:00,NVDA,209.95,209.96,208.94,209.55,51322
2026-06-22 09:00:00+00:00,NVDA,209.59,209.7,209.15,209.28,17291
2026-06-22 10:00:00+00:00,NVDA,209.24,209.97,209.24,209.5,25700
2026-06-22 11:00:00+00:00,NVDA,209.6,210.6,209.56,210.11,38984
2026-06-22 12:00:00+00:00,NVDA,210.12,211.0,209.88,210.7,117277
2026-06-22 13:00:00+00:00,NVDA,210.77,213.99,210.64,213.08,5446845
2026-06-22 14:00:00+00:00,NVDA,213.08,213.99,208.63,209.11,3555612
2026-06-22 15:00:00+00:00,NVDA,209.11,210.89,209.01,209.49,2536611
2026-06-22 16:00:00+00:00,NVDA,209.48,209.97,209.16,209.4,1952918
2026-06-22 17:00:00+00:00,NVDA,209.4,209.61,208.45,208.55,1537753
2026-06-22 18:00:00+00:00,NVDA,208.56,209.27,208.46,208.62,1647813
2026-06-22 19:00:00+00:00,NVDA,208.62,208.925,207.72,208.58,3834847
2026-06-22 20:00:00+00:00,NVDA,208.57,209.01,208.0,208.05,16945218
2026-06-22 21:00:00+00:00,NVDA,208.06,208.15,207.94,208.05,20890
2026-06-22 22:00:00+00:00,NVDA,208.06,208.29,207.65,207.7,30386
2026-06-22 23:00:00+00:00,NVDA,207.69,207.95,207.64,207.78,16466
2026-06-23 08:00:00+00:00,NVDA,202.6,204.93,201.66,202.4,178883
2026-06-23 09:00:00+00:00,NVDA,202.49,202.9,202.2,202.4,73251
2026-06-23 10:00:00+00:00,NVDA,202.42,202.76,201.84,202.61,62339
2026-06-23 11:00:00+00:00,NVDA,202.62,204.16,202.22,203.88,148684
2026-06-23 12:00:00+00:00,NVDA,203.89,204.0,202.61,203.02,213722
2026-06-23 13:00:00+00:00,NVDA,203.03,203.77,200.04,203.39,6408123
2026-06-23 14:00:00+00:00,NVDA,203.38,203.58,201.9,202.24,3186697
2026-06-23 15:00:00+00:00,NVDA,202.24,202.49,200.43,201.85,2922863
2026-06-23 16:00:00+00:00,NVDA,201.85,202.96,201.8,202.31,1921947
2026-06-23 17:00:00+00:00,NVDA,202.32,202.79,201.61,201.61,1542263
2026-06-23 18:00:00+00:00,NVDA,201.62,202.01,200.3,200.63,2357138
2026-06-23 19:00:00+00:00,NVDA,200.62,201.47,200.0,200.04,7210855
2026-06-23 20:00:00+00:00,NVDA,200.05,200.8,200.0,200.47,25687132
2026-06-23 21:00:00+00:00,NVDA,200.47,201.09,200.46,200.93,29776
2026-06-23 22:00:00+00:00,NVDA,200.95,201.16,200.41,200.53,36284
2026-06-23 23:00:00+00:00,NVDA,200.59,200.89,200.2,200.89,26881
2026-06-24 08:00:00+00:00,NVDA,200.62,201.56,200.62,201.33,48269
2026-06-24 09:00:00+00:00,NVDA,201.28,201.65,201.2,201.4,19191
2026-06-24 10:00:00+00:00,NVDA,201.43,201.72,201.27,201.35,14282
2026-06-24 11:00:00+00:00,NVDA,201.36,201.7,200.84,201.5,49026
2026-06-24 12:00:00+00:00,NVDA,201.46,201.64,200.88,200.92,33730
2026-06-24 13:00:00+00:00,NVDA,200.99,201.65,199.06,200.24,4459677
2026-06-24 14:00:00+00:00,NVDA,200.25,201.3,198.6,201.16,3446689
2026-06-24 15:00:00+00:00,NVDA,201.2,201.51,200.34,200.79,1616278
2026-06-24 16:00:00+00:00,NVDA,200.79,201.02,199.13,199.24,1867273
2026-06-24 17:00:00+00:00,NVDA,199.245,199.55,197.39,197.46,2792444
2026-06-24 18:00:00+00:00,NVDA,197.47,198.77,197.04,197.21,3029584
2026-06-24 19:00:00+00:00,NVDA,197.205,199.23,196.585,198.96,6694399
2026-06-24 20:00:00+00:00,NVDA,198.98,201.25,198.13,200.37,22471838
2026-06-24 21:00:00+00:00,NVDA,200.37,200.5,199.88,200.5,100233
2026-06-24 22:00:00+00:00,NVDA,200.5,200.82,199.77,199.84,67153
2026-06-24 23:00:00+00:00,NVDA,199.9,200.88,199.81,200.7,47560
2026-06-25 08:00:00+00:00,NVDA,200.79,201.76,200.79,201.67,97589
2026-06-25 09:00:00+00:00,NVDA,201.75,202.16,201.57,201.6,59298
2026-06-25 10:00:00+00:00,NVDA,201.65,201.9,200.85,200.88,48508
2026-06-25 11:00:00+00:00,NVDA,201.0,201.43,200.39,200.51,57470
2026-06-25 12:00:00+00:00,NVDA,200.59,201.82,200.51,201.8,177586
2026-06-25 13:00:00+00:00,NVDA,201.75,201.77,192.14,192.39,6549978
2026-06-25 14:00:00+00:00,NVDA,192.385,196.45,192.34,195.44,4427868
2026-06-25 15:00:00+00:00,NVDA,195.48,196.68,194.78,195.61,1950550
2026-06-25 16:00:00+00:00,NVDA,195.62,197.1,194.51,194.87,1773481
2026-06-25 17:00:00+00:00,NVDA,194.88,195.72,194.38,194.79,1325760
2026-06-25 18:00:00+00:00,NVDA,194.79,195.85,193.73,194.4,2123347
2026-06-25 19:00:00+00:00,NVDA,194.39,195.95,193.71,195.73,4459407
2026-06-25 20:00:00+00:00,NVDA,195.73,196.81,195.04,195.28,18183700
2026-06-25 21:00:00+00:00,NVDA,195.28,195.54,195.23,195.5,13957
2026-06-25 22:00:00+00:00,NVDA,195.52,195.78,194.32,194.82,46986
2026-06-25 23:00:00+00:00,NVDA,194.74,195.68,194.53,194.78,39688
2026-06-26 08:00:00+00:00,NVDA,193.78,193.88,192.55,192.87,59077
2026-06-26 09:00:00+00:00,NVDA,192.77,194.1,192.68,193.61,55342
2026-06-26 10:00:00+00:00,NVDA,193.62,193.91,193.48,193.76,24342
2026-06-26 11:00:00+00:00,NVDA,193.79,193.85,193.19,193.45,34694
2026-06-26 12:00:00+00:00,NVDA,193.4,193.91,192.18,192.7,135132
2026-06-26 13:00:00+00:00,NVDA,192.71,194.055,191.22,193.57,4893735
2026-06-26 14:00:00+00:00,NVDA,193.58,194.53,192.65,193.09,2875653
2026-06-26 15:00:00+00:00,NVDA,193.105,195.25,192.48,194.355,2401191
2026-06-26 16:00:00+00:00,NVDA,194.36,194.56,193.64,194.14,1452605
2026-06-26 17:00:00+00:00,NVDA,194.14,195.54,194.04,194.58,1366747
2026-06-26 18:00:00+00:00,NVDA,194.595,195.31,193.4,193.71,1388153
2026-06-26 19:00:00+00:00,NVDA,193.73,195.18,191.71,191.72,7050374
2026-06-26 20:00:00+00:00,NVDA,191.72,192.92,191.72,192.21,38337151
2026-06-26 21:00:00+00:00,NVDA,192.21,192.43,192.13,192.42,89032
2026-06-26 22:00:00+00:00,NVDA,192.37,193.1,192.2,192.86,29937
2026-06-26 23:00:00+00:00,NVDA,192.89,192.98,192.62,192.62,21605
2026-06-29 08:00:00+00:00,NVDA,194.97,195.33,194.48,194.57,55854
2026-06-29 09:00:00+00:00,NVDA,194.61,194.85,194.1,194.45,28350
2026-06-29 10:00:00+00:00,NVDA,194.49,194.63,194.15,194.5,18624
2026-06-29 11:00:00+00:00,NVDA,194.46,194.89,194.24,194.39,67513
2026-06-29 12:00:00+00:00,NVDA,194.35,194.62,193.89,194.4,49062
2026-06-29 13:00:00+00:00,NVDA,194.42,196.17,192.0,193.3,5160294
2026-06-29 14:00:00+00:00,NVDA,193.305,194.95,189.8,194.86,4757954
2026-06-29 15:00:00+00:00,NVDA,194.87,195.12,193.59,193.97,2388023
2026-06-29 16:00:00+00:00,NVDA,193.97,194.23,192.72,193.82,1764815
2026-06-29 17:00:00+00:00,NVDA,193.83,195.06,193.72,193.95,1475287
2026-06-29 18:00:00+00:00,NVDA,193.96,194.28,193.69,193.98,1267382
2026-06-29 19:00:00+00:00,NVDA,193.98,195.18,193.82,194.89,4648884
2026-06-29 20:00:00+00:00,NVDA,194.89,195.25,194.66,194.85,17477159
2026-06-29 21:00:00+00:00,NVDA,194.86,195.04,194.85,194.88,16915
2026-06-29 22:00:00+00:00,NVDA,194.91,195.23,194.75,195.23,51142
2026-06-29 23:00:00+00:00,NVDA,195.25,195.49,195.02,195.11,56020
2026-06-30 08:00:00+00:00,NVDA,195.36,195.7,194.55,195.08,63908
2026-06-30 09:00:00+00:00,NVDA,195.07,195.39,194.43,195.19,24020
2026-06-30 10:00:00+00:00,NVDA,195.17,196.23,195.17,196.18,45010
2026-06-30 11:00:00+00:00,NVDA,196.11,198.0,195.94,197.5,151122
2026-06-30 12:00:00+00:00,NVDA,197.4,197.41,195.99,195.99,159114
2026-06-30 13:00:00+00:00,NVDA,195.95,199.06,195.11,197.83,5076507
2026-06-30 14:00:00+00:00,NVDA,197.85,198.74,196.43,197.06,3398402
2026-06-30 15:00:00+00:00,NVDA,197.06,198.65,197.015,198.2,1555153
2026-06-30 16:00:00+00:00,NVDA,198.2,198.61,197.65,198.25,1232268
2026-06-30 17:00:00+00:00,NVDA,198.25,198.82,197.98,198.395,1189297
2026-06-30 18:00:00+00:00,NVDA,198.4,199.47,198.1,198.85,1691570
2026-06-30 19:00:00+00:00,NVDA,198.84,200.63,198.37,199.76,9496376
2026-06-30 20:00:00+00:00,NVDA,199.76,200.23,199.38,199.64,41314776
2026-06-30 21:00:00+00:00,NVDA,199.65,199.72,199.19,199.45,32999
2026-06-30 22:00:00+00:00,NVDA,199.5,199.79,199.21,199.28,30457
2026-06-30 23:00:00+00:00,NVDA,199.29,199.54,199.16,199.41,15873
